DEPRECATED: The legacy builder is deprecated and will be removed in a future release.
            Install the buildx component to build images with BuildKit:
            https://docs.docker.com/go/buildx/

Sending build context to Docker daemon  3.312MB
Step 1/11 : FROM mcr.microsoft.com/azurelinux/base/core:3.0.20240824
3.0.20240824: Pulling from azurelinux/base/core
fc90c0809940: Pulling fs layer
fc90c0809940: Download complete
fc90c0809940: Pull complete
Digest: sha256:ee3b827112a22fba861e9522fdc1fd6d2580d8673fa71a03ff963d0c2fa3183e
Status: Downloaded newer image for mcr.microsoft.com/azurelinux/base/core:3.0.20240824
 ---> 896464784dc2
Step 2/11 : COPY shim-unsigned-aarch64-15.8-3.azl3.src.rpm shimaa64.efi /
 ---> f5815824f829
Step 3/11 : RUN tdnf install -y binutils-0:2.41-2.azl3                   dos2unix-0:7.5.1-1.azl3                   efivar-devel-0:39-1.azl3                   gcc-0:13.2.0-7.azl3                   git-0:2.45.2-1.azl3                   glibc-devel-0:2.38-7.azl3                   kernel-headers-0:6.6.47.1-1.azl3                   make-0:4.4.1-1.azl3                   openssl-devel-0:3.3.0-2.azl3                   pesign-0:116-3.azl3                   rpm-build-0:4.18.2-1.azl3                   vim-extra-0:9.0.2190-3.azl3
 ---> Running in f2d7c6f937ae
Loaded plugin: tdnfrepogpgcheck
Refreshing metadata for: 'Azure Linux Official Base 3.0 aarch64'
Refreshing metadata for: 'Azure Linux Official Microsoft Non-Open-Source 3.0 aarch64'
Refreshing metadata for: 'Azure Linux Official Microsoft Open-Source 3.0 aarch64'

Installing:
libunistring     aarch64      1.1-1.azl3       azurelinux-official-base   4.76M     1.21M
libidn2          aarch64      2.3.4-5.azl3     azurelinux-official-base 387.64k   170.61k
systemd-resolved aarch64      255-18.azl3      azurelinux-official-base 640.61k   296.28k
systemd-networkd aarch64      255-18.azl3      azurelinux-official-base   2.09M   694.69k
xkeyboard-config noarch       2.40-1.azl3      azurelinux-official-base   6.58M     1.08M
libxml2          aarch64      2.11.5-1.azl3    azurelinux-official-base   4.57M  1010.07k
libxkbcommon     aarch64      1.6.0-2.azl3     azurelinux-official-base 404.38k   167.79k
json-c           aarch64      0.17-1.azl3      azurelinux-official-base 135.33k    46.86k
device-mapper-libs aarch64      2.03.23-1.azl3   azurelinux-official-base 403.73k   179.62k
cryptsetup-libs  aarch64      2.4.3-6.azl3     azurelinux-official-base   1.88M   512.79k
libbpf           aarch64      1.2.2-1.azl3     azurelinux-official-base 394.10k   189.70k
cracklib-dicts   aarch64      2.9.11-1.azl3    azurelinux-official-base   9.02M     3.96M
systemd-rpm-macros noarch       255-18.azl3      azurelinux-official-base  10.95k    13.50k
systemd-pam      aarch64      255-18.azl3      azurelinux-official-base   1.17M   401.24k
systemd-libs     aarch64      255-18.azl3      azurelinux-official-base   2.08M   752.17k
lz4              aarch64      1.9.4-1.azl3     azurelinux-official-base 398.07k   138.94k
libseccomp       aarch64      2.5.4-1.azl3     azurelinux-official-base 163.88k    76.24k
kmod             aarch64      30-1.azl3        azurelinux-official-base 361.06k   123.49k
dbus             aarch64      1.15.8-3.azl3    azurelinux-official-base   1.37M   430.94k
systemd          aarch64      255-18.azl3      azurelinux-official-base  16.95M     5.14M
perl-NDBM_File   aarch64      1.16-506.azl3    azurelinux-official-base  71.98k    98.33k
ncurses-term     aarch64      6.4-2.azl3       azurelinux-official-base   1.79M   578.45k
openssh-server   aarch64      9.8p1-2.azl3     azurelinux-official-base   1.70M   605.60k
openssh-clients  aarch64      9.8p1-2.azl3     azurelinux-official-base   5.22M     1.04M
openssh          aarch64      9.8p1-2.azl3     azurelinux-official-base  18.13k    21.19k
nss-tools        aarch64      3.96.1-3.azl3    azurelinux-official-base   1.10M   279.44k
nss-libs         aarch64      3.96.1-3.azl3    azurelinux-official-base   2.51M     1.06M
nss              aarch64      3.96.1-3.azl3    azurelinux-official-base   1.74M   572.01k
util-linux-libs  aarch64      2.40.2-1.azl3    azurelinux-official-base   1.80M   615.47k
util-linux       aarch64      2.40.2-1.azl3    azurelinux-official-base  11.62M     2.03M
azurelinux-rpm-macros noarch       3.0-7.azl3       azurelinux-official-base 143.68k    59.12k
gdbm             aarch64      1.23-1.azl3      azurelinux-official-base 587.71k   148.40k
python3-libs     aarch64      3.12.3-4.azl3    azurelinux-official-base  37.42M    10.24M
python3          aarch64      3.12.3-4.azl3    azurelinux-official-base  96.42k    36.94k
perl-Time-Local  noarch       2:1.300-506.azl3 azurelinux-official-base  20.96k    97.54k
perl-Text-Tabs+Wrap noarch       2021.0814-506.azl3 azurelinux-official-base  16.75k    96.15k
perl-Pod-Escapes noarch       1:1.07-506.azl3  azurelinux-official-base  20.66k    95.33k
perl-HTTP-Tiny   noarch       0.086-506.azl3   azurelinux-official-base  88.33k   117.55k
perl-Term-Cap    noarch       1.18-506.azl3    azurelinux-official-base  22.96k    95.99k
perl-Term-ANSIColor noarch       5.01-506.azl3    azurelinux-official-base  66.71k   116.43k
perl-Pod-Simple  noarch       1:3.43-506.azl3  azurelinux-official-base 521.08k   286.66k
perl-Pod-Perldoc noarch       3.28.01-506.azl3 azurelinux-official-base 139.23k   148.87k
perl-podlators   noarch       1:5.01-506.azl3  azurelinux-official-base 250.06k   187.28k
perl-locale      noarch       1.10-506.azl3    azurelinux-official-base   6.24k    88.98k
zstd             aarch64      1.5.5-2.azl3     azurelinux-official-base   1.53M   466.69k
libcap-ng        aarch64      0.8.4-1.azl3     azurelinux-official-base 422.37k    52.26k
perl-if          noarch       0.61.000-506.azl3 azurelinux-official-base   5.81k    89.26k
perl-Socket      aarch64      4:2.036-506.azl3 azurelinux-official-base 111.63k   124.11k
perl-SelectSaver noarch       1.02-506.azl3    azurelinux-official-base   2.17k    86.98k
perl-Pod-Usage   noarch       4:2.03-506.azl3  azurelinux-official-base  43.18k   107.54k
perl-POSIX       aarch64      2.13-506.azl3    azurelinux-official-base 260.62k   181.58k
perl-File-Path   noarch       2.18-506.azl3    azurelinux-official-base  51.43k   108.85k
libpkgconf       aarch64      2.0.2-1.azl3     azurelinux-official-base 133.46k    46.15k
perl-MIME-Base64 aarch64      3.16-506.azl3    azurelinux-official-base  80.32k   102.65k
perl-Getopt-Std  noarch       1.13-506.azl3    azurelinux-official-base  11.08k    91.13k
perl-overloading noarch       0.02-506.azl3    azurelinux-official-base   4.84k    88.17k
perl-mro         aarch64      1.28-506.azl3    azurelinux-official-base  81.16k   104.85k
popt-devel       aarch64      1.19-1.azl3      azurelinux-official-base 102.00k    52.57k
file-libs        aarch64      5.45-1.azl3      azurelinux-official-base   8.31M   421.30k
zstd-devel       aarch64      1.5.5-2.azl3     azurelinux-official-base 198.07k    54.00k
zlib-devel       aarch64      1.3.1-1.azl3     azurelinux-official-base 234.01k    95.52k
xz-devel         aarch64      5.4.4-1.azl3     azurelinux-official-base   1.25M   202.32k
elfutils-libelf-devel aarch64      0.189-3.azl3     azurelinux-official-base  33.17k    40.49k
shadow-utils-subid aarch64      4.14.3-2.azl3    azurelinux-official-base 208.52k    90.12k
pam              aarch64      1.5.3-1.azl3     azurelinux-official-base   3.53M   413.32k
libxcrypt        aarch64      4.4.36-2.azl3    azurelinux-official-base 270.18k   143.51k
libsemanage      aarch64      3.6-1.azl3       azurelinux-official-base 361.53k   184.34k
libpwquality     aarch64      1.4.5-2.azl3     azurelinux-official-base 607.93k   117.32k
cracklib         aarch64      2.9.11-1.azl3    azurelinux-official-base  94.48k    38.37k
audit-libs       aarch64      3.1.2-1.azl3     azurelinux-official-base 345.77k   130.81k
perl-B           aarch64      1.88-506.azl3    azurelinux-official-base 539.81k   268.12k
perl-macros      noarch       4:5.38.2-506.azl3 azurelinux-official-base   5.51k    87.61k
perl-vars        noarch       1.05-506.azl3    azurelinux-official-base   3.87k    88.31k
perl-Storable    aarch64      1:3.32-506.azl3  azurelinux-official-base 196.28k   166.63k
perl-Scalar-List-Utils aarch64      5:1.63-506.azl3  azurelinux-official-base 126.42k   145.50k
perl-Math-BigInt noarch       1:1.9998.37-506.azl3 azurelinux-official-base 673.71k   251.88k
perl-IPC-Open3   noarch       1.22-506.azl3    azurelinux-official-base  22.45k    97.82k
perl-IO          aarch64      1.52-506.azl3    azurelinux-official-base 190.46k   156.35k
perl-Getopt-Long noarch       1:2.54-506.azl3  azurelinux-official-base  97.88k   128.10k
perl-FileHandle  noarch       2.05-506.azl3    azurelinux-official-base   9.34k    90.94k
perl-Errno       aarch64      1.37-506.azl3    azurelinux-official-base   8.34k    90.40k
perl-Data-Dumper aarch64      2.188-506.azl3   azurelinux-official-base 120.37k   129.59k
perl-base        noarch       2.27-506.azl3    azurelinux-official-base  12.54k    91.65k
perl-Text-ParseWords noarch       3.31-506.azl3    azurelinux-official-base  10.65k    91.36k
perl-parent      noarch       1:0.241-506.azl3 azurelinux-official-base   4.53k    88.63k
perl-File-Temp   noarch       1:0.231.100-506.azl3 azurelinux-official-base 127.61k   127.17k
ncurses          aarch64      6.4-2.azl3       azurelinux-official-base 880.37k   418.55k
libgomp          aarch64      13.2.0-7.azl3    azurelinux-official-base 332.84k   175.04k
pkgconf-m4       noarch       2.0.2-1.azl3     azurelinux-official-base  13.92k    18.81k
pkgconf          aarch64      2.0.2-1.azl3     azurelinux-official-base 175.95k    55.26k
perl-PathTools   aarch64      3.89-506.azl3    azurelinux-official-base 186.06k   148.91k
perl-Encode      aarch64      4:3.19-506.azl3  azurelinux-official-base   9.78M     2.03M
perl-DynaLoader  aarch64      1.54-506.azl3    azurelinux-official-base  32.07k   102.36k
perl-Symbol      noarch       1.09-506.azl3    azurelinux-official-base   6.81k    89.61k
perl-overload    noarch       1.37-506.azl3    azurelinux-official-base  71.53k   122.94k
perl-Fcntl       aarch64      1.15-506.azl3    azurelinux-official-base  72.17k    96.11k
perl-Exporter    noarch       5.77-506.azl3    azurelinux-official-base  33.52k   104.65k
perl-constant    noarch       1.33-506.azl3    azurelinux-official-base  19.12k    97.12k
perl-Class-Struct noarch       0.68-506.azl3    azurelinux-official-base  25.36k    97.96k
perl-Carp        noarch       1.54-506.azl3    azurelinux-official-base  41.10k   104.85k
elfutils-default-yama-scope noarch       0.189-3.azl3     azurelinux-official-base   1.77k    33.55k
vim              aarch64      9.0.2190-3.azl3  azurelinux-official-base   3.79M     1.83M
tcsh             aarch64      6.24.10-1.azl3   azurelinux-official-base   1.09M   432.88k
gawk             aarch64      5.2.2-1.azl3     azurelinux-official-base   3.46M   852.32k
unzip            aarch64      6.0-20.azl3      azurelinux-official-base 402.91k   117.23k
tar              aarch64      1.35-1.azl3      azurelinux-official-base   4.63M   986.71k
rpm-devel        aarch64      4.18.2-1.azl3    azurelinux-official-base 345.88k    92.72k
rpm-build-libs   aarch64      4.18.2-1.azl3    azurelinux-official-base 198.42k   105.91k
patch            aarch64      2.7.6-9.azl3     azurelinux-official-base 244.56k   136.67k
lua              aarch64      5.4.6-1.azl3     azurelinux-official-base 682.57k   234.32k
file             aarch64      5.45-1.azl3      azurelinux-official-base  84.00k    37.96k
elfutils-devel   aarch64      0.189-3.azl3     azurelinux-official-base 176.78k    81.53k
diffutils        aarch64      3.10-1.azl3      azurelinux-official-base   1.59M   356.11k
debugedit        aarch64      5.0-2.azl3       azurelinux-official-base 194.29k    74.00k
cpio             aarch64      2.14-1.azl3      azurelinux-official-base 562.12k   143.28k
shadow-utils     aarch64      4.14.3-2.azl3    azurelinux-official-base   5.55M     1.59M
nspr             aarch64      4.35-2.azl3      azurelinux-official-base 420.95k   152.79k
perl-File-Basename noarch       2.86-506.azl3    azurelinux-official-base  14.00k    92.74k
perl-YAML        noarch       1.30-2.azl3      azurelinux-official-base 148.52k    75.33k
perl-interpreter aarch64      4:5.38.2-506.azl3 azurelinux-official-base 171.03k   149.88k
perl-DBI         aarch64      1.643-3.azl3     azurelinux-official-base   1.84M   739.24k
perl-CGI         noarch       4.60-1.azl3      azurelinux-official-base 551.78k   208.21k
less             aarch64      643-2.azl3       azurelinux-official-base 483.43k   175.46k
mpfr             aarch64      4.2.1-1.azl3     azurelinux-official-base 717.40k   353.41k
libstdc++-devel  aarch64      13.2.0-7.azl3    azurelinux-official-base  19.96M     2.88M
libmpc           aarch64      1.3.1-1.azl3     azurelinux-official-base 456.12k   113.86k
libgomp-devel    aarch64      13.2.0-7.azl3    azurelinux-official-base 582.30k   185.93k
libgcc-devel     aarch64      13.2.0-7.azl3    azurelinux-official-base 196.86k    68.68k
libgcc-atomic    aarch64      13.2.0-7.azl3    azurelinux-official-base  68.89k    30.07k
gcc-c++          aarch64      13.2.0-7.azl3    azurelinux-official-base  32.87M    12.99M
pkgconf-pkg-config aarch64      2.0.2-1.azl3     azurelinux-official-base 456.00b    13.95k
efivar           aarch64      39-1.azl3        azurelinux-official-base 627.82k   172.11k
perl-libs        aarch64      4:5.38.2-506.azl3 azurelinux-official-base  10.12M     2.61M
perl-File-stat   noarch       1.13-506.azl3    azurelinux-official-base  12.68k    92.88k
elfutils         aarch64      0.189-3.azl3     azurelinux-official-base   4.12M   825.61k
binutils-devel   aarch64      2.41-2.azl3      azurelinux-official-base  13.05M     2.91M
vim-extra        aarch64      9.0.2190-3.azl3  azurelinux-official-base  36.51M     8.69M
rpm-build        aarch64      4.18.2-1.azl3    azurelinux-official-base 444.79k    61.98k
pesign           aarch64      116-3.azl3       azurelinux-official-base 999.33k   207.45k
openssl-devel    aarch64      3.3.0-2.azl3     azurelinux-official-base   4.37M     2.80M
make             aarch64      4.4.1-1.azl3     azurelinux-official-base   1.51M   411.35k
kernel-headers   noarch       6.6.47.1-1.azl3  azurelinux-official-base   5.99M     1.57M
glibc-devel      aarch64      2.38-7.azl3      azurelinux-official-base   2.12M   479.03k
git              aarch64      2.45.2-1.azl3    azurelinux-official-base  27.98M    12.75M
gcc              aarch64      13.2.0-7.azl3    azurelinux-official-base 143.48M    46.61M
efivar-devel     aarch64      39-1.azl3        azurelinux-official-base  71.28k    34.02k
dos2unix         aarch64      7.5.1-1.azl3     azurelinux-official-base 857.26k   312.96k
binutils         aarch64      2.41-2.azl3      azurelinux-official-base  33.19M     8.16M

Total installed size: 519.25M
Total download size: 158.15M
[91mwarning: /var/cache/tdnf/azurelinux-official-base/rpms/Packages/l/libunistring-1.1-1.azl3.aarch64.rpm: Header V4 RSA/SHA256 Signature, key ID 3135ce90: NOKEY
[0mimporting key from file:///etc/pki/rpm-gpg/MICROSOFT-RPM-GPG-KEY
Testing transaction
Running transaction
Installing/Updating: libxcrypt-4.4.36-2.azl3.aarch64
Installing/Updating: ncurses-6.4-2.azl3.aarch64
Installing/Updating: util-linux-libs-2.40.2-1.azl3.aarch64
Installing/Updating: mpfr-4.2.1-1.azl3.aarch64
Installing/Updating: nspr-4.35-2.azl3.aarch64
Installing/Updating: cracklib-2.9.11-1.azl3.aarch64
[91musing empty dict to provide pw_dict
[0mInstalling/Updating: nss-libs-3.96.1-3.azl3.aarch64
Installing/Updating: file-libs-5.45-1.azl3.aarch64
Installing/Updating: libcap-ng-0.8.4-1.azl3.aarch64
Installing/Updating: audit-libs-3.1.2-1.azl3.aarch64
Installing/Updating: libsemanage-3.6-1.azl3.aarch64
Installing/Updating: nss-3.96.1-3.azl3.aarch64
Installing/Updating: libmpc-1.3.1-1.azl3.aarch64
Installing/Updating: efivar-39-1.azl3.aarch64
Installing/Updating: libstdc++-devel-13.2.0-7.azl3.aarch64
Installing/Updating: diffutils-3.10-1.azl3.aarch64
Installing/Updating: libgomp-13.2.0-7.azl3.aarch64
Installing/Updating: gdbm-1.23-1.azl3.aarch64
Installing/Updating: openssh-clients-9.8p1-2.azl3.aarch64
Installing/Updating: lz4-1.9.4-1.azl3.aarch64
Installing/Updating: systemd-libs-255-18.azl3.aarch64
Installing/Updating: device-mapper-libs-2.03.23-1.azl3.aarch64
Installing/Updating: perl-if-0:0.61.000-506.azl3.noarch
Installing/Updating: perl-Text-Tabs+Wrap-0:2021.0814-506.azl3.noarch
Installing/Updating: perl-Pod-Escapes-1:1.07-506.azl3.noarch
Installing/Updating: perl-locale-0:1.10-506.azl3.noarch
Installing/Updating: perl-Time-Local-2:1.300-506.azl3.noarch
Installing/Updating: perl-File-Path-0:2.18-506.azl3.noarch
Installing/Updating: perl-Term-Cap-0:1.18-506.azl3.noarch
Installing/Updating: perl-Term-ANSIColor-0:5.01-506.azl3.noarch
Installing/Updating: perl-POSIX-0:2.13-506.azl3.aarch64
Installing/Updating: perl-Class-Struct-0:0.68-506.azl3.noarch
Installing/Updating: perl-HTTP-Tiny-0:0.086-506.azl3.noarch
Installing/Updating: perl-IPC-Open3-0:1.22-506.azl3.noarch
Installing/Updating: perl-Pod-Simple-1:3.43-506.azl3.noarch
Installing/Updating: perl-File-Temp-1:0.231.100-506.azl3.noarch
Installing/Updating: perl-Socket-4:2.036-506.azl3.aarch64
Installing/Updating: perl-SelectSaver-0:1.02-506.azl3.noarch
Installing/Updating: perl-Symbol-0:1.09-506.azl3.noarch
Installing/Updating: perl-podlators-1:5.01-506.azl3.noarch
Installing/Updating: perl-Pod-Perldoc-0:3.28.01-506.azl3.noarch
Installing/Updating: perl-File-stat-0:1.13-506.azl3.noarch
Installing/Updating: perl-mro-0:1.28-506.azl3.aarch64
Installing/Updating: perl-overloading-0:0.02-506.azl3.noarch
Installing/Updating: perl-Text-ParseWords-0:3.31-506.azl3.noarch
Installing/Updating: perl-Fcntl-0:1.15-506.azl3.aarch64
Installing/Updating: perl-Pod-Usage-4:2.03-506.azl3.noarch
Installing/Updating: perl-IO-0:1.52-506.azl3.aarch64
Installing/Updating: perl-parent-1:0.241-506.azl3.noarch
Installing/Updating: perl-vars-0:1.05-506.azl3.noarch
Installing/Updating: perl-MIME-Base64-0:3.16-506.azl3.aarch64
Installing/Updating: perl-Getopt-Std-0:1.13-506.azl3.noarch
Installing/Updating: perl-overload-0:1.37-506.azl3.noarch
Installing/Updating: perl-Scalar-List-Utils-5:1.63-506.azl3.aarch64
Installing/Updating: perl-Errno-0:1.37-506.azl3.aarch64
Installing/Updating: perl-constant-0:1.33-506.azl3.noarch
Installing/Updating: perl-File-Basename-0:2.86-506.azl3.noarch
Installing/Updating: perl-Storable-1:3.32-506.azl3.aarch64
Installing/Updating: perl-Getopt-Long-1:2.54-506.azl3.noarch
Installing/Updating: perl-DynaLoader-0:1.54-506.azl3.aarch64
Installing/Updating: perl-Exporter-0:5.77-506.azl3.noarch
Installing/Updating: perl-PathTools-0:3.89-506.azl3.aarch64
Installing/Updating: perl-Carp-0:1.54-506.azl3.noarch
Installing/Updating: perl-Encode-4:3.19-506.azl3.aarch64
Installing/Updating: perl-NDBM_File-0:1.16-506.azl3.aarch64
Installing/Updating: perl-libs-4:5.38.2-506.azl3.aarch64
Installing/Updating: perl-macros-4:5.38.2-506.azl3.noarch
Installing/Updating: perl-interpreter-4:5.38.2-506.azl3.aarch64
Installing/Updating: perl-B-0:1.88-506.azl3.aarch64
Installing/Updating: perl-Data-Dumper-0:2.188-506.azl3.aarch64
Installing/Updating: perl-YAML-1.30-2.azl3.noarch
Installing/Updating: perl-Math-BigInt-1:1.9998.37-506.azl3.noarch
Installing/Updating: perl-FileHandle-0:2.05-506.azl3.noarch
Installing/Updating: perl-base-0:2.27-506.azl3.noarch
Installing/Updating: perl-DBI-1.643-3.azl3.aarch64
Installing/Updating: perl-CGI-4.60-1.azl3.noarch
Installing/Updating: python3-3.12.3-4.azl3.aarch64
Installing/Updating: python3-libs-3.12.3-4.azl3.aarch64
Installing/Updating: libgomp-devel-13.2.0-7.azl3.aarch64
Installing/Updating: nss-tools-3.96.1-3.azl3.aarch64
Installing/Updating: file-5.45-1.azl3.aarch64
Installing/Updating: cracklib-dicts-2.9.11-1.azl3.aarch64
[91mswitching pw_dict to cracklib-dicts
[0mInstalling/Updating: pam-1.5.3-1.azl3.aarch64
Installing/Updating: util-linux-2.40.2-1.azl3.aarch64
Installing/Updating: libpwquality-1.4.5-2.azl3.aarch64
Installing/Updating: shadow-utils-subid-4.14.3-2.azl3.aarch64
Installing/Updating: shadow-utils-4.14.3-2.azl3.aarch64
Installing/Updating: gawk-5.2.2-1.azl3.aarch64
Installing/Updating: ncurses-term-6.4-2.azl3.aarch64
Installing/Updating: openssh-server-9.8p1-2.azl3.aarch64
ownership of '/var/lib/sshd' retained as root:sys
Installing/Updating: openssh-9.8p1-2.azl3.aarch64
Installing/Updating: tcsh-6.24.10-1.azl3.aarch64
Installing/Updating: less-643-2.azl3.aarch64
Installing/Updating: libgcc-atomic-13.2.0-7.azl3.aarch64
Installing/Updating: libgcc-devel-13.2.0-7.azl3.aarch64
Installing/Updating: gcc-c++-13.2.0-7.azl3.aarch64
Installing/Updating: gcc-13.2.0-7.azl3.aarch64
Installing/Updating: cpio-2.14-1.azl3.aarch64
Installing/Updating: lua-5.4.6-1.azl3.aarch64
Installing/Updating: patch-2.7.6-9.azl3.aarch64
Installing/Updating: tar-1.35-1.azl3.aarch64
Installing/Updating: unzip-6.0-20.azl3.aarch64
Installing/Updating: vim-9.0.2190-3.azl3.aarch64
Installing/Updating: pkgconf-m4-2.0.2-1.azl3.noarch
Installing/Updating: elfutils-libelf-devel-0.189-3.azl3.aarch64
Installing/Updating: libpkgconf-2.0.2-1.azl3.aarch64
Installing/Updating: pkgconf-2.0.2-1.azl3.aarch64
Installing/Updating: pkgconf-pkg-config-2.0.2-1.azl3.aarch64
Installing/Updating: popt-devel-1.19-1.azl3.aarch64
Installing/Updating: zlib-devel-1.3.1-1.azl3.aarch64
Installing/Updating: xz-devel-5.4.4-1.azl3.aarch64
Installing/Updating: zstd-1.5.5-2.azl3.aarch64
Installing/Updating: zstd-devel-1.5.5-2.azl3.aarch64
Installing/Updating: rpm-devel-4.18.2-1.azl3.aarch64
Installing/Updating: azurelinux-rpm-macros-3.0-7.azl3.noarch
Installing/Updating: kmod-30-1.azl3.aarch64
Installing/Updating: libseccomp-2.5.4-1.azl3.aarch64
Installing/Updating: libbpf-1.2.2-1.azl3.aarch64
Installing/Updating: json-c-0.17-1.azl3.aarch64
Installing/Updating: cryptsetup-libs-2.4.3-6.azl3.aarch64
Installing/Updating: libxml2-2.11.5-1.azl3.aarch64
Installing/Updating: xkeyboard-config-2.40-1.azl3.noarch
Installing/Updating: libxkbcommon-1.6.0-2.azl3.aarch64
Installing/Updating: libunistring-1.1-1.azl3.aarch64
Installing/Updating: libidn2-2.3.4-5.azl3.aarch64
Installing/Updating: systemd-resolved-255-18.azl3.aarch64
[91mtouch: cannot touch '/var/lib/rpm-state/systemd-resolved.initial-installation': No such file or directory
[0mInstalling/Updating: systemd-pam-255-18.azl3.aarch64
Installing/Updating: dbus-1.15.8-3.azl3.aarch64
Installing/Updating: elfutils-0.189-3.azl3.aarch64
Installing/Updating: elfutils-default-yama-scope-0.189-3.azl3.noarch
Installing/Updating: systemd-255-18.azl3.aarch64
[91mCreating group 'sgx' with GID 106.
[0mInstalling/Updating: systemd-networkd-255-18.azl3.aarch64
[91mCreated symlink /etc/systemd/system/dbus-org.freedesktop.network1.service → /usr/lib/systemd/system/systemd-networkd.service.
Created symlink /etc/systemd/system/multi-user.target.wants/systemd-networkd.service → /usr/lib/systemd/system/systemd-networkd.service.
Created symlink /etc/systemd/system/sockets.target.wants/systemd-networkd.socket → /usr/lib/systemd/system/systemd-networkd.socket.
Created symlink /etc/systemd/system/network-online.target.wants/systemd-networkd-wait-online.service → /usr/lib/systemd/system/systemd-networkd-wait-online.service.
[0mInstalling/Updating: rpm-build-libs-4.18.2-1.azl3.aarch64
Installing/Updating: elfutils-devel-0.189-3.azl3.aarch64
Installing/Updating: debugedit-5.0-2.azl3.aarch64
Installing/Updating: binutils-devel-2.41-2.azl3.aarch64
Installing/Updating: binutils-2.41-2.azl3.aarch64
Installing/Updating: rpm-build-4.18.2-1.azl3.aarch64
Installing/Updating: openssl-devel-3.3.0-2.azl3.aarch64
Installing/Updating: efivar-devel-39-1.azl3.aarch64
Installing/Updating: vim-extra-9.0.2190-3.azl3.aarch64
Installing/Updating: git-2.45.2-1.azl3.aarch64
Installing/Updating: pesign-116-3.azl3.aarch64
Installing/Updating: kernel-headers-6.6.47.1-1.azl3.noarch
Installing/Updating: dos2unix-7.5.1-1.azl3.aarch64
Installing/Updating: glibc-devel-2.38-7.azl3.aarch64
Installing/Updating: make-4.4.1-1.azl3.aarch64
Installing/Updating: systemd-rpm-macros-255-18.azl3.noarch
 ---> Removed intermediate container f2d7c6f937ae
 ---> eb13f701b363
Step 4/11 : RUN rpm -iv /shim-unsigned-aarch64-*.src.rpm
 ---> Running in aafe591dd53a
shim-unsigned-aarch64-15.8-3.azl3.aarch64
 ---> Removed intermediate container aafe591dd53a
 ---> c2d86dce9137
Step 5/11 : RUN rpmbuild -bb /usr/src/azl/SPECS/shim-unsigned-aarch64.spec
 ---> Running in ee4c07d9220e
Executing(%prep): /bin/sh -e /var/tmp/rpm-tmp.tramDS
[91m+ umask 022
+ cd /usr/src/azl/BUILD
+ /usr/lib/rpm/azl/gen-ld-script.sh shim-unsigned-aarch64 15.8-3.azl3 /usr/src/azl '%{distro_release_version}'
[0mgen-ld-script.sh name(shim-unsigned-aarch64) version(15.8-3.azl3) _topdir(/usr/src/azl) osversion(%{distro_release_version})
==== ELF note generator v2.1.2 ====
outdir is: /usr/src/azl/BUILD/
Stamp method: LinkerOnly

#ifndef _AUTO_MODULE_INFO_H_
#define _AUTO_MODULE_INFO_H_

#define MODULE_VERSION      "15.8.0.0"
#define PACKAGE_VERSION     "15.8-3.azl3"
#define PACKAGE_NAME        "shim-unsigned-aarch64"
#define TARGET_OS           "mariner"
#define TARGET_OS_VERSION   "%{distro_release_version}"

#endif //_AUTO_MODULE_INFO_H_
Generated /usr/src/azl/BUILD/auto_module_info.h file...

Successfully generated module_info.ld and .note.package files...
[91m+ cd /usr/src/azl/BUILD
+ rm -rf shim-15.8
[0m[91m+ /usr/lib/rpm/rpmuncompress -x /usr/src/azl/SOURCES/shim-15.8.tar.bz2
[0m[91m+ STATUS=0
+ '[' 0 -ne 0 ']'
+ cd shim-15.8
+ /bin/chmod -Rf a+rX,u+w,g-w,o-w .
[0m[91m+ /usr/bin/git init -q
[0m[91m+ /usr/bin/git config user.name rpm-build
[0m[91m+ /usr/bin/git config user.email '<rpm-build>'
[0m[91m+ /usr/bin/git config gc.auto 0
[0m[91m+ /usr/bin/git add --force .
[0m[91m+ /usr/bin/git commit -q --allow-empty -a --author 'rpm-build <rpm-build>' -m 'shim-unsigned-aarch64-15.8 base'
[0m[91m+ /usr/bin/git checkout --track -b rpm-build
[0m[91mSwitched to a new branch 'rpm-build'
[0mbranch 'rpm-build' set up to track 'master'.
[91m+ git config --unset user.email
[0m[91m+ git config --unset user.name
[0m[91m+ mkdir build-aa64
[0m[91m+ cp /usr/src/azl/SOURCES/sbat.azurelinux.csv data/
[0m[91m+ RPM_EC=0
[0m[91m++ jobs -p
[0m[91m+ exit 0
[0mExecuting(%build): /bin/sh -e /var/tmp/rpm-tmp.QtK6Z7
[91m+ umask 022
+ cd /usr/src/azl/BUILD
[0m[91m+ CFLAGS='-O2 -g -pipe -Wall -Werror=format-security -Wp,-D_FORTIFY_SOURCE=2 -Wp,-D_GLIBCXX_ASSERTIONS -fexceptions -fstack-protector-strong -grecord-gcc-switches -specs=/usr/lib/rpm/azl/default-hardened-cc1    -fcommon -fasynchronous-unwind-tables -fstack-clash-protection'
+ export CFLAGS
+ CXXFLAGS='-O2 -g -pipe -Wall -Werror=format-security -Wp,-D_FORTIFY_SOURCE=2 -Wp,-D_GLIBCXX_ASSERTIONS -fexceptions -fstack-protector-strong -grecord-gcc-switches -specs=/usr/lib/rpm/azl/default-hardened-cc1    -fcommon -fasynchronous-unwind-tables -fstack-clash-protection'
+ export CXXFLAGS
[0m[91m+ FFLAGS='-O2 -g -pipe -Wall -Werror=format-security -Wp,-D_FORTIFY_SOURCE=2 -Wp,-D_GLIBCXX_ASSERTIONS -fexceptions -fstack-protector-strong -grecord-gcc-switches -specs=/usr/lib/rpm/azl/default-hardened-cc1    -fcommon -fasynchronous-unwind-tables -fstack-clash-protection -I/usr/lib/gfortran/modules'
+ export FFLAGS
+ FCFLAGS='-O2 -g -pipe -Wall -Werror=format-security -Wp,-D_FORTIFY_SOURCE=2 -Wp,-D_GLIBCXX_ASSERTIONS -fexceptions -fstack-protector-strong -grecord-gcc-switches -specs=/usr/lib/rpm/azl/default-hardened-cc1    -fcommon -fasynchronous-unwind-tables -fstack-clash-protection -I/usr/lib/gfortran/modules'
+ export FCFLAGS
[0m[91m+ LDFLAGS='-Wl,-z,relro -Wl,--as-needed  -Wl,-z,now -specs=/usr/lib/rpm/azl/default-hardened-ld '
+ export LDFLAGS
[0m[91m+ LT_SYS_LIBRARY_PATH=/usr/lib:
+ export LT_SYS_LIBRARY_PATH
+ cd shim-15.8
[0m[91m+ COMMIT_ID=5914984a1ffeab841f482c791426d7ca9935a5e6
+ MAKEFLAGS='TOPDIR=.. -f ../Makefile COMMIT_ID=5914984a1ffeab841f482c791426d7ca9935a5e6 '
+ MAKEFLAGS+='EFIDIR=azurelinux PKGNAME=shim '
+ MAKEFLAGS+='ENABLE_SHIM_HASH=true '
+ MAKEFLAGS+=' -j4 '
[0m[91m+ '[' -f /usr/src/azl/SOURCES/azurelinux-ca-20230216.der ']'
+ MAKEFLAGS='TOPDIR=.. -f ../Makefile COMMIT_ID=5914984a1ffeab841f482c791426d7ca9935a5e6 EFIDIR=azurelinux PKGNAME=shim ENABLE_SHIM_HASH=true  -j4  VENDOR_CERT_FILE=/usr/src/azl/SOURCES/azurelinux-ca-20230216.der '
+ cd build-aa64
[0m[91m+ make TOPDIR=.. -f ../Makefile COMMIT_ID=5914984a1ffeab841f482c791426d7ca9935a5e6 EFIDIR=azurelinux PKGNAME=shim ENABLE_SHIM_HASH=true -j4 VENDOR_CERT_FILE=/usr/src/azl/SOURCES/azurelinux-ca-20230216.der 'DEFAULT_LOADER=\\\\grubaa64.efi' all
[0msed	-e "s,@@VERSION@@,15.8," \
	-e "s,@@UNAME@@,Linux aarch64 aarch64 aarch64 GNU/Linux," \
	-e "s,@@COMMIT@@,5914984a1ffeab841f482c791426d7ca9935a5e6," \
	< /usr/src/azl/BUILD/shim-15.8/version.c.in > version.c
gcc -std=gnu11 -ggdb -ffreestanding -fmacro-prefix-map=/usr/src/azl/BUILD/shim-15.8/= -fno-stack-protector -fno-strict-aliasing -fpic -fshort-wchar -Os -Wall -Wextra -Wno-missing-field-initializers  -DMDE_CPU_AARCH64 -DPAGE_SIZE=4096 -mstrict-align -Werror -nostdinc -I/usr/src/azl/BUILD/shim-15.8/Cryptlib -I/usr/src/azl/BUILD/shim-15.8/Cryptlib/Include -I/usr/src/azl/BUILD/shim-15.8/gnu-efi/inc -I/usr/src/azl/BUILD/shim-15.8/gnu-efi/inc/aarch64 -I/usr/src/azl/BUILD/shim-15.8/gnu-efi/inc/protocol -I/usr/src/azl/BUILD/shim-15.8/include -iquote /usr/src/azl/BUILD/shim-15.8 -iquote /usr/src/azl/BUILD/shim-15.8/build-aa64 -isystem /usr/src/azl/BUILD/shim-15.8/include/system -isystem /usr/lib/gcc/aarch64-unknown-linux-gnu/13.2.0/include -DDEFAULT_LOADER='L"\\\\grubaa64.efi"' -DDEFAULT_LOADER_CHAR='"\\\\grubaa64.efi"' -DEFI_ARCH='L"aa64"' -DDEBUGDIR='L"/usr/lib/debug/usr/share/shim/aa64-15.8/"' -DVENDOR_CERT_FILE=\"/usr/src/azl/SOURCES/azurelinux-ca-20230216.der\"   -c -o globals.o /usr/src/azl/BUILD/shim-15.8/globals.c
gcc -std=gnu11 -ggdb -ffreestanding -fmacro-prefix-map=/usr/src/azl/BUILD/shim-15.8/= -fno-stack-protector -fno-strict-aliasing -fpic -fshort-wchar -Os -Wall -Wextra -Wno-missing-field-initializers  -DMDE_CPU_AARCH64 -DPAGE_SIZE=4096 -mstrict-align -Werror -nostdinc -I/usr/src/azl/BUILD/shim-15.8/Cryptlib -I/usr/src/azl/BUILD/shim-15.8/Cryptlib/Include -I/usr/src/azl/BUILD/shim-15.8/gnu-efi/inc -I/usr/src/azl/BUILD/shim-15.8/gnu-efi/inc/aarch64 -I/usr/src/azl/BUILD/shim-15.8/gnu-efi/inc/protocol -I/usr/src/azl/BUILD/shim-15.8/include -iquote /usr/src/azl/BUILD/shim-15.8 -iquote /usr/src/azl/BUILD/shim-15.8/build-aa64 -isystem /usr/src/azl/BUILD/shim-15.8/include/system -isystem /usr/lib/gcc/aarch64-unknown-linux-gnu/13.2.0/include -DDEFAULT_LOADER='L"\\\\grubaa64.efi"' -DDEFAULT_LOADER_CHAR='"\\\\grubaa64.efi"' -DEFI_ARCH='L"aa64"' -DDEBUGDIR='L"/usr/lib/debug/usr/share/shim/aa64-15.8/"' -DVENDOR_CERT_FILE=\"/usr/src/azl/SOURCES/azurelinux-ca-20230216.der\"   -c -o mok.o /usr/src/azl/BUILD/shim-15.8/mok.c
gcc -std=gnu11 -ggdb -ffreestanding -fmacro-prefix-map=/usr/src/azl/BUILD/shim-15.8/= -fno-stack-protector -fno-strict-aliasing -fpic -fshort-wchar -Os -Wall -Wextra -Wno-missing-field-initializers  -DMDE_CPU_AARCH64 -DPAGE_SIZE=4096 -mstrict-align -Werror -nostdinc -I/usr/src/azl/BUILD/shim-15.8/Cryptlib -I/usr/src/azl/BUILD/shim-15.8/Cryptlib/Include -I/usr/src/azl/BUILD/shim-15.8/gnu-efi/inc -I/usr/src/azl/BUILD/shim-15.8/gnu-efi/inc/aarch64 -I/usr/src/azl/BUILD/shim-15.8/gnu-efi/inc/protocol -I/usr/src/azl/BUILD/shim-15.8/include -iquote /usr/src/azl/BUILD/shim-15.8 -iquote /usr/src/azl/BUILD/shim-15.8/build-aa64 -isystem /usr/src/azl/BUILD/shim-15.8/include/system -isystem /usr/lib/gcc/aarch64-unknown-linux-gnu/13.2.0/include -DDEFAULT_LOADER='L"\\\\grubaa64.efi"' -DDEFAULT_LOADER_CHAR='"\\\\grubaa64.efi"' -DEFI_ARCH='L"aa64"' -DDEBUGDIR='L"/usr/lib/debug/usr/share/shim/aa64-15.8/"' -DVENDOR_CERT_FILE=\"/usr/src/azl/SOURCES/azurelinux-ca-20230216.der\"   -c -o netboot.o /usr/src/azl/BUILD/shim-15.8/netboot.c
gcc -std=gnu11 -ggdb -ffreestanding -fmacro-prefix-map=/usr/src/azl/BUILD/shim-15.8/= -fno-stack-protector -fno-strict-aliasing -fpic -fshort-wchar -Os -Wall -Wextra -Wno-missing-field-initializers  -DMDE_CPU_AARCH64 -DPAGE_SIZE=4096 -mstrict-align -Werror -nostdinc -I/usr/src/azl/BUILD/shim-15.8/Cryptlib -I/usr/src/azl/BUILD/shim-15.8/Cryptlib/Include -I/usr/src/azl/BUILD/shim-15.8/gnu-efi/inc -I/usr/src/azl/BUILD/shim-15.8/gnu-efi/inc/aarch64 -I/usr/src/azl/BUILD/shim-15.8/gnu-efi/inc/protocol -I/usr/src/azl/BUILD/shim-15.8/include -iquote /usr/src/azl/BUILD/shim-15.8 -iquote /usr/src/azl/BUILD/shim-15.8/build-aa64 -isystem /usr/src/azl/BUILD/shim-15.8/include/system -isystem /usr/lib/gcc/aarch64-unknown-linux-gnu/13.2.0/include -DDEFAULT_LOADER='L"\\\\grubaa64.efi"' -DDEFAULT_LOADER_CHAR='"\\\\grubaa64.efi"' -DEFI_ARCH='L"aa64"' -DDEBUGDIR='L"/usr/lib/debug/usr/share/shim/aa64-15.8/"' -DVENDOR_CERT_FILE=\"/usr/src/azl/SOURCES/azurelinux-ca-20230216.der\" -c -o cert.o /usr/src/azl/BUILD/shim-15.8/cert.S 
[91m/usr/src/azl/BUILD/shim-15.8/cert.S: Assembler messages:
/usr/src/azl/BUILD/shim-15.8/cert.S:55: Warning: setting incorrect section attributes for .note.GNU-stack
[0mgcc -std=gnu11 -ggdb -ffreestanding -fmacro-prefix-map=/usr/src/azl/BUILD/shim-15.8/= -fno-stack-protector -fno-strict-aliasing -fpic -fshort-wchar -Os -Wall -Wextra -Wno-missing-field-initializers  -DMDE_CPU_AARCH64 -DPAGE_SIZE=4096 -mstrict-align -Werror -nostdinc -I/usr/src/azl/BUILD/shim-15.8/Cryptlib -I/usr/src/azl/BUILD/shim-15.8/Cryptlib/Include -I/usr/src/azl/BUILD/shim-15.8/gnu-efi/inc -I/usr/src/azl/BUILD/shim-15.8/gnu-efi/inc/aarch64 -I/usr/src/azl/BUILD/shim-15.8/gnu-efi/inc/protocol -I/usr/src/azl/BUILD/shim-15.8/include -iquote /usr/src/azl/BUILD/shim-15.8 -iquote /usr/src/azl/BUILD/shim-15.8/build-aa64 -isystem /usr/src/azl/BUILD/shim-15.8/include/system -isystem /usr/lib/gcc/aarch64-unknown-linux-gnu/13.2.0/include -DDEFAULT_LOADER='L"\\\\grubaa64.efi"' -DDEFAULT_LOADER_CHAR='"\\\\grubaa64.efi"' -DEFI_ARCH='L"aa64"' -DDEBUGDIR='L"/usr/lib/debug/usr/share/shim/aa64-15.8/"' -DVENDOR_CERT_FILE=\"/usr/src/azl/SOURCES/azurelinux-ca-20230216.der\"   -c -o replacements.o /usr/src/azl/BUILD/shim-15.8/replacements.c
gcc -std=gnu11 -ggdb -ffreestanding -fmacro-prefix-map=/usr/src/azl/BUILD/shim-15.8/= -fno-stack-protector -fno-strict-aliasing -fpic -fshort-wchar -Os -Wall -Wextra -Wno-missing-field-initializers  -DMDE_CPU_AARCH64 -DPAGE_SIZE=4096 -mstrict-align -Werror -nostdinc -I/usr/src/azl/BUILD/shim-15.8/Cryptlib -I/usr/src/azl/BUILD/shim-15.8/Cryptlib/Include -I/usr/src/azl/BUILD/shim-15.8/gnu-efi/inc -I/usr/src/azl/BUILD/shim-15.8/gnu-efi/inc/aarch64 -I/usr/src/azl/BUILD/shim-15.8/gnu-efi/inc/protocol -I/usr/src/azl/BUILD/shim-15.8/include -iquote /usr/src/azl/BUILD/shim-15.8 -iquote /usr/src/azl/BUILD/shim-15.8/build-aa64 -isystem /usr/src/azl/BUILD/shim-15.8/include/system -isystem /usr/lib/gcc/aarch64-unknown-linux-gnu/13.2.0/include -DDEFAULT_LOADER='L"\\\\grubaa64.efi"' -DDEFAULT_LOADER_CHAR='"\\\\grubaa64.efi"' -DEFI_ARCH='L"aa64"' -DDEBUGDIR='L"/usr/lib/debug/usr/share/shim/aa64-15.8/"' -DVENDOR_CERT_FILE=\"/usr/src/azl/SOURCES/azurelinux-ca-20230216.der\"   -c -o tpm.o /usr/src/azl/BUILD/shim-15.8/tpm.c
gcc -std=gnu11 -ggdb -ffreestanding -fmacro-prefix-map=/usr/src/azl/BUILD/shim-15.8/= -fno-stack-protector -fno-strict-aliasing -fpic -fshort-wchar -Os -Wall -Wextra -Wno-missing-field-initializers  -DMDE_CPU_AARCH64 -DPAGE_SIZE=4096 -mstrict-align -Werror -nostdinc -I/usr/src/azl/BUILD/shim-15.8/Cryptlib -I/usr/src/azl/BUILD/shim-15.8/Cryptlib/Include -I/usr/src/azl/BUILD/shim-15.8/gnu-efi/inc -I/usr/src/azl/BUILD/shim-15.8/gnu-efi/inc/aarch64 -I/usr/src/azl/BUILD/shim-15.8/gnu-efi/inc/protocol -I/usr/src/azl/BUILD/shim-15.8/include -iquote /usr/src/azl/BUILD/shim-15.8 -iquote /usr/src/azl/BUILD/shim-15.8/build-aa64 -isystem /usr/src/azl/BUILD/shim-15.8/include/system -isystem /usr/lib/gcc/aarch64-unknown-linux-gnu/13.2.0/include -DDEFAULT_LOADER='L"\\\\grubaa64.efi"' -DDEFAULT_LOADER_CHAR='"\\\\grubaa64.efi"' -DEFI_ARCH='L"aa64"' -DDEBUGDIR='L"/usr/lib/debug/usr/share/shim/aa64-15.8/"' -DVENDOR_CERT_FILE=\"/usr/src/azl/SOURCES/azurelinux-ca-20230216.der\"   -c -o version.o version.c
gcc -std=gnu11 -ggdb -ffreestanding -fmacro-prefix-map=/usr/src/azl/BUILD/shim-15.8/= -fno-stack-protector -fno-strict-aliasing -fpic -fshort-wchar -Os -Wall -Wextra -Wno-missing-field-initializers  -DMDE_CPU_AARCH64 -DPAGE_SIZE=4096 -mstrict-align -Werror -nostdinc -I/usr/src/azl/BUILD/shim-15.8/Cryptlib -I/usr/src/azl/BUILD/shim-15.8/Cryptlib/Include -I/usr/src/azl/BUILD/shim-15.8/gnu-efi/inc -I/usr/src/azl/BUILD/shim-15.8/gnu-efi/inc/aarch64 -I/usr/src/azl/BUILD/shim-15.8/gnu-efi/inc/protocol -I/usr/src/azl/BUILD/shim-15.8/include -iquote /usr/src/azl/BUILD/shim-15.8 -iquote /usr/src/azl/BUILD/shim-15.8/build-aa64 -isystem /usr/src/azl/BUILD/shim-15.8/include/system -isystem /usr/lib/gcc/aarch64-unknown-linux-gnu/13.2.0/include -DDEFAULT_LOADER='L"\\\\grubaa64.efi"' -DDEFAULT_LOADER_CHAR='"\\\\grubaa64.efi"' -DEFI_ARCH='L"aa64"' -DDEBUGDIR='L"/usr/lib/debug/usr/share/shim/aa64-15.8/"' -DVENDOR_CERT_FILE=\"/usr/src/azl/SOURCES/azurelinux-ca-20230216.der\"   -c -o errlog.o /usr/src/azl/BUILD/shim-15.8/errlog.c
gcc -std=gnu11 -ggdb -ffreestanding -fmacro-prefix-map=/usr/src/azl/BUILD/shim-15.8/= -fno-stack-protector -fno-strict-aliasing -fpic -fshort-wchar -Os -Wall -Wextra -Wno-missing-field-initializers  -DMDE_CPU_AARCH64 -DPAGE_SIZE=4096 -mstrict-align -Werror -nostdinc -I/usr/src/azl/BUILD/shim-15.8/Cryptlib -I/usr/src/azl/BUILD/shim-15.8/Cryptlib/Include -I/usr/src/azl/BUILD/shim-15.8/gnu-efi/inc -I/usr/src/azl/BUILD/shim-15.8/gnu-efi/inc/aarch64 -I/usr/src/azl/BUILD/shim-15.8/gnu-efi/inc/protocol -I/usr/src/azl/BUILD/shim-15.8/include -iquote /usr/src/azl/BUILD/shim-15.8 -iquote /usr/src/azl/BUILD/shim-15.8/build-aa64 -isystem /usr/src/azl/BUILD/shim-15.8/include/system -isystem /usr/lib/gcc/aarch64-unknown-linux-gnu/13.2.0/include -DDEFAULT_LOADER='L"\\\\grubaa64.efi"' -DDEFAULT_LOADER_CHAR='"\\\\grubaa64.efi"' -DEFI_ARCH='L"aa64"' -DDEBUGDIR='L"/usr/lib/debug/usr/share/shim/aa64-15.8/"' -DVENDOR_CERT_FILE=\"/usr/src/azl/SOURCES/azurelinux-ca-20230216.der\"   -c -o sbat.o /usr/src/azl/BUILD/shim-15.8/sbat.c
dos2unix -r -l -F -f -n /usr/src/azl/BUILD/shim-15.8/data/sbat.azurelinux.csv sbat.azurelinux.csv
[91mdos2unix: [0m[91mconverting file /usr/src/azl/BUILD/shim-15.8/data/sbat.azurelinux.csv to file sbat.azurelinux.csv in Unix format...
[0mtail -c1 sbat.azurelinux.csv | read -r _ || echo >> sbat.azurelinux.csv # ensure a trailing newline
gcc -std=gnu11 -ggdb -ffreestanding -fmacro-prefix-map=/usr/src/azl/BUILD/shim-15.8/= -fno-stack-protector -fno-strict-aliasing -fpic -fshort-wchar -Os -Wall -Wextra -Wno-missing-field-initializers  -DMDE_CPU_AARCH64 -DPAGE_SIZE=4096 -mstrict-align -Werror -nostdinc -I/usr/src/azl/BUILD/shim-15.8/Cryptlib -I/usr/src/azl/BUILD/shim-15.8/Cryptlib/Include -I/usr/src/azl/BUILD/shim-15.8/gnu-efi/inc -I/usr/src/azl/BUILD/shim-15.8/gnu-efi/inc/aarch64 -I/usr/src/azl/BUILD/shim-15.8/gnu-efi/inc/protocol -I/usr/src/azl/BUILD/shim-15.8/include -iquote /usr/src/azl/BUILD/shim-15.8 -iquote /usr/src/azl/BUILD/shim-15.8/build-aa64 -isystem /usr/src/azl/BUILD/shim-15.8/include/system -isystem /usr/lib/gcc/aarch64-unknown-linux-gnu/13.2.0/include -DDEFAULT_LOADER='L"\\\\grubaa64.efi"' -DDEFAULT_LOADER_CHAR='"\\\\grubaa64.efi"' -DEFI_ARCH='L"aa64"' -DDEBUGDIR='L"/usr/lib/debug/usr/share/shim/aa64-15.8/"' -DVENDOR_CERT_FILE=\"/usr/src/azl/SOURCES/azurelinux-ca-20230216.der\" -c -o sbat_var.o /usr/src/azl/BUILD/shim-15.8/sbat_var.S 
[91m/usr/src/azl/BUILD/shim-15.8/sbat_var.S: Assembler messages:
/usr/src/azl/BUILD/shim-15.8/sbat_var.S:23: Warning: setting incorrect section attributes for .note.GNU-stack
[0mgcc -std=gnu11 -ggdb -ffreestanding -fmacro-prefix-map=/usr/src/azl/BUILD/shim-15.8/= -fno-stack-protector -fno-strict-aliasing -fpic -fshort-wchar -Os -Wall -Wextra -Wno-missing-field-initializers  -DMDE_CPU_AARCH64 -DPAGE_SIZE=4096 -mstrict-align -Werror -nostdinc -I/usr/src/azl/BUILD/shim-15.8/Cryptlib -I/usr/src/azl/BUILD/shim-15.8/Cryptlib/Include -I/usr/src/azl/BUILD/shim-15.8/gnu-efi/inc -I/usr/src/azl/BUILD/shim-15.8/gnu-efi/inc/aarch64 -I/usr/src/azl/BUILD/shim-15.8/gnu-efi/inc/protocol -I/usr/src/azl/BUILD/shim-15.8/include -iquote /usr/src/azl/BUILD/shim-15.8 -iquote /usr/src/azl/BUILD/shim-15.8/build-aa64 -isystem /usr/src/azl/BUILD/shim-15.8/include/system -isystem /usr/lib/gcc/aarch64-unknown-linux-gnu/13.2.0/include -DDEFAULT_LOADER='L"\\\\grubaa64.efi"' -DDEFAULT_LOADER_CHAR='"\\\\grubaa64.efi"' -DEFI_ARCH='L"aa64"' -DDEBUGDIR='L"/usr/lib/debug/usr/share/shim/aa64-15.8/"' -DVENDOR_CERT_FILE=\"/usr/src/azl/SOURCES/azurelinux-ca-20230216.der\"   -c -o pe.o /usr/src/azl/BUILD/shim-15.8/pe.c
gcc -std=gnu11 -ggdb -ffreestanding -fmacro-prefix-map=/usr/src/azl/BUILD/shim-15.8/= -fno-stack-protector -fno-strict-aliasing -fpic -fshort-wchar -Os -Wall -Wextra -Wno-missing-field-initializers  -DMDE_CPU_AARCH64 -DPAGE_SIZE=4096 -mstrict-align -Werror -nostdinc -I/usr/src/azl/BUILD/shim-15.8/Cryptlib -I/usr/src/azl/BUILD/shim-15.8/Cryptlib/Include -I/usr/src/azl/BUILD/shim-15.8/gnu-efi/inc -I/usr/src/azl/BUILD/shim-15.8/gnu-efi/inc/aarch64 -I/usr/src/azl/BUILD/shim-15.8/gnu-efi/inc/protocol -I/usr/src/azl/BUILD/shim-15.8/include -iquote /usr/src/azl/BUILD/shim-15.8 -iquote /usr/src/azl/BUILD/shim-15.8/build-aa64 -isystem /usr/src/azl/BUILD/shim-15.8/include/system -isystem /usr/lib/gcc/aarch64-unknown-linux-gnu/13.2.0/include -DDEFAULT_LOADER='L"\\\\grubaa64.efi"' -DDEFAULT_LOADER_CHAR='"\\\\grubaa64.efi"' -DEFI_ARCH='L"aa64"' -DDEBUGDIR='L"/usr/lib/debug/usr/share/shim/aa64-15.8/"' -DVENDOR_CERT_FILE=\"/usr/src/azl/SOURCES/azurelinux-ca-20230216.der\"   -c -o pe-relocate.o /usr/src/azl/BUILD/shim-15.8/pe-relocate.c
gcc -std=gnu11 -ggdb -ffreestanding -fmacro-prefix-map=/usr/src/azl/BUILD/shim-15.8/= -fno-stack-protector -fno-strict-aliasing -fpic -fshort-wchar -Os -Wall -Wextra -Wno-missing-field-initializers  -DMDE_CPU_AARCH64 -DPAGE_SIZE=4096 -mstrict-align -Werror -nostdinc -I/usr/src/azl/BUILD/shim-15.8/Cryptlib -I/usr/src/azl/BUILD/shim-15.8/Cryptlib/Include -I/usr/src/azl/BUILD/shim-15.8/gnu-efi/inc -I/usr/src/azl/BUILD/shim-15.8/gnu-efi/inc/aarch64 -I/usr/src/azl/BUILD/shim-15.8/gnu-efi/inc/protocol -I/usr/src/azl/BUILD/shim-15.8/include -iquote /usr/src/azl/BUILD/shim-15.8 -iquote /usr/src/azl/BUILD/shim-15.8/build-aa64 -isystem /usr/src/azl/BUILD/shim-15.8/include/system -isystem /usr/lib/gcc/aarch64-unknown-linux-gnu/13.2.0/include -DDEFAULT_LOADER='L"\\\\grubaa64.efi"' -DDEFAULT_LOADER_CHAR='"\\\\grubaa64.efi"' -DEFI_ARCH='L"aa64"' -DDEBUGDIR='L"/usr/lib/debug/usr/share/shim/aa64-15.8/"' -DVENDOR_CERT_FILE=\"/usr/src/azl/SOURCES/azurelinux-ca-20230216.der\"   -c -o httpboot.o /usr/src/azl/BUILD/shim-15.8/httpboot.c
gcc -std=gnu11 -ggdb -ffreestanding -fmacro-prefix-map=/usr/src/azl/BUILD/shim-15.8/= -fno-stack-protector -fno-strict-aliasing -fpic -fshort-wchar -Os -Wall -Wextra -Wno-missing-field-initializers  -DMDE_CPU_AARCH64 -DPAGE_SIZE=4096 -mstrict-align -Werror -nostdinc -I/usr/src/azl/BUILD/shim-15.8/Cryptlib -I/usr/src/azl/BUILD/shim-15.8/Cryptlib/Include -I/usr/src/azl/BUILD/shim-15.8/gnu-efi/inc -I/usr/src/azl/BUILD/shim-15.8/gnu-efi/inc/aarch64 -I/usr/src/azl/BUILD/shim-15.8/gnu-efi/inc/protocol -I/usr/src/azl/BUILD/shim-15.8/include -iquote /usr/src/azl/BUILD/shim-15.8 -iquote /usr/src/azl/BUILD/shim-15.8/build-aa64 -isystem /usr/src/azl/BUILD/shim-15.8/include/system -isystem /usr/lib/gcc/aarch64-unknown-linux-gnu/13.2.0/include -DDEFAULT_LOADER='L"\\\\grubaa64.efi"' -DDEFAULT_LOADER_CHAR='"\\\\grubaa64.efi"' -DEFI_ARCH='L"aa64"' -DDEBUGDIR='L"/usr/lib/debug/usr/share/shim/aa64-15.8/"' -DVENDOR_CERT_FILE=\"/usr/src/azl/SOURCES/azurelinux-ca-20230216.der\"   -c -o csv.o /usr/src/azl/BUILD/shim-15.8/csv.c
gcc -std=gnu11 -ggdb -ffreestanding -fmacro-prefix-map=/usr/src/azl/BUILD/shim-15.8/= -fno-stack-protector -fno-strict-aliasing -fpic -fshort-wchar -Os -Wall -Wextra -Wno-missing-field-initializers  -DMDE_CPU_AARCH64 -DPAGE_SIZE=4096 -mstrict-align -Werror -nostdinc -I/usr/src/azl/BUILD/shim-15.8/Cryptlib -I/usr/src/azl/BUILD/shim-15.8/Cryptlib/Include -I/usr/src/azl/BUILD/shim-15.8/gnu-efi/inc -I/usr/src/azl/BUILD/shim-15.8/gnu-efi/inc/aarch64 -I/usr/src/azl/BUILD/shim-15.8/gnu-efi/inc/protocol -I/usr/src/azl/BUILD/shim-15.8/include -iquote /usr/src/azl/BUILD/shim-15.8 -iquote /usr/src/azl/BUILD/shim-15.8/build-aa64 -isystem /usr/src/azl/BUILD/shim-15.8/include/system -isystem /usr/lib/gcc/aarch64-unknown-linux-gnu/13.2.0/include -DDEFAULT_LOADER='L"\\\\grubaa64.efi"' -DDEFAULT_LOADER_CHAR='"\\\\grubaa64.efi"' -DEFI_ARCH='L"aa64"' -DDEBUGDIR='L"/usr/lib/debug/usr/share/shim/aa64-15.8/"' -DVENDOR_CERT_FILE=\"/usr/src/azl/SOURCES/azurelinux-ca-20230216.der\"   -c -o load-options.o /usr/src/azl/BUILD/shim-15.8/load-options.c
for i in Hash Hmac Cipher Rand Pk Pem SysCall; do mkdir -p Cryptlib/$i; done
make TOPDIR=/usr/src/azl/BUILD/shim-15.8 VPATH=/usr/src/azl/BUILD/shim-15.8/Cryptlib -C Cryptlib -f /usr/src/azl/BUILD/shim-15.8/Cryptlib/Makefile 
make[1]: Entering directory '/usr/src/azl/BUILD/shim-15.8/build-aa64/Cryptlib'
gcc -std=gnu11 -ggdb -ffreestanding -fmacro-prefix-map=/usr/src/azl/BUILD/shim-15.8/= -fno-stack-protector -fno-strict-aliasing -fpic -fshort-wchar -nostdinc -Os -Wall -Wextra -Wno-missing-field-initializers -Wno-unused-parameter -Wno-unused-but-set-variable -Werror -I/usr/src/azl/BUILD/shim-15.8/Cryptlib -I/usr/src/azl/BUILD/shim-15.8/Cryptlib/Include -I/usr/src/azl/BUILD/shim-15.8/gnu-efi/inc -I/usr/src/azl/BUILD/shim-15.8/gnu-efi/inc/aarch64 -I/usr/src/azl/BUILD/shim-15.8/gnu-efi/inc/protocol -isystem /usr/src/azl/BUILD/shim-15.8/include/system -isystem /usr/lib/gcc/aarch64-unknown-linux-gnu/13.2.0/include -DMDE_CPU_AARCH64   -c -o Hash/CryptMd4Null.o /usr/src/azl/BUILD/shim-15.8/Cryptlib/Hash/CryptMd4Null.c
gcc -std=gnu11 -ggdb -ffreestanding -fmacro-prefix-map=/usr/src/azl/BUILD/shim-15.8/= -fno-stack-protector -fno-strict-aliasing -fpic -fshort-wchar -nostdinc -Os -Wall -Wextra -Wno-missing-field-initializers -Wno-unused-parameter -Wno-unused-but-set-variable -Werror -I/usr/src/azl/BUILD/shim-15.8/Cryptlib -I/usr/src/azl/BUILD/shim-15.8/Cryptlib/Include -I/usr/src/azl/BUILD/shim-15.8/gnu-efi/inc -I/usr/src/azl/BUILD/shim-15.8/gnu-efi/inc/aarch64 -I/usr/src/azl/BUILD/shim-15.8/gnu-efi/inc/protocol -isystem /usr/src/azl/BUILD/shim-15.8/include/system -isystem /usr/lib/gcc/aarch64-unknown-linux-gnu/13.2.0/include -DMDE_CPU_AARCH64   -c -o Hash/CryptMd5.o /usr/src/azl/BUILD/shim-15.8/Cryptlib/Hash/CryptMd5.c
gcc -std=gnu11 -ggdb -ffreestanding -fmacro-prefix-map=/usr/src/azl/BUILD/shim-15.8/= -fno-stack-protector -fno-strict-aliasing -fpic -fshort-wchar -nostdinc -Os -Wall -Wextra -Wno-missing-field-initializers -Wno-unused-parameter -Wno-unused-but-set-variable -Werror -I/usr/src/azl/BUILD/shim-15.8/Cryptlib -I/usr/src/azl/BUILD/shim-15.8/Cryptlib/Include -I/usr/src/azl/BUILD/shim-15.8/gnu-efi/inc -I/usr/src/azl/BUILD/shim-15.8/gnu-efi/inc/aarch64 -I/usr/src/azl/BUILD/shim-15.8/gnu-efi/inc/protocol -isystem /usr/src/azl/BUILD/shim-15.8/include/system -isystem /usr/lib/gcc/aarch64-unknown-linux-gnu/13.2.0/include -DMDE_CPU_AARCH64   -c -o Hash/CryptSha1.o /usr/src/azl/BUILD/shim-15.8/Cryptlib/Hash/CryptSha1.c
gcc -std=gnu11 -ggdb -ffreestanding -fmacro-prefix-map=/usr/src/azl/BUILD/shim-15.8/= -fno-stack-protector -fno-strict-aliasing -fpic -fshort-wchar -nostdinc -Os -Wall -Wextra -Wno-missing-field-initializers -Wno-unused-parameter -Wno-unused-but-set-variable -Werror -I/usr/src/azl/BUILD/shim-15.8/Cryptlib -I/usr/src/azl/BUILD/shim-15.8/Cryptlib/Include -I/usr/src/azl/BUILD/shim-15.8/gnu-efi/inc -I/usr/src/azl/BUILD/shim-15.8/gnu-efi/inc/aarch64 -I/usr/src/azl/BUILD/shim-15.8/gnu-efi/inc/protocol -isystem /usr/src/azl/BUILD/shim-15.8/include/system -isystem /usr/lib/gcc/aarch64-unknown-linux-gnu/13.2.0/include -DMDE_CPU_AARCH64   -c -o Hash/CryptSha256.o /usr/src/azl/BUILD/shim-15.8/Cryptlib/Hash/CryptSha256.c
for i in x509v3 x509 txt_db stack sha rsa rc4 rand pkcs7 pkcs12 pem ocsp objects modes md5 lhash kdf hmac evp err dso dh conf comp cmac buffer bn bio async/arch asn1 aes; do mkdir -p Cryptlib/OpenSSL/crypto/$i; done
gcc -std=gnu11 -ggdb -ffreestanding -fmacro-prefix-map=/usr/src/azl/BUILD/shim-15.8/= -fno-stack-protector -fno-strict-aliasing -fpic -fshort-wchar -nostdinc -Os -Wall -Wextra -Wno-missing-field-initializers -Wno-unused-parameter -Wno-unused-but-set-variable -Werror -I/usr/src/azl/BUILD/shim-15.8/Cryptlib -I/usr/src/azl/BUILD/shim-15.8/Cryptlib/Include -I/usr/src/azl/BUILD/shim-15.8/gnu-efi/inc -I/usr/src/azl/BUILD/shim-15.8/gnu-efi/inc/aarch64 -I/usr/src/azl/BUILD/shim-15.8/gnu-efi/inc/protocol -isystem /usr/src/azl/BUILD/shim-15.8/include/system -isystem /usr/lib/gcc/aarch64-unknown-linux-gnu/13.2.0/include -DMDE_CPU_AARCH64   -c -o Hash/CryptSha512.o /usr/src/azl/BUILD/shim-15.8/Cryptlib/Hash/CryptSha512.c
mkdir -p lib
gcc -std=gnu11 -ggdb -ffreestanding -fmacro-prefix-map=/usr/src/azl/BUILD/shim-15.8/= -fno-stack-protector -fno-strict-aliasing -fpic -fshort-wchar -nostdinc -Os -Wall -Wextra -Wno-missing-field-initializers -Wno-unused-parameter -Wno-unused-but-set-variable -Werror -I/usr/src/azl/BUILD/shim-15.8/Cryptlib -I/usr/src/azl/BUILD/shim-15.8/Cryptlib/Include -I/usr/src/azl/BUILD/shim-15.8/gnu-efi/inc -I/usr/src/azl/BUILD/shim-15.8/gnu-efi/inc/aarch64 -I/usr/src/azl/BUILD/shim-15.8/gnu-efi/inc/protocol -isystem /usr/src/azl/BUILD/shim-15.8/include/system -isystem /usr/lib/gcc/aarch64-unknown-linux-gnu/13.2.0/include -DMDE_CPU_AARCH64   -c -o Hmac/CryptHmacMd5Null.o /usr/src/azl/BUILD/shim-15.8/Cryptlib/Hmac/CryptHmacMd5Null.c
make TOPDIR=/usr/src/azl/BUILD/shim-15.8 VPATH=/usr/src/azl/BUILD/shim-15.8/Cryptlib/OpenSSL -C Cryptlib/OpenSSL -f /usr/src/azl/BUILD/shim-15.8/Cryptlib/OpenSSL/Makefile 
make[1]: Entering directory '/usr/src/azl/BUILD/shim-15.8/build-aa64/Cryptlib/OpenSSL'
make VPATH=/usr/src/azl/BUILD/shim-15.8/lib TOPDIR=/usr/src/azl/BUILD/shim-15.8 -C lib -f /usr/src/azl/BUILD/shim-15.8/lib/Makefile 
gcc -std=gnu11 -ggdb -ffreestanding -fmacro-prefix-map=/usr/src/azl/BUILD/shim-15.8/= -fno-stack-protector -fno-strict-aliasing -fpic -fshort-wchar -nostdinc -Os -Wall -Wextra -Wno-missing-field-initializers -Wno-empty-body -Wno-implicit-fallthrough -Wno-old-style-declaration -Wno-unused-but-set-variable -Wno-unused-parameter -Werror -I/usr/src/azl/BUILD/shim-15.8/Cryptlib/OpenSSL -I/usr/src/azl/BUILD/shim-15.8/Cryptlib -I/usr/src/azl/BUILD/shim-15.8/Cryptlib/OpenSSL/Include/ -I/usr/src/azl/BUILD/shim-15.8/Cryptlib/OpenSSL/crypto -I/usr/src/azl/BUILD/shim-15.8/Cryptlib/Include -I/usr/src/azl/BUILD/shim-15.8/gnu-efi/inc -I/usr/src/azl/BUILD/shim-15.8/gnu-efi/inc/aarch64 -I/usr/src/azl/BUILD/shim-15.8/gnu-efi/inc/protocol -I/usr/src/azl/BUILD/shim-15.8/Cryptlib/OpenSSL/crypto/asn1 -I/usr/src/azl/BUILD/shim-15.8/Cryptlib/OpenSSL/crypto/evp -I/usr/src/azl/BUILD/shim-15.8/Cryptlib/OpenSSL/crypto/modes -I/usr/src/azl/BUILD/shim-15.8/Cryptlib/OpenSSL/crypto/include -isystem /usr/src/azl/BUILD/shim-15.8/include/system -isystem /usr/lib/gcc/aarch64-unknown-linux-gnu/13.2.0/include -DL_ENDIAN -D_CRT_SECURE_NO_DEPRECATE -D_CRT_NONSTDC_NO_DEPRECATE -DOPENSSL_SMALL_FOOTPRINT -DPEDANTIC -DMDE_CPU_AARCH64   -c -o crypto/cryptlib.o /usr/src/azl/BUILD/shim-15.8/Cryptlib/OpenSSL/crypto/cryptlib.c
make[1]: Entering directory '/usr/src/azl/BUILD/shim-15.8/build-aa64/lib'
gcc -std=gnu11 -ggdb -ffreestanding -fmacro-prefix-map=/usr/src/azl/BUILD/shim-15.8/= -fno-stack-protector -fno-strict-aliasing -fpic -fshort-wchar -Os -Wall -Wextra -Wno-missing-field-initializers -Werror -I/usr/src/azl/BUILD/shim-15.8/gnu-efi/inc -I/usr/src/azl/BUILD/shim-15.8/gnu-efi/inc/aarch64 -I/usr/src/azl/BUILD/shim-15.8/gnu-efi/inc/protocol -I/usr/src/azl/BUILD/shim-15.8/include -I/usr/src/azl/BUILD/shim-15.8/Cryptlib/Include/openssl/ -I/usr/src/azl/BUILD/shim-15.8/Cryptlib/Include/ -I/usr/src/azl/BUILD/shim-15.8/Cryptlib -I/usr/src/azl/BUILD/shim-15.8 -isystem /usr/src/azl/BUILD/shim-15.8/include/system -isystem /usr/lib/gcc/aarch64-unknown-linux-gnu/13.2.0/include -DMDE_CPU_AARCH64   -c -o configtable.o /usr/src/azl/BUILD/shim-15.8/lib/configtable.c
gcc -std=gnu11 -ggdb -ffreestanding -fmacro-prefix-map=/usr/src/azl/BUILD/shim-15.8/= -fno-stack-protector -fno-strict-aliasing -fpic -fshort-wchar -Os -Wall -Wextra -Wno-missing-field-initializers -Werror -I/usr/src/azl/BUILD/shim-15.8/gnu-efi/inc -I/usr/src/azl/BUILD/shim-15.8/gnu-efi/inc/aarch64 -I/usr/src/azl/BUILD/shim-15.8/gnu-efi/inc/protocol -I/usr/src/azl/BUILD/shim-15.8/include -I/usr/src/azl/BUILD/shim-15.8/Cryptlib/Include/openssl/ -I/usr/src/azl/BUILD/shim-15.8/Cryptlib/Include/ -I/usr/src/azl/BUILD/shim-15.8/Cryptlib -I/usr/src/azl/BUILD/shim-15.8 -isystem /usr/src/azl/BUILD/shim-15.8/include/system -isystem /usr/lib/gcc/aarch64-unknown-linux-gnu/13.2.0/include -DMDE_CPU_AARCH64   -c -o console.o /usr/src/azl/BUILD/shim-15.8/lib/console.c
gcc -std=gnu11 -ggdb -ffreestanding -fmacro-prefix-map=/usr/src/azl/BUILD/shim-15.8/= -fno-stack-protector -fno-strict-aliasing -fpic -fshort-wchar -nostdinc -Os -Wall -Wextra -Wno-missing-field-initializers -Wno-unused-parameter -Wno-unused-but-set-variable -Werror -I/usr/src/azl/BUILD/shim-15.8/Cryptlib -I/usr/src/azl/BUILD/shim-15.8/Cryptlib/Include -I/usr/src/azl/BUILD/shim-15.8/gnu-efi/inc -I/usr/src/azl/BUILD/shim-15.8/gnu-efi/inc/aarch64 -I/usr/src/azl/BUILD/shim-15.8/gnu-efi/inc/protocol -isystem /usr/src/azl/BUILD/shim-15.8/include/system -isystem /usr/lib/gcc/aarch64-unknown-linux-gnu/13.2.0/include -DMDE_CPU_AARCH64   -c -o Hmac/CryptHmacSha1Null.o /usr/src/azl/BUILD/shim-15.8/Cryptlib/Hmac/CryptHmacSha1Null.c
gcc -std=gnu11 -ggdb -ffreestanding -fmacro-prefix-map=/usr/src/azl/BUILD/shim-15.8/= -fno-stack-protector -fno-strict-aliasing -fpic -fshort-wchar -nostdinc -Os -Wall -Wextra -Wno-missing-field-initializers -Wno-unused-parameter -Wno-unused-but-set-variable -Werror -I/usr/src/azl/BUILD/shim-15.8/Cryptlib -I/usr/src/azl/BUILD/shim-15.8/Cryptlib/Include -I/usr/src/azl/BUILD/shim-15.8/gnu-efi/inc -I/usr/src/azl/BUILD/shim-15.8/gnu-efi/inc/aarch64 -I/usr/src/azl/BUILD/shim-15.8/gnu-efi/inc/protocol -isystem /usr/src/azl/BUILD/shim-15.8/include/system -isystem /usr/lib/gcc/aarch64-unknown-linux-gnu/13.2.0/include -DMDE_CPU_AARCH64   -c -o Hmac/CryptHmacSha256Null.o /usr/src/azl/BUILD/shim-15.8/Cryptlib/Hmac/CryptHmacSha256Null.c
gcc -std=gnu11 -ggdb -ffreestanding -fmacro-prefix-map=/usr/src/azl/BUILD/shim-15.8/= -fno-stack-protector -fno-strict-aliasing -fpic -fshort-wchar -nostdinc -Os -Wall -Wextra -Wno-missing-field-initializers -Wno-empty-body -Wno-implicit-fallthrough -Wno-old-style-declaration -Wno-unused-but-set-variable -Wno-unused-parameter -Werror -I/usr/src/azl/BUILD/shim-15.8/Cryptlib/OpenSSL -I/usr/src/azl/BUILD/shim-15.8/Cryptlib -I/usr/src/azl/BUILD/shim-15.8/Cryptlib/OpenSSL/Include/ -I/usr/src/azl/BUILD/shim-15.8/Cryptlib/OpenSSL/crypto -I/usr/src/azl/BUILD/shim-15.8/Cryptlib/Include -I/usr/src/azl/BUILD/shim-15.8/gnu-efi/inc -I/usr/src/azl/BUILD/shim-15.8/gnu-efi/inc/aarch64 -I/usr/src/azl/BUILD/shim-15.8/gnu-efi/inc/protocol -I/usr/src/azl/BUILD/shim-15.8/Cryptlib/OpenSSL/crypto/asn1 -I/usr/src/azl/BUILD/shim-15.8/Cryptlib/OpenSSL/crypto/evp -I/usr/src/azl/BUILD/shim-15.8/Cryptlib/OpenSSL/crypto/modes -I/usr/src/azl/BUILD/shim-15.8/Cryptlib/OpenSSL/crypto/include -isystem /usr/src/azl/BUILD/shim-15.8/include/system -isystem /usr/lib/gcc/aarch64-unknown-linux-gnu/13.2.0/include -DL_ENDIAN -D_CRT_SECURE_NO_DEPRECATE -D_CRT_NONSTDC_NO_DEPRECATE -DOPENSSL_SMALL_FOOTPRINT -DPEDANTIC -DMDE_CPU_AARCH64   -c -o crypto/mem.o /usr/src/azl/BUILD/shim-15.8/Cryptlib/OpenSSL/crypto/mem.c
gcc -std=gnu11 -ggdb -ffreestanding -fmacro-prefix-map=/usr/src/azl/BUILD/shim-15.8/= -fno-stack-protector -fno-strict-aliasing -fpic -fshort-wchar -nostdinc -Os -Wall -Wextra -Wno-missing-field-initializers -Wno-unused-parameter -Wno-unused-but-set-variable -Werror -I/usr/src/azl/BUILD/shim-15.8/Cryptlib -I/usr/src/azl/BUILD/shim-15.8/Cryptlib/Include -I/usr/src/azl/BUILD/shim-15.8/gnu-efi/inc -I/usr/src/azl/BUILD/shim-15.8/gnu-efi/inc/aarch64 -I/usr/src/azl/BUILD/shim-15.8/gnu-efi/inc/protocol -isystem /usr/src/azl/BUILD/shim-15.8/include/system -isystem /usr/lib/gcc/aarch64-unknown-linux-gnu/13.2.0/include -DMDE_CPU_AARCH64   -c -o Cipher/CryptAesNull.o /usr/src/azl/BUILD/shim-15.8/Cryptlib/Cipher/CryptAesNull.c
gcc -std=gnu11 -ggdb -ffreestanding -fmacro-prefix-map=/usr/src/azl/BUILD/shim-15.8/= -fno-stack-protector -fno-strict-aliasing -fpic -fshort-wchar -nostdinc -Os -Wall -Wextra -Wno-missing-field-initializers -Wno-unused-parameter -Wno-unused-but-set-variable -Werror -I/usr/src/azl/BUILD/shim-15.8/Cryptlib -I/usr/src/azl/BUILD/shim-15.8/Cryptlib/Include -I/usr/src/azl/BUILD/shim-15.8/gnu-efi/inc -I/usr/src/azl/BUILD/shim-15.8/gnu-efi/inc/aarch64 -I/usr/src/azl/BUILD/shim-15.8/gnu-efi/inc/protocol -isystem /usr/src/azl/BUILD/shim-15.8/include/system -isystem /usr/lib/gcc/aarch64-unknown-linux-gnu/13.2.0/include -DMDE_CPU_AARCH64   -c -o Cipher/CryptTdesNull.o /usr/src/azl/BUILD/shim-15.8/Cryptlib/Cipher/CryptTdesNull.c
gcc -std=gnu11 -ggdb -ffreestanding -fmacro-prefix-map=/usr/src/azl/BUILD/shim-15.8/= -fno-stack-protector -fno-strict-aliasing -fpic -fshort-wchar -nostdinc -Os -Wall -Wextra -Wno-missing-field-initializers -Wno-empty-body -Wno-implicit-fallthrough -Wno-old-style-declaration -Wno-unused-but-set-variable -Wno-unused-parameter -Werror -I/usr/src/azl/BUILD/shim-15.8/Cryptlib/OpenSSL -I/usr/src/azl/BUILD/shim-15.8/Cryptlib -I/usr/src/azl/BUILD/shim-15.8/Cryptlib/OpenSSL/Include/ -I/usr/src/azl/BUILD/shim-15.8/Cryptlib/OpenSSL/crypto -I/usr/src/azl/BUILD/shim-15.8/Cryptlib/Include -I/usr/src/azl/BUILD/shim-15.8/gnu-efi/inc -I/usr/src/azl/BUILD/shim-15.8/gnu-efi/inc/aarch64 -I/usr/src/azl/BUILD/shim-15.8/gnu-efi/inc/protocol -I/usr/src/azl/BUILD/shim-15.8/Cryptlib/OpenSSL/crypto/asn1 -I/usr/src/azl/BUILD/shim-15.8/Cryptlib/OpenSSL/crypto/evp -I/usr/src/azl/BUILD/shim-15.8/Cryptlib/OpenSSL/crypto/modes -I/usr/src/azl/BUILD/shim-15.8/Cryptlib/OpenSSL/crypto/include -isystem /usr/src/azl/BUILD/shim-15.8/include/system -isystem /usr/lib/gcc/aarch64-unknown-linux-gnu/13.2.0/include -DL_ENDIAN -D_CRT_SECURE_NO_DEPRECATE -D_CRT_NONSTDC_NO_DEPRECATE -DOPENSSL_SMALL_FOOTPRINT -DPEDANTIC -DMDE_CPU_AARCH64   -c -o crypto/mem_clr.o /usr/src/azl/BUILD/shim-15.8/Cryptlib/OpenSSL/crypto/mem_clr.c
gcc -std=gnu11 -ggdb -ffreestanding -fmacro-prefix-map=/usr/src/azl/BUILD/shim-15.8/= -fno-stack-protector -fno-strict-aliasing -fpic -fshort-wchar -nostdinc -Os -Wall -Wextra -Wno-missing-field-initializers -Wno-unused-parameter -Wno-unused-but-set-variable -Werror -I/usr/src/azl/BUILD/shim-15.8/Cryptlib -I/usr/src/azl/BUILD/shim-15.8/Cryptlib/Include -I/usr/src/azl/BUILD/shim-15.8/gnu-efi/inc -I/usr/src/azl/BUILD/shim-15.8/gnu-efi/inc/aarch64 -I/usr/src/azl/BUILD/shim-15.8/gnu-efi/inc/protocol -isystem /usr/src/azl/BUILD/shim-15.8/include/system -isystem /usr/lib/gcc/aarch64-unknown-linux-gnu/13.2.0/include -DMDE_CPU_AARCH64   -c -o Cipher/CryptArc4Null.o /usr/src/azl/BUILD/shim-15.8/Cryptlib/Cipher/CryptArc4Null.c
mkdir -p gnu-efi/lib gnu-efi/gnuefi
gcc -std=gnu11 -ggdb -ffreestanding -fmacro-prefix-map=/usr/src/azl/BUILD/shim-15.8/= -fno-stack-protector -fno-strict-aliasing -fpic -fshort-wchar -nostdinc -Os -Wall -Wextra -Wno-missing-field-initializers -Wno-empty-body -Wno-implicit-fallthrough -Wno-old-style-declaration -Wno-unused-but-set-variable -Wno-unused-parameter -Werror -I/usr/src/azl/BUILD/shim-15.8/Cryptlib/OpenSSL -I/usr/src/azl/BUILD/shim-15.8/Cryptlib -I/usr/src/azl/BUILD/shim-15.8/Cryptlib/OpenSSL/Include/ -I/usr/src/azl/BUILD/shim-15.8/Cryptlib/OpenSSL/crypto -I/usr/src/azl/BUILD/shim-15.8/Cryptlib/Include -I/usr/src/azl/BUILD/shim-15.8/gnu-efi/inc -I/usr/src/azl/BUILD/shim-15.8/gnu-efi/inc/aarch64 -I/usr/src/azl/BUILD/shim-15.8/gnu-efi/inc/protocol -I/usr/src/azl/BUILD/shim-15.8/Cryptlib/OpenSSL/crypto/asn1 -I/usr/src/azl/BUILD/shim-15.8/Cryptlib/OpenSSL/crypto/evp -I/usr/src/azl/BUILD/shim-15.8/Cryptlib/OpenSSL/crypto/modes -I/usr/src/azl/BUILD/shim-15.8/Cryptlib/OpenSSL/crypto/include -isystem /usr/src/azl/BUILD/shim-15.8/include/system -isystem /usr/lib/gcc/aarch64-unknown-linux-gnu/13.2.0/include -DL_ENDIAN -D_CRT_SECURE_NO_DEPRECATE -D_CRT_NONSTDC_NO_DEPRECATE -DOPENSSL_SMALL_FOOTPRINT -DPEDANTIC -DMDE_CPU_AARCH64   -c -o crypto/mem_dbg.o /usr/src/azl/BUILD/shim-15.8/Cryptlib/OpenSSL/crypto/mem_dbg.c
make -C gnu-efi \
	COMPILER="gcc" \
	CCC_CC="gcc" \
	CC="gcc" \
	ARCH=aarch64 \
	TOPDIR=/usr/src/azl/BUILD/shim-15.8/gnu-efi \
	-f /usr/src/azl/BUILD/shim-15.8/gnu-efi/Makefile \
	lib gnuefi inc 
make[1]: Entering directory '/usr/src/azl/BUILD/shim-15.8/build-aa64/gnu-efi'
mkdir -p /usr/src/azl/BUILD/shim-15.8/build-aa64/gnu-efi/aarch64/lib
gcc -std=gnu11 -ggdb -ffreestanding -fmacro-prefix-map=/usr/src/azl/BUILD/shim-15.8/= -fno-stack-protector -fno-strict-aliasing -fpic -fshort-wchar -nostdinc -Os -Wall -Wextra -Wno-missing-field-initializers -Wno-unused-parameter -Wno-unused-but-set-variable -Werror -I/usr/src/azl/BUILD/shim-15.8/Cryptlib -I/usr/src/azl/BUILD/shim-15.8/Cryptlib/Include -I/usr/src/azl/BUILD/shim-15.8/gnu-efi/inc -I/usr/src/azl/BUILD/shim-15.8/gnu-efi/inc/aarch64 -I/usr/src/azl/BUILD/shim-15.8/gnu-efi/inc/protocol -isystem /usr/src/azl/BUILD/shim-15.8/include/system -isystem /usr/lib/gcc/aarch64-unknown-linux-gnu/13.2.0/include -DMDE_CPU_AARCH64   -c -o Rand/CryptRand.o /usr/src/azl/BUILD/shim-15.8/Cryptlib/Rand/CryptRand.c
make -C /usr/src/azl/BUILD/shim-15.8/build-aa64/gnu-efi/aarch64/lib -f /usr/src/azl/BUILD/shim-15.8/gnu-efi//lib/Makefile SRCDIR=/usr/src/azl/BUILD/shim-15.8/gnu-efi//lib ARCH=aarch64
make[2]: Entering directory '/usr/src/azl/BUILD/shim-15.8/build-aa64/gnu-efi/aarch64/lib'
gcc -I/usr/src/azl/BUILD/shim-15.8/gnu-efi//lib -I/usr/src/azl/BUILD/shim-15.8/gnu-efi/inc -I/usr/src/azl/BUILD/shim-15.8/gnu-efi/inc/aarch64 -I/usr/src/azl/BUILD/shim-15.8/gnu-efi/inc/protocol -std=gnu11 -ggdb -ffreestanding -fmacro-prefix-map=/usr/src/azl/BUILD/shim-15.8/= -fno-stack-protector -fno-strict-aliasing -fpic -fshort-wchar -Os -Wall -Wextra -Wno-missing-field-initializers  -DMDE_CPU_AARCH64 -DPAGE_SIZE=4096 -mstrict-align -Werror -nostdinc -I/usr/src/azl/BUILD/shim-15.8/Cryptlib -I/usr/src/azl/BUILD/shim-15.8/Cryptlib/Include -I/usr/src/azl/BUILD/shim-15.8/gnu-efi/inc -I/usr/src/azl/BUILD/shim-15.8/gnu-efi/inc/aarch64 -I/usr/src/azl/BUILD/shim-15.8/gnu-efi/inc/protocol -I/usr/src/azl/BUILD/shim-15.8/include -iquote /usr/src/azl/BUILD/shim-15.8 -iquote /usr/src/azl/BUILD/shim-15.8/build-aa64 -isystem /usr/src/azl/BUILD/shim-15.8/include/system -isystem /usr/lib/gcc/aarch64-unknown-linux-gnu/13.2.0/include -DDEFAULT_LOADER='L"\\\\grubaa64.efi"' -DDEFAULT_LOADER_CHAR='"\\\\grubaa64.efi"' -DEFI_ARCH='L"aa64"' -DDEBUGDIR='L"/usr/lib/debug/usr/share/shim/aa64-15.8/"' -DVENDOR_CERT_FILE=\"/usr/src/azl/SOURCES/azurelinux-ca-20230216.der\" -DGNU_EFI_USE_EXTERNAL_STDARG -Wno-error=pragmas -fpic  -Os -Wall -Wextra -Wno-missing-field-initializers -Werror -fshort-wchar -fno-strict-aliasing -ffreestanding -fno-stack-protector -fno-stack-check -nostdinc   -isystem /usr/src/azl/BUILD/shim-15.8/gnu-efi/../include/system -isystem /usr/lib/gcc/aarch64-unknown-linux-gnu/13.2.0/include -fno-merge-all-constants -Wno-error=pragmas -fpic  -Os -Wall -Wextra -Wno-missing-field-initializers -Werror -fshort-wchar -fno-strict-aliasing -ffreestanding -fno-stack-protector -fno-stack-check -nostdinc   -isystem /usr/src/azl/BUILD/shim-15.8/gnu-efi/../include/system -isystem /usr/lib/gcc/aarch64-unknown-linux-gnu/13.2.0/include -fno-merge-all-constants -DCONFIG_aarch64 -c /usr/src/azl/BUILD/shim-15.8/gnu-efi//lib/boxdraw.c -o boxdraw.o
gcc -std=gnu11 -ggdb -ffreestanding -fmacro-prefix-map=/usr/src/azl/BUILD/shim-15.8/= -fno-stack-protector -fno-strict-aliasing -fpic -fshort-wchar -Os -Wall -Wextra -Wno-missing-field-initializers -Werror -I/usr/src/azl/BUILD/shim-15.8/gnu-efi/inc -I/usr/src/azl/BUILD/shim-15.8/gnu-efi/inc/aarch64 -I/usr/src/azl/BUILD/shim-15.8/gnu-efi/inc/protocol -I/usr/src/azl/BUILD/shim-15.8/include -I/usr/src/azl/BUILD/shim-15.8/Cryptlib/Include/openssl/ -I/usr/src/azl/BUILD/shim-15.8/Cryptlib/Include/ -I/usr/src/azl/BUILD/shim-15.8/Cryptlib -I/usr/src/azl/BUILD/shim-15.8 -isystem /usr/src/azl/BUILD/shim-15.8/include/system -isystem /usr/lib/gcc/aarch64-unknown-linux-gnu/13.2.0/include -DMDE_CPU_AARCH64   -c -o execute.o /usr/src/azl/BUILD/shim-15.8/lib/execute.c
gcc -std=gnu11 -ggdb -ffreestanding -fmacro-prefix-map=/usr/src/azl/BUILD/shim-15.8/= -fno-stack-protector -fno-strict-aliasing -fpic -fshort-wchar -nostdinc -Os -Wall -Wextra -Wno-missing-field-initializers -Wno-unused-parameter -Wno-unused-but-set-variable -Werror -I/usr/src/azl/BUILD/shim-15.8/Cryptlib -I/usr/src/azl/BUILD/shim-15.8/Cryptlib/Include -I/usr/src/azl/BUILD/shim-15.8/gnu-efi/inc -I/usr/src/azl/BUILD/shim-15.8/gnu-efi/inc/aarch64 -I/usr/src/azl/BUILD/shim-15.8/gnu-efi/inc/protocol -isystem /usr/src/azl/BUILD/shim-15.8/include/system -isystem /usr/lib/gcc/aarch64-unknown-linux-gnu/13.2.0/include -DMDE_CPU_AARCH64   -c -o Pk/CryptRsaBasic.o /usr/src/azl/BUILD/shim-15.8/Cryptlib/Pk/CryptRsaBasic.c
gcc -I/usr/src/azl/BUILD/shim-15.8/gnu-efi//lib -I/usr/src/azl/BUILD/shim-15.8/gnu-efi/inc -I/usr/src/azl/BUILD/shim-15.8/gnu-efi/inc/aarch64 -I/usr/src/azl/BUILD/shim-15.8/gnu-efi/inc/protocol -std=gnu11 -ggdb -ffreestanding -fmacro-prefix-map=/usr/src/azl/BUILD/shim-15.8/= -fno-stack-protector -fno-strict-aliasing -fpic -fshort-wchar -Os -Wall -Wextra -Wno-missing-field-initializers  -DMDE_CPU_AARCH64 -DPAGE_SIZE=4096 -mstrict-align -Werror -nostdinc -I/usr/src/azl/BUILD/shim-15.8/Cryptlib -I/usr/src/azl/BUILD/shim-15.8/Cryptlib/Include -I/usr/src/azl/BUILD/shim-15.8/gnu-efi/inc -I/usr/src/azl/BUILD/shim-15.8/gnu-efi/inc/aarch64 -I/usr/src/azl/BUILD/shim-15.8/gnu-efi/inc/protocol -I/usr/src/azl/BUILD/shim-15.8/include -iquote /usr/src/azl/BUILD/shim-15.8 -iquote /usr/src/azl/BUILD/shim-15.8/build-aa64 -isystem /usr/src/azl/BUILD/shim-15.8/include/system -isystem /usr/lib/gcc/aarch64-unknown-linux-gnu/13.2.0/include -DDEFAULT_LOADER='L"\\\\grubaa64.efi"' -DDEFAULT_LOADER_CHAR='"\\\\grubaa64.efi"' -DEFI_ARCH='L"aa64"' -DDEBUGDIR='L"/usr/lib/debug/usr/share/shim/aa64-15.8/"' -DVENDOR_CERT_FILE=\"/usr/src/azl/SOURCES/azurelinux-ca-20230216.der\" -DGNU_EFI_USE_EXTERNAL_STDARG -Wno-error=pragmas -fpic  -Os -Wall -Wextra -Wno-missing-field-initializers -Werror -fshort-wchar -fno-strict-aliasing -ffreestanding -fno-stack-protector -fno-stack-check -nostdinc   -isystem /usr/src/azl/BUILD/shim-15.8/gnu-efi/../include/system -isystem /usr/lib/gcc/aarch64-unknown-linux-gnu/13.2.0/include -fno-merge-all-constants -Wno-error=pragmas -fpic  -Os -Wall -Wextra -Wno-missing-field-initializers -Werror -fshort-wchar -fno-strict-aliasing -ffreestanding -fno-stack-protector -fno-stack-check -nostdinc   -isystem /usr/src/azl/BUILD/shim-15.8/gnu-efi/../include/system -isystem /usr/lib/gcc/aarch64-unknown-linux-gnu/13.2.0/include -fno-merge-all-constants -DCONFIG_aarch64 -c /usr/src/azl/BUILD/shim-15.8/gnu-efi//lib/smbios.c -o smbios.o
gcc -std=gnu11 -ggdb -ffreestanding -fmacro-prefix-map=/usr/src/azl/BUILD/shim-15.8/= -fno-stack-protector -fno-strict-aliasing -fpic -fshort-wchar -Os -Wall -Wextra -Wno-missing-field-initializers -Werror -I/usr/src/azl/BUILD/shim-15.8/gnu-efi/inc -I/usr/src/azl/BUILD/shim-15.8/gnu-efi/inc/aarch64 -I/usr/src/azl/BUILD/shim-15.8/gnu-efi/inc/protocol -I/usr/src/azl/BUILD/shim-15.8/include -I/usr/src/azl/BUILD/shim-15.8/Cryptlib/Include/openssl/ -I/usr/src/azl/BUILD/shim-15.8/Cryptlib/Include/ -I/usr/src/azl/BUILD/shim-15.8/Cryptlib -I/usr/src/azl/BUILD/shim-15.8 -isystem /usr/src/azl/BUILD/shim-15.8/include/system -isystem /usr/lib/gcc/aarch64-unknown-linux-gnu/13.2.0/include -DMDE_CPU_AARCH64   -c -o guid.o /usr/src/azl/BUILD/shim-15.8/lib/guid.c
gcc -I/usr/src/azl/BUILD/shim-15.8/gnu-efi//lib -I/usr/src/azl/BUILD/shim-15.8/gnu-efi/inc -I/usr/src/azl/BUILD/shim-15.8/gnu-efi/inc/aarch64 -I/usr/src/azl/BUILD/shim-15.8/gnu-efi/inc/protocol -std=gnu11 -ggdb -ffreestanding -fmacro-prefix-map=/usr/src/azl/BUILD/shim-15.8/= -fno-stack-protector -fno-strict-aliasing -fpic -fshort-wchar -Os -Wall -Wextra -Wno-missing-field-initializers  -DMDE_CPU_AARCH64 -DPAGE_SIZE=4096 -mstrict-align -Werror -nostdinc -I/usr/src/azl/BUILD/shim-15.8/Cryptlib -I/usr/src/azl/BUILD/shim-15.8/Cryptlib/Include -I/usr/src/azl/BUILD/shim-15.8/gnu-efi/inc -I/usr/src/azl/BUILD/shim-15.8/gnu-efi/inc/aarch64 -I/usr/src/azl/BUILD/shim-15.8/gnu-efi/inc/protocol -I/usr/src/azl/BUILD/shim-15.8/include -iquote /usr/src/azl/BUILD/shim-15.8 -iquote /usr/src/azl/BUILD/shim-15.8/build-aa64 -isystem /usr/src/azl/BUILD/shim-15.8/include/system -isystem /usr/lib/gcc/aarch64-unknown-linux-gnu/13.2.0/include -DDEFAULT_LOADER='L"\\\\grubaa64.efi"' -DDEFAULT_LOADER_CHAR='"\\\\grubaa64.efi"' -DEFI_ARCH='L"aa64"' -DDEBUGDIR='L"/usr/lib/debug/usr/share/shim/aa64-15.8/"' -DVENDOR_CERT_FILE=\"/usr/src/azl/SOURCES/azurelinux-ca-20230216.der\" -DGNU_EFI_USE_EXTERNAL_STDARG -Wno-error=pragmas -fpic  -Os -Wall -Wextra -Wno-missing-field-initializers -Werror -fshort-wchar -fno-strict-aliasing -ffreestanding -fno-stack-protector -fno-stack-check -nostdinc   -isystem /usr/src/azl/BUILD/shim-15.8/gnu-efi/../include/system -isystem /usr/lib/gcc/aarch64-unknown-linux-gnu/13.2.0/include -fno-merge-all-constants -Wno-error=pragmas -fpic  -Os -Wall -Wextra -Wno-missing-field-initializers -Werror -fshort-wchar -fno-strict-aliasing -ffreestanding -fno-stack-protector -fno-stack-check -nostdinc   -isystem /usr/src/azl/BUILD/shim-15.8/gnu-efi/../include/system -isystem /usr/lib/gcc/aarch64-unknown-linux-gnu/13.2.0/include -fno-merge-all-constants -DCONFIG_aarch64 -c /usr/src/azl/BUILD/shim-15.8/gnu-efi//lib/console.c -o console.o
gcc -std=gnu11 -ggdb -ffreestanding -fmacro-prefix-map=/usr/src/azl/BUILD/shim-15.8/= -fno-stack-protector -fno-strict-aliasing -fpic -fshort-wchar -Os -Wall -Wextra -Wno-missing-field-initializers -Werror -I/usr/src/azl/BUILD/shim-15.8/gnu-efi/inc -I/usr/src/azl/BUILD/shim-15.8/gnu-efi/inc/aarch64 -I/usr/src/azl/BUILD/shim-15.8/gnu-efi/inc/protocol -I/usr/src/azl/BUILD/shim-15.8/include -I/usr/src/azl/BUILD/shim-15.8/Cryptlib/Include/openssl/ -I/usr/src/azl/BUILD/shim-15.8/Cryptlib/Include/ -I/usr/src/azl/BUILD/shim-15.8/Cryptlib -I/usr/src/azl/BUILD/shim-15.8 -isystem /usr/src/azl/BUILD/shim-15.8/include/system -isystem /usr/lib/gcc/aarch64-unknown-linux-gnu/13.2.0/include -DMDE_CPU_AARCH64   -c -o print_crypto.o /usr/src/azl/BUILD/shim-15.8/lib/print_crypto.c
gcc -std=gnu11 -ggdb -ffreestanding -fmacro-prefix-map=/usr/src/azl/BUILD/shim-15.8/= -fno-stack-protector -fno-strict-aliasing -fpic -fshort-wchar -nostdinc -Os -Wall -Wextra -Wno-missing-field-initializers -Wno-unused-parameter -Wno-unused-but-set-variable -Werror -I/usr/src/azl/BUILD/shim-15.8/Cryptlib -I/usr/src/azl/BUILD/shim-15.8/Cryptlib/Include -I/usr/src/azl/BUILD/shim-15.8/gnu-efi/inc -I/usr/src/azl/BUILD/shim-15.8/gnu-efi/inc/aarch64 -I/usr/src/azl/BUILD/shim-15.8/gnu-efi/inc/protocol -isystem /usr/src/azl/BUILD/shim-15.8/include/system -isystem /usr/lib/gcc/aarch64-unknown-linux-gnu/13.2.0/include -DMDE_CPU_AARCH64   -c -o Pk/CryptRsaExtNull.o /usr/src/azl/BUILD/shim-15.8/Cryptlib/Pk/CryptRsaExtNull.c
gcc -std=gnu11 -ggdb -ffreestanding -fmacro-prefix-map=/usr/src/azl/BUILD/shim-15.8/= -fno-stack-protector -fno-strict-aliasing -fpic -fshort-wchar -nostdinc -Os -Wall -Wextra -Wno-missing-field-initializers -Wno-empty-body -Wno-implicit-fallthrough -Wno-old-style-declaration -Wno-unused-but-set-variable -Wno-unused-parameter -Werror -I/usr/src/azl/BUILD/shim-15.8/Cryptlib/OpenSSL -I/usr/src/azl/BUILD/shim-15.8/Cryptlib -I/usr/src/azl/BUILD/shim-15.8/Cryptlib/OpenSSL/Include/ -I/usr/src/azl/BUILD/shim-15.8/Cryptlib/OpenSSL/crypto -I/usr/src/azl/BUILD/shim-15.8/Cryptlib/Include -I/usr/src/azl/BUILD/shim-15.8/gnu-efi/inc -I/usr/src/azl/BUILD/shim-15.8/gnu-efi/inc/aarch64 -I/usr/src/azl/BUILD/shim-15.8/gnu-efi/inc/protocol -I/usr/src/azl/BUILD/shim-15.8/Cryptlib/OpenSSL/crypto/asn1 -I/usr/src/azl/BUILD/shim-15.8/Cryptlib/OpenSSL/crypto/evp -I/usr/src/azl/BUILD/shim-15.8/Cryptlib/OpenSSL/crypto/modes -I/usr/src/azl/BUILD/shim-15.8/Cryptlib/OpenSSL/crypto/include -isystem /usr/src/azl/BUILD/shim-15.8/include/system -isystem /usr/lib/gcc/aarch64-unknown-linux-gnu/13.2.0/include -DL_ENDIAN -D_CRT_SECURE_NO_DEPRECATE -D_CRT_NONSTDC_NO_DEPRECATE -DOPENSSL_SMALL_FOOTPRINT -DPEDANTIC -DMDE_CPU_AARCH64   -c -o crypto/cversion.o /usr/src/azl/BUILD/shim-15.8/Cryptlib/OpenSSL/crypto/cversion.c
gcc -std=gnu11 -ggdb -ffreestanding -fmacro-prefix-map=/usr/src/azl/BUILD/shim-15.8/= -fno-stack-protector -fno-strict-aliasing -fpic -fshort-wchar -nostdinc -Os -Wall -Wextra -Wno-missing-field-initializers -Wno-unused-parameter -Wno-unused-but-set-variable -Werror -I/usr/src/azl/BUILD/shim-15.8/Cryptlib -I/usr/src/azl/BUILD/shim-15.8/Cryptlib/Include -I/usr/src/azl/BUILD/shim-15.8/gnu-efi/inc -I/usr/src/azl/BUILD/shim-15.8/gnu-efi/inc/aarch64 -I/usr/src/azl/BUILD/shim-15.8/gnu-efi/inc/protocol -isystem /usr/src/azl/BUILD/shim-15.8/include/system -isystem /usr/lib/gcc/aarch64-unknown-linux-gnu/13.2.0/include -DMDE_CPU_AARCH64   -c -o Pk/CryptPkcs7SignNull.o /usr/src/azl/BUILD/shim-15.8/Cryptlib/Pk/CryptPkcs7SignNull.c
gcc -I/usr/src/azl/BUILD/shim-15.8/gnu-efi//lib -I/usr/src/azl/BUILD/shim-15.8/gnu-efi/inc -I/usr/src/azl/BUILD/shim-15.8/gnu-efi/inc/aarch64 -I/usr/src/azl/BUILD/shim-15.8/gnu-efi/inc/protocol -std=gnu11 -ggdb -ffreestanding -fmacro-prefix-map=/usr/src/azl/BUILD/shim-15.8/= -fno-stack-protector -fno-strict-aliasing -fpic -fshort-wchar -Os -Wall -Wextra -Wno-missing-field-initializers  -DMDE_CPU_AARCH64 -DPAGE_SIZE=4096 -mstrict-align -Werror -nostdinc -I/usr/src/azl/BUILD/shim-15.8/Cryptlib -I/usr/src/azl/BUILD/shim-15.8/Cryptlib/Include -I/usr/src/azl/BUILD/shim-15.8/gnu-efi/inc -I/usr/src/azl/BUILD/shim-15.8/gnu-efi/inc/aarch64 -I/usr/src/azl/BUILD/shim-15.8/gnu-efi/inc/protocol -I/usr/src/azl/BUILD/shim-15.8/include -iquote /usr/src/azl/BUILD/shim-15.8 -iquote /usr/src/azl/BUILD/shim-15.8/build-aa64 -isystem /usr/src/azl/BUILD/shim-15.8/include/system -isystem /usr/lib/gcc/aarch64-unknown-linux-gnu/13.2.0/include -DDEFAULT_LOADER='L"\\\\grubaa64.efi"' -DDEFAULT_LOADER_CHAR='"\\\\grubaa64.efi"' -DEFI_ARCH='L"aa64"' -DDEBUGDIR='L"/usr/lib/debug/usr/share/shim/aa64-15.8/"' -DVENDOR_CERT_FILE=\"/usr/src/azl/SOURCES/azurelinux-ca-20230216.der\" -DGNU_EFI_USE_EXTERNAL_STDARG -Wno-error=pragmas -fpic  -Os -Wall -Wextra -Wno-missing-field-initializers -Werror -fshort-wchar -fno-strict-aliasing -ffreestanding -fno-stack-protector -fno-stack-check -nostdinc   -isystem /usr/src/azl/BUILD/shim-15.8/gnu-efi/../include/system -isystem /usr/lib/gcc/aarch64-unknown-linux-gnu/13.2.0/include -fno-merge-all-constants -Wno-error=pragmas -fpic  -Os -Wall -Wextra -Wno-missing-field-initializers -Werror -fshort-wchar -fno-strict-aliasing -ffreestanding -fno-stack-protector -fno-stack-check -nostdinc   -isystem /usr/src/azl/BUILD/shim-15.8/gnu-efi/../include/system -isystem /usr/lib/gcc/aarch64-unknown-linux-gnu/13.2.0/include -fno-merge-all-constants -DCONFIG_aarch64 -c /usr/src/azl/BUILD/shim-15.8/gnu-efi//lib/crc.c -o crc.o
gcc -std=gnu11 -ggdb -ffreestanding -fmacro-prefix-map=/usr/src/azl/BUILD/shim-15.8/= -fno-stack-protector -fno-strict-aliasing -fpic -fshort-wchar -Os -Wall -Wextra -Wno-missing-field-initializers -Werror -I/usr/src/azl/BUILD/shim-15.8/gnu-efi/inc -I/usr/src/azl/BUILD/shim-15.8/gnu-efi/inc/aarch64 -I/usr/src/azl/BUILD/shim-15.8/gnu-efi/inc/protocol -I/usr/src/azl/BUILD/shim-15.8/include -I/usr/src/azl/BUILD/shim-15.8/Cryptlib/Include/openssl/ -I/usr/src/azl/BUILD/shim-15.8/Cryptlib/Include/ -I/usr/src/azl/BUILD/shim-15.8/Cryptlib -I/usr/src/azl/BUILD/shim-15.8 -isystem /usr/src/azl/BUILD/shim-15.8/include/system -isystem /usr/lib/gcc/aarch64-unknown-linux-gnu/13.2.0/include -DMDE_CPU_AARCH64   -c -o security_policy.o /usr/src/azl/BUILD/shim-15.8/lib/security_policy.c
gcc -std=gnu11 -ggdb -ffreestanding -fmacro-prefix-map=/usr/src/azl/BUILD/shim-15.8/= -fno-stack-protector -fno-strict-aliasing -fpic -fshort-wchar -nostdinc -Os -Wall -Wextra -Wno-missing-field-initializers -Wno-empty-body -Wno-implicit-fallthrough -Wno-old-style-declaration -Wno-unused-but-set-variable -Wno-unused-parameter -Werror -I/usr/src/azl/BUILD/shim-15.8/Cryptlib/OpenSSL -I/usr/src/azl/BUILD/shim-15.8/Cryptlib -I/usr/src/azl/BUILD/shim-15.8/Cryptlib/OpenSSL/Include/ -I/usr/src/azl/BUILD/shim-15.8/Cryptlib/OpenSSL/crypto -I/usr/src/azl/BUILD/shim-15.8/Cryptlib/Include -I/usr/src/azl/BUILD/shim-15.8/gnu-efi/inc -I/usr/src/azl/BUILD/shim-15.8/gnu-efi/inc/aarch64 -I/usr/src/azl/BUILD/shim-15.8/gnu-efi/inc/protocol -I/usr/src/azl/BUILD/shim-15.8/Cryptlib/OpenSSL/crypto/asn1 -I/usr/src/azl/BUILD/shim-15.8/Cryptlib/OpenSSL/crypto/evp -I/usr/src/azl/BUILD/shim-15.8/Cryptlib/OpenSSL/crypto/modes -I/usr/src/azl/BUILD/shim-15.8/Cryptlib/OpenSSL/crypto/include -isystem /usr/src/azl/BUILD/shim-15.8/include/system -isystem /usr/lib/gcc/aarch64-unknown-linux-gnu/13.2.0/include -DL_ENDIAN -D_CRT_SECURE_NO_DEPRECATE -D_CRT_NONSTDC_NO_DEPRECATE -DOPENSSL_SMALL_FOOTPRINT -DPEDANTIC -DMDE_CPU_AARCH64   -c -o crypto/ex_data.o /usr/src/azl/BUILD/shim-15.8/Cryptlib/OpenSSL/crypto/ex_data.c
gcc -std=gnu11 -ggdb -ffreestanding -fmacro-prefix-map=/usr/src/azl/BUILD/shim-15.8/= -fno-stack-protector -fno-strict-aliasing -fpic -fshort-wchar -nostdinc -Os -Wall -Wextra -Wno-missing-field-initializers -Wno-unused-parameter -Wno-unused-but-set-variable -Werror -I/usr/src/azl/BUILD/shim-15.8/Cryptlib -I/usr/src/azl/BUILD/shim-15.8/Cryptlib/Include -I/usr/src/azl/BUILD/shim-15.8/gnu-efi/inc -I/usr/src/azl/BUILD/shim-15.8/gnu-efi/inc/aarch64 -I/usr/src/azl/BUILD/shim-15.8/gnu-efi/inc/protocol -isystem /usr/src/azl/BUILD/shim-15.8/include/system -isystem /usr/lib/gcc/aarch64-unknown-linux-gnu/13.2.0/include -DMDE_CPU_AARCH64   -c -o Pk/CryptPkcs7Verify.o /usr/src/azl/BUILD/shim-15.8/Cryptlib/Pk/CryptPkcs7Verify.c
gcc -I/usr/src/azl/BUILD/shim-15.8/gnu-efi//lib -I/usr/src/azl/BUILD/shim-15.8/gnu-efi/inc -I/usr/src/azl/BUILD/shim-15.8/gnu-efi/inc/aarch64 -I/usr/src/azl/BUILD/shim-15.8/gnu-efi/inc/protocol -std=gnu11 -ggdb -ffreestanding -fmacro-prefix-map=/usr/src/azl/BUILD/shim-15.8/= -fno-stack-protector -fno-strict-aliasing -fpic -fshort-wchar -Os -Wall -Wextra -Wno-missing-field-initializers  -DMDE_CPU_AARCH64 -DPAGE_SIZE=4096 -mstrict-align -Werror -nostdinc -I/usr/src/azl/BUILD/shim-15.8/Cryptlib -I/usr/src/azl/BUILD/shim-15.8/Cryptlib/Include -I/usr/src/azl/BUILD/shim-15.8/gnu-efi/inc -I/usr/src/azl/BUILD/shim-15.8/gnu-efi/inc/aarch64 -I/usr/src/azl/BUILD/shim-15.8/gnu-efi/inc/protocol -I/usr/src/azl/BUILD/shim-15.8/include -iquote /usr/src/azl/BUILD/shim-15.8 -iquote /usr/src/azl/BUILD/shim-15.8/build-aa64 -isystem /usr/src/azl/BUILD/shim-15.8/include/system -isystem /usr/lib/gcc/aarch64-unknown-linux-gnu/13.2.0/include -DDEFAULT_LOADER='L"\\\\grubaa64.efi"' -DDEFAULT_LOADER_CHAR='"\\\\grubaa64.efi"' -DEFI_ARCH='L"aa64"' -DDEBUGDIR='L"/usr/lib/debug/usr/share/shim/aa64-15.8/"' -DVENDOR_CERT_FILE=\"/usr/src/azl/SOURCES/azurelinux-ca-20230216.der\" -DGNU_EFI_USE_EXTERNAL_STDARG -Wno-error=pragmas -fpic  -Os -Wall -Wextra -Wno-missing-field-initializers -Werror -fshort-wchar -fno-strict-aliasing -ffreestanding -fno-stack-protector -fno-stack-check -nostdinc   -isystem /usr/src/azl/BUILD/shim-15.8/gnu-efi/../include/system -isystem /usr/lib/gcc/aarch64-unknown-linux-gnu/13.2.0/include -fno-merge-all-constants -Wno-error=pragmas -fpic  -Os -Wall -Wextra -Wno-missing-field-initializers -Werror -fshort-wchar -fno-strict-aliasing -ffreestanding -fno-stack-protector -fno-stack-check -nostdinc   -isystem /usr/src/azl/BUILD/shim-15.8/gnu-efi/../include/system -isystem /usr/lib/gcc/aarch64-unknown-linux-gnu/13.2.0/include -fno-merge-all-constants -DCONFIG_aarch64 -c /usr/src/azl/BUILD/shim-15.8/gnu-efi//lib/data.c -o data.o
gcc -std=gnu11 -ggdb -ffreestanding -fmacro-prefix-map=/usr/src/azl/BUILD/shim-15.8/= -fno-stack-protector -fno-strict-aliasing -fpic -fshort-wchar -Os -Wall -Wextra -Wno-missing-field-initializers -Werror -I/usr/src/azl/BUILD/shim-15.8/gnu-efi/inc -I/usr/src/azl/BUILD/shim-15.8/gnu-efi/inc/aarch64 -I/usr/src/azl/BUILD/shim-15.8/gnu-efi/inc/protocol -I/usr/src/azl/BUILD/shim-15.8/include -I/usr/src/azl/BUILD/shim-15.8/Cryptlib/Include/openssl/ -I/usr/src/azl/BUILD/shim-15.8/Cryptlib/Include/ -I/usr/src/azl/BUILD/shim-15.8/Cryptlib -I/usr/src/azl/BUILD/shim-15.8 -isystem /usr/src/azl/BUILD/shim-15.8/include/system -isystem /usr/lib/gcc/aarch64-unknown-linux-gnu/13.2.0/include -DMDE_CPU_AARCH64   -c -o shell.o /usr/src/azl/BUILD/shim-15.8/lib/shell.c
gcc -I/usr/src/azl/BUILD/shim-15.8/gnu-efi//lib -I/usr/src/azl/BUILD/shim-15.8/gnu-efi/inc -I/usr/src/azl/BUILD/shim-15.8/gnu-efi/inc/aarch64 -I/usr/src/azl/BUILD/shim-15.8/gnu-efi/inc/protocol -std=gnu11 -ggdb -ffreestanding -fmacro-prefix-map=/usr/src/azl/BUILD/shim-15.8/= -fno-stack-protector -fno-strict-aliasing -fpic -fshort-wchar -Os -Wall -Wextra -Wno-missing-field-initializers  -DMDE_CPU_AARCH64 -DPAGE_SIZE=4096 -mstrict-align -Werror -nostdinc -I/usr/src/azl/BUILD/shim-15.8/Cryptlib -I/usr/src/azl/BUILD/shim-15.8/Cryptlib/Include -I/usr/src/azl/BUILD/shim-15.8/gnu-efi/inc -I/usr/src/azl/BUILD/shim-15.8/gnu-efi/inc/aarch64 -I/usr/src/azl/BUILD/shim-15.8/gnu-efi/inc/protocol -I/usr/src/azl/BUILD/shim-15.8/include -iquote /usr/src/azl/BUILD/shim-15.8 -iquote /usr/src/azl/BUILD/shim-15.8/build-aa64 -isystem /usr/src/azl/BUILD/shim-15.8/include/system -isystem /usr/lib/gcc/aarch64-unknown-linux-gnu/13.2.0/include -DDEFAULT_LOADER='L"\\\\grubaa64.efi"' -DDEFAULT_LOADER_CHAR='"\\\\grubaa64.efi"' -DEFI_ARCH='L"aa64"' -DDEBUGDIR='L"/usr/lib/debug/usr/share/shim/aa64-15.8/"' -DVENDOR_CERT_FILE=\"/usr/src/azl/SOURCES/azurelinux-ca-20230216.der\" -DGNU_EFI_USE_EXTERNAL_STDARG -Wno-error=pragmas -fpic  -Os -Wall -Wextra -Wno-missing-field-initializers -Werror -fshort-wchar -fno-strict-aliasing -ffreestanding -fno-stack-protector -fno-stack-check -nostdinc   -isystem /usr/src/azl/BUILD/shim-15.8/gnu-efi/../include/system -isystem /usr/lib/gcc/aarch64-unknown-linux-gnu/13.2.0/include -fno-merge-all-constants -Wno-error=pragmas -fpic  -Os -Wall -Wextra -Wno-missing-field-initializers -Werror -fshort-wchar -fno-strict-aliasing -ffreestanding -fno-stack-protector -fno-stack-check -nostdinc   -isystem /usr/src/azl/BUILD/shim-15.8/gnu-efi/../include/system -isystem /usr/lib/gcc/aarch64-unknown-linux-gnu/13.2.0/include -fno-merge-all-constants -DCONFIG_aarch64 -c /usr/src/azl/BUILD/shim-15.8/gnu-efi//lib/debug.c -o debug.o
gcc -std=gnu11 -ggdb -ffreestanding -fmacro-prefix-map=/usr/src/azl/BUILD/shim-15.8/= -fno-stack-protector -fno-strict-aliasing -fpic -fshort-wchar -Os -Wall -Wextra -Wno-missing-field-initializers -Werror -I/usr/src/azl/BUILD/shim-15.8/gnu-efi/inc -I/usr/src/azl/BUILD/shim-15.8/gnu-efi/inc/aarch64 -I/usr/src/azl/BUILD/shim-15.8/gnu-efi/inc/protocol -I/usr/src/azl/BUILD/shim-15.8/include -I/usr/src/azl/BUILD/shim-15.8/Cryptlib/Include/openssl/ -I/usr/src/azl/BUILD/shim-15.8/Cryptlib/Include/ -I/usr/src/azl/BUILD/shim-15.8/Cryptlib -I/usr/src/azl/BUILD/shim-15.8 -isystem /usr/src/azl/BUILD/shim-15.8/include/system -isystem /usr/lib/gcc/aarch64-unknown-linux-gnu/13.2.0/include -DMDE_CPU_AARCH64   -c -o simple_file.o /usr/src/azl/BUILD/shim-15.8/lib/simple_file.c
gcc -I/usr/src/azl/BUILD/shim-15.8/gnu-efi//lib -I/usr/src/azl/BUILD/shim-15.8/gnu-efi/inc -I/usr/src/azl/BUILD/shim-15.8/gnu-efi/inc/aarch64 -I/usr/src/azl/BUILD/shim-15.8/gnu-efi/inc/protocol -std=gnu11 -ggdb -ffreestanding -fmacro-prefix-map=/usr/src/azl/BUILD/shim-15.8/= -fno-stack-protector -fno-strict-aliasing -fpic -fshort-wchar -Os -Wall -Wextra -Wno-missing-field-initializers  -DMDE_CPU_AARCH64 -DPAGE_SIZE=4096 -mstrict-align -Werror -nostdinc -I/usr/src/azl/BUILD/shim-15.8/Cryptlib -I/usr/src/azl/BUILD/shim-15.8/Cryptlib/Include -I/usr/src/azl/BUILD/shim-15.8/gnu-efi/inc -I/usr/src/azl/BUILD/shim-15.8/gnu-efi/inc/aarch64 -I/usr/src/azl/BUILD/shim-15.8/gnu-efi/inc/protocol -I/usr/src/azl/BUILD/shim-15.8/include -iquote /usr/src/azl/BUILD/shim-15.8 -iquote /usr/src/azl/BUILD/shim-15.8/build-aa64 -isystem /usr/src/azl/BUILD/shim-15.8/include/system -isystem /usr/lib/gcc/aarch64-unknown-linux-gnu/13.2.0/include -DDEFAULT_LOADER='L"\\\\grubaa64.efi"' -DDEFAULT_LOADER_CHAR='"\\\\grubaa64.efi"' -DEFI_ARCH='L"aa64"' -DDEBUGDIR='L"/usr/lib/debug/usr/share/shim/aa64-15.8/"' -DVENDOR_CERT_FILE=\"/usr/src/azl/SOURCES/azurelinux-ca-20230216.der\" -DGNU_EFI_USE_EXTERNAL_STDARG -Wno-error=pragmas -fpic  -Os -Wall -Wextra -Wno-missing-field-initializers -Werror -fshort-wchar -fno-strict-aliasing -ffreestanding -fno-stack-protector -fno-stack-check -nostdinc   -isystem /usr/src/azl/BUILD/shim-15.8/gnu-efi/../include/system -isystem /usr/lib/gcc/aarch64-unknown-linux-gnu/13.2.0/include -fno-merge-all-constants -Wno-error=pragmas -fpic  -Os -Wall -Wextra -Wno-missing-field-initializers -Werror -fshort-wchar -fno-strict-aliasing -ffreestanding -fno-stack-protector -fno-stack-check -nostdinc   -isystem /usr/src/azl/BUILD/shim-15.8/gnu-efi/../include/system -isystem /usr/lib/gcc/aarch64-unknown-linux-gnu/13.2.0/include -fno-merge-all-constants -DCONFIG_aarch64 -c /usr/src/azl/BUILD/shim-15.8/gnu-efi//lib/dpath.c -o dpath.o
gcc -std=gnu11 -ggdb -ffreestanding -fmacro-prefix-map=/usr/src/azl/BUILD/shim-15.8/= -fno-stack-protector -fno-strict-aliasing -fpic -fshort-wchar -nostdinc -Os -Wall -Wextra -Wno-missing-field-initializers -Wno-empty-body -Wno-implicit-fallthrough -Wno-old-style-declaration -Wno-unused-but-set-variable -Wno-unused-parameter -Werror -I/usr/src/azl/BUILD/shim-15.8/Cryptlib/OpenSSL -I/usr/src/azl/BUILD/shim-15.8/Cryptlib -I/usr/src/azl/BUILD/shim-15.8/Cryptlib/OpenSSL/Include/ -I/usr/src/azl/BUILD/shim-15.8/Cryptlib/OpenSSL/crypto -I/usr/src/azl/BUILD/shim-15.8/Cryptlib/Include -I/usr/src/azl/BUILD/shim-15.8/gnu-efi/inc -I/usr/src/azl/BUILD/shim-15.8/gnu-efi/inc/aarch64 -I/usr/src/azl/BUILD/shim-15.8/gnu-efi/inc/protocol -I/usr/src/azl/BUILD/shim-15.8/Cryptlib/OpenSSL/crypto/asn1 -I/usr/src/azl/BUILD/shim-15.8/Cryptlib/OpenSSL/crypto/evp -I/usr/src/azl/BUILD/shim-15.8/Cryptlib/OpenSSL/crypto/modes -I/usr/src/azl/BUILD/shim-15.8/Cryptlib/OpenSSL/crypto/include -isystem /usr/src/azl/BUILD/shim-15.8/include/system -isystem /usr/lib/gcc/aarch64-unknown-linux-gnu/13.2.0/include -DL_ENDIAN -D_CRT_SECURE_NO_DEPRECATE -D_CRT_NONSTDC_NO_DEPRECATE -DOPENSSL_SMALL_FOOTPRINT -DPEDANTIC -DMDE_CPU_AARCH64   -c -o crypto/cpt_err.o /usr/src/azl/BUILD/shim-15.8/Cryptlib/OpenSSL/crypto/cpt_err.c
gcc -std=gnu11 -ggdb -ffreestanding -fmacro-prefix-map=/usr/src/azl/BUILD/shim-15.8/= -fno-stack-protector -fno-strict-aliasing -fpic -fshort-wchar -nostdinc -Os -Wall -Wextra -Wno-missing-field-initializers -Wno-unused-parameter -Wno-unused-but-set-variable -Werror -I/usr/src/azl/BUILD/shim-15.8/Cryptlib -I/usr/src/azl/BUILD/shim-15.8/Cryptlib/Include -I/usr/src/azl/BUILD/shim-15.8/gnu-efi/inc -I/usr/src/azl/BUILD/shim-15.8/gnu-efi/inc/aarch64 -I/usr/src/azl/BUILD/shim-15.8/gnu-efi/inc/protocol -isystem /usr/src/azl/BUILD/shim-15.8/include/system -isystem /usr/lib/gcc/aarch64-unknown-linux-gnu/13.2.0/include -DMDE_CPU_AARCH64   -c -o Pk/CryptDhNull.o /usr/src/azl/BUILD/shim-15.8/Cryptlib/Pk/CryptDhNull.c
gcc -std=gnu11 -ggdb -ffreestanding -fmacro-prefix-map=/usr/src/azl/BUILD/shim-15.8/= -fno-stack-protector -fno-strict-aliasing -fpic -fshort-wchar -nostdinc -Os -Wall -Wextra -Wno-missing-field-initializers -Wno-empty-body -Wno-implicit-fallthrough -Wno-old-style-declaration -Wno-unused-but-set-variable -Wno-unused-parameter -Werror -I/usr/src/azl/BUILD/shim-15.8/Cryptlib/OpenSSL -I/usr/src/azl/BUILD/shim-15.8/Cryptlib -I/usr/src/azl/BUILD/shim-15.8/Cryptlib/OpenSSL/Include/ -I/usr/src/azl/BUILD/shim-15.8/Cryptlib/OpenSSL/crypto -I/usr/src/azl/BUILD/shim-15.8/Cryptlib/Include -I/usr/src/azl/BUILD/shim-15.8/gnu-efi/inc -I/usr/src/azl/BUILD/shim-15.8/gnu-efi/inc/aarch64 -I/usr/src/azl/BUILD/shim-15.8/gnu-efi/inc/protocol -I/usr/src/azl/BUILD/shim-15.8/Cryptlib/OpenSSL/crypto/asn1 -I/usr/src/azl/BUILD/shim-15.8/Cryptlib/OpenSSL/crypto/evp -I/usr/src/azl/BUILD/shim-15.8/Cryptlib/OpenSSL/crypto/modes -I/usr/src/azl/BUILD/shim-15.8/Cryptlib/OpenSSL/crypto/include -isystem /usr/src/azl/BUILD/shim-15.8/include/system -isystem /usr/lib/gcc/aarch64-unknown-linux-gnu/13.2.0/include -DL_ENDIAN -D_CRT_SECURE_NO_DEPRECATE -D_CRT_NONSTDC_NO_DEPRECATE -DOPENSSL_SMALL_FOOTPRINT -DPEDANTIC -DMDE_CPU_AARCH64   -c -o crypto/ebcdic.o /usr/src/azl/BUILD/shim-15.8/Cryptlib/OpenSSL/crypto/ebcdic.c
gcc -std=gnu11 -ggdb -ffreestanding -fmacro-prefix-map=/usr/src/azl/BUILD/shim-15.8/= -fno-stack-protector -fno-strict-aliasing -fpic -fshort-wchar -nostdinc -Os -Wall -Wextra -Wno-missing-field-initializers -Wno-empty-body -Wno-implicit-fallthrough -Wno-old-style-declaration -Wno-unused-but-set-variable -Wno-unused-parameter -Werror -I/usr/src/azl/BUILD/shim-15.8/Cryptlib/OpenSSL -I/usr/src/azl/BUILD/shim-15.8/Cryptlib -I/usr/src/azl/BUILD/shim-15.8/Cryptlib/OpenSSL/Include/ -I/usr/src/azl/BUILD/shim-15.8/Cryptlib/OpenSSL/crypto -I/usr/src/azl/BUILD/shim-15.8/Cryptlib/Include -I/usr/src/azl/BUILD/shim-15.8/gnu-efi/inc -I/usr/src/azl/BUILD/shim-15.8/gnu-efi/inc/aarch64 -I/usr/src/azl/BUILD/shim-15.8/gnu-efi/inc/protocol -I/usr/src/azl/BUILD/shim-15.8/Cryptlib/OpenSSL/crypto/asn1 -I/usr/src/azl/BUILD/shim-15.8/Cryptlib/OpenSSL/crypto/evp -I/usr/src/azl/BUILD/shim-15.8/Cryptlib/OpenSSL/crypto/modes -I/usr/src/azl/BUILD/shim-15.8/Cryptlib/OpenSSL/crypto/include -isystem /usr/src/azl/BUILD/shim-15.8/include/system -isystem /usr/lib/gcc/aarch64-unknown-linux-gnu/13.2.0/include -DL_ENDIAN -D_CRT_SECURE_NO_DEPRECATE -D_CRT_NONSTDC_NO_DEPRECATE -DOPENSSL_SMALL_FOOTPRINT -DPEDANTIC -DMDE_CPU_AARCH64   -c -o crypto/uid.o /usr/src/azl/BUILD/shim-15.8/Cryptlib/OpenSSL/crypto/uid.c
gcc -std=gnu11 -ggdb -ffreestanding -fmacro-prefix-map=/usr/src/azl/BUILD/shim-15.8/= -fno-stack-protector -fno-strict-aliasing -fpic -fshort-wchar -nostdinc -Os -Wall -Wextra -Wno-missing-field-initializers -Wno-unused-parameter -Wno-unused-but-set-variable -Werror -I/usr/src/azl/BUILD/shim-15.8/Cryptlib -I/usr/src/azl/BUILD/shim-15.8/Cryptlib/Include -I/usr/src/azl/BUILD/shim-15.8/gnu-efi/inc -I/usr/src/azl/BUILD/shim-15.8/gnu-efi/inc/aarch64 -I/usr/src/azl/BUILD/shim-15.8/gnu-efi/inc/protocol -isystem /usr/src/azl/BUILD/shim-15.8/include/system -isystem /usr/lib/gcc/aarch64-unknown-linux-gnu/13.2.0/include -DMDE_CPU_AARCH64   -c -o Pk/CryptTs.o /usr/src/azl/BUILD/shim-15.8/Cryptlib/Pk/CryptTs.c
gcc -std=gnu11 -ggdb -ffreestanding -fmacro-prefix-map=/usr/src/azl/BUILD/shim-15.8/= -fno-stack-protector -fno-strict-aliasing -fpic -fshort-wchar -nostdinc -Os -Wall -Wextra -Wno-missing-field-initializers -Wno-empty-body -Wno-implicit-fallthrough -Wno-old-style-declaration -Wno-unused-but-set-variable -Wno-unused-parameter -Werror -I/usr/src/azl/BUILD/shim-15.8/Cryptlib/OpenSSL -I/usr/src/azl/BUILD/shim-15.8/Cryptlib -I/usr/src/azl/BUILD/shim-15.8/Cryptlib/OpenSSL/Include/ -I/usr/src/azl/BUILD/shim-15.8/Cryptlib/OpenSSL/crypto -I/usr/src/azl/BUILD/shim-15.8/Cryptlib/Include -I/usr/src/azl/BUILD/shim-15.8/gnu-efi/inc -I/usr/src/azl/BUILD/shim-15.8/gnu-efi/inc/aarch64 -I/usr/src/azl/BUILD/shim-15.8/gnu-efi/inc/protocol -I/usr/src/azl/BUILD/shim-15.8/Cryptlib/OpenSSL/crypto/asn1 -I/usr/src/azl/BUILD/shim-15.8/Cryptlib/OpenSSL/crypto/evp -I/usr/src/azl/BUILD/shim-15.8/Cryptlib/OpenSSL/crypto/modes -I/usr/src/azl/BUILD/shim-15.8/Cryptlib/OpenSSL/crypto/include -isystem /usr/src/azl/BUILD/shim-15.8/include/system -isystem /usr/lib/gcc/aarch64-unknown-linux-gnu/13.2.0/include -DL_ENDIAN -D_CRT_SECURE_NO_DEPRECATE -D_CRT_NONSTDC_NO_DEPRECATE -DOPENSSL_SMALL_FOOTPRINT -DPEDANTIC -DMDE_CPU_AARCH64   -c -o crypto/o_time.o /usr/src/azl/BUILD/shim-15.8/Cryptlib/OpenSSL/crypto/o_time.c
gcc -std=gnu11 -ggdb -ffreestanding -fmacro-prefix-map=/usr/src/azl/BUILD/shim-15.8/= -fno-stack-protector -fno-strict-aliasing -fpic -fshort-wchar -Os -Wall -Wextra -Wno-missing-field-initializers -Werror -I/usr/src/azl/BUILD/shim-15.8/gnu-efi/inc -I/usr/src/azl/BUILD/shim-15.8/gnu-efi/inc/aarch64 -I/usr/src/azl/BUILD/shim-15.8/gnu-efi/inc/protocol -I/usr/src/azl/BUILD/shim-15.8/include -I/usr/src/azl/BUILD/shim-15.8/Cryptlib/Include/openssl/ -I/usr/src/azl/BUILD/shim-15.8/Cryptlib/Include/ -I/usr/src/azl/BUILD/shim-15.8/Cryptlib -I/usr/src/azl/BUILD/shim-15.8 -isystem /usr/src/azl/BUILD/shim-15.8/include/system -isystem /usr/lib/gcc/aarch64-unknown-linux-gnu/13.2.0/include -DMDE_CPU_AARCH64   -c -o string.o /usr/src/azl/BUILD/shim-15.8/lib/string.c
gcc -std=gnu11 -ggdb -ffreestanding -fmacro-prefix-map=/usr/src/azl/BUILD/shim-15.8/= -fno-stack-protector -fno-strict-aliasing -fpic -fshort-wchar -nostdinc -Os -Wall -Wextra -Wno-missing-field-initializers -Wno-empty-body -Wno-implicit-fallthrough -Wno-old-style-declaration -Wno-unused-but-set-variable -Wno-unused-parameter -Werror -I/usr/src/azl/BUILD/shim-15.8/Cryptlib/OpenSSL -I/usr/src/azl/BUILD/shim-15.8/Cryptlib -I/usr/src/azl/BUILD/shim-15.8/Cryptlib/OpenSSL/Include/ -I/usr/src/azl/BUILD/shim-15.8/Cryptlib/OpenSSL/crypto -I/usr/src/azl/BUILD/shim-15.8/Cryptlib/Include -I/usr/src/azl/BUILD/shim-15.8/gnu-efi/inc -I/usr/src/azl/BUILD/shim-15.8/gnu-efi/inc/aarch64 -I/usr/src/azl/BUILD/shim-15.8/gnu-efi/inc/protocol -I/usr/src/azl/BUILD/shim-15.8/Cryptlib/OpenSSL/crypto/asn1 -I/usr/src/azl/BUILD/shim-15.8/Cryptlib/OpenSSL/crypto/evp -I/usr/src/azl/BUILD/shim-15.8/Cryptlib/OpenSSL/crypto/modes -I/usr/src/azl/BUILD/shim-15.8/Cryptlib/OpenSSL/crypto/include -isystem /usr/src/azl/BUILD/shim-15.8/include/system -isystem /usr/lib/gcc/aarch64-unknown-linux-gnu/13.2.0/include -DL_ENDIAN -D_CRT_SECURE_NO_DEPRECATE -D_CRT_NONSTDC_NO_DEPRECATE -DOPENSSL_SMALL_FOOTPRINT -DPEDANTIC -DMDE_CPU_AARCH64   -c -o crypto/o_str.o /usr/src/azl/BUILD/shim-15.8/Cryptlib/OpenSSL/crypto/o_str.c
gcc -I/usr/src/azl/BUILD/shim-15.8/gnu-efi//lib -I/usr/src/azl/BUILD/shim-15.8/gnu-efi/inc -I/usr/src/azl/BUILD/shim-15.8/gnu-efi/inc/aarch64 -I/usr/src/azl/BUILD/shim-15.8/gnu-efi/inc/protocol -std=gnu11 -ggdb -ffreestanding -fmacro-prefix-map=/usr/src/azl/BUILD/shim-15.8/= -fno-stack-protector -fno-strict-aliasing -fpic -fshort-wchar -Os -Wall -Wextra -Wno-missing-field-initializers  -DMDE_CPU_AARCH64 -DPAGE_SIZE=4096 -mstrict-align -Werror -nostdinc -I/usr/src/azl/BUILD/shim-15.8/Cryptlib -I/usr/src/azl/BUILD/shim-15.8/Cryptlib/Include -I/usr/src/azl/BUILD/shim-15.8/gnu-efi/inc -I/usr/src/azl/BUILD/shim-15.8/gnu-efi/inc/aarch64 -I/usr/src/azl/BUILD/shim-15.8/gnu-efi/inc/protocol -I/usr/src/azl/BUILD/shim-15.8/include -iquote /usr/src/azl/BUILD/shim-15.8 -iquote /usr/src/azl/BUILD/shim-15.8/build-aa64 -isystem /usr/src/azl/BUILD/shim-15.8/include/system -isystem /usr/lib/gcc/aarch64-unknown-linux-gnu/13.2.0/include -DDEFAULT_LOADER='L"\\\\grubaa64.efi"' -DDEFAULT_LOADER_CHAR='"\\\\grubaa64.efi"' -DEFI_ARCH='L"aa64"' -DDEBUGDIR='L"/usr/lib/debug/usr/share/shim/aa64-15.8/"' -DVENDOR_CERT_FILE=\"/usr/src/azl/SOURCES/azurelinux-ca-20230216.der\" -DGNU_EFI_USE_EXTERNAL_STDARG -Wno-error=pragmas -fpic  -Os -Wall -Wextra -Wno-missing-field-initializers -Werror -fshort-wchar -fno-strict-aliasing -ffreestanding -fno-stack-protector -fno-stack-check -nostdinc   -isystem /usr/src/azl/BUILD/shim-15.8/gnu-efi/../include/system -isystem /usr/lib/gcc/aarch64-unknown-linux-gnu/13.2.0/include -fno-merge-all-constants -Wno-error=pragmas -fpic  -Os -Wall -Wextra -Wno-missing-field-initializers -Werror -fshort-wchar -fno-strict-aliasing -ffreestanding -fno-stack-protector -fno-stack-check -nostdinc   -isystem /usr/src/azl/BUILD/shim-15.8/gnu-efi/../include/system -isystem /usr/lib/gcc/aarch64-unknown-linux-gnu/13.2.0/include -fno-merge-all-constants -DCONFIG_aarch64 -c /usr/src/azl/BUILD/shim-15.8/gnu-efi//lib/error.c -o error.o
gcc -std=gnu11 -ggdb -ffreestanding -fmacro-prefix-map=/usr/src/azl/BUILD/shim-15.8/= -fno-stack-protector -fno-strict-aliasing -fpic -fshort-wchar -nostdinc -Os -Wall -Wextra -Wno-missing-field-initializers -Wno-empty-body -Wno-implicit-fallthrough -Wno-old-style-declaration -Wno-unused-but-set-variable -Wno-unused-parameter -Werror -I/usr/src/azl/BUILD/shim-15.8/Cryptlib/OpenSSL -I/usr/src/azl/BUILD/shim-15.8/Cryptlib -I/usr/src/azl/BUILD/shim-15.8/Cryptlib/OpenSSL/Include/ -I/usr/src/azl/BUILD/shim-15.8/Cryptlib/OpenSSL/crypto -I/usr/src/azl/BUILD/shim-15.8/Cryptlib/Include -I/usr/src/azl/BUILD/shim-15.8/gnu-efi/inc -I/usr/src/azl/BUILD/shim-15.8/gnu-efi/inc/aarch64 -I/usr/src/azl/BUILD/shim-15.8/gnu-efi/inc/protocol -I/usr/src/azl/BUILD/shim-15.8/Cryptlib/OpenSSL/crypto/asn1 -I/usr/src/azl/BUILD/shim-15.8/Cryptlib/OpenSSL/crypto/evp -I/usr/src/azl/BUILD/shim-15.8/Cryptlib/OpenSSL/crypto/modes -I/usr/src/azl/BUILD/shim-15.8/Cryptlib/OpenSSL/crypto/include -isystem /usr/src/azl/BUILD/shim-15.8/include/system -isystem /usr/lib/gcc/aarch64-unknown-linux-gnu/13.2.0/include -DL_ENDIAN -D_CRT_SECURE_NO_DEPRECATE -D_CRT_NONSTDC_NO_DEPRECATE -DOPENSSL_SMALL_FOOTPRINT -DPEDANTIC -DMDE_CPU_AARCH64   -c -o crypto/o_dir.o /usr/src/azl/BUILD/shim-15.8/Cryptlib/OpenSSL/crypto/o_dir.c
gcc -std=gnu11 -ggdb -ffreestanding -fmacro-prefix-map=/usr/src/azl/BUILD/shim-15.8/= -fno-stack-protector -fno-strict-aliasing -fpic -fshort-wchar -Os -Wall -Wextra -Wno-missing-field-initializers -Werror -I/usr/src/azl/BUILD/shim-15.8/gnu-efi/inc -I/usr/src/azl/BUILD/shim-15.8/gnu-efi/inc/aarch64 -I/usr/src/azl/BUILD/shim-15.8/gnu-efi/inc/protocol -I/usr/src/azl/BUILD/shim-15.8/include -I/usr/src/azl/BUILD/shim-15.8/Cryptlib/Include/openssl/ -I/usr/src/azl/BUILD/shim-15.8/Cryptlib/Include/ -I/usr/src/azl/BUILD/shim-15.8/Cryptlib -I/usr/src/azl/BUILD/shim-15.8 -isystem /usr/src/azl/BUILD/shim-15.8/include/system -isystem /usr/lib/gcc/aarch64-unknown-linux-gnu/13.2.0/include -DMDE_CPU_AARCH64   -c -o variables.o /usr/src/azl/BUILD/shim-15.8/lib/variables.c
gcc -std=gnu11 -ggdb -ffreestanding -fmacro-prefix-map=/usr/src/azl/BUILD/shim-15.8/= -fno-stack-protector -fno-strict-aliasing -fpic -fshort-wchar -nostdinc -Os -Wall -Wextra -Wno-missing-field-initializers -Wno-unused-parameter -Wno-unused-but-set-variable -Werror -I/usr/src/azl/BUILD/shim-15.8/Cryptlib -I/usr/src/azl/BUILD/shim-15.8/Cryptlib/Include -I/usr/src/azl/BUILD/shim-15.8/gnu-efi/inc -I/usr/src/azl/BUILD/shim-15.8/gnu-efi/inc/aarch64 -I/usr/src/azl/BUILD/shim-15.8/gnu-efi/inc/protocol -isystem /usr/src/azl/BUILD/shim-15.8/include/system -isystem /usr/lib/gcc/aarch64-unknown-linux-gnu/13.2.0/include -DMDE_CPU_AARCH64   -c -o Pk/CryptX509.o /usr/src/azl/BUILD/shim-15.8/Cryptlib/Pk/CryptX509.c
gcc -I/usr/src/azl/BUILD/shim-15.8/gnu-efi//lib -I/usr/src/azl/BUILD/shim-15.8/gnu-efi/inc -I/usr/src/azl/BUILD/shim-15.8/gnu-efi/inc/aarch64 -I/usr/src/azl/BUILD/shim-15.8/gnu-efi/inc/protocol -std=gnu11 -ggdb -ffreestanding -fmacro-prefix-map=/usr/src/azl/BUILD/shim-15.8/= -fno-stack-protector -fno-strict-aliasing -fpic -fshort-wchar -Os -Wall -Wextra -Wno-missing-field-initializers  -DMDE_CPU_AARCH64 -DPAGE_SIZE=4096 -mstrict-align -Werror -nostdinc -I/usr/src/azl/BUILD/shim-15.8/Cryptlib -I/usr/src/azl/BUILD/shim-15.8/Cryptlib/Include -I/usr/src/azl/BUILD/shim-15.8/gnu-efi/inc -I/usr/src/azl/BUILD/shim-15.8/gnu-efi/inc/aarch64 -I/usr/src/azl/BUILD/shim-15.8/gnu-efi/inc/protocol -I/usr/src/azl/BUILD/shim-15.8/include -iquote /usr/src/azl/BUILD/shim-15.8 -iquote /usr/src/azl/BUILD/shim-15.8/build-aa64 -isystem /usr/src/azl/BUILD/shim-15.8/include/system -isystem /usr/lib/gcc/aarch64-unknown-linux-gnu/13.2.0/include -DDEFAULT_LOADER='L"\\\\grubaa64.efi"' -DDEFAULT_LOADER_CHAR='"\\\\grubaa64.efi"' -DEFI_ARCH='L"aa64"' -DDEBUGDIR='L"/usr/lib/debug/usr/share/shim/aa64-15.8/"' -DVENDOR_CERT_FILE=\"/usr/src/azl/SOURCES/azurelinux-ca-20230216.der\" -DGNU_EFI_USE_EXTERNAL_STDARG -Wno-error=pragmas -fpic  -Os -Wall -Wextra -Wno-missing-field-initializers -Werror -fshort-wchar -fno-strict-aliasing -ffreestanding -fno-stack-protector -fno-stack-check -nostdinc   -isystem /usr/src/azl/BUILD/shim-15.8/gnu-efi/../include/system -isystem /usr/lib/gcc/aarch64-unknown-linux-gnu/13.2.0/include -fno-merge-all-constants -Wno-error=pragmas -fpic  -Os -Wall -Wextra -Wno-missing-field-initializers -Werror -fshort-wchar -fno-strict-aliasing -ffreestanding -fno-stack-protector -fno-stack-check -nostdinc   -isystem /usr/src/azl/BUILD/shim-15.8/gnu-efi/../include/system -isystem /usr/lib/gcc/aarch64-unknown-linux-gnu/13.2.0/include -fno-merge-all-constants -DCONFIG_aarch64 -c /usr/src/azl/BUILD/shim-15.8/gnu-efi//lib/event.c -o event.o
gcc -std=gnu11 -ggdb -ffreestanding -fmacro-prefix-map=/usr/src/azl/BUILD/shim-15.8/= -fno-stack-protector -fno-strict-aliasing -fpic -fshort-wchar -nostdinc -Os -Wall -Wextra -Wno-missing-field-initializers -Wno-empty-body -Wno-implicit-fallthrough -Wno-old-style-declaration -Wno-unused-but-set-variable -Wno-unused-parameter -Werror -I/usr/src/azl/BUILD/shim-15.8/Cryptlib/OpenSSL -I/usr/src/azl/BUILD/shim-15.8/Cryptlib -I/usr/src/azl/BUILD/shim-15.8/Cryptlib/OpenSSL/Include/ -I/usr/src/azl/BUILD/shim-15.8/Cryptlib/OpenSSL/crypto -I/usr/src/azl/BUILD/shim-15.8/Cryptlib/Include -I/usr/src/azl/BUILD/shim-15.8/gnu-efi/inc -I/usr/src/azl/BUILD/shim-15.8/gnu-efi/inc/aarch64 -I/usr/src/azl/BUILD/shim-15.8/gnu-efi/inc/protocol -I/usr/src/azl/BUILD/shim-15.8/Cryptlib/OpenSSL/crypto/asn1 -I/usr/src/azl/BUILD/shim-15.8/Cryptlib/OpenSSL/crypto/evp -I/usr/src/azl/BUILD/shim-15.8/Cryptlib/OpenSSL/crypto/modes -I/usr/src/azl/BUILD/shim-15.8/Cryptlib/OpenSSL/crypto/include -isystem /usr/src/azl/BUILD/shim-15.8/include/system -isystem /usr/lib/gcc/aarch64-unknown-linux-gnu/13.2.0/include -DL_ENDIAN -D_CRT_SECURE_NO_DEPRECATE -D_CRT_NONSTDC_NO_DEPRECATE -DOPENSSL_SMALL_FOOTPRINT -DPEDANTIC -DMDE_CPU_AARCH64   -c -o crypto/o_fips.o /usr/src/azl/BUILD/shim-15.8/Cryptlib/OpenSSL/crypto/o_fips.c
gcc -I/usr/src/azl/BUILD/shim-15.8/gnu-efi//lib -I/usr/src/azl/BUILD/shim-15.8/gnu-efi/inc -I/usr/src/azl/BUILD/shim-15.8/gnu-efi/inc/aarch64 -I/usr/src/azl/BUILD/shim-15.8/gnu-efi/inc/protocol -std=gnu11 -ggdb -ffreestanding -fmacro-prefix-map=/usr/src/azl/BUILD/shim-15.8/= -fno-stack-protector -fno-strict-aliasing -fpic -fshort-wchar -Os -Wall -Wextra -Wno-missing-field-initializers  -DMDE_CPU_AARCH64 -DPAGE_SIZE=4096 -mstrict-align -Werror -nostdinc -I/usr/src/azl/BUILD/shim-15.8/Cryptlib -I/usr/src/azl/BUILD/shim-15.8/Cryptlib/Include -I/usr/src/azl/BUILD/shim-15.8/gnu-efi/inc -I/usr/src/azl/BUILD/shim-15.8/gnu-efi/inc/aarch64 -I/usr/src/azl/BUILD/shim-15.8/gnu-efi/inc/protocol -I/usr/src/azl/BUILD/shim-15.8/include -iquote /usr/src/azl/BUILD/shim-15.8 -iquote /usr/src/azl/BUILD/shim-15.8/build-aa64 -isystem /usr/src/azl/BUILD/shim-15.8/include/system -isystem /usr/lib/gcc/aarch64-unknown-linux-gnu/13.2.0/include -DDEFAULT_LOADER='L"\\\\grubaa64.efi"' -DDEFAULT_LOADER_CHAR='"\\\\grubaa64.efi"' -DEFI_ARCH='L"aa64"' -DDEBUGDIR='L"/usr/lib/debug/usr/share/shim/aa64-15.8/"' -DVENDOR_CERT_FILE=\"/usr/src/azl/SOURCES/azurelinux-ca-20230216.der\" -DGNU_EFI_USE_EXTERNAL_STDARG -Wno-error=pragmas -fpic  -Os -Wall -Wextra -Wno-missing-field-initializers -Werror -fshort-wchar -fno-strict-aliasing -ffreestanding -fno-stack-protector -fno-stack-check -nostdinc   -isystem /usr/src/azl/BUILD/shim-15.8/gnu-efi/../include/system -isystem /usr/lib/gcc/aarch64-unknown-linux-gnu/13.2.0/include -fno-merge-all-constants -Wno-error=pragmas -fpic  -Os -Wall -Wextra -Wno-missing-field-initializers -Werror -fshort-wchar -fno-strict-aliasing -ffreestanding -fno-stack-protector -fno-stack-check -nostdinc   -isystem /usr/src/azl/BUILD/shim-15.8/gnu-efi/../include/system -isystem /usr/lib/gcc/aarch64-unknown-linux-gnu/13.2.0/include -fno-merge-all-constants -DCONFIG_aarch64 -c /usr/src/azl/BUILD/shim-15.8/gnu-efi//lib/exit.c -o exit.o
gcc -std=gnu11 -ggdb -ffreestanding -fmacro-prefix-map=/usr/src/azl/BUILD/shim-15.8/= -fno-stack-protector -fno-strict-aliasing -fpic -fshort-wchar -nostdinc -Os -Wall -Wextra -Wno-missing-field-initializers -Wno-empty-body -Wno-implicit-fallthrough -Wno-old-style-declaration -Wno-unused-but-set-variable -Wno-unused-parameter -Werror -I/usr/src/azl/BUILD/shim-15.8/Cryptlib/OpenSSL -I/usr/src/azl/BUILD/shim-15.8/Cryptlib -I/usr/src/azl/BUILD/shim-15.8/Cryptlib/OpenSSL/Include/ -I/usr/src/azl/BUILD/shim-15.8/Cryptlib/OpenSSL/crypto -I/usr/src/azl/BUILD/shim-15.8/Cryptlib/Include -I/usr/src/azl/BUILD/shim-15.8/gnu-efi/inc -I/usr/src/azl/BUILD/shim-15.8/gnu-efi/inc/aarch64 -I/usr/src/azl/BUILD/shim-15.8/gnu-efi/inc/protocol -I/usr/src/azl/BUILD/shim-15.8/Cryptlib/OpenSSL/crypto/asn1 -I/usr/src/azl/BUILD/shim-15.8/Cryptlib/OpenSSL/crypto/evp -I/usr/src/azl/BUILD/shim-15.8/Cryptlib/OpenSSL/crypto/modes -I/usr/src/azl/BUILD/shim-15.8/Cryptlib/OpenSSL/crypto/include -isystem /usr/src/azl/BUILD/shim-15.8/include/system -isystem /usr/lib/gcc/aarch64-unknown-linux-gnu/13.2.0/include -DL_ENDIAN -D_CRT_SECURE_NO_DEPRECATE -D_CRT_NONSTDC_NO_DEPRECATE -DOPENSSL_SMALL_FOOTPRINT -DPEDANTIC -DMDE_CPU_AARCH64   -c -o crypto/o_init.o /usr/src/azl/BUILD/shim-15.8/Cryptlib/OpenSSL/crypto/o_init.c
gcc -I/usr/src/azl/BUILD/shim-15.8/gnu-efi//lib -I/usr/src/azl/BUILD/shim-15.8/gnu-efi/inc -I/usr/src/azl/BUILD/shim-15.8/gnu-efi/inc/aarch64 -I/usr/src/azl/BUILD/shim-15.8/gnu-efi/inc/protocol -std=gnu11 -ggdb -ffreestanding -fmacro-prefix-map=/usr/src/azl/BUILD/shim-15.8/= -fno-stack-protector -fno-strict-aliasing -fpic -fshort-wchar -Os -Wall -Wextra -Wno-missing-field-initializers  -DMDE_CPU_AARCH64 -DPAGE_SIZE=4096 -mstrict-align -Werror -nostdinc -I/usr/src/azl/BUILD/shim-15.8/Cryptlib -I/usr/src/azl/BUILD/shim-15.8/Cryptlib/Include -I/usr/src/azl/BUILD/shim-15.8/gnu-efi/inc -I/usr/src/azl/BUILD/shim-15.8/gnu-efi/inc/aarch64 -I/usr/src/azl/BUILD/shim-15.8/gnu-efi/inc/protocol -I/usr/src/azl/BUILD/shim-15.8/include -iquote /usr/src/azl/BUILD/shim-15.8 -iquote /usr/src/azl/BUILD/shim-15.8/build-aa64 -isystem /usr/src/azl/BUILD/shim-15.8/include/system -isystem /usr/lib/gcc/aarch64-unknown-linux-gnu/13.2.0/include -DDEFAULT_LOADER='L"\\\\grubaa64.efi"' -DDEFAULT_LOADER_CHAR='"\\\\grubaa64.efi"' -DEFI_ARCH='L"aa64"' -DDEBUGDIR='L"/usr/lib/debug/usr/share/shim/aa64-15.8/"' -DVENDOR_CERT_FILE=\"/usr/src/azl/SOURCES/azurelinux-ca-20230216.der\" -DGNU_EFI_USE_EXTERNAL_STDARG -Wno-error=pragmas -fpic  -Os -Wall -Wextra -Wno-missing-field-initializers -Werror -fshort-wchar -fno-strict-aliasing -ffreestanding -fno-stack-protector -fno-stack-check -nostdinc   -isystem /usr/src/azl/BUILD/shim-15.8/gnu-efi/../include/system -isystem /usr/lib/gcc/aarch64-unknown-linux-gnu/13.2.0/include -fno-merge-all-constants -Wno-error=pragmas -fpic  -Os -Wall -Wextra -Wno-missing-field-initializers -Werror -fshort-wchar -fno-strict-aliasing -ffreestanding -fno-stack-protector -fno-stack-check -nostdinc   -isystem /usr/src/azl/BUILD/shim-15.8/gnu-efi/../include/system -isystem /usr/lib/gcc/aarch64-unknown-linux-gnu/13.2.0/include -fno-merge-all-constants -DCONFIG_aarch64 -c /usr/src/azl/BUILD/shim-15.8/gnu-efi//lib/guid.c -o guid.o
gcc -std=gnu11 -ggdb -ffreestanding -fmacro-prefix-map=/usr/src/azl/BUILD/shim-15.8/= -fno-stack-protector -fno-strict-aliasing -fpic -fshort-wchar -nostdinc -Os -Wall -Wextra -Wno-missing-field-initializers -Wno-empty-body -Wno-implicit-fallthrough -Wno-old-style-declaration -Wno-unused-but-set-variable -Wno-unused-parameter -Werror -I/usr/src/azl/BUILD/shim-15.8/Cryptlib/OpenSSL -I/usr/src/azl/BUILD/shim-15.8/Cryptlib -I/usr/src/azl/BUILD/shim-15.8/Cryptlib/OpenSSL/Include/ -I/usr/src/azl/BUILD/shim-15.8/Cryptlib/OpenSSL/crypto -I/usr/src/azl/BUILD/shim-15.8/Cryptlib/Include -I/usr/src/azl/BUILD/shim-15.8/gnu-efi/inc -I/usr/src/azl/BUILD/shim-15.8/gnu-efi/inc/aarch64 -I/usr/src/azl/BUILD/shim-15.8/gnu-efi/inc/protocol -I/usr/src/azl/BUILD/shim-15.8/Cryptlib/OpenSSL/crypto/asn1 -I/usr/src/azl/BUILD/shim-15.8/Cryptlib/OpenSSL/crypto/evp -I/usr/src/azl/BUILD/shim-15.8/Cryptlib/OpenSSL/crypto/modes -I/usr/src/azl/BUILD/shim-15.8/Cryptlib/OpenSSL/crypto/include -isystem /usr/src/azl/BUILD/shim-15.8/include/system -isystem /usr/lib/gcc/aarch64-unknown-linux-gnu/13.2.0/include -DL_ENDIAN -D_CRT_SECURE_NO_DEPRECATE -D_CRT_NONSTDC_NO_DEPRECATE -DOPENSSL_SMALL_FOOTPRINT -DPEDANTIC -DMDE_CPU_AARCH64   -c -o crypto/fips_ers.o /usr/src/azl/BUILD/shim-15.8/Cryptlib/OpenSSL/crypto/fips_ers.c
gcc -std=gnu11 -ggdb -ffreestanding -fmacro-prefix-map=/usr/src/azl/BUILD/shim-15.8/= -fno-stack-protector -fno-strict-aliasing -fpic -fshort-wchar -nostdinc -Os -Wall -Wextra -Wno-missing-field-initializers -Wno-unused-parameter -Wno-unused-but-set-variable -Werror -I/usr/src/azl/BUILD/shim-15.8/Cryptlib -I/usr/src/azl/BUILD/shim-15.8/Cryptlib/Include -I/usr/src/azl/BUILD/shim-15.8/gnu-efi/inc -I/usr/src/azl/BUILD/shim-15.8/gnu-efi/inc/aarch64 -I/usr/src/azl/BUILD/shim-15.8/gnu-efi/inc/protocol -isystem /usr/src/azl/BUILD/shim-15.8/include/system -isystem /usr/lib/gcc/aarch64-unknown-linux-gnu/13.2.0/include -DMDE_CPU_AARCH64   -c -o Pk/CryptAuthenticode.o /usr/src/azl/BUILD/shim-15.8/Cryptlib/Pk/CryptAuthenticode.c
gcc -std=gnu11 -ggdb -ffreestanding -fmacro-prefix-map=/usr/src/azl/BUILD/shim-15.8/= -fno-stack-protector -fno-strict-aliasing -fpic -fshort-wchar -nostdinc -Os -Wall -Wextra -Wno-missing-field-initializers -Wno-empty-body -Wno-implicit-fallthrough -Wno-old-style-declaration -Wno-unused-but-set-variable -Wno-unused-parameter -Werror -I/usr/src/azl/BUILD/shim-15.8/Cryptlib/OpenSSL -I/usr/src/azl/BUILD/shim-15.8/Cryptlib -I/usr/src/azl/BUILD/shim-15.8/Cryptlib/OpenSSL/Include/ -I/usr/src/azl/BUILD/shim-15.8/Cryptlib/OpenSSL/crypto -I/usr/src/azl/BUILD/shim-15.8/Cryptlib/Include -I/usr/src/azl/BUILD/shim-15.8/gnu-efi/inc -I/usr/src/azl/BUILD/shim-15.8/gnu-efi/inc/aarch64 -I/usr/src/azl/BUILD/shim-15.8/gnu-efi/inc/protocol -I/usr/src/azl/BUILD/shim-15.8/Cryptlib/OpenSSL/crypto/asn1 -I/usr/src/azl/BUILD/shim-15.8/Cryptlib/OpenSSL/crypto/evp -I/usr/src/azl/BUILD/shim-15.8/Cryptlib/OpenSSL/crypto/modes -I/usr/src/azl/BUILD/shim-15.8/Cryptlib/OpenSSL/crypto/include -isystem /usr/src/azl/BUILD/shim-15.8/include/system -isystem /usr/lib/gcc/aarch64-unknown-linux-gnu/13.2.0/include -DL_ENDIAN -D_CRT_SECURE_NO_DEPRECATE -D_CRT_NONSTDC_NO_DEPRECATE -DOPENSSL_SMALL_FOOTPRINT -DPEDANTIC -DMDE_CPU_AARCH64   -c -o crypto/md5/md5_dgst.o /usr/src/azl/BUILD/shim-15.8/Cryptlib/OpenSSL/crypto/md5/md5_dgst.c
ar rcs lib.a configtable.o console.o execute.o guid.o print_crypto.o security_policy.o shell.o simple_file.o string.o variables.o
make[1]: Leaving directory '/usr/src/azl/BUILD/shim-15.8/build-aa64/lib'
gcc -std=gnu11 -ggdb -ffreestanding -fmacro-prefix-map=/usr/src/azl/BUILD/shim-15.8/= -fno-stack-protector -fno-strict-aliasing -fpic -fshort-wchar -nostdinc -Os -Wall -Wextra -Wno-missing-field-initializers -Wno-unused-parameter -Wno-unused-but-set-variable -Werror -I/usr/src/azl/BUILD/shim-15.8/Cryptlib -I/usr/src/azl/BUILD/shim-15.8/Cryptlib/Include -I/usr/src/azl/BUILD/shim-15.8/gnu-efi/inc -I/usr/src/azl/BUILD/shim-15.8/gnu-efi/inc/aarch64 -I/usr/src/azl/BUILD/shim-15.8/gnu-efi/inc/protocol -isystem /usr/src/azl/BUILD/shim-15.8/include/system -isystem /usr/lib/gcc/aarch64-unknown-linux-gnu/13.2.0/include -DMDE_CPU_AARCH64   -c -o Pem/CryptPemNull.o /usr/src/azl/BUILD/shim-15.8/Cryptlib/Pem/CryptPemNull.c
gcc -I/usr/src/azl/BUILD/shim-15.8/gnu-efi//lib -I/usr/src/azl/BUILD/shim-15.8/gnu-efi/inc -I/usr/src/azl/BUILD/shim-15.8/gnu-efi/inc/aarch64 -I/usr/src/azl/BUILD/shim-15.8/gnu-efi/inc/protocol -std=gnu11 -ggdb -ffreestanding -fmacro-prefix-map=/usr/src/azl/BUILD/shim-15.8/= -fno-stack-protector -fno-strict-aliasing -fpic -fshort-wchar -Os -Wall -Wextra -Wno-missing-field-initializers  -DMDE_CPU_AARCH64 -DPAGE_SIZE=4096 -mstrict-align -Werror -nostdinc -I/usr/src/azl/BUILD/shim-15.8/Cryptlib -I/usr/src/azl/BUILD/shim-15.8/Cryptlib/Include -I/usr/src/azl/BUILD/shim-15.8/gnu-efi/inc -I/usr/src/azl/BUILD/shim-15.8/gnu-efi/inc/aarch64 -I/usr/src/azl/BUILD/shim-15.8/gnu-efi/inc/protocol -I/usr/src/azl/BUILD/shim-15.8/include -iquote /usr/src/azl/BUILD/shim-15.8 -iquote /usr/src/azl/BUILD/shim-15.8/build-aa64 -isystem /usr/src/azl/BUILD/shim-15.8/include/system -isystem /usr/lib/gcc/aarch64-unknown-linux-gnu/13.2.0/include -DDEFAULT_LOADER='L"\\\\grubaa64.efi"' -DDEFAULT_LOADER_CHAR='"\\\\grubaa64.efi"' -DEFI_ARCH='L"aa64"' -DDEBUGDIR='L"/usr/lib/debug/usr/share/shim/aa64-15.8/"' -DVENDOR_CERT_FILE=\"/usr/src/azl/SOURCES/azurelinux-ca-20230216.der\" -DGNU_EFI_USE_EXTERNAL_STDARG -Wno-error=pragmas -fpic  -Os -Wall -Wextra -Wno-missing-field-initializers -Werror -fshort-wchar -fno-strict-aliasing -ffreestanding -fno-stack-protector -fno-stack-check -nostdinc   -isystem /usr/src/azl/BUILD/shim-15.8/gnu-efi/../include/system -isystem /usr/lib/gcc/aarch64-unknown-linux-gnu/13.2.0/include -fno-merge-all-constants -Wno-error=pragmas -fpic  -Os -Wall -Wextra -Wno-missing-field-initializers -Werror -fshort-wchar -fno-strict-aliasing -ffreestanding -fno-stack-protector -fno-stack-check -nostdinc   -isystem /usr/src/azl/BUILD/shim-15.8/gnu-efi/../include/system -isystem /usr/lib/gcc/aarch64-unknown-linux-gnu/13.2.0/include -fno-merge-all-constants -DCONFIG_aarch64 -c /usr/src/azl/BUILD/shim-15.8/gnu-efi//lib/hand.c -o hand.o
gcc -std=gnu11 -ggdb -ffreestanding -fmacro-prefix-map=/usr/src/azl/BUILD/shim-15.8/= -fno-stack-protector -fno-strict-aliasing -fpic -fshort-wchar -nostdinc -Os -Wall -Wextra -Wno-missing-field-initializers -Wno-unused-parameter -Wno-unused-but-set-variable -Werror -I/usr/src/azl/BUILD/shim-15.8/Cryptlib -I/usr/src/azl/BUILD/shim-15.8/Cryptlib/Include -I/usr/src/azl/BUILD/shim-15.8/gnu-efi/inc -I/usr/src/azl/BUILD/shim-15.8/gnu-efi/inc/aarch64 -I/usr/src/azl/BUILD/shim-15.8/gnu-efi/inc/protocol -isystem /usr/src/azl/BUILD/shim-15.8/include/system -isystem /usr/lib/gcc/aarch64-unknown-linux-gnu/13.2.0/include -DMDE_CPU_AARCH64   -c -o SysCall/CrtWrapper.o /usr/src/azl/BUILD/shim-15.8/Cryptlib/SysCall/CrtWrapper.c
mkdir -p /usr/src/azl/BUILD/shim-15.8/build-aa64/gnu-efi/aarch64/inc
make -C /usr/src/azl/BUILD/shim-15.8/build-aa64/gnu-efi/aarch64/inc -f /usr/src/azl/BUILD/shim-15.8/gnu-efi//inc/Makefile SRCDIR=/usr/src/azl/BUILD/shim-15.8/gnu-efi//inc ARCH=aarch64
make[2]: Entering directory '/usr/src/azl/BUILD/shim-15.8/build-aa64/gnu-efi/aarch64/inc'
make[2]: Nothing to be done for 'all'.
make[2]: Leaving directory '/usr/src/azl/BUILD/shim-15.8/build-aa64/gnu-efi/aarch64/inc'
gcc -std=gnu11 -ggdb -ffreestanding -fmacro-prefix-map=/usr/src/azl/BUILD/shim-15.8/= -fno-stack-protector -fno-strict-aliasing -fpic -fshort-wchar -nostdinc -Os -Wall -Wextra -Wno-missing-field-initializers -Wno-empty-body -Wno-implicit-fallthrough -Wno-old-style-declaration -Wno-unused-but-set-variable -Wno-unused-parameter -Werror -I/usr/src/azl/BUILD/shim-15.8/Cryptlib/OpenSSL -I/usr/src/azl/BUILD/shim-15.8/Cryptlib -I/usr/src/azl/BUILD/shim-15.8/Cryptlib/OpenSSL/Include/ -I/usr/src/azl/BUILD/shim-15.8/Cryptlib/OpenSSL/crypto -I/usr/src/azl/BUILD/shim-15.8/Cryptlib/Include -I/usr/src/azl/BUILD/shim-15.8/gnu-efi/inc -I/usr/src/azl/BUILD/shim-15.8/gnu-efi/inc/aarch64 -I/usr/src/azl/BUILD/shim-15.8/gnu-efi/inc/protocol -I/usr/src/azl/BUILD/shim-15.8/Cryptlib/OpenSSL/crypto/asn1 -I/usr/src/azl/BUILD/shim-15.8/Cryptlib/OpenSSL/crypto/evp -I/usr/src/azl/BUILD/shim-15.8/Cryptlib/OpenSSL/crypto/modes -I/usr/src/azl/BUILD/shim-15.8/Cryptlib/OpenSSL/crypto/include -isystem /usr/src/azl/BUILD/shim-15.8/include/system -isystem /usr/lib/gcc/aarch64-unknown-linux-gnu/13.2.0/include -DL_ENDIAN -D_CRT_SECURE_NO_DEPRECATE -D_CRT_NONSTDC_NO_DEPRECATE -DOPENSSL_SMALL_FOOTPRINT -DPEDANTIC -DMDE_CPU_AARCH64   -c -o crypto/md5/md5_one.o /usr/src/azl/BUILD/shim-15.8/Cryptlib/OpenSSL/crypto/md5/md5_one.c
gcc -std=gnu11 -ggdb -ffreestanding -fmacro-prefix-map=/usr/src/azl/BUILD/shim-15.8/= -fno-stack-protector -fno-strict-aliasing -fpic -fshort-wchar -nostdinc -Os -Wall -Wextra -Wno-missing-field-initializers -Wno-unused-parameter -Wno-unused-but-set-variable -Werror -I/usr/src/azl/BUILD/shim-15.8/Cryptlib -I/usr/src/azl/BUILD/shim-15.8/Cryptlib/Include -I/usr/src/azl/BUILD/shim-15.8/gnu-efi/inc -I/usr/src/azl/BUILD/shim-15.8/gnu-efi/inc/aarch64 -I/usr/src/azl/BUILD/shim-15.8/gnu-efi/inc/protocol -isystem /usr/src/azl/BUILD/shim-15.8/include/system -isystem /usr/lib/gcc/aarch64-unknown-linux-gnu/13.2.0/include -DMDE_CPU_AARCH64   -c -o SysCall/TimerWrapper.o /usr/src/azl/BUILD/shim-15.8/Cryptlib/SysCall/TimerWrapper.c
mkdir -p gnu-efi/lib gnu-efi/gnuefi
gcc -std=gnu11 -ggdb -ffreestanding -fmacro-prefix-map=/usr/src/azl/BUILD/shim-15.8/= -fno-stack-protector -fno-strict-aliasing -fpic -fshort-wchar -nostdinc -Os -Wall -Wextra -Wno-missing-field-initializers -Wno-empty-body -Wno-implicit-fallthrough -Wno-old-style-declaration -Wno-unused-but-set-variable -Wno-unused-parameter -Werror -I/usr/src/azl/BUILD/shim-15.8/Cryptlib/OpenSSL -I/usr/src/azl/BUILD/shim-15.8/Cryptlib -I/usr/src/azl/BUILD/shim-15.8/Cryptlib/OpenSSL/Include/ -I/usr/src/azl/BUILD/shim-15.8/Cryptlib/OpenSSL/crypto -I/usr/src/azl/BUILD/shim-15.8/Cryptlib/Include -I/usr/src/azl/BUILD/shim-15.8/gnu-efi/inc -I/usr/src/azl/BUILD/shim-15.8/gnu-efi/inc/aarch64 -I/usr/src/azl/BUILD/shim-15.8/gnu-efi/inc/protocol -I/usr/src/azl/BUILD/shim-15.8/Cryptlib/OpenSSL/crypto/asn1 -I/usr/src/azl/BUILD/shim-15.8/Cryptlib/OpenSSL/crypto/evp -I/usr/src/azl/BUILD/shim-15.8/Cryptlib/OpenSSL/crypto/modes -I/usr/src/azl/BUILD/shim-15.8/Cryptlib/OpenSSL/crypto/include -isystem /usr/src/azl/BUILD/shim-15.8/include/system -isystem /usr/lib/gcc/aarch64-unknown-linux-gnu/13.2.0/include -DL_ENDIAN -D_CRT_SECURE_NO_DEPRECATE -D_CRT_NONSTDC_NO_DEPRECATE -DOPENSSL_SMALL_FOOTPRINT -DPEDANTIC -DMDE_CPU_AARCH64   -c -o crypto/sha/sha_dgst.o /usr/src/azl/BUILD/shim-15.8/Cryptlib/OpenSSL/crypto/sha/sha_dgst.c
make -C gnu-efi \
	COMPILER="gcc" \
	CCC_CC="gcc" \
	CC="gcc" \
	ARCH=aarch64 \
	TOPDIR=/usr/src/azl/BUILD/shim-15.8/gnu-efi \
	-f /usr/src/azl/BUILD/shim-15.8/gnu-efi/Makefile \
	lib gnuefi inc 
make[1]: Entering directory '/usr/src/azl/BUILD/shim-15.8/build-aa64/gnu-efi'
mkdir -p /usr/src/azl/BUILD/shim-15.8/build-aa64/gnu-efi/aarch64/lib
make -C /usr/src/azl/BUILD/shim-15.8/build-aa64/gnu-efi/aarch64/lib -f /usr/src/azl/BUILD/shim-15.8/gnu-efi//lib/Makefile SRCDIR=/usr/src/azl/BUILD/shim-15.8/gnu-efi//lib ARCH=aarch64
make[2]: Entering directory '/usr/src/azl/BUILD/shim-15.8/build-aa64/gnu-efi/aarch64/lib'
gcc -std=gnu11 -ggdb -ffreestanding -fmacro-prefix-map=/usr/src/azl/BUILD/shim-15.8/= -fno-stack-protector -fno-strict-aliasing -fpic -fshort-wchar -nostdinc -Os -Wall -Wextra -Wno-missing-field-initializers -Wno-empty-body -Wno-implicit-fallthrough -Wno-old-style-declaration -Wno-unused-but-set-variable -Wno-unused-parameter -Werror -I/usr/src/azl/BUILD/shim-15.8/Cryptlib/OpenSSL -I/usr/src/azl/BUILD/shim-15.8/Cryptlib -I/usr/src/azl/BUILD/shim-15.8/Cryptlib/OpenSSL/Include/ -I/usr/src/azl/BUILD/shim-15.8/Cryptlib/OpenSSL/crypto -I/usr/src/azl/BUILD/shim-15.8/Cryptlib/Include -I/usr/src/azl/BUILD/shim-15.8/gnu-efi/inc -I/usr/src/azl/BUILD/shim-15.8/gnu-efi/inc/aarch64 -I/usr/src/azl/BUILD/shim-15.8/gnu-efi/inc/protocol -I/usr/src/azl/BUILD/shim-15.8/Cryptlib/OpenSSL/crypto/asn1 -I/usr/src/azl/BUILD/shim-15.8/Cryptlib/OpenSSL/crypto/evp -I/usr/src/azl/BUILD/shim-15.8/Cryptlib/OpenSSL/crypto/modes -I/usr/src/azl/BUILD/shim-15.8/Cryptlib/OpenSSL/crypto/include -isystem /usr/src/azl/BUILD/shim-15.8/include/system -isystem /usr/lib/gcc/aarch64-unknown-linux-gnu/13.2.0/include -DL_ENDIAN -D_CRT_SECURE_NO_DEPRECATE -D_CRT_NONSTDC_NO_DEPRECATE -DOPENSSL_SMALL_FOOTPRINT -DPEDANTIC -DMDE_CPU_AARCH64   -c -o crypto/sha/sha1dgst.o /usr/src/azl/BUILD/shim-15.8/Cryptlib/OpenSSL/crypto/sha/sha1dgst.c
gcc -I/usr/src/azl/BUILD/shim-15.8/gnu-efi//lib -I/usr/src/azl/BUILD/shim-15.8/gnu-efi/inc -I/usr/src/azl/BUILD/shim-15.8/gnu-efi/inc/aarch64 -I/usr/src/azl/BUILD/shim-15.8/gnu-efi/inc/protocol -std=gnu11 -ggdb -ffreestanding -fmacro-prefix-map=/usr/src/azl/BUILD/shim-15.8/= -fno-stack-protector -fno-strict-aliasing -fpic -fshort-wchar -Os -Wall -Wextra -Wno-missing-field-initializers  -DMDE_CPU_AARCH64 -DPAGE_SIZE=4096 -mstrict-align -Werror -nostdinc -I/usr/src/azl/BUILD/shim-15.8/Cryptlib -I/usr/src/azl/BUILD/shim-15.8/Cryptlib/Include -I/usr/src/azl/BUILD/shim-15.8/gnu-efi/inc -I/usr/src/azl/BUILD/shim-15.8/gnu-efi/inc/aarch64 -I/usr/src/azl/BUILD/shim-15.8/gnu-efi/inc/protocol -I/usr/src/azl/BUILD/shim-15.8/include -iquote /usr/src/azl/BUILD/shim-15.8 -iquote /usr/src/azl/BUILD/shim-15.8/build-aa64 -isystem /usr/src/azl/BUILD/shim-15.8/include/system -isystem /usr/lib/gcc/aarch64-unknown-linux-gnu/13.2.0/include -DDEFAULT_LOADER='L"\\\\grubaa64.efi"' -DDEFAULT_LOADER_CHAR='"\\\\grubaa64.efi"' -DEFI_ARCH='L"aa64"' -DDEBUGDIR='L"/usr/lib/debug/usr/share/shim/aa64-15.8/"' -DVENDOR_CERT_FILE=\"/usr/src/azl/SOURCES/azurelinux-ca-20230216.der\" -DGNU_EFI_USE_EXTERNAL_STDARG -Wno-error=pragmas -fpic  -Os -Wall -Wextra -Wno-missing-field-initializers -Werror -fshort-wchar -fno-strict-aliasing -ffreestanding -fno-stack-protector -fno-stack-check -nostdinc   -isystem /usr/src/azl/BUILD/shim-15.8/gnu-efi/../include/system -isystem /usr/lib/gcc/aarch64-unknown-linux-gnu/13.2.0/include -fno-merge-all-constants -Wno-error=pragmas -fpic  -Os -Wall -Wextra -Wno-missing-field-initializers -Werror -fshort-wchar -fno-strict-aliasing -ffreestanding -fno-stack-protector -fno-stack-check -nostdinc   -isystem /usr/src/azl/BUILD/shim-15.8/gnu-efi/../include/system -isystem /usr/lib/gcc/aarch64-unknown-linux-gnu/13.2.0/include -fno-merge-all-constants -DCONFIG_aarch64 -c /usr/src/azl/BUILD/shim-15.8/gnu-efi//lib/hand.c -o hand.o
gcc -I/usr/src/azl/BUILD/shim-15.8/gnu-efi//lib -I/usr/src/azl/BUILD/shim-15.8/gnu-efi/inc -I/usr/src/azl/BUILD/shim-15.8/gnu-efi/inc/aarch64 -I/usr/src/azl/BUILD/shim-15.8/gnu-efi/inc/protocol -std=gnu11 -ggdb -ffreestanding -fmacro-prefix-map=/usr/src/azl/BUILD/shim-15.8/= -fno-stack-protector -fno-strict-aliasing -fpic -fshort-wchar -Os -Wall -Wextra -Wno-missing-field-initializers  -DMDE_CPU_AARCH64 -DPAGE_SIZE=4096 -mstrict-align -Werror -nostdinc -I/usr/src/azl/BUILD/shim-15.8/Cryptlib -I/usr/src/azl/BUILD/shim-15.8/Cryptlib/Include -I/usr/src/azl/BUILD/shim-15.8/gnu-efi/inc -I/usr/src/azl/BUILD/shim-15.8/gnu-efi/inc/aarch64 -I/usr/src/azl/BUILD/shim-15.8/gnu-efi/inc/protocol -I/usr/src/azl/BUILD/shim-15.8/include -iquote /usr/src/azl/BUILD/shim-15.8 -iquote /usr/src/azl/BUILD/shim-15.8/build-aa64 -isystem /usr/src/azl/BUILD/shim-15.8/include/system -isystem /usr/lib/gcc/aarch64-unknown-linux-gnu/13.2.0/include -DDEFAULT_LOADER='L"\\\\grubaa64.efi"' -DDEFAULT_LOADER_CHAR='"\\\\grubaa64.efi"' -DEFI_ARCH='L"aa64"' -DDEBUGDIR='L"/usr/lib/debug/usr/share/shim/aa64-15.8/"' -DVENDOR_CERT_FILE=\"/usr/src/azl/SOURCES/azurelinux-ca-20230216.der\" -DGNU_EFI_USE_EXTERNAL_STDARG -Wno-error=pragmas -fpic  -Os -Wall -Wextra -Wno-missing-field-initializers -Werror -fshort-wchar -fno-strict-aliasing -ffreestanding -fno-stack-protector -fno-stack-check -nostdinc   -isystem /usr/src/azl/BUILD/shim-15.8/gnu-efi/../include/system -isystem /usr/lib/gcc/aarch64-unknown-linux-gnu/13.2.0/include -fno-merge-all-constants -Wno-error=pragmas -fpic  -Os -Wall -Wextra -Wno-missing-field-initializers -Werror -fshort-wchar -fno-strict-aliasing -ffreestanding -fno-stack-protector -fno-stack-check -nostdinc   -isystem /usr/src/azl/BUILD/shim-15.8/gnu-efi/../include/system -isystem /usr/lib/gcc/aarch64-unknown-linux-gnu/13.2.0/include -fno-merge-all-constants -DCONFIG_aarch64 -c /usr/src/azl/BUILD/shim-15.8/gnu-efi//lib/hw.c -o hw.o
gcc -std=gnu11 -ggdb -ffreestanding -fmacro-prefix-map=/usr/src/azl/BUILD/shim-15.8/= -fno-stack-protector -fno-strict-aliasing -fpic -fshort-wchar -nostdinc -Os -Wall -Wextra -Wno-missing-field-initializers -Wno-unused-parameter -Wno-unused-but-set-variable -Werror -I/usr/src/azl/BUILD/shim-15.8/Cryptlib -I/usr/src/azl/BUILD/shim-15.8/Cryptlib/Include -I/usr/src/azl/BUILD/shim-15.8/gnu-efi/inc -I/usr/src/azl/BUILD/shim-15.8/gnu-efi/inc/aarch64 -I/usr/src/azl/BUILD/shim-15.8/gnu-efi/inc/protocol -isystem /usr/src/azl/BUILD/shim-15.8/include/system -isystem /usr/lib/gcc/aarch64-unknown-linux-gnu/13.2.0/include -DMDE_CPU_AARCH64   -c -o SysCall/BaseMemAllocation.o /usr/src/azl/BUILD/shim-15.8/Cryptlib/SysCall/BaseMemAllocation.c
gcc -I/usr/src/azl/BUILD/shim-15.8/gnu-efi//lib -I/usr/src/azl/BUILD/shim-15.8/gnu-efi/inc -I/usr/src/azl/BUILD/shim-15.8/gnu-efi/inc/aarch64 -I/usr/src/azl/BUILD/shim-15.8/gnu-efi/inc/protocol -std=gnu11 -ggdb -ffreestanding -fmacro-prefix-map=/usr/src/azl/BUILD/shim-15.8/= -fno-stack-protector -fno-strict-aliasing -fpic -fshort-wchar -Os -Wall -Wextra -Wno-missing-field-initializers  -DMDE_CPU_AARCH64 -DPAGE_SIZE=4096 -mstrict-align -Werror -nostdinc -I/usr/src/azl/BUILD/shim-15.8/Cryptlib -I/usr/src/azl/BUILD/shim-15.8/Cryptlib/Include -I/usr/src/azl/BUILD/shim-15.8/gnu-efi/inc -I/usr/src/azl/BUILD/shim-15.8/gnu-efi/inc/aarch64 -I/usr/src/azl/BUILD/shim-15.8/gnu-efi/inc/protocol -I/usr/src/azl/BUILD/shim-15.8/include -iquote /usr/src/azl/BUILD/shim-15.8 -iquote /usr/src/azl/BUILD/shim-15.8/build-aa64 -isystem /usr/src/azl/BUILD/shim-15.8/include/system -isystem /usr/lib/gcc/aarch64-unknown-linux-gnu/13.2.0/include -DDEFAULT_LOADER='L"\\\\grubaa64.efi"' -DDEFAULT_LOADER_CHAR='"\\\\grubaa64.efi"' -DEFI_ARCH='L"aa64"' -DDEBUGDIR='L"/usr/lib/debug/usr/share/shim/aa64-15.8/"' -DVENDOR_CERT_FILE=\"/usr/src/azl/SOURCES/azurelinux-ca-20230216.der\" -DGNU_EFI_USE_EXTERNAL_STDARG -Wno-error=pragmas -fpic  -Os -Wall -Wextra -Wno-missing-field-initializers -Werror -fshort-wchar -fno-strict-aliasing -ffreestanding -fno-stack-protector -fno-stack-check -nostdinc   -isystem /usr/src/azl/BUILD/shim-15.8/gnu-efi/../include/system -isystem /usr/lib/gcc/aarch64-unknown-linux-gnu/13.2.0/include -fno-merge-all-constants -Wno-error=pragmas -fpic  -Os -Wall -Wextra -Wno-missing-field-initializers -Werror -fshort-wchar -fno-strict-aliasing -ffreestanding -fno-stack-protector -fno-stack-check -nostdinc   -isystem /usr/src/azl/BUILD/shim-15.8/gnu-efi/../include/system -isystem /usr/lib/gcc/aarch64-unknown-linux-gnu/13.2.0/include -fno-merge-all-constants -DCONFIG_aarch64 -c /usr/src/azl/BUILD/shim-15.8/gnu-efi//lib/init.c -o init.o
gcc -std=gnu11 -ggdb -ffreestanding -fmacro-prefix-map=/usr/src/azl/BUILD/shim-15.8/= -fno-stack-protector -fno-strict-aliasing -fpic -fshort-wchar -nostdinc -Os -Wall -Wextra -Wno-missing-field-initializers -Wno-unused-parameter -Wno-unused-but-set-variable -Werror -I/usr/src/azl/BUILD/shim-15.8/Cryptlib -I/usr/src/azl/BUILD/shim-15.8/Cryptlib/Include -I/usr/src/azl/BUILD/shim-15.8/gnu-efi/inc -I/usr/src/azl/BUILD/shim-15.8/gnu-efi/inc/aarch64 -I/usr/src/azl/BUILD/shim-15.8/gnu-efi/inc/protocol -isystem /usr/src/azl/BUILD/shim-15.8/include/system -isystem /usr/lib/gcc/aarch64-unknown-linux-gnu/13.2.0/include -DMDE_CPU_AARCH64   -c -o SysCall/BaseStrings.o /usr/src/azl/BUILD/shim-15.8/Cryptlib/SysCall/BaseStrings.c
gcc -std=gnu11 -ggdb -ffreestanding -fmacro-prefix-map=/usr/src/azl/BUILD/shim-15.8/= -fno-stack-protector -fno-strict-aliasing -fpic -fshort-wchar -nostdinc -Os -Wall -Wextra -Wno-missing-field-initializers -Wno-empty-body -Wno-implicit-fallthrough -Wno-old-style-declaration -Wno-unused-but-set-variable -Wno-unused-parameter -Werror -I/usr/src/azl/BUILD/shim-15.8/Cryptlib/OpenSSL -I/usr/src/azl/BUILD/shim-15.8/Cryptlib -I/usr/src/azl/BUILD/shim-15.8/Cryptlib/OpenSSL/Include/ -I/usr/src/azl/BUILD/shim-15.8/Cryptlib/OpenSSL/crypto -I/usr/src/azl/BUILD/shim-15.8/Cryptlib/Include -I/usr/src/azl/BUILD/shim-15.8/gnu-efi/inc -I/usr/src/azl/BUILD/shim-15.8/gnu-efi/inc/aarch64 -I/usr/src/azl/BUILD/shim-15.8/gnu-efi/inc/protocol -I/usr/src/azl/BUILD/shim-15.8/Cryptlib/OpenSSL/crypto/asn1 -I/usr/src/azl/BUILD/shim-15.8/Cryptlib/OpenSSL/crypto/evp -I/usr/src/azl/BUILD/shim-15.8/Cryptlib/OpenSSL/crypto/modes -I/usr/src/azl/BUILD/shim-15.8/Cryptlib/OpenSSL/crypto/include -isystem /usr/src/azl/BUILD/shim-15.8/include/system -isystem /usr/lib/gcc/aarch64-unknown-linux-gnu/13.2.0/include -DL_ENDIAN -D_CRT_SECURE_NO_DEPRECATE -D_CRT_NONSTDC_NO_DEPRECATE -DOPENSSL_SMALL_FOOTPRINT -DPEDANTIC -DMDE_CPU_AARCH64   -c -o crypto/sha/sha_one.o /usr/src/azl/BUILD/shim-15.8/Cryptlib/OpenSSL/crypto/sha/sha_one.c
gcc -std=gnu11 -ggdb -ffreestanding -fmacro-prefix-map=/usr/src/azl/BUILD/shim-15.8/= -fno-stack-protector -fno-strict-aliasing -fpic -fshort-wchar -nostdinc -Os -Wall -Wextra -Wno-missing-field-initializers -Wno-empty-body -Wno-implicit-fallthrough -Wno-old-style-declaration -Wno-unused-but-set-variable -Wno-unused-parameter -Werror -I/usr/src/azl/BUILD/shim-15.8/Cryptlib/OpenSSL -I/usr/src/azl/BUILD/shim-15.8/Cryptlib -I/usr/src/azl/BUILD/shim-15.8/Cryptlib/OpenSSL/Include/ -I/usr/src/azl/BUILD/shim-15.8/Cryptlib/OpenSSL/crypto -I/usr/src/azl/BUILD/shim-15.8/Cryptlib/Include -I/usr/src/azl/BUILD/shim-15.8/gnu-efi/inc -I/usr/src/azl/BUILD/shim-15.8/gnu-efi/inc/aarch64 -I/usr/src/azl/BUILD/shim-15.8/gnu-efi/inc/protocol -I/usr/src/azl/BUILD/shim-15.8/Cryptlib/OpenSSL/crypto/asn1 -I/usr/src/azl/BUILD/shim-15.8/Cryptlib/OpenSSL/crypto/evp -I/usr/src/azl/BUILD/shim-15.8/Cryptlib/OpenSSL/crypto/modes -I/usr/src/azl/BUILD/shim-15.8/Cryptlib/OpenSSL/crypto/include -isystem /usr/src/azl/BUILD/shim-15.8/include/system -isystem /usr/lib/gcc/aarch64-unknown-linux-gnu/13.2.0/include -DL_ENDIAN -D_CRT_SECURE_NO_DEPRECATE -D_CRT_NONSTDC_NO_DEPRECATE -DOPENSSL_SMALL_FOOTPRINT -DPEDANTIC -DMDE_CPU_AARCH64   -c -o crypto/sha/sha1_one.o /usr/src/azl/BUILD/shim-15.8/Cryptlib/OpenSSL/crypto/sha/sha1_one.c
gcc -I/usr/src/azl/BUILD/shim-15.8/gnu-efi//lib -I/usr/src/azl/BUILD/shim-15.8/gnu-efi/inc -I/usr/src/azl/BUILD/shim-15.8/gnu-efi/inc/aarch64 -I/usr/src/azl/BUILD/shim-15.8/gnu-efi/inc/protocol -std=gnu11 -ggdb -ffreestanding -fmacro-prefix-map=/usr/src/azl/BUILD/shim-15.8/= -fno-stack-protector -fno-strict-aliasing -fpic -fshort-wchar -Os -Wall -Wextra -Wno-missing-field-initializers  -DMDE_CPU_AARCH64 -DPAGE_SIZE=4096 -mstrict-align -Werror -nostdinc -I/usr/src/azl/BUILD/shim-15.8/Cryptlib -I/usr/src/azl/BUILD/shim-15.8/Cryptlib/Include -I/usr/src/azl/BUILD/shim-15.8/gnu-efi/inc -I/usr/src/azl/BUILD/shim-15.8/gnu-efi/inc/aarch64 -I/usr/src/azl/BUILD/shim-15.8/gnu-efi/inc/protocol -I/usr/src/azl/BUILD/shim-15.8/include -iquote /usr/src/azl/BUILD/shim-15.8 -iquote /usr/src/azl/BUILD/shim-15.8/build-aa64 -isystem /usr/src/azl/BUILD/shim-15.8/include/system -isystem /usr/lib/gcc/aarch64-unknown-linux-gnu/13.2.0/include -DDEFAULT_LOADER='L"\\\\grubaa64.efi"' -DDEFAULT_LOADER_CHAR='"\\\\grubaa64.efi"' -DEFI_ARCH='L"aa64"' -DDEBUGDIR='L"/usr/lib/debug/usr/share/shim/aa64-15.8/"' -DVENDOR_CERT_FILE=\"/usr/src/azl/SOURCES/azurelinux-ca-20230216.der\" -DGNU_EFI_USE_EXTERNAL_STDARG -Wno-error=pragmas -fpic  -Os -Wall -Wextra -Wno-missing-field-initializers -Werror -fshort-wchar -fno-strict-aliasing -ffreestanding -fno-stack-protector -fno-stack-check -nostdinc   -isystem /usr/src/azl/BUILD/shim-15.8/gnu-efi/../include/system -isystem /usr/lib/gcc/aarch64-unknown-linux-gnu/13.2.0/include -fno-merge-all-constants -Wno-error=pragmas -fpic  -Os -Wall -Wextra -Wno-missing-field-initializers -Werror -fshort-wchar -fno-strict-aliasing -ffreestanding -fno-stack-protector -fno-stack-check -nostdinc   -isystem /usr/src/azl/BUILD/shim-15.8/gnu-efi/../include/system -isystem /usr/lib/gcc/aarch64-unknown-linux-gnu/13.2.0/include -fno-merge-all-constants -DCONFIG_aarch64 -c /usr/src/azl/BUILD/shim-15.8/gnu-efi//lib/lock.c -o lock.o
ar rcs libcryptlib.a Hash/CryptMd4Null.o Hash/CryptMd5.o Hash/CryptSha1.o Hash/CryptSha256.o Hash/CryptSha512.o Hmac/CryptHmacMd5Null.o Hmac/CryptHmacSha1Null.o Hmac/CryptHmacSha256Null.o Cipher/CryptAesNull.o Cipher/CryptTdesNull.o Cipher/CryptArc4Null.o Rand/CryptRand.o Pk/CryptRsaBasic.o Pk/CryptRsaExtNull.o Pk/CryptPkcs7SignNull.o Pk/CryptPkcs7Verify.o Pk/CryptDhNull.o Pk/CryptTs.o Pk/CryptX509.o Pk/CryptAuthenticode.o Pem/CryptPemNull.o SysCall/CrtWrapper.o SysCall/TimerWrapper.o SysCall/BaseMemAllocation.o SysCall/BaseStrings.o
make[1]: Leaving directory '/usr/src/azl/BUILD/shim-15.8/build-aa64/Cryptlib'
gcc -std=gnu11 -ggdb -ffreestanding -fmacro-prefix-map=/usr/src/azl/BUILD/shim-15.8/= -fno-stack-protector -fno-strict-aliasing -fpic -fshort-wchar -nostdinc -Os -Wall -Wextra -Wno-missing-field-initializers -Wno-empty-body -Wno-implicit-fallthrough -Wno-old-style-declaration -Wno-unused-but-set-variable -Wno-unused-parameter -Werror -I/usr/src/azl/BUILD/shim-15.8/Cryptlib/OpenSSL -I/usr/src/azl/BUILD/shim-15.8/Cryptlib -I/usr/src/azl/BUILD/shim-15.8/Cryptlib/OpenSSL/Include/ -I/usr/src/azl/BUILD/shim-15.8/Cryptlib/OpenSSL/crypto -I/usr/src/azl/BUILD/shim-15.8/Cryptlib/Include -I/usr/src/azl/BUILD/shim-15.8/gnu-efi/inc -I/usr/src/azl/BUILD/shim-15.8/gnu-efi/inc/aarch64 -I/usr/src/azl/BUILD/shim-15.8/gnu-efi/inc/protocol -I/usr/src/azl/BUILD/shim-15.8/Cryptlib/OpenSSL/crypto/asn1 -I/usr/src/azl/BUILD/shim-15.8/Cryptlib/OpenSSL/crypto/evp -I/usr/src/azl/BUILD/shim-15.8/Cryptlib/OpenSSL/crypto/modes -I/usr/src/azl/BUILD/shim-15.8/Cryptlib/OpenSSL/crypto/include -isystem /usr/src/azl/BUILD/shim-15.8/include/system -isystem /usr/lib/gcc/aarch64-unknown-linux-gnu/13.2.0/include -DL_ENDIAN -D_CRT_SECURE_NO_DEPRECATE -D_CRT_NONSTDC_NO_DEPRECATE -DOPENSSL_SMALL_FOOTPRINT -DPEDANTIC -DMDE_CPU_AARCH64   -c -o crypto/sha/sha256.o /usr/src/azl/BUILD/shim-15.8/Cryptlib/OpenSSL/crypto/sha/sha256.c
gcc -I/usr/src/azl/BUILD/shim-15.8/gnu-efi//lib -I/usr/src/azl/BUILD/shim-15.8/gnu-efi/inc -I/usr/src/azl/BUILD/shim-15.8/gnu-efi/inc/aarch64 -I/usr/src/azl/BUILD/shim-15.8/gnu-efi/inc/protocol -std=gnu11 -ggdb -ffreestanding -fmacro-prefix-map=/usr/src/azl/BUILD/shim-15.8/= -fno-stack-protector -fno-strict-aliasing -fpic -fshort-wchar -Os -Wall -Wextra -Wno-missing-field-initializers  -DMDE_CPU_AARCH64 -DPAGE_SIZE=4096 -mstrict-align -Werror -nostdinc -I/usr/src/azl/BUILD/shim-15.8/Cryptlib -I/usr/src/azl/BUILD/shim-15.8/Cryptlib/Include -I/usr/src/azl/BUILD/shim-15.8/gnu-efi/inc -I/usr/src/azl/BUILD/shim-15.8/gnu-efi/inc/aarch64 -I/usr/src/azl/BUILD/shim-15.8/gnu-efi/inc/protocol -I/usr/src/azl/BUILD/shim-15.8/include -iquote /usr/src/azl/BUILD/shim-15.8 -iquote /usr/src/azl/BUILD/shim-15.8/build-aa64 -isystem /usr/src/azl/BUILD/shim-15.8/include/system -isystem /usr/lib/gcc/aarch64-unknown-linux-gnu/13.2.0/include -DDEFAULT_LOADER='L"\\\\grubaa64.efi"' -DDEFAULT_LOADER_CHAR='"\\\\grubaa64.efi"' -DEFI_ARCH='L"aa64"' -DDEBUGDIR='L"/usr/lib/debug/usr/share/shim/aa64-15.8/"' -DVENDOR_CERT_FILE=\"/usr/src/azl/SOURCES/azurelinux-ca-20230216.der\" -DGNU_EFI_USE_EXTERNAL_STDARG -Wno-error=pragmas -fpic  -Os -Wall -Wextra -Wno-missing-field-initializers -Werror -fshort-wchar -fno-strict-aliasing -ffreestanding -fno-stack-protector -fno-stack-check -nostdinc   -isystem /usr/src/azl/BUILD/shim-15.8/gnu-efi/../include/system -isystem /usr/lib/gcc/aarch64-unknown-linux-gnu/13.2.0/include -fno-merge-all-constants -Wno-error=pragmas -fpic  -Os -Wall -Wextra -Wno-missing-field-initializers -Werror -fshort-wchar -fno-strict-aliasing -ffreestanding -fno-stack-protector -fno-stack-check -nostdinc   -isystem /usr/src/azl/BUILD/shim-15.8/gnu-efi/../include/system -isystem /usr/lib/gcc/aarch64-unknown-linux-gnu/13.2.0/include -fno-merge-all-constants -DCONFIG_aarch64 -c /usr/src/azl/BUILD/shim-15.8/gnu-efi//lib/hw.c -o hw.o
gcc -I/usr/src/azl/BUILD/shim-15.8/gnu-efi//lib -I/usr/src/azl/BUILD/shim-15.8/gnu-efi/inc -I/usr/src/azl/BUILD/shim-15.8/gnu-efi/inc/aarch64 -I/usr/src/azl/BUILD/shim-15.8/gnu-efi/inc/protocol -std=gnu11 -ggdb -ffreestanding -fmacro-prefix-map=/usr/src/azl/BUILD/shim-15.8/= -fno-stack-protector -fno-strict-aliasing -fpic -fshort-wchar -Os -Wall -Wextra -Wno-missing-field-initializers  -DMDE_CPU_AARCH64 -DPAGE_SIZE=4096 -mstrict-align -Werror -nostdinc -I/usr/src/azl/BUILD/shim-15.8/Cryptlib -I/usr/src/azl/BUILD/shim-15.8/Cryptlib/Include -I/usr/src/azl/BUILD/shim-15.8/gnu-efi/inc -I/usr/src/azl/BUILD/shim-15.8/gnu-efi/inc/aarch64 -I/usr/src/azl/BUILD/shim-15.8/gnu-efi/inc/protocol -I/usr/src/azl/BUILD/shim-15.8/include -iquote /usr/src/azl/BUILD/shim-15.8 -iquote /usr/src/azl/BUILD/shim-15.8/build-aa64 -isystem /usr/src/azl/BUILD/shim-15.8/include/system -isystem /usr/lib/gcc/aarch64-unknown-linux-gnu/13.2.0/include -DDEFAULT_LOADER='L"\\\\grubaa64.efi"' -DDEFAULT_LOADER_CHAR='"\\\\grubaa64.efi"' -DEFI_ARCH='L"aa64"' -DDEBUGDIR='L"/usr/lib/debug/usr/share/shim/aa64-15.8/"' -DVENDOR_CERT_FILE=\"/usr/src/azl/SOURCES/azurelinux-ca-20230216.der\" -DGNU_EFI_USE_EXTERNAL_STDARG -Wno-error=pragmas -fpic  -Os -Wall -Wextra -Wno-missing-field-initializers -Werror -fshort-wchar -fno-strict-aliasing -ffreestanding -fno-stack-protector -fno-stack-check -nostdinc   -isystem /usr/src/azl/BUILD/shim-15.8/gnu-efi/../include/system -isystem /usr/lib/gcc/aarch64-unknown-linux-gnu/13.2.0/include -fno-merge-all-constants -Wno-error=pragmas -fpic  -Os -Wall -Wextra -Wno-missing-field-initializers -Werror -fshort-wchar -fno-strict-aliasing -ffreestanding -fno-stack-protector -fno-stack-check -nostdinc   -isystem /usr/src/azl/BUILD/shim-15.8/gnu-efi/../include/system -isystem /usr/lib/gcc/aarch64-unknown-linux-gnu/13.2.0/include -fno-merge-all-constants -DCONFIG_aarch64 -c /usr/src/azl/BUILD/shim-15.8/gnu-efi//lib/misc.c -o misc.o
gcc -I/usr/src/azl/BUILD/shim-15.8/gnu-efi//lib -I/usr/src/azl/BUILD/shim-15.8/gnu-efi/inc -I/usr/src/azl/BUILD/shim-15.8/gnu-efi/inc/aarch64 -I/usr/src/azl/BUILD/shim-15.8/gnu-efi/inc/protocol -std=gnu11 -ggdb -ffreestanding -fmacro-prefix-map=/usr/src/azl/BUILD/shim-15.8/= -fno-stack-protector -fno-strict-aliasing -fpic -fshort-wchar -Os -Wall -Wextra -Wno-missing-field-initializers  -DMDE_CPU_AARCH64 -DPAGE_SIZE=4096 -mstrict-align -Werror -nostdinc -I/usr/src/azl/BUILD/shim-15.8/Cryptlib -I/usr/src/azl/BUILD/shim-15.8/Cryptlib/Include -I/usr/src/azl/BUILD/shim-15.8/gnu-efi/inc -I/usr/src/azl/BUILD/shim-15.8/gnu-efi/inc/aarch64 -I/usr/src/azl/BUILD/shim-15.8/gnu-efi/inc/protocol -I/usr/src/azl/BUILD/shim-15.8/include -iquote /usr/src/azl/BUILD/shim-15.8 -iquote /usr/src/azl/BUILD/shim-15.8/build-aa64 -isystem /usr/src/azl/BUILD/shim-15.8/include/system -isystem /usr/lib/gcc/aarch64-unknown-linux-gnu/13.2.0/include -DDEFAULT_LOADER='L"\\\\grubaa64.efi"' -DDEFAULT_LOADER_CHAR='"\\\\grubaa64.efi"' -DEFI_ARCH='L"aa64"' -DDEBUGDIR='L"/usr/lib/debug/usr/share/shim/aa64-15.8/"' -DVENDOR_CERT_FILE=\"/usr/src/azl/SOURCES/azurelinux-ca-20230216.der\" -DGNU_EFI_USE_EXTERNAL_STDARG -Wno-error=pragmas -fpic  -Os -Wall -Wextra -Wno-missing-field-initializers -Werror -fshort-wchar -fno-strict-aliasing -ffreestanding -fno-stack-protector -fno-stack-check -nostdinc   -isystem /usr/src/azl/BUILD/shim-15.8/gnu-efi/../include/system -isystem /usr/lib/gcc/aarch64-unknown-linux-gnu/13.2.0/include -fno-merge-all-constants -Wno-error=pragmas -fpic  -Os -Wall -Wextra -Wno-missing-field-initializers -Werror -fshort-wchar -fno-strict-aliasing -ffreestanding -fno-stack-protector -fno-stack-check -nostdinc   -isystem /usr/src/azl/BUILD/shim-15.8/gnu-efi/../include/system -isystem /usr/lib/gcc/aarch64-unknown-linux-gnu/13.2.0/include -fno-merge-all-constants -DCONFIG_aarch64 -c /usr/src/azl/BUILD/shim-15.8/gnu-efi//lib/lock.c -o lock.o
mkdir -p /usr/src/azl/BUILD/shim-15.8/build-aa64/gnu-efi/aarch64/inc
make -C /usr/src/azl/BUILD/shim-15.8/build-aa64/gnu-efi/aarch64/inc -f /usr/src/azl/BUILD/shim-15.8/gnu-efi//inc/Makefile SRCDIR=/usr/src/azl/BUILD/shim-15.8/gnu-efi//inc ARCH=aarch64
make[2]: Entering directory '/usr/src/azl/BUILD/shim-15.8/build-aa64/gnu-efi/aarch64/inc'
make[2]: Nothing to be done for 'all'.
make[2]: Leaving directory '/usr/src/azl/BUILD/shim-15.8/build-aa64/gnu-efi/aarch64/inc'
gcc -std=gnu11 -Og -g3 -Wall -Wextra -Wno-missing-field-initializers -Werror -o post-process-pe /usr/src/azl/BUILD/shim-15.8/post-process-pe.c
gcc -I/usr/src/azl/BUILD/shim-15.8/gnu-efi//lib -I/usr/src/azl/BUILD/shim-15.8/gnu-efi/inc -I/usr/src/azl/BUILD/shim-15.8/gnu-efi/inc/aarch64 -I/usr/src/azl/BUILD/shim-15.8/gnu-efi/inc/protocol -std=gnu11 -ggdb -ffreestanding -fmacro-prefix-map=/usr/src/azl/BUILD/shim-15.8/= -fno-stack-protector -fno-strict-aliasing -fpic -fshort-wchar -Os -Wall -Wextra -Wno-missing-field-initializers  -DMDE_CPU_AARCH64 -DPAGE_SIZE=4096 -mstrict-align -Werror -nostdinc -I/usr/src/azl/BUILD/shim-15.8/Cryptlib -I/usr/src/azl/BUILD/shim-15.8/Cryptlib/Include -I/usr/src/azl/BUILD/shim-15.8/gnu-efi/inc -I/usr/src/azl/BUILD/shim-15.8/gnu-efi/inc/aarch64 -I/usr/src/azl/BUILD/shim-15.8/gnu-efi/inc/protocol -I/usr/src/azl/BUILD/shim-15.8/include -iquote /usr/src/azl/BUILD/shim-15.8 -iquote /usr/src/azl/BUILD/shim-15.8/build-aa64 -isystem /usr/src/azl/BUILD/shim-15.8/include/system -isystem /usr/lib/gcc/aarch64-unknown-linux-gnu/13.2.0/include -DDEFAULT_LOADER='L"\\\\grubaa64.efi"' -DDEFAULT_LOADER_CHAR='"\\\\grubaa64.efi"' -DEFI_ARCH='L"aa64"' -DDEBUGDIR='L"/usr/lib/debug/usr/share/shim/aa64-15.8/"' -DVENDOR_CERT_FILE=\"/usr/src/azl/SOURCES/azurelinux-ca-20230216.der\" -DGNU_EFI_USE_EXTERNAL_STDARG -Wno-error=pragmas -fpic  -Os -Wall -Wextra -Wno-missing-field-initializers -Werror -fshort-wchar -fno-strict-aliasing -ffreestanding -fno-stack-protector -fno-stack-check -nostdinc   -isystem /usr/src/azl/BUILD/shim-15.8/gnu-efi/../include/system -isystem /usr/lib/gcc/aarch64-unknown-linux-gnu/13.2.0/include -fno-merge-all-constants -Wno-error=pragmas -fpic  -Os -Wall -Wextra -Wno-missing-field-initializers -Werror -fshort-wchar -fno-strict-aliasing -ffreestanding -fno-stack-protector -fno-stack-check -nostdinc   -isystem /usr/src/azl/BUILD/shim-15.8/gnu-efi/../include/system -isystem /usr/lib/gcc/aarch64-unknown-linux-gnu/13.2.0/include -fno-merge-all-constants -DCONFIG_aarch64 -c /usr/src/azl/BUILD/shim-15.8/gnu-efi//lib/misc.c -o misc.o
gcc -std=gnu11 -ggdb -ffreestanding -fmacro-prefix-map=/usr/src/azl/BUILD/shim-15.8/= -fno-stack-protector -fno-strict-aliasing -fpic -fshort-wchar -nostdinc -Os -Wall -Wextra -Wno-missing-field-initializers -Wno-empty-body -Wno-implicit-fallthrough -Wno-old-style-declaration -Wno-unused-but-set-variable -Wno-unused-parameter -Werror -I/usr/src/azl/BUILD/shim-15.8/Cryptlib/OpenSSL -I/usr/src/azl/BUILD/shim-15.8/Cryptlib -I/usr/src/azl/BUILD/shim-15.8/Cryptlib/OpenSSL/Include/ -I/usr/src/azl/BUILD/shim-15.8/Cryptlib/OpenSSL/crypto -I/usr/src/azl/BUILD/shim-15.8/Cryptlib/Include -I/usr/src/azl/BUILD/shim-15.8/gnu-efi/inc -I/usr/src/azl/BUILD/shim-15.8/gnu-efi/inc/aarch64 -I/usr/src/azl/BUILD/shim-15.8/gnu-efi/inc/protocol -I/usr/src/azl/BUILD/shim-15.8/Cryptlib/OpenSSL/crypto/asn1 -I/usr/src/azl/BUILD/shim-15.8/Cryptlib/OpenSSL/crypto/evp -I/usr/src/azl/BUILD/shim-15.8/Cryptlib/OpenSSL/crypto/modes -I/usr/src/azl/BUILD/shim-15.8/Cryptlib/OpenSSL/crypto/include -isystem /usr/src/azl/BUILD/shim-15.8/include/system -isystem /usr/lib/gcc/aarch64-unknown-linux-gnu/13.2.0/include -DL_ENDIAN -D_CRT_SECURE_NO_DEPRECATE -D_CRT_NONSTDC_NO_DEPRECATE -DOPENSSL_SMALL_FOOTPRINT -DPEDANTIC -DMDE_CPU_AARCH64   -c -o crypto/sha/sha512.o /usr/src/azl/BUILD/shim-15.8/Cryptlib/OpenSSL/crypto/sha/sha512.c
gcc -I/usr/src/azl/BUILD/shim-15.8/gnu-efi//lib -I/usr/src/azl/BUILD/shim-15.8/gnu-efi/inc -I/usr/src/azl/BUILD/shim-15.8/gnu-efi/inc/aarch64 -I/usr/src/azl/BUILD/shim-15.8/gnu-efi/inc/protocol -std=gnu11 -ggdb -ffreestanding -fmacro-prefix-map=/usr/src/azl/BUILD/shim-15.8/= -fno-stack-protector -fno-strict-aliasing -fpic -fshort-wchar -Os -Wall -Wextra -Wno-missing-field-initializers  -DMDE_CPU_AARCH64 -DPAGE_SIZE=4096 -mstrict-align -Werror -nostdinc -I/usr/src/azl/BUILD/shim-15.8/Cryptlib -I/usr/src/azl/BUILD/shim-15.8/Cryptlib/Include -I/usr/src/azl/BUILD/shim-15.8/gnu-efi/inc -I/usr/src/azl/BUILD/shim-15.8/gnu-efi/inc/aarch64 -I/usr/src/azl/BUILD/shim-15.8/gnu-efi/inc/protocol -I/usr/src/azl/BUILD/shim-15.8/include -iquote /usr/src/azl/BUILD/shim-15.8 -iquote /usr/src/azl/BUILD/shim-15.8/build-aa64 -isystem /usr/src/azl/BUILD/shim-15.8/include/system -isystem /usr/lib/gcc/aarch64-unknown-linux-gnu/13.2.0/include -DDEFAULT_LOADER='L"\\\\grubaa64.efi"' -DDEFAULT_LOADER_CHAR='"\\\\grubaa64.efi"' -DEFI_ARCH='L"aa64"' -DDEBUGDIR='L"/usr/lib/debug/usr/share/shim/aa64-15.8/"' -DVENDOR_CERT_FILE=\"/usr/src/azl/SOURCES/azurelinux-ca-20230216.der\" -DGNU_EFI_USE_EXTERNAL_STDARG -Wno-error=pragmas -fpic  -Os -Wall -Wextra -Wno-missing-field-initializers -Werror -fshort-wchar -fno-strict-aliasing -ffreestanding -fno-stack-protector -fno-stack-check -nostdinc   -isystem /usr/src/azl/BUILD/shim-15.8/gnu-efi/../include/system -isystem /usr/lib/gcc/aarch64-unknown-linux-gnu/13.2.0/include -fno-merge-all-constants -Wno-error=pragmas -fpic  -Os -Wall -Wextra -Wno-missing-field-initializers -Werror -fshort-wchar -fno-strict-aliasing -ffreestanding -fno-stack-protector -fno-stack-check -nostdinc   -isystem /usr/src/azl/BUILD/shim-15.8/gnu-efi/../include/system -isystem /usr/lib/gcc/aarch64-unknown-linux-gnu/13.2.0/include -fno-merge-all-constants -DCONFIG_aarch64 -c /usr/src/azl/BUILD/shim-15.8/gnu-efi//lib/pause.c -o pause.o
gcc -I/usr/src/azl/BUILD/shim-15.8/gnu-efi//lib -I/usr/src/azl/BUILD/shim-15.8/gnu-efi/inc -I/usr/src/azl/BUILD/shim-15.8/gnu-efi/inc/aarch64 -I/usr/src/azl/BUILD/shim-15.8/gnu-efi/inc/protocol -std=gnu11 -ggdb -ffreestanding -fmacro-prefix-map=/usr/src/azl/BUILD/shim-15.8/= -fno-stack-protector -fno-strict-aliasing -fpic -fshort-wchar -Os -Wall -Wextra -Wno-missing-field-initializers  -DMDE_CPU_AARCH64 -DPAGE_SIZE=4096 -mstrict-align -Werror -nostdinc -I/usr/src/azl/BUILD/shim-15.8/Cryptlib -I/usr/src/azl/BUILD/shim-15.8/Cryptlib/Include -I/usr/src/azl/BUILD/shim-15.8/gnu-efi/inc -I/usr/src/azl/BUILD/shim-15.8/gnu-efi/inc/aarch64 -I/usr/src/azl/BUILD/shim-15.8/gnu-efi/inc/protocol -I/usr/src/azl/BUILD/shim-15.8/include -iquote /usr/src/azl/BUILD/shim-15.8 -iquote /usr/src/azl/BUILD/shim-15.8/build-aa64 -isystem /usr/src/azl/BUILD/shim-15.8/include/system -isystem /usr/lib/gcc/aarch64-unknown-linux-gnu/13.2.0/include -DDEFAULT_LOADER='L"\\\\grubaa64.efi"' -DDEFAULT_LOADER_CHAR='"\\\\grubaa64.efi"' -DEFI_ARCH='L"aa64"' -DDEBUGDIR='L"/usr/lib/debug/usr/share/shim/aa64-15.8/"' -DVENDOR_CERT_FILE=\"/usr/src/azl/SOURCES/azurelinux-ca-20230216.der\" -DGNU_EFI_USE_EXTERNAL_STDARG -Wno-error=pragmas -fpic  -Os -Wall -Wextra -Wno-missing-field-initializers -Werror -fshort-wchar -fno-strict-aliasing -ffreestanding -fno-stack-protector -fno-stack-check -nostdinc   -isystem /usr/src/azl/BUILD/shim-15.8/gnu-efi/../include/system -isystem /usr/lib/gcc/aarch64-unknown-linux-gnu/13.2.0/include -fno-merge-all-constants -Wno-error=pragmas -fpic  -Os -Wall -Wextra -Wno-missing-field-initializers -Werror -fshort-wchar -fno-strict-aliasing -ffreestanding -fno-stack-protector -fno-stack-check -nostdinc   -isystem /usr/src/azl/BUILD/shim-15.8/gnu-efi/../include/system -isystem /usr/lib/gcc/aarch64-unknown-linux-gnu/13.2.0/include -fno-merge-all-constants -DCONFIG_aarch64 -c /usr/src/azl/BUILD/shim-15.8/gnu-efi//lib/print.c -o print.o
gcc -I/usr/src/azl/BUILD/shim-15.8/gnu-efi//lib -I/usr/src/azl/BUILD/shim-15.8/gnu-efi/inc -I/usr/src/azl/BUILD/shim-15.8/gnu-efi/inc/aarch64 -I/usr/src/azl/BUILD/shim-15.8/gnu-efi/inc/protocol -std=gnu11 -ggdb -ffreestanding -fmacro-prefix-map=/usr/src/azl/BUILD/shim-15.8/= -fno-stack-protector -fno-strict-aliasing -fpic -fshort-wchar -Os -Wall -Wextra -Wno-missing-field-initializers  -DMDE_CPU_AARCH64 -DPAGE_SIZE=4096 -mstrict-align -Werror -nostdinc -I/usr/src/azl/BUILD/shim-15.8/Cryptlib -I/usr/src/azl/BUILD/shim-15.8/Cryptlib/Include -I/usr/src/azl/BUILD/shim-15.8/gnu-efi/inc -I/usr/src/azl/BUILD/shim-15.8/gnu-efi/inc/aarch64 -I/usr/src/azl/BUILD/shim-15.8/gnu-efi/inc/protocol -I/usr/src/azl/BUILD/shim-15.8/include -iquote /usr/src/azl/BUILD/shim-15.8 -iquote /usr/src/azl/BUILD/shim-15.8/build-aa64 -isystem /usr/src/azl/BUILD/shim-15.8/include/system -isystem /usr/lib/gcc/aarch64-unknown-linux-gnu/13.2.0/include -DDEFAULT_LOADER='L"\\\\grubaa64.efi"' -DDEFAULT_LOADER_CHAR='"\\\\grubaa64.efi"' -DEFI_ARCH='L"aa64"' -DDEBUGDIR='L"/usr/lib/debug/usr/share/shim/aa64-15.8/"' -DVENDOR_CERT_FILE=\"/usr/src/azl/SOURCES/azurelinux-ca-20230216.der\" -DGNU_EFI_USE_EXTERNAL_STDARG -Wno-error=pragmas -fpic  -Os -Wall -Wextra -Wno-missing-field-initializers -Werror -fshort-wchar -fno-strict-aliasing -ffreestanding -fno-stack-protector -fno-stack-check -nostdinc   -isystem /usr/src/azl/BUILD/shim-15.8/gnu-efi/../include/system -isystem /usr/lib/gcc/aarch64-unknown-linux-gnu/13.2.0/include -fno-merge-all-constants -Wno-error=pragmas -fpic  -Os -Wall -Wextra -Wno-missing-field-initializers -Werror -fshort-wchar -fno-strict-aliasing -ffreestanding -fno-stack-protector -fno-stack-check -nostdinc   -isystem /usr/src/azl/BUILD/shim-15.8/gnu-efi/../include/system -isystem /usr/lib/gcc/aarch64-unknown-linux-gnu/13.2.0/include -fno-merge-all-constants -DCONFIG_aarch64 -c /usr/src/azl/BUILD/shim-15.8/gnu-efi//lib/pause.c -o pause.o
gcc -std=gnu11 -ggdb -ffreestanding -fmacro-prefix-map=/usr/src/azl/BUILD/shim-15.8/= -fno-stack-protector -fno-strict-aliasing -fpic -fshort-wchar -nostdinc -Os -Wall -Wextra -Wno-missing-field-initializers -Wno-empty-body -Wno-implicit-fallthrough -Wno-old-style-declaration -Wno-unused-but-set-variable -Wno-unused-parameter -Werror -I/usr/src/azl/BUILD/shim-15.8/Cryptlib/OpenSSL -I/usr/src/azl/BUILD/shim-15.8/Cryptlib -I/usr/src/azl/BUILD/shim-15.8/Cryptlib/OpenSSL/Include/ -I/usr/src/azl/BUILD/shim-15.8/Cryptlib/OpenSSL/crypto -I/usr/src/azl/BUILD/shim-15.8/Cryptlib/Include -I/usr/src/azl/BUILD/shim-15.8/gnu-efi/inc -I/usr/src/azl/BUILD/shim-15.8/gnu-efi/inc/aarch64 -I/usr/src/azl/BUILD/shim-15.8/gnu-efi/inc/protocol -I/usr/src/azl/BUILD/shim-15.8/Cryptlib/OpenSSL/crypto/asn1 -I/usr/src/azl/BUILD/shim-15.8/Cryptlib/OpenSSL/crypto/evp -I/usr/src/azl/BUILD/shim-15.8/Cryptlib/OpenSSL/crypto/modes -I/usr/src/azl/BUILD/shim-15.8/Cryptlib/OpenSSL/crypto/include -isystem /usr/src/azl/BUILD/shim-15.8/include/system -isystem /usr/lib/gcc/aarch64-unknown-linux-gnu/13.2.0/include -DL_ENDIAN -D_CRT_SECURE_NO_DEPRECATE -D_CRT_NONSTDC_NO_DEPRECATE -DOPENSSL_SMALL_FOOTPRINT -DPEDANTIC -DMDE_CPU_AARCH64   -c -o crypto/hmac/hmac.o /usr/src/azl/BUILD/shim-15.8/Cryptlib/OpenSSL/crypto/hmac/hmac.c
gcc -std=gnu11 -ggdb -ffreestanding -fmacro-prefix-map=/usr/src/azl/BUILD/shim-15.8/= -fno-stack-protector -fno-strict-aliasing -fpic -fshort-wchar -nostdinc -Os -Wall -Wextra -Wno-missing-field-initializers -Wno-empty-body -Wno-implicit-fallthrough -Wno-old-style-declaration -Wno-unused-but-set-variable -Wno-unused-parameter -Werror -I/usr/src/azl/BUILD/shim-15.8/Cryptlib/OpenSSL -I/usr/src/azl/BUILD/shim-15.8/Cryptlib -I/usr/src/azl/BUILD/shim-15.8/Cryptlib/OpenSSL/Include/ -I/usr/src/azl/BUILD/shim-15.8/Cryptlib/OpenSSL/crypto -I/usr/src/azl/BUILD/shim-15.8/Cryptlib/Include -I/usr/src/azl/BUILD/shim-15.8/gnu-efi/inc -I/usr/src/azl/BUILD/shim-15.8/gnu-efi/inc/aarch64 -I/usr/src/azl/BUILD/shim-15.8/gnu-efi/inc/protocol -I/usr/src/azl/BUILD/shim-15.8/Cryptlib/OpenSSL/crypto/asn1 -I/usr/src/azl/BUILD/shim-15.8/Cryptlib/OpenSSL/crypto/evp -I/usr/src/azl/BUILD/shim-15.8/Cryptlib/OpenSSL/crypto/modes -I/usr/src/azl/BUILD/shim-15.8/Cryptlib/OpenSSL/crypto/include -isystem /usr/src/azl/BUILD/shim-15.8/include/system -isystem /usr/lib/gcc/aarch64-unknown-linux-gnu/13.2.0/include -DL_ENDIAN -D_CRT_SECURE_NO_DEPRECATE -D_CRT_NONSTDC_NO_DEPRECATE -DOPENSSL_SMALL_FOOTPRINT -DPEDANTIC -DMDE_CPU_AARCH64   -c -o crypto/hmac/hm_ameth.o /usr/src/azl/BUILD/shim-15.8/Cryptlib/OpenSSL/crypto/hmac/hm_ameth.c
gcc -I/usr/src/azl/BUILD/shim-15.8/gnu-efi//lib -I/usr/src/azl/BUILD/shim-15.8/gnu-efi/inc -I/usr/src/azl/BUILD/shim-15.8/gnu-efi/inc/aarch64 -I/usr/src/azl/BUILD/shim-15.8/gnu-efi/inc/protocol -std=gnu11 -ggdb -ffreestanding -fmacro-prefix-map=/usr/src/azl/BUILD/shim-15.8/= -fno-stack-protector -fno-strict-aliasing -fpic -fshort-wchar -Os -Wall -Wextra -Wno-missing-field-initializers  -DMDE_CPU_AARCH64 -DPAGE_SIZE=4096 -mstrict-align -Werror -nostdinc -I/usr/src/azl/BUILD/shim-15.8/Cryptlib -I/usr/src/azl/BUILD/shim-15.8/Cryptlib/Include -I/usr/src/azl/BUILD/shim-15.8/gnu-efi/inc -I/usr/src/azl/BUILD/shim-15.8/gnu-efi/inc/aarch64 -I/usr/src/azl/BUILD/shim-15.8/gnu-efi/inc/protocol -I/usr/src/azl/BUILD/shim-15.8/include -iquote /usr/src/azl/BUILD/shim-15.8 -iquote /usr/src/azl/BUILD/shim-15.8/build-aa64 -isystem /usr/src/azl/BUILD/shim-15.8/include/system -isystem /usr/lib/gcc/aarch64-unknown-linux-gnu/13.2.0/include -DDEFAULT_LOADER='L"\\\\grubaa64.efi"' -DDEFAULT_LOADER_CHAR='"\\\\grubaa64.efi"' -DEFI_ARCH='L"aa64"' -DDEBUGDIR='L"/usr/lib/debug/usr/share/shim/aa64-15.8/"' -DVENDOR_CERT_FILE=\"/usr/src/azl/SOURCES/azurelinux-ca-20230216.der\" -DGNU_EFI_USE_EXTERNAL_STDARG -Wno-error=pragmas -fpic  -Os -Wall -Wextra -Wno-missing-field-initializers -Werror -fshort-wchar -fno-strict-aliasing -ffreestanding -fno-stack-protector -fno-stack-check -nostdinc   -isystem /usr/src/azl/BUILD/shim-15.8/gnu-efi/../include/system -isystem /usr/lib/gcc/aarch64-unknown-linux-gnu/13.2.0/include -fno-merge-all-constants -Wno-error=pragmas -fpic  -Os -Wall -Wextra -Wno-missing-field-initializers -Werror -fshort-wchar -fno-strict-aliasing -ffreestanding -fno-stack-protector -fno-stack-check -nostdinc   -isystem /usr/src/azl/BUILD/shim-15.8/gnu-efi/../include/system -isystem /usr/lib/gcc/aarch64-unknown-linux-gnu/13.2.0/include -fno-merge-all-constants -DCONFIG_aarch64 -c /usr/src/azl/BUILD/shim-15.8/gnu-efi//lib/print.c -o print.o
gcc -std=gnu11 -ggdb -ffreestanding -fmacro-prefix-map=/usr/src/azl/BUILD/shim-15.8/= -fno-stack-protector -fno-strict-aliasing -fpic -fshort-wchar -Os -Wall -Wextra -Wno-missing-field-initializers  -DMDE_CPU_AARCH64 -DPAGE_SIZE=4096 -mstrict-align -Werror -nostdinc -I/usr/src/azl/BUILD/shim-15.8/Cryptlib -I/usr/src/azl/BUILD/shim-15.8/Cryptlib/Include -I/usr/src/azl/BUILD/shim-15.8/gnu-efi/inc -I/usr/src/azl/BUILD/shim-15.8/gnu-efi/inc/aarch64 -I/usr/src/azl/BUILD/shim-15.8/gnu-efi/inc/protocol -I/usr/src/azl/BUILD/shim-15.8/include -iquote /usr/src/azl/BUILD/shim-15.8 -iquote /usr/src/azl/BUILD/shim-15.8/build-aa64 -isystem /usr/src/azl/BUILD/shim-15.8/include/system -isystem /usr/lib/gcc/aarch64-unknown-linux-gnu/13.2.0/include -DDEFAULT_LOADER='L"\\\\grubaa64.efi"' -DDEFAULT_LOADER_CHAR='"\\\\grubaa64.efi"' -DEFI_ARCH='L"aa64"' -DDEBUGDIR='L"/usr/lib/debug/usr/share/shim/aa64-15.8/"' -DVENDOR_CERT_FILE=\"/usr/src/azl/SOURCES/azurelinux-ca-20230216.der\"   -c -o MokManager.o /usr/src/azl/BUILD/shim-15.8/MokManager.c
gcc -std=gnu11 -ggdb -ffreestanding -fmacro-prefix-map=/usr/src/azl/BUILD/shim-15.8/= -fno-stack-protector -fno-strict-aliasing -fpic -fshort-wchar -nostdinc -Os -Wall -Wextra -Wno-missing-field-initializers -Wno-empty-body -Wno-implicit-fallthrough -Wno-old-style-declaration -Wno-unused-but-set-variable -Wno-unused-parameter -Werror -I/usr/src/azl/BUILD/shim-15.8/Cryptlib/OpenSSL -I/usr/src/azl/BUILD/shim-15.8/Cryptlib -I/usr/src/azl/BUILD/shim-15.8/Cryptlib/OpenSSL/Include/ -I/usr/src/azl/BUILD/shim-15.8/Cryptlib/OpenSSL/crypto -I/usr/src/azl/BUILD/shim-15.8/Cryptlib/Include -I/usr/src/azl/BUILD/shim-15.8/gnu-efi/inc -I/usr/src/azl/BUILD/shim-15.8/gnu-efi/inc/aarch64 -I/usr/src/azl/BUILD/shim-15.8/gnu-efi/inc/protocol -I/usr/src/azl/BUILD/shim-15.8/Cryptlib/OpenSSL/crypto/asn1 -I/usr/src/azl/BUILD/shim-15.8/Cryptlib/OpenSSL/crypto/evp -I/usr/src/azl/BUILD/shim-15.8/Cryptlib/OpenSSL/crypto/modes -I/usr/src/azl/BUILD/shim-15.8/Cryptlib/OpenSSL/crypto/include -isystem /usr/src/azl/BUILD/shim-15.8/include/system -isystem /usr/lib/gcc/aarch64-unknown-linux-gnu/13.2.0/include -DL_ENDIAN -D_CRT_SECURE_NO_DEPRECATE -D_CRT_NONSTDC_NO_DEPRECATE -DOPENSSL_SMALL_FOOTPRINT -DPEDANTIC -DMDE_CPU_AARCH64   -c -o crypto/hmac/hm_pmeth.o /usr/src/azl/BUILD/shim-15.8/Cryptlib/OpenSSL/crypto/hmac/hm_pmeth.c
gcc -I/usr/src/azl/BUILD/shim-15.8/gnu-efi//lib -I/usr/src/azl/BUILD/shim-15.8/gnu-efi/inc -I/usr/src/azl/BUILD/shim-15.8/gnu-efi/inc/aarch64 -I/usr/src/azl/BUILD/shim-15.8/gnu-efi/inc/protocol -std=gnu11 -ggdb -ffreestanding -fmacro-prefix-map=/usr/src/azl/BUILD/shim-15.8/= -fno-stack-protector -fno-strict-aliasing -fpic -fshort-wchar -Os -Wall -Wextra -Wno-missing-field-initializers  -DMDE_CPU_AARCH64 -DPAGE_SIZE=4096 -mstrict-align -Werror -nostdinc -I/usr/src/azl/BUILD/shim-15.8/Cryptlib -I/usr/src/azl/BUILD/shim-15.8/Cryptlib/Include -I/usr/src/azl/BUILD/shim-15.8/gnu-efi/inc -I/usr/src/azl/BUILD/shim-15.8/gnu-efi/inc/aarch64 -I/usr/src/azl/BUILD/shim-15.8/gnu-efi/inc/protocol -I/usr/src/azl/BUILD/shim-15.8/include -iquote /usr/src/azl/BUILD/shim-15.8 -iquote /usr/src/azl/BUILD/shim-15.8/build-aa64 -isystem /usr/src/azl/BUILD/shim-15.8/include/system -isystem /usr/lib/gcc/aarch64-unknown-linux-gnu/13.2.0/include -DDEFAULT_LOADER='L"\\\\grubaa64.efi"' -DDEFAULT_LOADER_CHAR='"\\\\grubaa64.efi"' -DEFI_ARCH='L"aa64"' -DDEBUGDIR='L"/usr/lib/debug/usr/share/shim/aa64-15.8/"' -DVENDOR_CERT_FILE=\"/usr/src/azl/SOURCES/azurelinux-ca-20230216.der\" -DGNU_EFI_USE_EXTERNAL_STDARG -Wno-error=pragmas -fpic  -Os -Wall -Wextra -Wno-missing-field-initializers -Werror -fshort-wchar -fno-strict-aliasing -ffreestanding -fno-stack-protector -fno-stack-check -nostdinc   -isystem /usr/src/azl/BUILD/shim-15.8/gnu-efi/../include/system -isystem /usr/lib/gcc/aarch64-unknown-linux-gnu/13.2.0/include -fno-merge-all-constants -Wno-error=pragmas -fpic  -Os -Wall -Wextra -Wno-missing-field-initializers -Werror -fshort-wchar -fno-strict-aliasing -ffreestanding -fno-stack-protector -fno-stack-check -nostdinc   -isystem /usr/src/azl/BUILD/shim-15.8/gnu-efi/../include/system -isystem /usr/lib/gcc/aarch64-unknown-linux-gnu/13.2.0/include -fno-merge-all-constants -DCONFIG_aarch64 -c /usr/src/azl/BUILD/shim-15.8/gnu-efi//lib/sread.c -o sread.o
gcc -std=gnu11 -ggdb -ffreestanding -fmacro-prefix-map=/usr/src/azl/BUILD/shim-15.8/= -fno-stack-protector -fno-strict-aliasing -fpic -fshort-wchar -nostdinc -Os -Wall -Wextra -Wno-missing-field-initializers -Wno-empty-body -Wno-implicit-fallthrough -Wno-old-style-declaration -Wno-unused-but-set-variable -Wno-unused-parameter -Werror -I/usr/src/azl/BUILD/shim-15.8/Cryptlib/OpenSSL -I/usr/src/azl/BUILD/shim-15.8/Cryptlib -I/usr/src/azl/BUILD/shim-15.8/Cryptlib/OpenSSL/Include/ -I/usr/src/azl/BUILD/shim-15.8/Cryptlib/OpenSSL/crypto -I/usr/src/azl/BUILD/shim-15.8/Cryptlib/Include -I/usr/src/azl/BUILD/shim-15.8/gnu-efi/inc -I/usr/src/azl/BUILD/shim-15.8/gnu-efi/inc/aarch64 -I/usr/src/azl/BUILD/shim-15.8/gnu-efi/inc/protocol -I/usr/src/azl/BUILD/shim-15.8/Cryptlib/OpenSSL/crypto/asn1 -I/usr/src/azl/BUILD/shim-15.8/Cryptlib/OpenSSL/crypto/evp -I/usr/src/azl/BUILD/shim-15.8/Cryptlib/OpenSSL/crypto/modes -I/usr/src/azl/BUILD/shim-15.8/Cryptlib/OpenSSL/crypto/include -isystem /usr/src/azl/BUILD/shim-15.8/include/system -isystem /usr/lib/gcc/aarch64-unknown-linux-gnu/13.2.0/include -DL_ENDIAN -D_CRT_SECURE_NO_DEPRECATE -D_CRT_NONSTDC_NO_DEPRECATE -DOPENSSL_SMALL_FOOTPRINT -DPEDANTIC -DMDE_CPU_AARCH64   -c -o crypto/rc4/rc4_enc.o /usr/src/azl/BUILD/shim-15.8/Cryptlib/OpenSSL/crypto/rc4/rc4_enc.c
gcc -I/usr/src/azl/BUILD/shim-15.8/gnu-efi//lib -I/usr/src/azl/BUILD/shim-15.8/gnu-efi/inc -I/usr/src/azl/BUILD/shim-15.8/gnu-efi/inc/aarch64 -I/usr/src/azl/BUILD/shim-15.8/gnu-efi/inc/protocol -std=gnu11 -ggdb -ffreestanding -fmacro-prefix-map=/usr/src/azl/BUILD/shim-15.8/= -fno-stack-protector -fno-strict-aliasing -fpic -fshort-wchar -Os -Wall -Wextra -Wno-missing-field-initializers  -DMDE_CPU_AARCH64 -DPAGE_SIZE=4096 -mstrict-align -Werror -nostdinc -I/usr/src/azl/BUILD/shim-15.8/Cryptlib -I/usr/src/azl/BUILD/shim-15.8/Cryptlib/Include -I/usr/src/azl/BUILD/shim-15.8/gnu-efi/inc -I/usr/src/azl/BUILD/shim-15.8/gnu-efi/inc/aarch64 -I/usr/src/azl/BUILD/shim-15.8/gnu-efi/inc/protocol -I/usr/src/azl/BUILD/shim-15.8/include -iquote /usr/src/azl/BUILD/shim-15.8 -iquote /usr/src/azl/BUILD/shim-15.8/build-aa64 -isystem /usr/src/azl/BUILD/shim-15.8/include/system -isystem /usr/lib/gcc/aarch64-unknown-linux-gnu/13.2.0/include -DDEFAULT_LOADER='L"\\\\grubaa64.efi"' -DDEFAULT_LOADER_CHAR='"\\\\grubaa64.efi"' -DEFI_ARCH='L"aa64"' -DDEBUGDIR='L"/usr/lib/debug/usr/share/shim/aa64-15.8/"' -DVENDOR_CERT_FILE=\"/usr/src/azl/SOURCES/azurelinux-ca-20230216.der\" -DGNU_EFI_USE_EXTERNAL_STDARG -Wno-error=pragmas -fpic  -Os -Wall -Wextra -Wno-missing-field-initializers -Werror -fshort-wchar -fno-strict-aliasing -ffreestanding -fno-stack-protector -fno-stack-check -nostdinc   -isystem /usr/src/azl/BUILD/shim-15.8/gnu-efi/../include/system -isystem /usr/lib/gcc/aarch64-unknown-linux-gnu/13.2.0/include -fno-merge-all-constants -Wno-error=pragmas -fpic  -Os -Wall -Wextra -Wno-missing-field-initializers -Werror -fshort-wchar -fno-strict-aliasing -ffreestanding -fno-stack-protector -fno-stack-check -nostdinc   -isystem /usr/src/azl/BUILD/shim-15.8/gnu-efi/../include/system -isystem /usr/lib/gcc/aarch64-unknown-linux-gnu/13.2.0/include -fno-merge-all-constants -DCONFIG_aarch64 -c /usr/src/azl/BUILD/shim-15.8/gnu-efi//lib/sread.c -o sread.o
gcc -I/usr/src/azl/BUILD/shim-15.8/gnu-efi//lib -I/usr/src/azl/BUILD/shim-15.8/gnu-efi/inc -I/usr/src/azl/BUILD/shim-15.8/gnu-efi/inc/aarch64 -I/usr/src/azl/BUILD/shim-15.8/gnu-efi/inc/protocol -std=gnu11 -ggdb -ffreestanding -fmacro-prefix-map=/usr/src/azl/BUILD/shim-15.8/= -fno-stack-protector -fno-strict-aliasing -fpic -fshort-wchar -Os -Wall -Wextra -Wno-missing-field-initializers  -DMDE_CPU_AARCH64 -DPAGE_SIZE=4096 -mstrict-align -Werror -nostdinc -I/usr/src/azl/BUILD/shim-15.8/Cryptlib -I/usr/src/azl/BUILD/shim-15.8/Cryptlib/Include -I/usr/src/azl/BUILD/shim-15.8/gnu-efi/inc -I/usr/src/azl/BUILD/shim-15.8/gnu-efi/inc/aarch64 -I/usr/src/azl/BUILD/shim-15.8/gnu-efi/inc/protocol -I/usr/src/azl/BUILD/shim-15.8/include -iquote /usr/src/azl/BUILD/shim-15.8 -iquote /usr/src/azl/BUILD/shim-15.8/build-aa64 -isystem /usr/src/azl/BUILD/shim-15.8/include/system -isystem /usr/lib/gcc/aarch64-unknown-linux-gnu/13.2.0/include -DDEFAULT_LOADER='L"\\\\grubaa64.efi"' -DDEFAULT_LOADER_CHAR='"\\\\grubaa64.efi"' -DEFI_ARCH='L"aa64"' -DDEBUGDIR='L"/usr/lib/debug/usr/share/shim/aa64-15.8/"' -DVENDOR_CERT_FILE=\"/usr/src/azl/SOURCES/azurelinux-ca-20230216.der\" -DGNU_EFI_USE_EXTERNAL_STDARG -Wno-error=pragmas -fpic  -Os -Wall -Wextra -Wno-missing-field-initializers -Werror -fshort-wchar -fno-strict-aliasing -ffreestanding -fno-stack-protector -fno-stack-check -nostdinc   -isystem /usr/src/azl/BUILD/shim-15.8/gnu-efi/../include/system -isystem /usr/lib/gcc/aarch64-unknown-linux-gnu/13.2.0/include -fno-merge-all-constants -Wno-error=pragmas -fpic  -Os -Wall -Wextra -Wno-missing-field-initializers -Werror -fshort-wchar -fno-strict-aliasing -ffreestanding -fno-stack-protector -fno-stack-check -nostdinc   -isystem /usr/src/azl/BUILD/shim-15.8/gnu-efi/../include/system -isystem /usr/lib/gcc/aarch64-unknown-linux-gnu/13.2.0/include -fno-merge-all-constants -DCONFIG_aarch64 -c /usr/src/azl/BUILD/shim-15.8/gnu-efi//lib/str.c -o str.o
gcc -std=gnu11 -ggdb -ffreestanding -fmacro-prefix-map=/usr/src/azl/BUILD/shim-15.8/= -fno-stack-protector -fno-strict-aliasing -fpic -fshort-wchar -nostdinc -Os -Wall -Wextra -Wno-missing-field-initializers -Wno-empty-body -Wno-implicit-fallthrough -Wno-old-style-declaration -Wno-unused-but-set-variable -Wno-unused-parameter -Werror -I/usr/src/azl/BUILD/shim-15.8/Cryptlib/OpenSSL -I/usr/src/azl/BUILD/shim-15.8/Cryptlib -I/usr/src/azl/BUILD/shim-15.8/Cryptlib/OpenSSL/Include/ -I/usr/src/azl/BUILD/shim-15.8/Cryptlib/OpenSSL/crypto -I/usr/src/azl/BUILD/shim-15.8/Cryptlib/Include -I/usr/src/azl/BUILD/shim-15.8/gnu-efi/inc -I/usr/src/azl/BUILD/shim-15.8/gnu-efi/inc/aarch64 -I/usr/src/azl/BUILD/shim-15.8/gnu-efi/inc/protocol -I/usr/src/azl/BUILD/shim-15.8/Cryptlib/OpenSSL/crypto/asn1 -I/usr/src/azl/BUILD/shim-15.8/Cryptlib/OpenSSL/crypto/evp -I/usr/src/azl/BUILD/shim-15.8/Cryptlib/OpenSSL/crypto/modes -I/usr/src/azl/BUILD/shim-15.8/Cryptlib/OpenSSL/crypto/include -isystem /usr/src/azl/BUILD/shim-15.8/include/system -isystem /usr/lib/gcc/aarch64-unknown-linux-gnu/13.2.0/include -DL_ENDIAN -D_CRT_SECURE_NO_DEPRECATE -D_CRT_NONSTDC_NO_DEPRECATE -DOPENSSL_SMALL_FOOTPRINT -DPEDANTIC -DMDE_CPU_AARCH64   -c -o crypto/rc4/rc4_skey.o /usr/src/azl/BUILD/shim-15.8/Cryptlib/OpenSSL/crypto/rc4/rc4_skey.c
gcc -I/usr/src/azl/BUILD/shim-15.8/gnu-efi//lib -I/usr/src/azl/BUILD/shim-15.8/gnu-efi/inc -I/usr/src/azl/BUILD/shim-15.8/gnu-efi/inc/aarch64 -I/usr/src/azl/BUILD/shim-15.8/gnu-efi/inc/protocol -std=gnu11 -ggdb -ffreestanding -fmacro-prefix-map=/usr/src/azl/BUILD/shim-15.8/= -fno-stack-protector -fno-strict-aliasing -fpic -fshort-wchar -Os -Wall -Wextra -Wno-missing-field-initializers  -DMDE_CPU_AARCH64 -DPAGE_SIZE=4096 -mstrict-align -Werror -nostdinc -I/usr/src/azl/BUILD/shim-15.8/Cryptlib -I/usr/src/azl/BUILD/shim-15.8/Cryptlib/Include -I/usr/src/azl/BUILD/shim-15.8/gnu-efi/inc -I/usr/src/azl/BUILD/shim-15.8/gnu-efi/inc/aarch64 -I/usr/src/azl/BUILD/shim-15.8/gnu-efi/inc/protocol -I/usr/src/azl/BUILD/shim-15.8/include -iquote /usr/src/azl/BUILD/shim-15.8 -iquote /usr/src/azl/BUILD/shim-15.8/build-aa64 -isystem /usr/src/azl/BUILD/shim-15.8/include/system -isystem /usr/lib/gcc/aarch64-unknown-linux-gnu/13.2.0/include -DDEFAULT_LOADER='L"\\\\grubaa64.efi"' -DDEFAULT_LOADER_CHAR='"\\\\grubaa64.efi"' -DEFI_ARCH='L"aa64"' -DDEBUGDIR='L"/usr/lib/debug/usr/share/shim/aa64-15.8/"' -DVENDOR_CERT_FILE=\"/usr/src/azl/SOURCES/azurelinux-ca-20230216.der\" -DGNU_EFI_USE_EXTERNAL_STDARG -Wno-error=pragmas -fpic  -Os -Wall -Wextra -Wno-missing-field-initializers -Werror -fshort-wchar -fno-strict-aliasing -ffreestanding -fno-stack-protector -fno-stack-check -nostdinc   -isystem /usr/src/azl/BUILD/shim-15.8/gnu-efi/../include/system -isystem /usr/lib/gcc/aarch64-unknown-linux-gnu/13.2.0/include -fno-merge-all-constants -Wno-error=pragmas -fpic  -Os -Wall -Wextra -Wno-missing-field-initializers -Werror -fshort-wchar -fno-strict-aliasing -ffreestanding -fno-stack-protector -fno-stack-check -nostdinc   -isystem /usr/src/azl/BUILD/shim-15.8/gnu-efi/../include/system -isystem /usr/lib/gcc/aarch64-unknown-linux-gnu/13.2.0/include -fno-merge-all-constants -DCONFIG_aarch64 -c /usr/src/azl/BUILD/shim-15.8/gnu-efi//lib/str.c -o str.o
gcc -std=gnu11 -ggdb -ffreestanding -fmacro-prefix-map=/usr/src/azl/BUILD/shim-15.8/= -fno-stack-protector -fno-strict-aliasing -fpic -fshort-wchar -nostdinc -Os -Wall -Wextra -Wno-missing-field-initializers -Wno-empty-body -Wno-implicit-fallthrough -Wno-old-style-declaration -Wno-unused-but-set-variable -Wno-unused-parameter -Werror -I/usr/src/azl/BUILD/shim-15.8/Cryptlib/OpenSSL -I/usr/src/azl/BUILD/shim-15.8/Cryptlib -I/usr/src/azl/BUILD/shim-15.8/Cryptlib/OpenSSL/Include/ -I/usr/src/azl/BUILD/shim-15.8/Cryptlib/OpenSSL/crypto -I/usr/src/azl/BUILD/shim-15.8/Cryptlib/Include -I/usr/src/azl/BUILD/shim-15.8/gnu-efi/inc -I/usr/src/azl/BUILD/shim-15.8/gnu-efi/inc/aarch64 -I/usr/src/azl/BUILD/shim-15.8/gnu-efi/inc/protocol -I/usr/src/azl/BUILD/shim-15.8/Cryptlib/OpenSSL/crypto/asn1 -I/usr/src/azl/BUILD/shim-15.8/Cryptlib/OpenSSL/crypto/evp -I/usr/src/azl/BUILD/shim-15.8/Cryptlib/OpenSSL/crypto/modes -I/usr/src/azl/BUILD/shim-15.8/Cryptlib/OpenSSL/crypto/include -isystem /usr/src/azl/BUILD/shim-15.8/include/system -isystem /usr/lib/gcc/aarch64-unknown-linux-gnu/13.2.0/include -DL_ENDIAN -D_CRT_SECURE_NO_DEPRECATE -D_CRT_NONSTDC_NO_DEPRECATE -DOPENSSL_SMALL_FOOTPRINT -DPEDANTIC -DMDE_CPU_AARCH64   -c -o crypto/rc4/rc4_utl.o /usr/src/azl/BUILD/shim-15.8/Cryptlib/OpenSSL/crypto/rc4/rc4_utl.c
gcc -I/usr/src/azl/BUILD/shim-15.8/gnu-efi//lib -I/usr/src/azl/BUILD/shim-15.8/gnu-efi/inc -I/usr/src/azl/BUILD/shim-15.8/gnu-efi/inc/aarch64 -I/usr/src/azl/BUILD/shim-15.8/gnu-efi/inc/protocol -std=gnu11 -ggdb -ffreestanding -fmacro-prefix-map=/usr/src/azl/BUILD/shim-15.8/= -fno-stack-protector -fno-strict-aliasing -fpic -fshort-wchar -Os -Wall -Wextra -Wno-missing-field-initializers  -DMDE_CPU_AARCH64 -DPAGE_SIZE=4096 -mstrict-align -Werror -nostdinc -I/usr/src/azl/BUILD/shim-15.8/Cryptlib -I/usr/src/azl/BUILD/shim-15.8/Cryptlib/Include -I/usr/src/azl/BUILD/shim-15.8/gnu-efi/inc -I/usr/src/azl/BUILD/shim-15.8/gnu-efi/inc/aarch64 -I/usr/src/azl/BUILD/shim-15.8/gnu-efi/inc/protocol -I/usr/src/azl/BUILD/shim-15.8/include -iquote /usr/src/azl/BUILD/shim-15.8 -iquote /usr/src/azl/BUILD/shim-15.8/build-aa64 -isystem /usr/src/azl/BUILD/shim-15.8/include/system -isystem /usr/lib/gcc/aarch64-unknown-linux-gnu/13.2.0/include -DDEFAULT_LOADER='L"\\\\grubaa64.efi"' -DDEFAULT_LOADER_CHAR='"\\\\grubaa64.efi"' -DEFI_ARCH='L"aa64"' -DDEBUGDIR='L"/usr/lib/debug/usr/share/shim/aa64-15.8/"' -DVENDOR_CERT_FILE=\"/usr/src/azl/SOURCES/azurelinux-ca-20230216.der\" -DGNU_EFI_USE_EXTERNAL_STDARG -Wno-error=pragmas -fpic  -Os -Wall -Wextra -Wno-missing-field-initializers -Werror -fshort-wchar -fno-strict-aliasing -ffreestanding -fno-stack-protector -fno-stack-check -nostdinc   -isystem /usr/src/azl/BUILD/shim-15.8/gnu-efi/../include/system -isystem /usr/lib/gcc/aarch64-unknown-linux-gnu/13.2.0/include -fno-merge-all-constants -Wno-error=pragmas -fpic  -Os -Wall -Wextra -Wno-missing-field-initializers -Werror -fshort-wchar -fno-strict-aliasing -ffreestanding -fno-stack-protector -fno-stack-check -nostdinc   -isystem /usr/src/azl/BUILD/shim-15.8/gnu-efi/../include/system -isystem /usr/lib/gcc/aarch64-unknown-linux-gnu/13.2.0/include -fno-merge-all-constants -DCONFIG_aarch64 -c /usr/src/azl/BUILD/shim-15.8/gnu-efi//lib/cmdline.c -o cmdline.o
gcc -std=gnu11 -ggdb -ffreestanding -fmacro-prefix-map=/usr/src/azl/BUILD/shim-15.8/= -fno-stack-protector -fno-strict-aliasing -fpic -fshort-wchar -nostdinc -Os -Wall -Wextra -Wno-missing-field-initializers -Wno-empty-body -Wno-implicit-fallthrough -Wno-old-style-declaration -Wno-unused-but-set-variable -Wno-unused-parameter -Werror -I/usr/src/azl/BUILD/shim-15.8/Cryptlib/OpenSSL -I/usr/src/azl/BUILD/shim-15.8/Cryptlib -I/usr/src/azl/BUILD/shim-15.8/Cryptlib/OpenSSL/Include/ -I/usr/src/azl/BUILD/shim-15.8/Cryptlib/OpenSSL/crypto -I/usr/src/azl/BUILD/shim-15.8/Cryptlib/Include -I/usr/src/azl/BUILD/shim-15.8/gnu-efi/inc -I/usr/src/azl/BUILD/shim-15.8/gnu-efi/inc/aarch64 -I/usr/src/azl/BUILD/shim-15.8/gnu-efi/inc/protocol -I/usr/src/azl/BUILD/shim-15.8/Cryptlib/OpenSSL/crypto/asn1 -I/usr/src/azl/BUILD/shim-15.8/Cryptlib/OpenSSL/crypto/evp -I/usr/src/azl/BUILD/shim-15.8/Cryptlib/OpenSSL/crypto/modes -I/usr/src/azl/BUILD/shim-15.8/Cryptlib/OpenSSL/crypto/include -isystem /usr/src/azl/BUILD/shim-15.8/include/system -isystem /usr/lib/gcc/aarch64-unknown-linux-gnu/13.2.0/include -DL_ENDIAN -D_CRT_SECURE_NO_DEPRECATE -D_CRT_NONSTDC_NO_DEPRECATE -DOPENSSL_SMALL_FOOTPRINT -DPEDANTIC -DMDE_CPU_AARCH64   -c -o crypto/aes/aes_misc.o /usr/src/azl/BUILD/shim-15.8/Cryptlib/OpenSSL/crypto/aes/aes_misc.c
gcc -std=gnu11 -ggdb -ffreestanding -fmacro-prefix-map=/usr/src/azl/BUILD/shim-15.8/= -fno-stack-protector -fno-strict-aliasing -fpic -fshort-wchar -nostdinc -Os -Wall -Wextra -Wno-missing-field-initializers -Wno-empty-body -Wno-implicit-fallthrough -Wno-old-style-declaration -Wno-unused-but-set-variable -Wno-unused-parameter -Werror -I/usr/src/azl/BUILD/shim-15.8/Cryptlib/OpenSSL -I/usr/src/azl/BUILD/shim-15.8/Cryptlib -I/usr/src/azl/BUILD/shim-15.8/Cryptlib/OpenSSL/Include/ -I/usr/src/azl/BUILD/shim-15.8/Cryptlib/OpenSSL/crypto -I/usr/src/azl/BUILD/shim-15.8/Cryptlib/Include -I/usr/src/azl/BUILD/shim-15.8/gnu-efi/inc -I/usr/src/azl/BUILD/shim-15.8/gnu-efi/inc/aarch64 -I/usr/src/azl/BUILD/shim-15.8/gnu-efi/inc/protocol -I/usr/src/azl/BUILD/shim-15.8/Cryptlib/OpenSSL/crypto/asn1 -I/usr/src/azl/BUILD/shim-15.8/Cryptlib/OpenSSL/crypto/evp -I/usr/src/azl/BUILD/shim-15.8/Cryptlib/OpenSSL/crypto/modes -I/usr/src/azl/BUILD/shim-15.8/Cryptlib/OpenSSL/crypto/include -isystem /usr/src/azl/BUILD/shim-15.8/include/system -isystem /usr/lib/gcc/aarch64-unknown-linux-gnu/13.2.0/include -DL_ENDIAN -D_CRT_SECURE_NO_DEPRECATE -D_CRT_NONSTDC_NO_DEPRECATE -DOPENSSL_SMALL_FOOTPRINT -DPEDANTIC -DMDE_CPU_AARCH64   -c -o crypto/aes/aes_ecb.o /usr/src/azl/BUILD/shim-15.8/Cryptlib/OpenSSL/crypto/aes/aes_ecb.c
gcc -I/usr/src/azl/BUILD/shim-15.8/gnu-efi//lib -I/usr/src/azl/BUILD/shim-15.8/gnu-efi/inc -I/usr/src/azl/BUILD/shim-15.8/gnu-efi/inc/aarch64 -I/usr/src/azl/BUILD/shim-15.8/gnu-efi/inc/protocol -std=gnu11 -ggdb -ffreestanding -fmacro-prefix-map=/usr/src/azl/BUILD/shim-15.8/= -fno-stack-protector -fno-strict-aliasing -fpic -fshort-wchar -Os -Wall -Wextra -Wno-missing-field-initializers  -DMDE_CPU_AARCH64 -DPAGE_SIZE=4096 -mstrict-align -Werror -nostdinc -I/usr/src/azl/BUILD/shim-15.8/Cryptlib -I/usr/src/azl/BUILD/shim-15.8/Cryptlib/Include -I/usr/src/azl/BUILD/shim-15.8/gnu-efi/inc -I/usr/src/azl/BUILD/shim-15.8/gnu-efi/inc/aarch64 -I/usr/src/azl/BUILD/shim-15.8/gnu-efi/inc/protocol -I/usr/src/azl/BUILD/shim-15.8/include -iquote /usr/src/azl/BUILD/shim-15.8 -iquote /usr/src/azl/BUILD/shim-15.8/build-aa64 -isystem /usr/src/azl/BUILD/shim-15.8/include/system -isystem /usr/lib/gcc/aarch64-unknown-linux-gnu/13.2.0/include -DDEFAULT_LOADER='L"\\\\grubaa64.efi"' -DDEFAULT_LOADER_CHAR='"\\\\grubaa64.efi"' -DEFI_ARCH='L"aa64"' -DDEBUGDIR='L"/usr/lib/debug/usr/share/shim/aa64-15.8/"' -DVENDOR_CERT_FILE=\"/usr/src/azl/SOURCES/azurelinux-ca-20230216.der\" -DGNU_EFI_USE_EXTERNAL_STDARG -Wno-error=pragmas -fpic  -Os -Wall -Wextra -Wno-missing-field-initializers -Werror -fshort-wchar -fno-strict-aliasing -ffreestanding -fno-stack-protector -fno-stack-check -nostdinc   -isystem /usr/src/azl/BUILD/shim-15.8/gnu-efi/../include/system -isystem /usr/lib/gcc/aarch64-unknown-linux-gnu/13.2.0/include -fno-merge-all-constants -Wno-error=pragmas -fpic  -Os -Wall -Wextra -Wno-missing-field-initializers -Werror -fshort-wchar -fno-strict-aliasing -ffreestanding -fno-stack-protector -fno-stack-check -nostdinc   -isystem /usr/src/azl/BUILD/shim-15.8/gnu-efi/../include/system -isystem /usr/lib/gcc/aarch64-unknown-linux-gnu/13.2.0/include -fno-merge-all-constants -DCONFIG_aarch64 -c /usr/src/azl/BUILD/shim-15.8/gnu-efi//lib/runtime/rtlock.c -o runtime/rtlock.o
gcc -I/usr/src/azl/BUILD/shim-15.8/gnu-efi//lib -I/usr/src/azl/BUILD/shim-15.8/gnu-efi/inc -I/usr/src/azl/BUILD/shim-15.8/gnu-efi/inc/aarch64 -I/usr/src/azl/BUILD/shim-15.8/gnu-efi/inc/protocol -std=gnu11 -ggdb -ffreestanding -fmacro-prefix-map=/usr/src/azl/BUILD/shim-15.8/= -fno-stack-protector -fno-strict-aliasing -fpic -fshort-wchar -Os -Wall -Wextra -Wno-missing-field-initializers  -DMDE_CPU_AARCH64 -DPAGE_SIZE=4096 -mstrict-align -Werror -nostdinc -I/usr/src/azl/BUILD/shim-15.8/Cryptlib -I/usr/src/azl/BUILD/shim-15.8/Cryptlib/Include -I/usr/src/azl/BUILD/shim-15.8/gnu-efi/inc -I/usr/src/azl/BUILD/shim-15.8/gnu-efi/inc/aarch64 -I/usr/src/azl/BUILD/shim-15.8/gnu-efi/inc/protocol -I/usr/src/azl/BUILD/shim-15.8/include -iquote /usr/src/azl/BUILD/shim-15.8 -iquote /usr/src/azl/BUILD/shim-15.8/build-aa64 -isystem /usr/src/azl/BUILD/shim-15.8/include/system -isystem /usr/lib/gcc/aarch64-unknown-linux-gnu/13.2.0/include -DDEFAULT_LOADER='L"\\\\grubaa64.efi"' -DDEFAULT_LOADER_CHAR='"\\\\grubaa64.efi"' -DEFI_ARCH='L"aa64"' -DDEBUGDIR='L"/usr/lib/debug/usr/share/shim/aa64-15.8/"' -DVENDOR_CERT_FILE=\"/usr/src/azl/SOURCES/azurelinux-ca-20230216.der\" -DGNU_EFI_USE_EXTERNAL_STDARG -Wno-error=pragmas -fpic  -Os -Wall -Wextra -Wno-missing-field-initializers -Werror -fshort-wchar -fno-strict-aliasing -ffreestanding -fno-stack-protector -fno-stack-check -nostdinc   -isystem /usr/src/azl/BUILD/shim-15.8/gnu-efi/../include/system -isystem /usr/lib/gcc/aarch64-unknown-linux-gnu/13.2.0/include -fno-merge-all-constants -Wno-error=pragmas -fpic  -Os -Wall -Wextra -Wno-missing-field-initializers -Werror -fshort-wchar -fno-strict-aliasing -ffreestanding -fno-stack-protector -fno-stack-check -nostdinc   -isystem /usr/src/azl/BUILD/shim-15.8/gnu-efi/../include/system -isystem /usr/lib/gcc/aarch64-unknown-linux-gnu/13.2.0/include -fno-merge-all-constants -DCONFIG_aarch64 -c /usr/src/azl/BUILD/shim-15.8/gnu-efi//lib/cmdline.c -o cmdline.o
gcc -std=gnu11 -ggdb -ffreestanding -fmacro-prefix-map=/usr/src/azl/BUILD/shim-15.8/= -fno-stack-protector -fno-strict-aliasing -fpic -fshort-wchar -nostdinc -Os -Wall -Wextra -Wno-missing-field-initializers -Wno-empty-body -Wno-implicit-fallthrough -Wno-old-style-declaration -Wno-unused-but-set-variable -Wno-unused-parameter -Werror -I/usr/src/azl/BUILD/shim-15.8/Cryptlib/OpenSSL -I/usr/src/azl/BUILD/shim-15.8/Cryptlib -I/usr/src/azl/BUILD/shim-15.8/Cryptlib/OpenSSL/Include/ -I/usr/src/azl/BUILD/shim-15.8/Cryptlib/OpenSSL/crypto -I/usr/src/azl/BUILD/shim-15.8/Cryptlib/Include -I/usr/src/azl/BUILD/shim-15.8/gnu-efi/inc -I/usr/src/azl/BUILD/shim-15.8/gnu-efi/inc/aarch64 -I/usr/src/azl/BUILD/shim-15.8/gnu-efi/inc/protocol -I/usr/src/azl/BUILD/shim-15.8/Cryptlib/OpenSSL/crypto/asn1 -I/usr/src/azl/BUILD/shim-15.8/Cryptlib/OpenSSL/crypto/evp -I/usr/src/azl/BUILD/shim-15.8/Cryptlib/OpenSSL/crypto/modes -I/usr/src/azl/BUILD/shim-15.8/Cryptlib/OpenSSL/crypto/include -isystem /usr/src/azl/BUILD/shim-15.8/include/system -isystem /usr/lib/gcc/aarch64-unknown-linux-gnu/13.2.0/include -DL_ENDIAN -D_CRT_SECURE_NO_DEPRECATE -D_CRT_NONSTDC_NO_DEPRECATE -DOPENSSL_SMALL_FOOTPRINT -DPEDANTIC -DMDE_CPU_AARCH64   -c -o crypto/aes/aes_cfb.o /usr/src/azl/BUILD/shim-15.8/Cryptlib/OpenSSL/crypto/aes/aes_cfb.c
gcc -I/usr/src/azl/BUILD/shim-15.8/gnu-efi//lib -I/usr/src/azl/BUILD/shim-15.8/gnu-efi/inc -I/usr/src/azl/BUILD/shim-15.8/gnu-efi/inc/aarch64 -I/usr/src/azl/BUILD/shim-15.8/gnu-efi/inc/protocol -std=gnu11 -ggdb -ffreestanding -fmacro-prefix-map=/usr/src/azl/BUILD/shim-15.8/= -fno-stack-protector -fno-strict-aliasing -fpic -fshort-wchar -Os -Wall -Wextra -Wno-missing-field-initializers  -DMDE_CPU_AARCH64 -DPAGE_SIZE=4096 -mstrict-align -Werror -nostdinc -I/usr/src/azl/BUILD/shim-15.8/Cryptlib -I/usr/src/azl/BUILD/shim-15.8/Cryptlib/Include -I/usr/src/azl/BUILD/shim-15.8/gnu-efi/inc -I/usr/src/azl/BUILD/shim-15.8/gnu-efi/inc/aarch64 -I/usr/src/azl/BUILD/shim-15.8/gnu-efi/inc/protocol -I/usr/src/azl/BUILD/shim-15.8/include -iquote /usr/src/azl/BUILD/shim-15.8 -iquote /usr/src/azl/BUILD/shim-15.8/build-aa64 -isystem /usr/src/azl/BUILD/shim-15.8/include/system -isystem /usr/lib/gcc/aarch64-unknown-linux-gnu/13.2.0/include -DDEFAULT_LOADER='L"\\\\grubaa64.efi"' -DDEFAULT_LOADER_CHAR='"\\\\grubaa64.efi"' -DEFI_ARCH='L"aa64"' -DDEBUGDIR='L"/usr/lib/debug/usr/share/shim/aa64-15.8/"' -DVENDOR_CERT_FILE=\"/usr/src/azl/SOURCES/azurelinux-ca-20230216.der\" -DGNU_EFI_USE_EXTERNAL_STDARG -Wno-error=pragmas -fpic  -Os -Wall -Wextra -Wno-missing-field-initializers -Werror -fshort-wchar -fno-strict-aliasing -ffreestanding -fno-stack-protector -fno-stack-check -nostdinc   -isystem /usr/src/azl/BUILD/shim-15.8/gnu-efi/../include/system -isystem /usr/lib/gcc/aarch64-unknown-linux-gnu/13.2.0/include -fno-merge-all-constants -Wno-error=pragmas -fpic  -Os -Wall -Wextra -Wno-missing-field-initializers -Werror -fshort-wchar -fno-strict-aliasing -ffreestanding -fno-stack-protector -fno-stack-check -nostdinc   -isystem /usr/src/azl/BUILD/shim-15.8/gnu-efi/../include/system -isystem /usr/lib/gcc/aarch64-unknown-linux-gnu/13.2.0/include -fno-merge-all-constants -DCONFIG_aarch64 -c /usr/src/azl/BUILD/shim-15.8/gnu-efi//lib/runtime/efirtlib.c -o runtime/efirtlib.o
gcc -std=gnu11 -ggdb -ffreestanding -fmacro-prefix-map=/usr/src/azl/BUILD/shim-15.8/= -fno-stack-protector -fno-strict-aliasing -fpic -fshort-wchar -nostdinc -Os -Wall -Wextra -Wno-missing-field-initializers -Wno-empty-body -Wno-implicit-fallthrough -Wno-old-style-declaration -Wno-unused-but-set-variable -Wno-unused-parameter -Werror -I/usr/src/azl/BUILD/shim-15.8/Cryptlib/OpenSSL -I/usr/src/azl/BUILD/shim-15.8/Cryptlib -I/usr/src/azl/BUILD/shim-15.8/Cryptlib/OpenSSL/Include/ -I/usr/src/azl/BUILD/shim-15.8/Cryptlib/OpenSSL/crypto -I/usr/src/azl/BUILD/shim-15.8/Cryptlib/Include -I/usr/src/azl/BUILD/shim-15.8/gnu-efi/inc -I/usr/src/azl/BUILD/shim-15.8/gnu-efi/inc/aarch64 -I/usr/src/azl/BUILD/shim-15.8/gnu-efi/inc/protocol -I/usr/src/azl/BUILD/shim-15.8/Cryptlib/OpenSSL/crypto/asn1 -I/usr/src/azl/BUILD/shim-15.8/Cryptlib/OpenSSL/crypto/evp -I/usr/src/azl/BUILD/shim-15.8/Cryptlib/OpenSSL/crypto/modes -I/usr/src/azl/BUILD/shim-15.8/Cryptlib/OpenSSL/crypto/include -isystem /usr/src/azl/BUILD/shim-15.8/include/system -isystem /usr/lib/gcc/aarch64-unknown-linux-gnu/13.2.0/include -DL_ENDIAN -D_CRT_SECURE_NO_DEPRECATE -D_CRT_NONSTDC_NO_DEPRECATE -DOPENSSL_SMALL_FOOTPRINT -DPEDANTIC -DMDE_CPU_AARCH64   -c -o crypto/aes/aes_ofb.o /usr/src/azl/BUILD/shim-15.8/Cryptlib/OpenSSL/crypto/aes/aes_ofb.c
gcc -I/usr/src/azl/BUILD/shim-15.8/gnu-efi//lib -I/usr/src/azl/BUILD/shim-15.8/gnu-efi/inc -I/usr/src/azl/BUILD/shim-15.8/gnu-efi/inc/aarch64 -I/usr/src/azl/BUILD/shim-15.8/gnu-efi/inc/protocol -std=gnu11 -ggdb -ffreestanding -fmacro-prefix-map=/usr/src/azl/BUILD/shim-15.8/= -fno-stack-protector -fno-strict-aliasing -fpic -fshort-wchar -Os -Wall -Wextra -Wno-missing-field-initializers  -DMDE_CPU_AARCH64 -DPAGE_SIZE=4096 -mstrict-align -Werror -nostdinc -I/usr/src/azl/BUILD/shim-15.8/Cryptlib -I/usr/src/azl/BUILD/shim-15.8/Cryptlib/Include -I/usr/src/azl/BUILD/shim-15.8/gnu-efi/inc -I/usr/src/azl/BUILD/shim-15.8/gnu-efi/inc/aarch64 -I/usr/src/azl/BUILD/shim-15.8/gnu-efi/inc/protocol -I/usr/src/azl/BUILD/shim-15.8/include -iquote /usr/src/azl/BUILD/shim-15.8 -iquote /usr/src/azl/BUILD/shim-15.8/build-aa64 -isystem /usr/src/azl/BUILD/shim-15.8/include/system -isystem /usr/lib/gcc/aarch64-unknown-linux-gnu/13.2.0/include -DDEFAULT_LOADER='L"\\\\grubaa64.efi"' -DDEFAULT_LOADER_CHAR='"\\\\grubaa64.efi"' -DEFI_ARCH='L"aa64"' -DDEBUGDIR='L"/usr/lib/debug/usr/share/shim/aa64-15.8/"' -DVENDOR_CERT_FILE=\"/usr/src/azl/SOURCES/azurelinux-ca-20230216.der\" -DGNU_EFI_USE_EXTERNAL_STDARG -Wno-error=pragmas -fpic  -Os -Wall -Wextra -Wno-missing-field-initializers -Werror -fshort-wchar -fno-strict-aliasing -ffreestanding -fno-stack-protector -fno-stack-check -nostdinc   -isystem /usr/src/azl/BUILD/shim-15.8/gnu-efi/../include/system -isystem /usr/lib/gcc/aarch64-unknown-linux-gnu/13.2.0/include -fno-merge-all-constants -Wno-error=pragmas -fpic  -Os -Wall -Wextra -Wno-missing-field-initializers -Werror -fshort-wchar -fno-strict-aliasing -ffreestanding -fno-stack-protector -fno-stack-check -nostdinc   -isystem /usr/src/azl/BUILD/shim-15.8/gnu-efi/../include/system -isystem /usr/lib/gcc/aarch64-unknown-linux-gnu/13.2.0/include -fno-merge-all-constants -DCONFIG_aarch64 -c /usr/src/azl/BUILD/shim-15.8/gnu-efi//lib/runtime/rtlock.c -o runtime/rtlock.o
gcc -std=gnu11 -ggdb -ffreestanding -fmacro-prefix-map=/usr/src/azl/BUILD/shim-15.8/= -fno-stack-protector -fno-strict-aliasing -fpic -fshort-wchar -nostdinc -Os -Wall -Wextra -Wno-missing-field-initializers -Wno-empty-body -Wno-implicit-fallthrough -Wno-old-style-declaration -Wno-unused-but-set-variable -Wno-unused-parameter -Werror -I/usr/src/azl/BUILD/shim-15.8/Cryptlib/OpenSSL -I/usr/src/azl/BUILD/shim-15.8/Cryptlib -I/usr/src/azl/BUILD/shim-15.8/Cryptlib/OpenSSL/Include/ -I/usr/src/azl/BUILD/shim-15.8/Cryptlib/OpenSSL/crypto -I/usr/src/azl/BUILD/shim-15.8/Cryptlib/Include -I/usr/src/azl/BUILD/shim-15.8/gnu-efi/inc -I/usr/src/azl/BUILD/shim-15.8/gnu-efi/inc/aarch64 -I/usr/src/azl/BUILD/shim-15.8/gnu-efi/inc/protocol -I/usr/src/azl/BUILD/shim-15.8/Cryptlib/OpenSSL/crypto/asn1 -I/usr/src/azl/BUILD/shim-15.8/Cryptlib/OpenSSL/crypto/evp -I/usr/src/azl/BUILD/shim-15.8/Cryptlib/OpenSSL/crypto/modes -I/usr/src/azl/BUILD/shim-15.8/Cryptlib/OpenSSL/crypto/include -isystem /usr/src/azl/BUILD/shim-15.8/include/system -isystem /usr/lib/gcc/aarch64-unknown-linux-gnu/13.2.0/include -DL_ENDIAN -D_CRT_SECURE_NO_DEPRECATE -D_CRT_NONSTDC_NO_DEPRECATE -DOPENSSL_SMALL_FOOTPRINT -DPEDANTIC -DMDE_CPU_AARCH64   -c -o crypto/aes/aes_ctr.o /usr/src/azl/BUILD/shim-15.8/Cryptlib/OpenSSL/crypto/aes/aes_ctr.c
gcc -std=gnu11 -ggdb -ffreestanding -fmacro-prefix-map=/usr/src/azl/BUILD/shim-15.8/= -fno-stack-protector -fno-strict-aliasing -fpic -fshort-wchar -nostdinc -Os -Wall -Wextra -Wno-missing-field-initializers -Wno-empty-body -Wno-implicit-fallthrough -Wno-old-style-declaration -Wno-unused-but-set-variable -Wno-unused-parameter -Werror -I/usr/src/azl/BUILD/shim-15.8/Cryptlib/OpenSSL -I/usr/src/azl/BUILD/shim-15.8/Cryptlib -I/usr/src/azl/BUILD/shim-15.8/Cryptlib/OpenSSL/Include/ -I/usr/src/azl/BUILD/shim-15.8/Cryptlib/OpenSSL/crypto -I/usr/src/azl/BUILD/shim-15.8/Cryptlib/Include -I/usr/src/azl/BUILD/shim-15.8/gnu-efi/inc -I/usr/src/azl/BUILD/shim-15.8/gnu-efi/inc/aarch64 -I/usr/src/azl/BUILD/shim-15.8/gnu-efi/inc/protocol -I/usr/src/azl/BUILD/shim-15.8/Cryptlib/OpenSSL/crypto/asn1 -I/usr/src/azl/BUILD/shim-15.8/Cryptlib/OpenSSL/crypto/evp -I/usr/src/azl/BUILD/shim-15.8/Cryptlib/OpenSSL/crypto/modes -I/usr/src/azl/BUILD/shim-15.8/Cryptlib/OpenSSL/crypto/include -isystem /usr/src/azl/BUILD/shim-15.8/include/system -isystem /usr/lib/gcc/aarch64-unknown-linux-gnu/13.2.0/include -DL_ENDIAN -D_CRT_SECURE_NO_DEPRECATE -D_CRT_NONSTDC_NO_DEPRECATE -DOPENSSL_SMALL_FOOTPRINT -DPEDANTIC -DMDE_CPU_AARCH64   -c -o crypto/aes/aes_ige.o /usr/src/azl/BUILD/shim-15.8/Cryptlib/OpenSSL/crypto/aes/aes_ige.c
gcc -I/usr/src/azl/BUILD/shim-15.8/gnu-efi//lib -I/usr/src/azl/BUILD/shim-15.8/gnu-efi/inc -I/usr/src/azl/BUILD/shim-15.8/gnu-efi/inc/aarch64 -I/usr/src/azl/BUILD/shim-15.8/gnu-efi/inc/protocol -std=gnu11 -ggdb -ffreestanding -fmacro-prefix-map=/usr/src/azl/BUILD/shim-15.8/= -fno-stack-protector -fno-strict-aliasing -fpic -fshort-wchar -Os -Wall -Wextra -Wno-missing-field-initializers  -DMDE_CPU_AARCH64 -DPAGE_SIZE=4096 -mstrict-align -Werror -nostdinc -I/usr/src/azl/BUILD/shim-15.8/Cryptlib -I/usr/src/azl/BUILD/shim-15.8/Cryptlib/Include -I/usr/src/azl/BUILD/shim-15.8/gnu-efi/inc -I/usr/src/azl/BUILD/shim-15.8/gnu-efi/inc/aarch64 -I/usr/src/azl/BUILD/shim-15.8/gnu-efi/inc/protocol -I/usr/src/azl/BUILD/shim-15.8/include -iquote /usr/src/azl/BUILD/shim-15.8 -iquote /usr/src/azl/BUILD/shim-15.8/build-aa64 -isystem /usr/src/azl/BUILD/shim-15.8/include/system -isystem /usr/lib/gcc/aarch64-unknown-linux-gnu/13.2.0/include -DDEFAULT_LOADER='L"\\\\grubaa64.efi"' -DDEFAULT_LOADER_CHAR='"\\\\grubaa64.efi"' -DEFI_ARCH='L"aa64"' -DDEBUGDIR='L"/usr/lib/debug/usr/share/shim/aa64-15.8/"' -DVENDOR_CERT_FILE=\"/usr/src/azl/SOURCES/azurelinux-ca-20230216.der\" -DGNU_EFI_USE_EXTERNAL_STDARG -Wno-error=pragmas -fpic  -Os -Wall -Wextra -Wno-missing-field-initializers -Werror -fshort-wchar -fno-strict-aliasing -ffreestanding -fno-stack-protector -fno-stack-check -nostdinc   -isystem /usr/src/azl/BUILD/shim-15.8/gnu-efi/../include/system -isystem /usr/lib/gcc/aarch64-unknown-linux-gnu/13.2.0/include -fno-merge-all-constants -Wno-error=pragmas -fpic  -Os -Wall -Wextra -Wno-missing-field-initializers -Werror -fshort-wchar -fno-strict-aliasing -ffreestanding -fno-stack-protector -fno-stack-check -nostdinc   -isystem /usr/src/azl/BUILD/shim-15.8/gnu-efi/../include/system -isystem /usr/lib/gcc/aarch64-unknown-linux-gnu/13.2.0/include -fno-merge-all-constants -DCONFIG_aarch64 -c /usr/src/azl/BUILD/shim-15.8/gnu-efi//lib/runtime/rtstr.c -o runtime/rtstr.o
gcc -I/usr/src/azl/BUILD/shim-15.8/gnu-efi//lib -I/usr/src/azl/BUILD/shim-15.8/gnu-efi/inc -I/usr/src/azl/BUILD/shim-15.8/gnu-efi/inc/aarch64 -I/usr/src/azl/BUILD/shim-15.8/gnu-efi/inc/protocol -std=gnu11 -ggdb -ffreestanding -fmacro-prefix-map=/usr/src/azl/BUILD/shim-15.8/= -fno-stack-protector -fno-strict-aliasing -fpic -fshort-wchar -Os -Wall -Wextra -Wno-missing-field-initializers  -DMDE_CPU_AARCH64 -DPAGE_SIZE=4096 -mstrict-align -Werror -nostdinc -I/usr/src/azl/BUILD/shim-15.8/Cryptlib -I/usr/src/azl/BUILD/shim-15.8/Cryptlib/Include -I/usr/src/azl/BUILD/shim-15.8/gnu-efi/inc -I/usr/src/azl/BUILD/shim-15.8/gnu-efi/inc/aarch64 -I/usr/src/azl/BUILD/shim-15.8/gnu-efi/inc/protocol -I/usr/src/azl/BUILD/shim-15.8/include -iquote /usr/src/azl/BUILD/shim-15.8 -iquote /usr/src/azl/BUILD/shim-15.8/build-aa64 -isystem /usr/src/azl/BUILD/shim-15.8/include/system -isystem /usr/lib/gcc/aarch64-unknown-linux-gnu/13.2.0/include -DDEFAULT_LOADER='L"\\\\grubaa64.efi"' -DDEFAULT_LOADER_CHAR='"\\\\grubaa64.efi"' -DEFI_ARCH='L"aa64"' -DDEBUGDIR='L"/usr/lib/debug/usr/share/shim/aa64-15.8/"' -DVENDOR_CERT_FILE=\"/usr/src/azl/SOURCES/azurelinux-ca-20230216.der\" -DGNU_EFI_USE_EXTERNAL_STDARG -Wno-error=pragmas -fpic  -Os -Wall -Wextra -Wno-missing-field-initializers -Werror -fshort-wchar -fno-strict-aliasing -ffreestanding -fno-stack-protector -fno-stack-check -nostdinc   -isystem /usr/src/azl/BUILD/shim-15.8/gnu-efi/../include/system -isystem /usr/lib/gcc/aarch64-unknown-linux-gnu/13.2.0/include -fno-merge-all-constants -Wno-error=pragmas -fpic  -Os -Wall -Wextra -Wno-missing-field-initializers -Werror -fshort-wchar -fno-strict-aliasing -ffreestanding -fno-stack-protector -fno-stack-check -nostdinc   -isystem /usr/src/azl/BUILD/shim-15.8/gnu-efi/../include/system -isystem /usr/lib/gcc/aarch64-unknown-linux-gnu/13.2.0/include -fno-merge-all-constants -DCONFIG_aarch64 -c /usr/src/azl/BUILD/shim-15.8/gnu-efi//lib/runtime/efirtlib.c -o runtime/efirtlib.o
gcc -I/usr/src/azl/BUILD/shim-15.8/gnu-efi//lib -I/usr/src/azl/BUILD/shim-15.8/gnu-efi/inc -I/usr/src/azl/BUILD/shim-15.8/gnu-efi/inc/aarch64 -I/usr/src/azl/BUILD/shim-15.8/gnu-efi/inc/protocol -std=gnu11 -ggdb -ffreestanding -fmacro-prefix-map=/usr/src/azl/BUILD/shim-15.8/= -fno-stack-protector -fno-strict-aliasing -fpic -fshort-wchar -Os -Wall -Wextra -Wno-missing-field-initializers  -DMDE_CPU_AARCH64 -DPAGE_SIZE=4096 -mstrict-align -Werror -nostdinc -I/usr/src/azl/BUILD/shim-15.8/Cryptlib -I/usr/src/azl/BUILD/shim-15.8/Cryptlib/Include -I/usr/src/azl/BUILD/shim-15.8/gnu-efi/inc -I/usr/src/azl/BUILD/shim-15.8/gnu-efi/inc/aarch64 -I/usr/src/azl/BUILD/shim-15.8/gnu-efi/inc/protocol -I/usr/src/azl/BUILD/shim-15.8/include -iquote /usr/src/azl/BUILD/shim-15.8 -iquote /usr/src/azl/BUILD/shim-15.8/build-aa64 -isystem /usr/src/azl/BUILD/shim-15.8/include/system -isystem /usr/lib/gcc/aarch64-unknown-linux-gnu/13.2.0/include -DDEFAULT_LOADER='L"\\\\grubaa64.efi"' -DDEFAULT_LOADER_CHAR='"\\\\grubaa64.efi"' -DEFI_ARCH='L"aa64"' -DDEBUGDIR='L"/usr/lib/debug/usr/share/shim/aa64-15.8/"' -DVENDOR_CERT_FILE=\"/usr/src/azl/SOURCES/azurelinux-ca-20230216.der\" -DGNU_EFI_USE_EXTERNAL_STDARG -Wno-error=pragmas -fpic  -Os -Wall -Wextra -Wno-missing-field-initializers -Werror -fshort-wchar -fno-strict-aliasing -ffreestanding -fno-stack-protector -fno-stack-check -nostdinc   -isystem /usr/src/azl/BUILD/shim-15.8/gnu-efi/../include/system -isystem /usr/lib/gcc/aarch64-unknown-linux-gnu/13.2.0/include -fno-merge-all-constants -Wno-error=pragmas -fpic  -Os -Wall -Wextra -Wno-missing-field-initializers -Werror -fshort-wchar -fno-strict-aliasing -ffreestanding -fno-stack-protector -fno-stack-check -nostdinc   -isystem /usr/src/azl/BUILD/shim-15.8/gnu-efi/../include/system -isystem /usr/lib/gcc/aarch64-unknown-linux-gnu/13.2.0/include -fno-merge-all-constants -DCONFIG_aarch64 -c /usr/src/azl/BUILD/shim-15.8/gnu-efi//lib/runtime/rtstr.c -o runtime/rtstr.o
gcc -I/usr/src/azl/BUILD/shim-15.8/gnu-efi//lib -I/usr/src/azl/BUILD/shim-15.8/gnu-efi/inc -I/usr/src/azl/BUILD/shim-15.8/gnu-efi/inc/aarch64 -I/usr/src/azl/BUILD/shim-15.8/gnu-efi/inc/protocol -std=gnu11 -ggdb -ffreestanding -fmacro-prefix-map=/usr/src/azl/BUILD/shim-15.8/= -fno-stack-protector -fno-strict-aliasing -fpic -fshort-wchar -Os -Wall -Wextra -Wno-missing-field-initializers  -DMDE_CPU_AARCH64 -DPAGE_SIZE=4096 -mstrict-align -Werror -nostdinc -I/usr/src/azl/BUILD/shim-15.8/Cryptlib -I/usr/src/azl/BUILD/shim-15.8/Cryptlib/Include -I/usr/src/azl/BUILD/shim-15.8/gnu-efi/inc -I/usr/src/azl/BUILD/shim-15.8/gnu-efi/inc/aarch64 -I/usr/src/azl/BUILD/shim-15.8/gnu-efi/inc/protocol -I/usr/src/azl/BUILD/shim-15.8/include -iquote /usr/src/azl/BUILD/shim-15.8 -iquote /usr/src/azl/BUILD/shim-15.8/build-aa64 -isystem /usr/src/azl/BUILD/shim-15.8/include/system -isystem /usr/lib/gcc/aarch64-unknown-linux-gnu/13.2.0/include -DDEFAULT_LOADER='L"\\\\grubaa64.efi"' -DDEFAULT_LOADER_CHAR='"\\\\grubaa64.efi"' -DEFI_ARCH='L"aa64"' -DDEBUGDIR='L"/usr/lib/debug/usr/share/shim/aa64-15.8/"' -DVENDOR_CERT_FILE=\"/usr/src/azl/SOURCES/azurelinux-ca-20230216.der\" -DGNU_EFI_USE_EXTERNAL_STDARG -Wno-error=pragmas -fpic  -Os -Wall -Wextra -Wno-missing-field-initializers -Werror -fshort-wchar -fno-strict-aliasing -ffreestanding -fno-stack-protector -fno-stack-check -nostdinc   -isystem /usr/src/azl/BUILD/shim-15.8/gnu-efi/../include/system -isystem /usr/lib/gcc/aarch64-unknown-linux-gnu/13.2.0/include -fno-merge-all-constants -Wno-error=pragmas -fpic  -Os -Wall -Wextra -Wno-missing-field-initializers -Werror -fshort-wchar -fno-strict-aliasing -ffreestanding -fno-stack-protector -fno-stack-check -nostdinc   -isystem /usr/src/azl/BUILD/shim-15.8/gnu-efi/../include/system -isystem /usr/lib/gcc/aarch64-unknown-linux-gnu/13.2.0/include -fno-merge-all-constants -DCONFIG_aarch64 -c /usr/src/azl/BUILD/shim-15.8/gnu-efi//lib/runtime/vm.c -o runtime/vm.o
gcc -std=gnu11 -ggdb -ffreestanding -fmacro-prefix-map=/usr/src/azl/BUILD/shim-15.8/= -fno-stack-protector -fno-strict-aliasing -fpic -fshort-wchar -nostdinc -Os -Wall -Wextra -Wno-missing-field-initializers -Wno-empty-body -Wno-implicit-fallthrough -Wno-old-style-declaration -Wno-unused-but-set-variable -Wno-unused-parameter -Werror -I/usr/src/azl/BUILD/shim-15.8/Cryptlib/OpenSSL -I/usr/src/azl/BUILD/shim-15.8/Cryptlib -I/usr/src/azl/BUILD/shim-15.8/Cryptlib/OpenSSL/Include/ -I/usr/src/azl/BUILD/shim-15.8/Cryptlib/OpenSSL/crypto -I/usr/src/azl/BUILD/shim-15.8/Cryptlib/Include -I/usr/src/azl/BUILD/shim-15.8/gnu-efi/inc -I/usr/src/azl/BUILD/shim-15.8/gnu-efi/inc/aarch64 -I/usr/src/azl/BUILD/shim-15.8/gnu-efi/inc/protocol -I/usr/src/azl/BUILD/shim-15.8/Cryptlib/OpenSSL/crypto/asn1 -I/usr/src/azl/BUILD/shim-15.8/Cryptlib/OpenSSL/crypto/evp -I/usr/src/azl/BUILD/shim-15.8/Cryptlib/OpenSSL/crypto/modes -I/usr/src/azl/BUILD/shim-15.8/Cryptlib/OpenSSL/crypto/include -isystem /usr/src/azl/BUILD/shim-15.8/include/system -isystem /usr/lib/gcc/aarch64-unknown-linux-gnu/13.2.0/include -DL_ENDIAN -D_CRT_SECURE_NO_DEPRECATE -D_CRT_NONSTDC_NO_DEPRECATE -DOPENSSL_SMALL_FOOTPRINT -DPEDANTIC -DMDE_CPU_AARCH64   -c -o crypto/aes/aes_wrap.o /usr/src/azl/BUILD/shim-15.8/Cryptlib/OpenSSL/crypto/aes/aes_wrap.c
gcc -I/usr/src/azl/BUILD/shim-15.8/gnu-efi//lib -I/usr/src/azl/BUILD/shim-15.8/gnu-efi/inc -I/usr/src/azl/BUILD/shim-15.8/gnu-efi/inc/aarch64 -I/usr/src/azl/BUILD/shim-15.8/gnu-efi/inc/protocol -std=gnu11 -ggdb -ffreestanding -fmacro-prefix-map=/usr/src/azl/BUILD/shim-15.8/= -fno-stack-protector -fno-strict-aliasing -fpic -fshort-wchar -Os -Wall -Wextra -Wno-missing-field-initializers  -DMDE_CPU_AARCH64 -DPAGE_SIZE=4096 -mstrict-align -Werror -nostdinc -I/usr/src/azl/BUILD/shim-15.8/Cryptlib -I/usr/src/azl/BUILD/shim-15.8/Cryptlib/Include -I/usr/src/azl/BUILD/shim-15.8/gnu-efi/inc -I/usr/src/azl/BUILD/shim-15.8/gnu-efi/inc/aarch64 -I/usr/src/azl/BUILD/shim-15.8/gnu-efi/inc/protocol -I/usr/src/azl/BUILD/shim-15.8/include -iquote /usr/src/azl/BUILD/shim-15.8 -iquote /usr/src/azl/BUILD/shim-15.8/build-aa64 -isystem /usr/src/azl/BUILD/shim-15.8/include/system -isystem /usr/lib/gcc/aarch64-unknown-linux-gnu/13.2.0/include -DDEFAULT_LOADER='L"\\\\grubaa64.efi"' -DDEFAULT_LOADER_CHAR='"\\\\grubaa64.efi"' -DEFI_ARCH='L"aa64"' -DDEBUGDIR='L"/usr/lib/debug/usr/share/shim/aa64-15.8/"' -DVENDOR_CERT_FILE=\"/usr/src/azl/SOURCES/azurelinux-ca-20230216.der\" -DGNU_EFI_USE_EXTERNAL_STDARG -Wno-error=pragmas -fpic  -Os -Wall -Wextra -Wno-missing-field-initializers -Werror -fshort-wchar -fno-strict-aliasing -ffreestanding -fno-stack-protector -fno-stack-check -nostdinc   -isystem /usr/src/azl/BUILD/shim-15.8/gnu-efi/../include/system -isystem /usr/lib/gcc/aarch64-unknown-linux-gnu/13.2.0/include -fno-merge-all-constants -Wno-error=pragmas -fpic  -Os -Wall -Wextra -Wno-missing-field-initializers -Werror -fshort-wchar -fno-strict-aliasing -ffreestanding -fno-stack-protector -fno-stack-check -nostdinc   -isystem /usr/src/azl/BUILD/shim-15.8/gnu-efi/../include/system -isystem /usr/lib/gcc/aarch64-unknown-linux-gnu/13.2.0/include -fno-merge-all-constants -DCONFIG_aarch64 -c /usr/src/azl/BUILD/shim-15.8/gnu-efi//lib/runtime/rtdata.c -o runtime/rtdata.o
gcc -I/usr/src/azl/BUILD/shim-15.8/gnu-efi//lib -I/usr/src/azl/BUILD/shim-15.8/gnu-efi/inc -I/usr/src/azl/BUILD/shim-15.8/gnu-efi/inc/aarch64 -I/usr/src/azl/BUILD/shim-15.8/gnu-efi/inc/protocol -std=gnu11 -ggdb -ffreestanding -fmacro-prefix-map=/usr/src/azl/BUILD/shim-15.8/= -fno-stack-protector -fno-strict-aliasing -fpic -fshort-wchar -Os -Wall -Wextra -Wno-missing-field-initializers  -DMDE_CPU_AARCH64 -DPAGE_SIZE=4096 -mstrict-align -Werror -nostdinc -I/usr/src/azl/BUILD/shim-15.8/Cryptlib -I/usr/src/azl/BUILD/shim-15.8/Cryptlib/Include -I/usr/src/azl/BUILD/shim-15.8/gnu-efi/inc -I/usr/src/azl/BUILD/shim-15.8/gnu-efi/inc/aarch64 -I/usr/src/azl/BUILD/shim-15.8/gnu-efi/inc/protocol -I/usr/src/azl/BUILD/shim-15.8/include -iquote /usr/src/azl/BUILD/shim-15.8 -iquote /usr/src/azl/BUILD/shim-15.8/build-aa64 -isystem /usr/src/azl/BUILD/shim-15.8/include/system -isystem /usr/lib/gcc/aarch64-unknown-linux-gnu/13.2.0/include -DDEFAULT_LOADER='L"\\\\grubaa64.efi"' -DDEFAULT_LOADER_CHAR='"\\\\grubaa64.efi"' -DEFI_ARCH='L"aa64"' -DDEBUGDIR='L"/usr/lib/debug/usr/share/shim/aa64-15.8/"' -DVENDOR_CERT_FILE=\"/usr/src/azl/SOURCES/azurelinux-ca-20230216.der\" -DGNU_EFI_USE_EXTERNAL_STDARG -Wno-error=pragmas -fpic  -Os -Wall -Wextra -Wno-missing-field-initializers -Werror -fshort-wchar -fno-strict-aliasing -ffreestanding -fno-stack-protector -fno-stack-check -nostdinc   -isystem /usr/src/azl/BUILD/shim-15.8/gnu-efi/../include/system -isystem /usr/lib/gcc/aarch64-unknown-linux-gnu/13.2.0/include -fno-merge-all-constants -Wno-error=pragmas -fpic  -Os -Wall -Wextra -Wno-missing-field-initializers -Werror -fshort-wchar -fno-strict-aliasing -ffreestanding -fno-stack-protector -fno-stack-check -nostdinc   -isystem /usr/src/azl/BUILD/shim-15.8/gnu-efi/../include/system -isystem /usr/lib/gcc/aarch64-unknown-linux-gnu/13.2.0/include -fno-merge-all-constants -DCONFIG_aarch64 -c /usr/src/azl/BUILD/shim-15.8/gnu-efi//lib/runtime/vm.c -o runtime/vm.o
gcc -I/usr/src/azl/BUILD/shim-15.8/gnu-efi//lib -I/usr/src/azl/BUILD/shim-15.8/gnu-efi/inc -I/usr/src/azl/BUILD/shim-15.8/gnu-efi/inc/aarch64 -I/usr/src/azl/BUILD/shim-15.8/gnu-efi/inc/protocol -std=gnu11 -ggdb -ffreestanding -fmacro-prefix-map=/usr/src/azl/BUILD/shim-15.8/= -fno-stack-protector -fno-strict-aliasing -fpic -fshort-wchar -Os -Wall -Wextra -Wno-missing-field-initializers  -DMDE_CPU_AARCH64 -DPAGE_SIZE=4096 -mstrict-align -Werror -nostdinc -I/usr/src/azl/BUILD/shim-15.8/Cryptlib -I/usr/src/azl/BUILD/shim-15.8/Cryptlib/Include -I/usr/src/azl/BUILD/shim-15.8/gnu-efi/inc -I/usr/src/azl/BUILD/shim-15.8/gnu-efi/inc/aarch64 -I/usr/src/azl/BUILD/shim-15.8/gnu-efi/inc/protocol -I/usr/src/azl/BUILD/shim-15.8/include -iquote /usr/src/azl/BUILD/shim-15.8 -iquote /usr/src/azl/BUILD/shim-15.8/build-aa64 -isystem /usr/src/azl/BUILD/shim-15.8/include/system -isystem /usr/lib/gcc/aarch64-unknown-linux-gnu/13.2.0/include -DDEFAULT_LOADER='L"\\\\grubaa64.efi"' -DDEFAULT_LOADER_CHAR='"\\\\grubaa64.efi"' -DEFI_ARCH='L"aa64"' -DDEBUGDIR='L"/usr/lib/debug/usr/share/shim/aa64-15.8/"' -DVENDOR_CERT_FILE=\"/usr/src/azl/SOURCES/azurelinux-ca-20230216.der\" -DGNU_EFI_USE_EXTERNAL_STDARG -Wno-error=pragmas -fpic  -Os -Wall -Wextra -Wno-missing-field-initializers -Werror -fshort-wchar -fno-strict-aliasing -ffreestanding -fno-stack-protector -fno-stack-check -nostdinc   -isystem /usr/src/azl/BUILD/shim-15.8/gnu-efi/../include/system -isystem /usr/lib/gcc/aarch64-unknown-linux-gnu/13.2.0/include -fno-merge-all-constants -Wno-error=pragmas -fpic  -Os -Wall -Wextra -Wno-missing-field-initializers -Werror -fshort-wchar -fno-strict-aliasing -ffreestanding -fno-stack-protector -fno-stack-check -nostdinc   -isystem /usr/src/azl/BUILD/shim-15.8/gnu-efi/../include/system -isystem /usr/lib/gcc/aarch64-unknown-linux-gnu/13.2.0/include -fno-merge-all-constants -DCONFIG_aarch64 -c /usr/src/azl/BUILD/shim-15.8/gnu-efi//lib/aarch64/initplat.c -o aarch64/initplat.o
gcc -std=gnu11 -ggdb -ffreestanding -fmacro-prefix-map=/usr/src/azl/BUILD/shim-15.8/= -fno-stack-protector -fno-strict-aliasing -fpic -fshort-wchar -nostdinc -Os -Wall -Wextra -Wno-missing-field-initializers -Wno-empty-body -Wno-implicit-fallthrough -Wno-old-style-declaration -Wno-unused-but-set-variable -Wno-unused-parameter -Werror -I/usr/src/azl/BUILD/shim-15.8/Cryptlib/OpenSSL -I/usr/src/azl/BUILD/shim-15.8/Cryptlib -I/usr/src/azl/BUILD/shim-15.8/Cryptlib/OpenSSL/Include/ -I/usr/src/azl/BUILD/shim-15.8/Cryptlib/OpenSSL/crypto -I/usr/src/azl/BUILD/shim-15.8/Cryptlib/Include -I/usr/src/azl/BUILD/shim-15.8/gnu-efi/inc -I/usr/src/azl/BUILD/shim-15.8/gnu-efi/inc/aarch64 -I/usr/src/azl/BUILD/shim-15.8/gnu-efi/inc/protocol -I/usr/src/azl/BUILD/shim-15.8/Cryptlib/OpenSSL/crypto/asn1 -I/usr/src/azl/BUILD/shim-15.8/Cryptlib/OpenSSL/crypto/evp -I/usr/src/azl/BUILD/shim-15.8/Cryptlib/OpenSSL/crypto/modes -I/usr/src/azl/BUILD/shim-15.8/Cryptlib/OpenSSL/crypto/include -isystem /usr/src/azl/BUILD/shim-15.8/include/system -isystem /usr/lib/gcc/aarch64-unknown-linux-gnu/13.2.0/include -DL_ENDIAN -D_CRT_SECURE_NO_DEPRECATE -D_CRT_NONSTDC_NO_DEPRECATE -DOPENSSL_SMALL_FOOTPRINT -DPEDANTIC -DMDE_CPU_AARCH64   -c -o crypto/aes/aes_core.o /usr/src/azl/BUILD/shim-15.8/Cryptlib/OpenSSL/crypto/aes/aes_core.c
gcc -I/usr/src/azl/BUILD/shim-15.8/gnu-efi//lib -I/usr/src/azl/BUILD/shim-15.8/gnu-efi/inc -I/usr/src/azl/BUILD/shim-15.8/gnu-efi/inc/aarch64 -I/usr/src/azl/BUILD/shim-15.8/gnu-efi/inc/protocol -std=gnu11 -ggdb -ffreestanding -fmacro-prefix-map=/usr/src/azl/BUILD/shim-15.8/= -fno-stack-protector -fno-strict-aliasing -fpic -fshort-wchar -Os -Wall -Wextra -Wno-missing-field-initializers  -DMDE_CPU_AARCH64 -DPAGE_SIZE=4096 -mstrict-align -Werror -nostdinc -I/usr/src/azl/BUILD/shim-15.8/Cryptlib -I/usr/src/azl/BUILD/shim-15.8/Cryptlib/Include -I/usr/src/azl/BUILD/shim-15.8/gnu-efi/inc -I/usr/src/azl/BUILD/shim-15.8/gnu-efi/inc/aarch64 -I/usr/src/azl/BUILD/shim-15.8/gnu-efi/inc/protocol -I/usr/src/azl/BUILD/shim-15.8/include -iquote /usr/src/azl/BUILD/shim-15.8 -iquote /usr/src/azl/BUILD/shim-15.8/build-aa64 -isystem /usr/src/azl/BUILD/shim-15.8/include/system -isystem /usr/lib/gcc/aarch64-unknown-linux-gnu/13.2.0/include -DDEFAULT_LOADER='L"\\\\grubaa64.efi"' -DDEFAULT_LOADER_CHAR='"\\\\grubaa64.efi"' -DEFI_ARCH='L"aa64"' -DDEBUGDIR='L"/usr/lib/debug/usr/share/shim/aa64-15.8/"' -DVENDOR_CERT_FILE=\"/usr/src/azl/SOURCES/azurelinux-ca-20230216.der\" -DGNU_EFI_USE_EXTERNAL_STDARG -Wno-error=pragmas -fpic  -Os -Wall -Wextra -Wno-missing-field-initializers -Werror -fshort-wchar -fno-strict-aliasing -ffreestanding -fno-stack-protector -fno-stack-check -nostdinc   -isystem /usr/src/azl/BUILD/shim-15.8/gnu-efi/../include/system -isystem /usr/lib/gcc/aarch64-unknown-linux-gnu/13.2.0/include -fno-merge-all-constants -Wno-error=pragmas -fpic  -Os -Wall -Wextra -Wno-missing-field-initializers -Werror -fshort-wchar -fno-strict-aliasing -ffreestanding -fno-stack-protector -fno-stack-check -nostdinc   -isystem /usr/src/azl/BUILD/shim-15.8/gnu-efi/../include/system -isystem /usr/lib/gcc/aarch64-unknown-linux-gnu/13.2.0/include -fno-merge-all-constants -DCONFIG_aarch64 -c /usr/src/azl/BUILD/shim-15.8/gnu-efi//lib/runtime/rtdata.c -o runtime/rtdata.o
gcc -I/usr/src/azl/BUILD/shim-15.8/gnu-efi//lib -I/usr/src/azl/BUILD/shim-15.8/gnu-efi/inc -I/usr/src/azl/BUILD/shim-15.8/gnu-efi/inc/aarch64 -I/usr/src/azl/BUILD/shim-15.8/gnu-efi/inc/protocol -std=gnu11 -ggdb -ffreestanding -fmacro-prefix-map=/usr/src/azl/BUILD/shim-15.8/= -fno-stack-protector -fno-strict-aliasing -fpic -fshort-wchar -Os -Wall -Wextra -Wno-missing-field-initializers  -DMDE_CPU_AARCH64 -DPAGE_SIZE=4096 -mstrict-align -Werror -nostdinc -I/usr/src/azl/BUILD/shim-15.8/Cryptlib -I/usr/src/azl/BUILD/shim-15.8/Cryptlib/Include -I/usr/src/azl/BUILD/shim-15.8/gnu-efi/inc -I/usr/src/azl/BUILD/shim-15.8/gnu-efi/inc/aarch64 -I/usr/src/azl/BUILD/shim-15.8/gnu-efi/inc/protocol -I/usr/src/azl/BUILD/shim-15.8/include -iquote /usr/src/azl/BUILD/shim-15.8 -iquote /usr/src/azl/BUILD/shim-15.8/build-aa64 -isystem /usr/src/azl/BUILD/shim-15.8/include/system -isystem /usr/lib/gcc/aarch64-unknown-linux-gnu/13.2.0/include -DDEFAULT_LOADER='L"\\\\grubaa64.efi"' -DDEFAULT_LOADER_CHAR='"\\\\grubaa64.efi"' -DEFI_ARCH='L"aa64"' -DDEBUGDIR='L"/usr/lib/debug/usr/share/shim/aa64-15.8/"' -DVENDOR_CERT_FILE=\"/usr/src/azl/SOURCES/azurelinux-ca-20230216.der\" -DGNU_EFI_USE_EXTERNAL_STDARG -Wno-error=pragmas -fpic  -Os -Wall -Wextra -Wno-missing-field-initializers -Werror -fshort-wchar -fno-strict-aliasing -ffreestanding -fno-stack-protector -fno-stack-check -nostdinc   -isystem /usr/src/azl/BUILD/shim-15.8/gnu-efi/../include/system -isystem /usr/lib/gcc/aarch64-unknown-linux-gnu/13.2.0/include -fno-merge-all-constants -Wno-error=pragmas -fpic  -Os -Wall -Wextra -Wno-missing-field-initializers -Werror -fshort-wchar -fno-strict-aliasing -ffreestanding -fno-stack-protector -fno-stack-check -nostdinc   -isystem /usr/src/azl/BUILD/shim-15.8/gnu-efi/../include/system -isystem /usr/lib/gcc/aarch64-unknown-linux-gnu/13.2.0/include -fno-merge-all-constants -DCONFIG_aarch64 -c /usr/src/azl/BUILD/shim-15.8/gnu-efi//lib/aarch64/math.c -o aarch64/math.o
gcc -I/usr/src/azl/BUILD/shim-15.8/gnu-efi//lib -I/usr/src/azl/BUILD/shim-15.8/gnu-efi/inc -I/usr/src/azl/BUILD/shim-15.8/gnu-efi/inc/aarch64 -I/usr/src/azl/BUILD/shim-15.8/gnu-efi/inc/protocol -std=gnu11 -ggdb -ffreestanding -fmacro-prefix-map=/usr/src/azl/BUILD/shim-15.8/= -fno-stack-protector -fno-strict-aliasing -fpic -fshort-wchar -Os -Wall -Wextra -Wno-missing-field-initializers  -DMDE_CPU_AARCH64 -DPAGE_SIZE=4096 -mstrict-align -Werror -nostdinc -I/usr/src/azl/BUILD/shim-15.8/Cryptlib -I/usr/src/azl/BUILD/shim-15.8/Cryptlib/Include -I/usr/src/azl/BUILD/shim-15.8/gnu-efi/inc -I/usr/src/azl/BUILD/shim-15.8/gnu-efi/inc/aarch64 -I/usr/src/azl/BUILD/shim-15.8/gnu-efi/inc/protocol -I/usr/src/azl/BUILD/shim-15.8/include -iquote /usr/src/azl/BUILD/shim-15.8 -iquote /usr/src/azl/BUILD/shim-15.8/build-aa64 -isystem /usr/src/azl/BUILD/shim-15.8/include/system -isystem /usr/lib/gcc/aarch64-unknown-linux-gnu/13.2.0/include -DDEFAULT_LOADER='L"\\\\grubaa64.efi"' -DDEFAULT_LOADER_CHAR='"\\\\grubaa64.efi"' -DEFI_ARCH='L"aa64"' -DDEBUGDIR='L"/usr/lib/debug/usr/share/shim/aa64-15.8/"' -DVENDOR_CERT_FILE=\"/usr/src/azl/SOURCES/azurelinux-ca-20230216.der\" -DGNU_EFI_USE_EXTERNAL_STDARG -Wno-error=pragmas -fpic  -Os -Wall -Wextra -Wno-missing-field-initializers -Werror -fshort-wchar -fno-strict-aliasing -ffreestanding -fno-stack-protector -fno-stack-check -nostdinc   -isystem /usr/src/azl/BUILD/shim-15.8/gnu-efi/../include/system -isystem /usr/lib/gcc/aarch64-unknown-linux-gnu/13.2.0/include -fno-merge-all-constants -Wno-error=pragmas -fpic  -Os -Wall -Wextra -Wno-missing-field-initializers -Werror -fshort-wchar -fno-strict-aliasing -ffreestanding -fno-stack-protector -fno-stack-check -nostdinc   -isystem /usr/src/azl/BUILD/shim-15.8/gnu-efi/../include/system -isystem /usr/lib/gcc/aarch64-unknown-linux-gnu/13.2.0/include -fno-merge-all-constants -DCONFIG_aarch64 -c /usr/src/azl/BUILD/shim-15.8/gnu-efi//lib/aarch64/initplat.c -o aarch64/initplat.o
gcc -I/usr/src/azl/BUILD/shim-15.8/gnu-efi//lib -I/usr/src/azl/BUILD/shim-15.8/gnu-efi/inc -I/usr/src/azl/BUILD/shim-15.8/gnu-efi/inc/aarch64 -I/usr/src/azl/BUILD/shim-15.8/gnu-efi/inc/protocol -std=gnu11 -ggdb -ffreestanding -fmacro-prefix-map=/usr/src/azl/BUILD/shim-15.8/= -fno-stack-protector -fno-strict-aliasing -fpic -fshort-wchar -Os -Wall -Wextra -Wno-missing-field-initializers  -DMDE_CPU_AARCH64 -DPAGE_SIZE=4096 -mstrict-align -Werror -nostdinc -I/usr/src/azl/BUILD/shim-15.8/Cryptlib -I/usr/src/azl/BUILD/shim-15.8/Cryptlib/Include -I/usr/src/azl/BUILD/shim-15.8/gnu-efi/inc -I/usr/src/azl/BUILD/shim-15.8/gnu-efi/inc/aarch64 -I/usr/src/azl/BUILD/shim-15.8/gnu-efi/inc/protocol -I/usr/src/azl/BUILD/shim-15.8/include -iquote /usr/src/azl/BUILD/shim-15.8 -iquote /usr/src/azl/BUILD/shim-15.8/build-aa64 -isystem /usr/src/azl/BUILD/shim-15.8/include/system -isystem /usr/lib/gcc/aarch64-unknown-linux-gnu/13.2.0/include -DDEFAULT_LOADER='L"\\\\grubaa64.efi"' -DDEFAULT_LOADER_CHAR='"\\\\grubaa64.efi"' -DEFI_ARCH='L"aa64"' -DDEBUGDIR='L"/usr/lib/debug/usr/share/shim/aa64-15.8/"' -DVENDOR_CERT_FILE=\"/usr/src/azl/SOURCES/azurelinux-ca-20230216.der\" -DGNU_EFI_USE_EXTERNAL_STDARG -Wno-error=pragmas -fpic  -Os -Wall -Wextra -Wno-missing-field-initializers -Werror -fshort-wchar -fno-strict-aliasing -ffreestanding -fno-stack-protector -fno-stack-check -nostdinc   -isystem /usr/src/azl/BUILD/shim-15.8/gnu-efi/../include/system -isystem /usr/lib/gcc/aarch64-unknown-linux-gnu/13.2.0/include -fno-merge-all-constants -Wno-error=pragmas -fpic  -Os -Wall -Wextra -Wno-missing-field-initializers -Werror -fshort-wchar -fno-strict-aliasing -ffreestanding -fno-stack-protector -fno-stack-check -nostdinc   -isystem /usr/src/azl/BUILD/shim-15.8/gnu-efi/../include/system -isystem /usr/lib/gcc/aarch64-unknown-linux-gnu/13.2.0/include -fno-merge-all-constants -DCONFIG_aarch64 -c /usr/src/azl/BUILD/shim-15.8/gnu-efi//lib/aarch64/setjmp.S -o aarch64/setjmp.o
gcc -I/usr/src/azl/BUILD/shim-15.8/gnu-efi//lib -I/usr/src/azl/BUILD/shim-15.8/gnu-efi/inc -I/usr/src/azl/BUILD/shim-15.8/gnu-efi/inc/aarch64 -I/usr/src/azl/BUILD/shim-15.8/gnu-efi/inc/protocol -std=gnu11 -ggdb -ffreestanding -fmacro-prefix-map=/usr/src/azl/BUILD/shim-15.8/= -fno-stack-protector -fno-strict-aliasing -fpic -fshort-wchar -Os -Wall -Wextra -Wno-missing-field-initializers  -DMDE_CPU_AARCH64 -DPAGE_SIZE=4096 -mstrict-align -Werror -nostdinc -I/usr/src/azl/BUILD/shim-15.8/Cryptlib -I/usr/src/azl/BUILD/shim-15.8/Cryptlib/Include -I/usr/src/azl/BUILD/shim-15.8/gnu-efi/inc -I/usr/src/azl/BUILD/shim-15.8/gnu-efi/inc/aarch64 -I/usr/src/azl/BUILD/shim-15.8/gnu-efi/inc/protocol -I/usr/src/azl/BUILD/shim-15.8/include -iquote /usr/src/azl/BUILD/shim-15.8 -iquote /usr/src/azl/BUILD/shim-15.8/build-aa64 -isystem /usr/src/azl/BUILD/shim-15.8/include/system -isystem /usr/lib/gcc/aarch64-unknown-linux-gnu/13.2.0/include -DDEFAULT_LOADER='L"\\\\grubaa64.efi"' -DDEFAULT_LOADER_CHAR='"\\\\grubaa64.efi"' -DEFI_ARCH='L"aa64"' -DDEBUGDIR='L"/usr/lib/debug/usr/share/shim/aa64-15.8/"' -DVENDOR_CERT_FILE=\"/usr/src/azl/SOURCES/azurelinux-ca-20230216.der\" -DGNU_EFI_USE_EXTERNAL_STDARG -Wno-error=pragmas -fpic  -Os -Wall -Wextra -Wno-missing-field-initializers -Werror -fshort-wchar -fno-strict-aliasing -ffreestanding -fno-stack-protector -fno-stack-check -nostdinc   -isystem /usr/src/azl/BUILD/shim-15.8/gnu-efi/../include/system -isystem /usr/lib/gcc/aarch64-unknown-linux-gnu/13.2.0/include -fno-merge-all-constants -Wno-error=pragmas -fpic  -Os -Wall -Wextra -Wno-missing-field-initializers -Werror -fshort-wchar -fno-strict-aliasing -ffreestanding -fno-stack-protector -fno-stack-check -nostdinc   -isystem /usr/src/azl/BUILD/shim-15.8/gnu-efi/../include/system -isystem /usr/lib/gcc/aarch64-unknown-linux-gnu/13.2.0/include -fno-merge-all-constants -DCONFIG_aarch64 -c /usr/src/azl/BUILD/shim-15.8/gnu-efi//lib/aarch64/math.c -o aarch64/math.o
[91m/usr/src/azl/BUILD/shim-15.8/gnu-efi//lib/aarch64/setjmp.S: [0m[91mAssembler messages:
/usr/src/azl/BUILD/shim-15.8/gnu-efi//lib/aarch64/setjmp.S:61: Warning: setting incorrect section attributes for .note.GNU-stack[0m[91m
[0mgcc-ar -rv -U libefi.a boxdraw.o smbios.o console.o crc.o data.o debug.o dpath.o error.o event.o exit.o guid.o hand.o hw.o init.o lock.o misc.o pause.o print.o sread.o str.o cmdline.o runtime/rtlock.o runtime/efirtlib.o runtime/rtstr.o runtime/vm.o runtime/rtdata.o aarch64/initplat.o aarch64/math.o aarch64/setjmp.o
[91m/usr/bin/ar: [0m[91mcreating libefi.a
[0ma - boxdraw.o
a - smbios.o
a - console.o
a - crc.o
a - data.o
a - debug.o
a - dpath.o
a - error.o
a - event.o
a - exit.o
a - guid.o
a - hand.o
a - hw.o
a - init.o
a - lock.o
a - misc.o
a - pause.o
a - print.o
a - sread.o
a - str.o
a - cmdline.o
a - runtime/rtlock.o
a - runtime/efirtlib.o
a - runtime/rtstr.o
a - runtime/vm.o
a - runtime/rtdata.o
a - aarch64/initplat.o
a - aarch64/math.o
a - aarch64/setjmp.o
make[2]: Leaving directory '/usr/src/azl/BUILD/shim-15.8/build-aa64/gnu-efi/aarch64/lib'
mkdir -p /usr/src/azl/BUILD/shim-15.8/build-aa64/gnu-efi/aarch64/gnuefi
make -C /usr/src/azl/BUILD/shim-15.8/build-aa64/gnu-efi/aarch64/gnuefi -f /usr/src/azl/BUILD/shim-15.8/gnu-efi//gnuefi/Makefile SRCDIR=/usr/src/azl/BUILD/shim-15.8/gnu-efi//gnuefi ARCH=aarch64
make[2]: Entering directory '/usr/src/azl/BUILD/shim-15.8/build-aa64/gnu-efi/aarch64/gnuefi'
gcc -I/usr/src/azl/BUILD/shim-15.8/gnu-efi//gnuefi -I/usr/src/azl/BUILD/shim-15.8/gnu-efi/inc -I/usr/src/azl/BUILD/shim-15.8/gnu-efi/inc/aarch64 -I/usr/src/azl/BUILD/shim-15.8/gnu-efi/inc/protocol -std=gnu11 -ggdb -ffreestanding -fmacro-prefix-map=/usr/src/azl/BUILD/shim-15.8/= -fno-stack-protector -fno-strict-aliasing -fpic -fshort-wchar -Os -Wall -Wextra -Wno-missing-field-initializers  -DMDE_CPU_AARCH64 -DPAGE_SIZE=4096 -mstrict-align -Werror -nostdinc -I/usr/src/azl/BUILD/shim-15.8/Cryptlib -I/usr/src/azl/BUILD/shim-15.8/Cryptlib/Include -I/usr/src/azl/BUILD/shim-15.8/gnu-efi/inc -I/usr/src/azl/BUILD/shim-15.8/gnu-efi/inc/aarch64 -I/usr/src/azl/BUILD/shim-15.8/gnu-efi/inc/protocol -I/usr/src/azl/BUILD/shim-15.8/include -iquote /usr/src/azl/BUILD/shim-15.8 -iquote /usr/src/azl/BUILD/shim-15.8/build-aa64 -isystem /usr/src/azl/BUILD/shim-15.8/include/system -isystem /usr/lib/gcc/aarch64-unknown-linux-gnu/13.2.0/include -DDEFAULT_LOADER='L"\\\\grubaa64.efi"' -DDEFAULT_LOADER_CHAR='"\\\\grubaa64.efi"' -DEFI_ARCH='L"aa64"' -DDEBUGDIR='L"/usr/lib/debug/usr/share/shim/aa64-15.8/"' -DVENDOR_CERT_FILE=\"/usr/src/azl/SOURCES/azurelinux-ca-20230216.der\" -DGNU_EFI_USE_EXTERNAL_STDARG -Wno-error=pragmas -fpic  -Os -Wall -Wextra -Wno-missing-field-initializers -Werror -fshort-wchar -fno-strict-aliasing -ffreestanding -fno-stack-protector -fno-stack-check -nostdinc   -isystem /usr/src/azl/BUILD/shim-15.8/gnu-efi/../include/system -isystem /usr/lib/gcc/aarch64-unknown-linux-gnu/13.2.0/include -fno-merge-all-constants -Wno-error=pragmas -fpic  -Os -Wall -Wextra -Wno-missing-field-initializers -Werror -fshort-wchar -fno-strict-aliasing -ffreestanding -fno-stack-protector -fno-stack-check -nostdinc   -isystem /usr/src/azl/BUILD/shim-15.8/gnu-efi/../include/system -isystem /usr/lib/gcc/aarch64-unknown-linux-gnu/13.2.0/include -fno-merge-all-constants -DCONFIG_aarch64 -c /usr/src/azl/BUILD/shim-15.8/gnu-efi//gnuefi/crt0-efi-aarch64.S -o crt0-efi-aarch64.o
gcc -I/usr/src/azl/BUILD/shim-15.8/gnu-efi//lib -I/usr/src/azl/BUILD/shim-15.8/gnu-efi/inc -I/usr/src/azl/BUILD/shim-15.8/gnu-efi/inc/aarch64 -I/usr/src/azl/BUILD/shim-15.8/gnu-efi/inc/protocol -std=gnu11 -ggdb -ffreestanding -fmacro-prefix-map=/usr/src/azl/BUILD/shim-15.8/= -fno-stack-protector -fno-strict-aliasing -fpic -fshort-wchar -Os -Wall -Wextra -Wno-missing-field-initializers  -DMDE_CPU_AARCH64 -DPAGE_SIZE=4096 -mstrict-align -Werror -nostdinc -I/usr/src/azl/BUILD/shim-15.8/Cryptlib -I/usr/src/azl/BUILD/shim-15.8/Cryptlib/Include -I/usr/src/azl/BUILD/shim-15.8/gnu-efi/inc -I/usr/src/azl/BUILD/shim-15.8/gnu-efi/inc/aarch64 -I/usr/src/azl/BUILD/shim-15.8/gnu-efi/inc/protocol -I/usr/src/azl/BUILD/shim-15.8/include -iquote /usr/src/azl/BUILD/shim-15.8 -iquote /usr/src/azl/BUILD/shim-15.8/build-aa64 -isystem /usr/src/azl/BUILD/shim-15.8/include/system -isystem /usr/lib/gcc/aarch64-unknown-linux-gnu/13.2.0/include -DDEFAULT_LOADER='L"\\\\grubaa64.efi"' -DDEFAULT_LOADER_CHAR='"\\\\grubaa64.efi"' -DEFI_ARCH='L"aa64"' -DDEBUGDIR='L"/usr/lib/debug/usr/share/shim/aa64-15.8/"' -DVENDOR_CERT_FILE=\"/usr/src/azl/SOURCES/azurelinux-ca-20230216.der\" -DGNU_EFI_USE_EXTERNAL_STDARG -Wno-error=pragmas -fpic  -Os -Wall -Wextra -Wno-missing-field-initializers -Werror -fshort-wchar -fno-strict-aliasing -ffreestanding -fno-stack-protector -fno-stack-check -nostdinc   -isystem /usr/src/azl/BUILD/shim-15.8/gnu-efi/../include/system -isystem /usr/lib/gcc/aarch64-unknown-linux-gnu/13.2.0/include -fno-merge-all-constants -Wno-error=pragmas -fpic  -Os -Wall -Wextra -Wno-missing-field-initializers -Werror -fshort-wchar -fno-strict-aliasing -ffreestanding -fno-stack-protector -fno-stack-check -nostdinc   -isystem /usr/src/azl/BUILD/shim-15.8/gnu-efi/../include/system -isystem /usr/lib/gcc/aarch64-unknown-linux-gnu/13.2.0/include -fno-merge-all-constants -DCONFIG_aarch64 -c /usr/src/azl/BUILD/shim-15.8/gnu-efi//lib/aarch64/setjmp.S -o aarch64/setjmp.o
[91m/usr/src/azl/BUILD/shim-15.8/gnu-efi//gnuefi/crt0-efi-aarch64.S: [0m[91mAssembler messages:
[0m[91m/usr/src/azl/BUILD/shim-15.8/gnu-efi//gnuefi/crt0-efi-aarch64.S:54: Warning: setting incorrect section attributes for .note.GNU-[0m[91mstack
[0mgcc -I/usr/src/azl/BUILD/shim-15.8/gnu-efi//gnuefi -I/usr/src/azl/BUILD/shim-15.8/gnu-efi/inc -I/usr/src/azl/BUILD/shim-15.8/gnu-efi/inc/aarch64 -I/usr/src/azl/BUILD/shim-15.8/gnu-efi/inc/protocol -std=gnu11 -ggdb -ffreestanding -fmacro-prefix-map=/usr/src/azl/BUILD/shim-15.8/= -fno-stack-protector -fno-strict-aliasing -fpic -fshort-wchar -Os -Wall -Wextra -Wno-missing-field-initializers  -DMDE_CPU_AARCH64 -DPAGE_SIZE=4096 -mstrict-align -Werror -nostdinc -I/usr/src/azl/BUILD/shim-15.8/Cryptlib -I/usr/src/azl/BUILD/shim-15.8/Cryptlib/Include -I/usr/src/azl/BUILD/shim-15.8/gnu-efi/inc -I/usr/src/azl/BUILD/shim-15.8/gnu-efi/inc/aarch64 -I/usr/src/azl/BUILD/shim-15.8/gnu-efi/inc/protocol -I/usr/src/azl/BUILD/shim-15.8/include -iquote /usr/src/azl/BUILD/shim-15.8 -iquote /usr/src/azl/BUILD/shim-15.8/build-aa64 -isystem /usr/src/azl/BUILD/shim-15.8/include/system -isystem /usr/lib/gcc/aarch64-unknown-linux-gnu/13.2.0/include -DDEFAULT_LOADER='L"\\\\grubaa64.efi"' -DDEFAULT_LOADER_CHAR='"\\\\grubaa64.efi"' -DEFI_ARCH='L"aa64"' -DDEBUGDIR='L"/usr/lib/debug/usr/share/shim/aa64-15.8/"' -DVENDOR_CERT_FILE=\"/usr/src/azl/SOURCES/azurelinux-ca-20230216.der\" -DGNU_EFI_USE_EXTERNAL_STDARG -Wno-error=pragmas -fpic  -Os -Wall -Wextra -Wno-missing-field-initializers -Werror -fshort-wchar -fno-strict-aliasing -ffreestanding -fno-stack-protector -fno-stack-check -nostdinc   -isystem /usr/src/azl/BUILD/shim-15.8/gnu-efi/../include/system -isystem /usr/lib/gcc/aarch64-unknown-linux-gnu/13.2.0/include -fno-merge-all-constants -Wno-error=pragmas -fpic  -Os -Wall -Wextra -Wno-missing-field-initializers -Werror -fshort-wchar -fno-strict-aliasing -ffreestanding -fno-stack-protector -fno-stack-check -nostdinc   -isystem /usr/src/azl/BUILD/shim-15.8/gnu-efi/../include/system -isystem /usr/lib/gcc/aarch64-unknown-linux-gnu/13.2.0/include -fno-merge-all-constants -fno-jump-tables -DCONFIG_aarch64 -c /usr/src/azl/BUILD/shim-15.8/gnu-efi//gnuefi/reloc_aarch64.c -o reloc_aarch64.o
[91m/usr/src/azl/BUILD/shim-15.8/gnu-efi//lib/aarch64/setjmp.S: [0m[91mAssembler messages:
[0m[91m/usr/src/azl/BUILD/shim-15.8/gnu-efi//lib/aarch64/setjmp.S:61: Warning: setting incorrect section attributes for .note.GNU-stack[0m[91m
[0mgcc-ar -rv -U libefi.a boxdraw.o smbios.o console.o crc.o data.o debug.o dpath.o error.o event.o exit.o guid.o hand.o hw.o init.o lock.o misc.o pause.o print.o sread.o str.o cmdline.o runtime/rtlock.o runtime/efirtlib.o runtime/rtstr.o runtime/vm.o runtime/rtdata.o aarch64/initplat.o aarch64/math.o aarch64/setjmp.o
r - boxdraw.o
r - smbios.o
r - console.o
r - crc.o
r - data.o
r - debug.o
r - dpath.o
r - error.o
r - event.o
r - exit.o
r - guid.o
r - hand.o
r - hw.o
r - init.o
r - lock.o
r - misc.o
r - pause.o
r - print.o
r - sread.o
r - str.o
r - cmdline.o
r - runtime/rtlock.o
r - runtime/efirtlib.o
r - runtime/rtstr.o
r - runtime/vm.o
r - runtime/rtdata.o
r - aarch64/initplat.o
r - aarch64/math.o
r - aarch64/setjmp.o
make[2]: Leaving directory '/usr/src/azl/BUILD/shim-15.8/build-aa64/gnu-efi/aarch64/lib'
mkdir -p /usr/src/azl/BUILD/shim-15.8/build-aa64/gnu-efi/aarch64/gnuefi
make -C /usr/src/azl/BUILD/shim-15.8/build-aa64/gnu-efi/aarch64/gnuefi -f /usr/src/azl/BUILD/shim-15.8/gnu-efi//gnuefi/Makefile SRCDIR=/usr/src/azl/BUILD/shim-15.8/gnu-efi//gnuefi ARCH=aarch64
make[2]: Entering directory '/usr/src/azl/BUILD/shim-15.8/build-aa64/gnu-efi/aarch64/gnuefi'
gcc -I/usr/src/azl/BUILD/shim-15.8/gnu-efi//gnuefi -I/usr/src/azl/BUILD/shim-15.8/gnu-efi/inc -I/usr/src/azl/BUILD/shim-15.8/gnu-efi/inc/aarch64 -I/usr/src/azl/BUILD/shim-15.8/gnu-efi/inc/protocol -std=gnu11 -ggdb -ffreestanding -fmacro-prefix-map=/usr/src/azl/BUILD/shim-15.8/= -fno-stack-protector -fno-strict-aliasing -fpic -fshort-wchar -Os -Wall -Wextra -Wno-missing-field-initializers  -DMDE_CPU_AARCH64 -DPAGE_SIZE=4096 -mstrict-align -Werror -nostdinc -I/usr/src/azl/BUILD/shim-15.8/Cryptlib -I/usr/src/azl/BUILD/shim-15.8/Cryptlib/Include -I/usr/src/azl/BUILD/shim-15.8/gnu-efi/inc -I/usr/src/azl/BUILD/shim-15.8/gnu-efi/inc/aarch64 -I/usr/src/azl/BUILD/shim-15.8/gnu-efi/inc/protocol -I/usr/src/azl/BUILD/shim-15.8/include -iquote /usr/src/azl/BUILD/shim-15.8 -iquote /usr/src/azl/BUILD/shim-15.8/build-aa64 -isystem /usr/src/azl/BUILD/shim-15.8/include/system -isystem /usr/lib/gcc/aarch64-unknown-linux-gnu/13.2.0/include -DDEFAULT_LOADER='L"\\\\grubaa64.efi"' -DDEFAULT_LOADER_CHAR='"\\\\grubaa64.efi"' -DEFI_ARCH='L"aa64"' -DDEBUGDIR='L"/usr/lib/debug/usr/share/shim/aa64-15.8/"' -DVENDOR_CERT_FILE=\"/usr/src/azl/SOURCES/azurelinux-ca-20230216.der\" -DGNU_EFI_USE_EXTERNAL_STDARG -Wno-error=pragmas -fpic  -Os -Wall -Wextra -Wno-missing-field-initializers -Werror -fshort-wchar -fno-strict-aliasing -ffreestanding -fno-stack-protector -fno-stack-check -nostdinc   -isystem /usr/src/azl/BUILD/shim-15.8/gnu-efi/../include/system -isystem /usr/lib/gcc/aarch64-unknown-linux-gnu/13.2.0/include -fno-merge-all-constants -Wno-error=pragmas -fpic  -Os -Wall -Wextra -Wno-missing-field-initializers -Werror -fshort-wchar -fno-strict-aliasing -ffreestanding -fno-stack-protector -fno-stack-check -nostdinc   -isystem /usr/src/azl/BUILD/shim-15.8/gnu-efi/../include/system -isystem /usr/lib/gcc/aarch64-unknown-linux-gnu/13.2.0/include -fno-merge-all-constants -fno-jump-tables -DCONFIG_aarch64 -c /usr/src/azl/BUILD/shim-15.8/gnu-efi//gnuefi/reloc_aarch64.c -o reloc_aarch64.o
gcc -std=gnu11 -ggdb -ffreestanding -fmacro-prefix-map=/usr/src/azl/BUILD/shim-15.8/= -fno-stack-protector -fno-strict-aliasing -fpic -fshort-wchar -nostdinc -Os -Wall -Wextra -Wno-missing-field-initializers -Wno-empty-body -Wno-implicit-fallthrough -Wno-old-style-declaration -Wno-unused-but-set-variable -Wno-unused-parameter -Werror -I/usr/src/azl/BUILD/shim-15.8/Cryptlib/OpenSSL -I/usr/src/azl/BUILD/shim-15.8/Cryptlib -I/usr/src/azl/BUILD/shim-15.8/Cryptlib/OpenSSL/Include/ -I/usr/src/azl/BUILD/shim-15.8/Cryptlib/OpenSSL/crypto -I/usr/src/azl/BUILD/shim-15.8/Cryptlib/Include -I/usr/src/azl/BUILD/shim-15.8/gnu-efi/inc -I/usr/src/azl/BUILD/shim-15.8/gnu-efi/inc/aarch64 -I/usr/src/azl/BUILD/shim-15.8/gnu-efi/inc/protocol -I/usr/src/azl/BUILD/shim-15.8/Cryptlib/OpenSSL/crypto/asn1 -I/usr/src/azl/BUILD/shim-15.8/Cryptlib/OpenSSL/crypto/evp -I/usr/src/azl/BUILD/shim-15.8/Cryptlib/OpenSSL/crypto/modes -I/usr/src/azl/BUILD/shim-15.8/Cryptlib/OpenSSL/crypto/include -isystem /usr/src/azl/BUILD/shim-15.8/include/system -isystem /usr/lib/gcc/aarch64-unknown-linux-gnu/13.2.0/include -DL_ENDIAN -D_CRT_SECURE_NO_DEPRECATE -D_CRT_NONSTDC_NO_DEPRECATE -DOPENSSL_SMALL_FOOTPRINT -DPEDANTIC -DMDE_CPU_AARCH64   -c -o crypto/aes/aes_cbc.o /usr/src/azl/BUILD/shim-15.8/Cryptlib/OpenSSL/crypto/aes/aes_cbc.c
gcc-ar -rv -U libgnuefi.a reloc_aarch64.o
[91m/usr/bin/ar: creating libgnuefi.a
[0ma - reloc_aarch64.o
make[2]: Leaving directory '/usr/src/azl/BUILD/shim-15.8/build-aa64/gnu-efi/aarch64/gnuefi'
make[1]: Leaving directory '/usr/src/azl/BUILD/shim-15.8/build-aa64/gnu-efi'
gcc -std=gnu11 -ggdb -ffreestanding -fmacro-prefix-map=/usr/src/azl/BUILD/shim-15.8/= -fno-stack-protector -fno-strict-aliasing -fpic -fshort-wchar -Os -Wall -Wextra -Wno-missing-field-initializers  -DMDE_CPU_AARCH64 -DPAGE_SIZE=4096 -mstrict-align -Werror -nostdinc -I/usr/src/azl/BUILD/shim-15.8/Cryptlib -I/usr/src/azl/BUILD/shim-15.8/Cryptlib/Include -I/usr/src/azl/BUILD/shim-15.8/gnu-efi/inc -I/usr/src/azl/BUILD/shim-15.8/gnu-efi/inc/aarch64 -I/usr/src/azl/BUILD/shim-15.8/gnu-efi/inc/protocol -I/usr/src/azl/BUILD/shim-15.8/include -iquote /usr/src/azl/BUILD/shim-15.8 -iquote /usr/src/azl/BUILD/shim-15.8/build-aa64 -isystem /usr/src/azl/BUILD/shim-15.8/include/system -isystem /usr/lib/gcc/aarch64-unknown-linux-gnu/13.2.0/include -DDEFAULT_LOADER='L"\\\\grubaa64.efi"' -DDEFAULT_LOADER_CHAR='"\\\\grubaa64.efi"' -DEFI_ARCH='L"aa64"' -DDEBUGDIR='L"/usr/lib/debug/usr/share/shim/aa64-15.8/"' -DVENDOR_CERT_FILE=\"/usr/src/azl/SOURCES/azurelinux-ca-20230216.der\"   -c -o PasswordCrypt.o /usr/src/azl/BUILD/shim-15.8/PasswordCrypt.c
gcc -std=gnu11 -ggdb -ffreestanding -fmacro-prefix-map=/usr/src/azl/BUILD/shim-15.8/= -fno-stack-protector -fno-strict-aliasing -fpic -fshort-wchar -nostdinc -Os -Wall -Wextra -Wno-missing-field-initializers -Wno-empty-body -Wno-implicit-fallthrough -Wno-old-style-declaration -Wno-unused-but-set-variable -Wno-unused-parameter -Werror -I/usr/src/azl/BUILD/shim-15.8/Cryptlib/OpenSSL -I/usr/src/azl/BUILD/shim-15.8/Cryptlib -I/usr/src/azl/BUILD/shim-15.8/Cryptlib/OpenSSL/Include/ -I/usr/src/azl/BUILD/shim-15.8/Cryptlib/OpenSSL/crypto -I/usr/src/azl/BUILD/shim-15.8/Cryptlib/Include -I/usr/src/azl/BUILD/shim-15.8/gnu-efi/inc -I/usr/src/azl/BUILD/shim-15.8/gnu-efi/inc/aarch64 -I/usr/src/azl/BUILD/shim-15.8/gnu-efi/inc/protocol -I/usr/src/azl/BUILD/shim-15.8/Cryptlib/OpenSSL/crypto/asn1 -I/usr/src/azl/BUILD/shim-15.8/Cryptlib/OpenSSL/crypto/evp -I/usr/src/azl/BUILD/shim-15.8/Cryptlib/OpenSSL/crypto/modes -I/usr/src/azl/BUILD/shim-15.8/Cryptlib/OpenSSL/crypto/include -isystem /usr/src/azl/BUILD/shim-15.8/include/system -isystem /usr/lib/gcc/aarch64-unknown-linux-gnu/13.2.0/include -DL_ENDIAN -D_CRT_SECURE_NO_DEPRECATE -D_CRT_NONSTDC_NO_DEPRECATE -DOPENSSL_SMALL_FOOTPRINT -DPEDANTIC -DMDE_CPU_AARCH64   -c -o crypto/modes/cbc128.o /usr/src/azl/BUILD/shim-15.8/Cryptlib/OpenSSL/crypto/modes/cbc128.c
gcc-ar -rv -U libgnuefi.a reloc_aarch64.o
r - reloc_aarch64.o
make[2]: Leaving directory '/usr/src/azl/BUILD/shim-15.8/build-aa64/gnu-efi/aarch64/gnuefi'
make[1]: Leaving directory '/usr/src/azl/BUILD/shim-15.8/build-aa64/gnu-efi'
gcc -std=gnu11 -ggdb -ffreestanding -fmacro-prefix-map=/usr/src/azl/BUILD/shim-15.8/= -fno-stack-protector -fno-strict-aliasing -fpic -fshort-wchar -nostdinc -Os -Wall -Wextra -Wno-missing-field-initializers -Wno-empty-body -Wno-implicit-fallthrough -Wno-old-style-declaration -Wno-unused-but-set-variable -Wno-unused-parameter -Werror -I/usr/src/azl/BUILD/shim-15.8/Cryptlib/OpenSSL -I/usr/src/azl/BUILD/shim-15.8/Cryptlib -I/usr/src/azl/BUILD/shim-15.8/Cryptlib/OpenSSL/Include/ -I/usr/src/azl/BUILD/shim-15.8/Cryptlib/OpenSSL/crypto -I/usr/src/azl/BUILD/shim-15.8/Cryptlib/Include -I/usr/src/azl/BUILD/shim-15.8/gnu-efi/inc -I/usr/src/azl/BUILD/shim-15.8/gnu-efi/inc/aarch64 -I/usr/src/azl/BUILD/shim-15.8/gnu-efi/inc/protocol -I/usr/src/azl/BUILD/shim-15.8/Cryptlib/OpenSSL/crypto/asn1 -I/usr/src/azl/BUILD/shim-15.8/Cryptlib/OpenSSL/crypto/evp -I/usr/src/azl/BUILD/shim-15.8/Cryptlib/OpenSSL/crypto/modes -I/usr/src/azl/BUILD/shim-15.8/Cryptlib/OpenSSL/crypto/include -isystem /usr/src/azl/BUILD/shim-15.8/include/system -isystem /usr/lib/gcc/aarch64-unknown-linux-gnu/13.2.0/include -DL_ENDIAN -D_CRT_SECURE_NO_DEPRECATE -D_CRT_NONSTDC_NO_DEPRECATE -DOPENSSL_SMALL_FOOTPRINT -DPEDANTIC -DMDE_CPU_AARCH64   -c -o crypto/modes/ctr128.o /usr/src/azl/BUILD/shim-15.8/Cryptlib/OpenSSL/crypto/modes/ctr128.c
gcc -std=gnu11 -ggdb -ffreestanding -fmacro-prefix-map=/usr/src/azl/BUILD/shim-15.8/= -fno-stack-protector -fno-strict-aliasing -fpic -fshort-wchar -nostdinc -Os -Wall -Wextra -Wno-missing-field-initializers -Wno-empty-body -Wno-implicit-fallthrough -Wno-old-style-declaration -Wno-unused-but-set-variable -Wno-unused-parameter -Werror -I/usr/src/azl/BUILD/shim-15.8/Cryptlib/OpenSSL -I/usr/src/azl/BUILD/shim-15.8/Cryptlib -I/usr/src/azl/BUILD/shim-15.8/Cryptlib/OpenSSL/Include/ -I/usr/src/azl/BUILD/shim-15.8/Cryptlib/OpenSSL/crypto -I/usr/src/azl/BUILD/shim-15.8/Cryptlib/Include -I/usr/src/azl/BUILD/shim-15.8/gnu-efi/inc -I/usr/src/azl/BUILD/shim-15.8/gnu-efi/inc/aarch64 -I/usr/src/azl/BUILD/shim-15.8/gnu-efi/inc/protocol -I/usr/src/azl/BUILD/shim-15.8/Cryptlib/OpenSSL/crypto/asn1 -I/usr/src/azl/BUILD/shim-15.8/Cryptlib/OpenSSL/crypto/evp -I/usr/src/azl/BUILD/shim-15.8/Cryptlib/OpenSSL/crypto/modes -I/usr/src/azl/BUILD/shim-15.8/Cryptlib/OpenSSL/crypto/include -isystem /usr/src/azl/BUILD/shim-15.8/include/system -isystem /usr/lib/gcc/aarch64-unknown-linux-gnu/13.2.0/include -DL_ENDIAN -D_CRT_SECURE_NO_DEPRECATE -D_CRT_NONSTDC_NO_DEPRECATE -DOPENSSL_SMALL_FOOTPRINT -DPEDANTIC -DMDE_CPU_AARCH64   -c -o crypto/modes/cts128.o /usr/src/azl/BUILD/shim-15.8/Cryptlib/OpenSSL/crypto/modes/cts128.c
gcc -std=gnu11 -ggdb -ffreestanding -fmacro-prefix-map=/usr/src/azl/BUILD/shim-15.8/= -fno-stack-protector -fno-strict-aliasing -fpic -fshort-wchar -nostdinc -Os -Wall -Wextra -Wno-missing-field-initializers -Wno-empty-body -Wno-implicit-fallthrough -Wno-old-style-declaration -Wno-unused-but-set-variable -Wno-unused-parameter -Werror -I/usr/src/azl/BUILD/shim-15.8/Cryptlib/OpenSSL -I/usr/src/azl/BUILD/shim-15.8/Cryptlib -I/usr/src/azl/BUILD/shim-15.8/Cryptlib/OpenSSL/Include/ -I/usr/src/azl/BUILD/shim-15.8/Cryptlib/OpenSSL/crypto -I/usr/src/azl/BUILD/shim-15.8/Cryptlib/Include -I/usr/src/azl/BUILD/shim-15.8/gnu-efi/inc -I/usr/src/azl/BUILD/shim-15.8/gnu-efi/inc/aarch64 -I/usr/src/azl/BUILD/shim-15.8/gnu-efi/inc/protocol -I/usr/src/azl/BUILD/shim-15.8/Cryptlib/OpenSSL/crypto/asn1 -I/usr/src/azl/BUILD/shim-15.8/Cryptlib/OpenSSL/crypto/evp -I/usr/src/azl/BUILD/shim-15.8/Cryptlib/OpenSSL/crypto/modes -I/usr/src/azl/BUILD/shim-15.8/Cryptlib/OpenSSL/crypto/include -isystem /usr/src/azl/BUILD/shim-15.8/include/system -isystem /usr/lib/gcc/aarch64-unknown-linux-gnu/13.2.0/include -DL_ENDIAN -D_CRT_SECURE_NO_DEPRECATE -D_CRT_NONSTDC_NO_DEPRECATE -DOPENSSL_SMALL_FOOTPRINT -DPEDANTIC -DMDE_CPU_AARCH64   -c -o crypto/modes/cfb128.o /usr/src/azl/BUILD/shim-15.8/Cryptlib/OpenSSL/crypto/modes/cfb128.c
gcc -std=gnu11 -ggdb -ffreestanding -fmacro-prefix-map=/usr/src/azl/BUILD/shim-15.8/= -fno-stack-protector -fno-strict-aliasing -fpic -fshort-wchar -Os -Wall -Wextra -Wno-missing-field-initializers  -DMDE_CPU_AARCH64 -DPAGE_SIZE=4096 -mstrict-align -Werror -nostdinc -I/usr/src/azl/BUILD/shim-15.8/Cryptlib -I/usr/src/azl/BUILD/shim-15.8/Cryptlib/Include -I/usr/src/azl/BUILD/shim-15.8/gnu-efi/inc -I/usr/src/azl/BUILD/shim-15.8/gnu-efi/inc/aarch64 -I/usr/src/azl/BUILD/shim-15.8/gnu-efi/inc/protocol -I/usr/src/azl/BUILD/shim-15.8/include -iquote /usr/src/azl/BUILD/shim-15.8 -iquote /usr/src/azl/BUILD/shim-15.8/build-aa64 -isystem /usr/src/azl/BUILD/shim-15.8/include/system -isystem /usr/lib/gcc/aarch64-unknown-linux-gnu/13.2.0/include -DDEFAULT_LOADER='L"\\\\grubaa64.efi"' -DDEFAULT_LOADER_CHAR='"\\\\grubaa64.efi"' -DEFI_ARCH='L"aa64"' -DDEBUGDIR='L"/usr/lib/debug/usr/share/shim/aa64-15.8/"' -DVENDOR_CERT_FILE=\"/usr/src/azl/SOURCES/azurelinux-ca-20230216.der\"   -c -o crypt_blowfish.o /usr/src/azl/BUILD/shim-15.8/crypt_blowfish.c
gcc -std=gnu11 -ggdb -ffreestanding -fmacro-prefix-map=/usr/src/azl/BUILD/shim-15.8/= -fno-stack-protector -fno-strict-aliasing -fpic -fshort-wchar -nostdinc -Os -Wall -Wextra -Wno-missing-field-initializers -Wno-empty-body -Wno-implicit-fallthrough -Wno-old-style-declaration -Wno-unused-but-set-variable -Wno-unused-parameter -Werror -I/usr/src/azl/BUILD/shim-15.8/Cryptlib/OpenSSL -I/usr/src/azl/BUILD/shim-15.8/Cryptlib -I/usr/src/azl/BUILD/shim-15.8/Cryptlib/OpenSSL/Include/ -I/usr/src/azl/BUILD/shim-15.8/Cryptlib/OpenSSL/crypto -I/usr/src/azl/BUILD/shim-15.8/Cryptlib/Include -I/usr/src/azl/BUILD/shim-15.8/gnu-efi/inc -I/usr/src/azl/BUILD/shim-15.8/gnu-efi/inc/aarch64 -I/usr/src/azl/BUILD/shim-15.8/gnu-efi/inc/protocol -I/usr/src/azl/BUILD/shim-15.8/Cryptlib/OpenSSL/crypto/asn1 -I/usr/src/azl/BUILD/shim-15.8/Cryptlib/OpenSSL/crypto/evp -I/usr/src/azl/BUILD/shim-15.8/Cryptlib/OpenSSL/crypto/modes -I/usr/src/azl/BUILD/shim-15.8/Cryptlib/OpenSSL/crypto/include -isystem /usr/src/azl/BUILD/shim-15.8/include/system -isystem /usr/lib/gcc/aarch64-unknown-linux-gnu/13.2.0/include -DL_ENDIAN -D_CRT_SECURE_NO_DEPRECATE -D_CRT_NONSTDC_NO_DEPRECATE -DOPENSSL_SMALL_FOOTPRINT -DPEDANTIC -DMDE_CPU_AARCH64   -c -o crypto/modes/ofb128.o /usr/src/azl/BUILD/shim-15.8/Cryptlib/OpenSSL/crypto/modes/ofb128.c
gcc -std=gnu11 -ggdb -ffreestanding -fmacro-prefix-map=/usr/src/azl/BUILD/shim-15.8/= -fno-stack-protector -fno-strict-aliasing -fpic -fshort-wchar -nostdinc -Os -Wall -Wextra -Wno-missing-field-initializers -Wno-empty-body -Wno-implicit-fallthrough -Wno-old-style-declaration -Wno-unused-but-set-variable -Wno-unused-parameter -Werror -I/usr/src/azl/BUILD/shim-15.8/Cryptlib/OpenSSL -I/usr/src/azl/BUILD/shim-15.8/Cryptlib -I/usr/src/azl/BUILD/shim-15.8/Cryptlib/OpenSSL/Include/ -I/usr/src/azl/BUILD/shim-15.8/Cryptlib/OpenSSL/crypto -I/usr/src/azl/BUILD/shim-15.8/Cryptlib/Include -I/usr/src/azl/BUILD/shim-15.8/gnu-efi/inc -I/usr/src/azl/BUILD/shim-15.8/gnu-efi/inc/aarch64 -I/usr/src/azl/BUILD/shim-15.8/gnu-efi/inc/protocol -I/usr/src/azl/BUILD/shim-15.8/Cryptlib/OpenSSL/crypto/asn1 -I/usr/src/azl/BUILD/shim-15.8/Cryptlib/OpenSSL/crypto/evp -I/usr/src/azl/BUILD/shim-15.8/Cryptlib/OpenSSL/crypto/modes -I/usr/src/azl/BUILD/shim-15.8/Cryptlib/OpenSSL/crypto/include -isystem /usr/src/azl/BUILD/shim-15.8/include/system -isystem /usr/lib/gcc/aarch64-unknown-linux-gnu/13.2.0/include -DL_ENDIAN -D_CRT_SECURE_NO_DEPRECATE -D_CRT_NONSTDC_NO_DEPRECATE -DOPENSSL_SMALL_FOOTPRINT -DPEDANTIC -DMDE_CPU_AARCH64   -c -o crypto/modes/gcm128.o /usr/src/azl/BUILD/shim-15.8/Cryptlib/OpenSSL/crypto/modes/gcm128.c
gcc -std=gnu11 -ggdb -ffreestanding -fmacro-prefix-map=/usr/src/azl/BUILD/shim-15.8/= -fno-stack-protector -fno-strict-aliasing -fpic -fshort-wchar -nostdinc -Os -Wall -Wextra -Wno-missing-field-initializers -Wno-empty-body -Wno-implicit-fallthrough -Wno-old-style-declaration -Wno-unused-but-set-variable -Wno-unused-parameter -Werror -I/usr/src/azl/BUILD/shim-15.8/Cryptlib/OpenSSL -I/usr/src/azl/BUILD/shim-15.8/Cryptlib -I/usr/src/azl/BUILD/shim-15.8/Cryptlib/OpenSSL/Include/ -I/usr/src/azl/BUILD/shim-15.8/Cryptlib/OpenSSL/crypto -I/usr/src/azl/BUILD/shim-15.8/Cryptlib/Include -I/usr/src/azl/BUILD/shim-15.8/gnu-efi/inc -I/usr/src/azl/BUILD/shim-15.8/gnu-efi/inc/aarch64 -I/usr/src/azl/BUILD/shim-15.8/gnu-efi/inc/protocol -I/usr/src/azl/BUILD/shim-15.8/Cryptlib/OpenSSL/crypto/asn1 -I/usr/src/azl/BUILD/shim-15.8/Cryptlib/OpenSSL/crypto/evp -I/usr/src/azl/BUILD/shim-15.8/Cryptlib/OpenSSL/crypto/modes -I/usr/src/azl/BUILD/shim-15.8/Cryptlib/OpenSSL/crypto/include -isystem /usr/src/azl/BUILD/shim-15.8/include/system -isystem /usr/lib/gcc/aarch64-unknown-linux-gnu/13.2.0/include -DL_ENDIAN -D_CRT_SECURE_NO_DEPRECATE -D_CRT_NONSTDC_NO_DEPRECATE -DOPENSSL_SMALL_FOOTPRINT -DPEDANTIC -DMDE_CPU_AARCH64   -c -o crypto/modes/ccm128.o /usr/src/azl/BUILD/shim-15.8/Cryptlib/OpenSSL/crypto/modes/ccm128.c
gcc -std=gnu11 -ggdb -ffreestanding -fmacro-prefix-map=/usr/src/azl/BUILD/shim-15.8/= -fno-stack-protector -fno-strict-aliasing -fpic -fshort-wchar -Os -Wall -Wextra -Wno-missing-field-initializers  -DMDE_CPU_AARCH64 -DPAGE_SIZE=4096 -mstrict-align -Werror -nostdinc -I/usr/src/azl/BUILD/shim-15.8/Cryptlib -I/usr/src/azl/BUILD/shim-15.8/Cryptlib/Include -I/usr/src/azl/BUILD/shim-15.8/gnu-efi/inc -I/usr/src/azl/BUILD/shim-15.8/gnu-efi/inc/aarch64 -I/usr/src/azl/BUILD/shim-15.8/gnu-efi/inc/protocol -I/usr/src/azl/BUILD/shim-15.8/include -iquote /usr/src/azl/BUILD/shim-15.8 -iquote /usr/src/azl/BUILD/shim-15.8/build-aa64 -isystem /usr/src/azl/BUILD/shim-15.8/include/system -isystem /usr/lib/gcc/aarch64-unknown-linux-gnu/13.2.0/include -DDEFAULT_LOADER='L"\\\\grubaa64.efi"' -DDEFAULT_LOADER_CHAR='"\\\\grubaa64.efi"' -DEFI_ARCH='L"aa64"' -DDEBUGDIR='L"/usr/lib/debug/usr/share/shim/aa64-15.8/"' -DVENDOR_CERT_FILE=\"/usr/src/azl/SOURCES/azurelinux-ca-20230216.der\"   -c -o fallback.o /usr/src/azl/BUILD/shim-15.8/fallback.c
gcc -std=gnu11 -ggdb -ffreestanding -fmacro-prefix-map=/usr/src/azl/BUILD/shim-15.8/= -fno-stack-protector -fno-strict-aliasing -fpic -fshort-wchar -Os -Wall -Wextra -Wno-missing-field-initializers  -DMDE_CPU_AARCH64 -DPAGE_SIZE=4096 -mstrict-align -Werror -nostdinc -I/usr/src/azl/BUILD/shim-15.8/Cryptlib -I/usr/src/azl/BUILD/shim-15.8/Cryptlib/Include -I/usr/src/azl/BUILD/shim-15.8/gnu-efi/inc -I/usr/src/azl/BUILD/shim-15.8/gnu-efi/inc/aarch64 -I/usr/src/azl/BUILD/shim-15.8/gnu-efi/inc/protocol -I/usr/src/azl/BUILD/shim-15.8/include -iquote /usr/src/azl/BUILD/shim-15.8 -iquote /usr/src/azl/BUILD/shim-15.8/build-aa64 -isystem /usr/src/azl/BUILD/shim-15.8/include/system -isystem /usr/lib/gcc/aarch64-unknown-linux-gnu/13.2.0/include -DDEFAULT_LOADER='L"\\\\grubaa64.efi"' -DDEFAULT_LOADER_CHAR='"\\\\grubaa64.efi"' -DEFI_ARCH='L"aa64"' -DDEBUGDIR='L"/usr/lib/debug/usr/share/shim/aa64-15.8/"' -DVENDOR_CERT_FILE=\"/usr/src/azl/SOURCES/azurelinux-ca-20230216.der\"   -c -o shim.o /usr/src/azl/BUILD/shim-15.8/shim.c
gcc -std=gnu11 -ggdb -ffreestanding -fmacro-prefix-map=/usr/src/azl/BUILD/shim-15.8/= -fno-stack-protector -fno-strict-aliasing -fpic -fshort-wchar -nostdinc -Os -Wall -Wextra -Wno-missing-field-initializers -Wno-empty-body -Wno-implicit-fallthrough -Wno-old-style-declaration -Wno-unused-but-set-variable -Wno-unused-parameter -Werror -I/usr/src/azl/BUILD/shim-15.8/Cryptlib/OpenSSL -I/usr/src/azl/BUILD/shim-15.8/Cryptlib -I/usr/src/azl/BUILD/shim-15.8/Cryptlib/OpenSSL/Include/ -I/usr/src/azl/BUILD/shim-15.8/Cryptlib/OpenSSL/crypto -I/usr/src/azl/BUILD/shim-15.8/Cryptlib/Include -I/usr/src/azl/BUILD/shim-15.8/gnu-efi/inc -I/usr/src/azl/BUILD/shim-15.8/gnu-efi/inc/aarch64 -I/usr/src/azl/BUILD/shim-15.8/gnu-efi/inc/protocol -I/usr/src/azl/BUILD/shim-15.8/Cryptlib/OpenSSL/crypto/asn1 -I/usr/src/azl/BUILD/shim-15.8/Cryptlib/OpenSSL/crypto/evp -I/usr/src/azl/BUILD/shim-15.8/Cryptlib/OpenSSL/crypto/modes -I/usr/src/azl/BUILD/shim-15.8/Cryptlib/OpenSSL/crypto/include -isystem /usr/src/azl/BUILD/shim-15.8/include/system -isystem /usr/lib/gcc/aarch64-unknown-linux-gnu/13.2.0/include -DL_ENDIAN -D_CRT_SECURE_NO_DEPRECATE -D_CRT_NONSTDC_NO_DEPRECATE -DOPENSSL_SMALL_FOOTPRINT -DPEDANTIC -DMDE_CPU_AARCH64   -c -o crypto/modes/xts128.o /usr/src/azl/BUILD/shim-15.8/Cryptlib/OpenSSL/crypto/modes/xts128.c
gcc -std=gnu11 -ggdb -ffreestanding -fmacro-prefix-map=/usr/src/azl/BUILD/shim-15.8/= -fno-stack-protector -fno-strict-aliasing -fpic -fshort-wchar -nostdinc -Os -Wall -Wextra -Wno-missing-field-initializers -Wno-empty-body -Wno-implicit-fallthrough -Wno-old-style-declaration -Wno-unused-but-set-variable -Wno-unused-parameter -Werror -I/usr/src/azl/BUILD/shim-15.8/Cryptlib/OpenSSL -I/usr/src/azl/BUILD/shim-15.8/Cryptlib -I/usr/src/azl/BUILD/shim-15.8/Cryptlib/OpenSSL/Include/ -I/usr/src/azl/BUILD/shim-15.8/Cryptlib/OpenSSL/crypto -I/usr/src/azl/BUILD/shim-15.8/Cryptlib/Include -I/usr/src/azl/BUILD/shim-15.8/gnu-efi/inc -I/usr/src/azl/BUILD/shim-15.8/gnu-efi/inc/aarch64 -I/usr/src/azl/BUILD/shim-15.8/gnu-efi/inc/protocol -I/usr/src/azl/BUILD/shim-15.8/Cryptlib/OpenSSL/crypto/asn1 -I/usr/src/azl/BUILD/shim-15.8/Cryptlib/OpenSSL/crypto/evp -I/usr/src/azl/BUILD/shim-15.8/Cryptlib/OpenSSL/crypto/modes -I/usr/src/azl/BUILD/shim-15.8/Cryptlib/OpenSSL/crypto/include -isystem /usr/src/azl/BUILD/shim-15.8/include/system -isystem /usr/lib/gcc/aarch64-unknown-linux-gnu/13.2.0/include -DL_ENDIAN -D_CRT_SECURE_NO_DEPRECATE -D_CRT_NONSTDC_NO_DEPRECATE -DOPENSSL_SMALL_FOOTPRINT -DPEDANTIC -DMDE_CPU_AARCH64   -c -o crypto/modes/wrap128.o /usr/src/azl/BUILD/shim-15.8/Cryptlib/OpenSSL/crypto/modes/wrap128.c
gcc -std=gnu11 -ggdb -ffreestanding -fmacro-prefix-map=/usr/src/azl/BUILD/shim-15.8/= -fno-stack-protector -fno-strict-aliasing -fpic -fshort-wchar -nostdinc -Os -Wall -Wextra -Wno-missing-field-initializers -Wno-empty-body -Wno-implicit-fallthrough -Wno-old-style-declaration -Wno-unused-but-set-variable -Wno-unused-parameter -Werror -I/usr/src/azl/BUILD/shim-15.8/Cryptlib/OpenSSL -I/usr/src/azl/BUILD/shim-15.8/Cryptlib -I/usr/src/azl/BUILD/shim-15.8/Cryptlib/OpenSSL/Include/ -I/usr/src/azl/BUILD/shim-15.8/Cryptlib/OpenSSL/crypto -I/usr/src/azl/BUILD/shim-15.8/Cryptlib/Include -I/usr/src/azl/BUILD/shim-15.8/gnu-efi/inc -I/usr/src/azl/BUILD/shim-15.8/gnu-efi/inc/aarch64 -I/usr/src/azl/BUILD/shim-15.8/gnu-efi/inc/protocol -I/usr/src/azl/BUILD/shim-15.8/Cryptlib/OpenSSL/crypto/asn1 -I/usr/src/azl/BUILD/shim-15.8/Cryptlib/OpenSSL/crypto/evp -I/usr/src/azl/BUILD/shim-15.8/Cryptlib/OpenSSL/crypto/modes -I/usr/src/azl/BUILD/shim-15.8/Cryptlib/OpenSSL/crypto/include -isystem /usr/src/azl/BUILD/shim-15.8/include/system -isystem /usr/lib/gcc/aarch64-unknown-linux-gnu/13.2.0/include -DL_ENDIAN -D_CRT_SECURE_NO_DEPRECATE -D_CRT_NONSTDC_NO_DEPRECATE -DOPENSSL_SMALL_FOOTPRINT -DPEDANTIC -DMDE_CPU_AARCH64   -c -o crypto/bn/bn_add.o /usr/src/azl/BUILD/shim-15.8/Cryptlib/OpenSSL/crypto/bn/bn_add.c
gcc -std=gnu11 -ggdb -ffreestanding -fmacro-prefix-map=/usr/src/azl/BUILD/shim-15.8/= -fno-stack-protector -fno-strict-aliasing -fpic -fshort-wchar -nostdinc -Os -Wall -Wextra -Wno-missing-field-initializers -Wno-empty-body -Wno-implicit-fallthrough -Wno-old-style-declaration -Wno-unused-but-set-variable -Wno-unused-parameter -Werror -I/usr/src/azl/BUILD/shim-15.8/Cryptlib/OpenSSL -I/usr/src/azl/BUILD/shim-15.8/Cryptlib -I/usr/src/azl/BUILD/shim-15.8/Cryptlib/OpenSSL/Include/ -I/usr/src/azl/BUILD/shim-15.8/Cryptlib/OpenSSL/crypto -I/usr/src/azl/BUILD/shim-15.8/Cryptlib/Include -I/usr/src/azl/BUILD/shim-15.8/gnu-efi/inc -I/usr/src/azl/BUILD/shim-15.8/gnu-efi/inc/aarch64 -I/usr/src/azl/BUILD/shim-15.8/gnu-efi/inc/protocol -I/usr/src/azl/BUILD/shim-15.8/Cryptlib/OpenSSL/crypto/asn1 -I/usr/src/azl/BUILD/shim-15.8/Cryptlib/OpenSSL/crypto/evp -I/usr/src/azl/BUILD/shim-15.8/Cryptlib/OpenSSL/crypto/modes -I/usr/src/azl/BUILD/shim-15.8/Cryptlib/OpenSSL/crypto/include -isystem /usr/src/azl/BUILD/shim-15.8/include/system -isystem /usr/lib/gcc/aarch64-unknown-linux-gnu/13.2.0/include -DL_ENDIAN -D_CRT_SECURE_NO_DEPRECATE -D_CRT_NONSTDC_NO_DEPRECATE -DOPENSSL_SMALL_FOOTPRINT -DPEDANTIC -DMDE_CPU_AARCH64   -c -o crypto/bn/bn_div.o /usr/src/azl/BUILD/shim-15.8/Cryptlib/OpenSSL/crypto/bn/bn_div.c
gcc -std=gnu11 -ggdb -ffreestanding -fmacro-prefix-map=/usr/src/azl/BUILD/shim-15.8/= -fno-stack-protector -fno-strict-aliasing -fpic -fshort-wchar -Os -Wall -Wextra -Wno-missing-field-initializers  -DMDE_CPU_AARCH64 -DPAGE_SIZE=4096 -mstrict-align -Werror -nostdinc -I/usr/src/azl/BUILD/shim-15.8/Cryptlib -I/usr/src/azl/BUILD/shim-15.8/Cryptlib/Include -I/usr/src/azl/BUILD/shim-15.8/gnu-efi/inc -I/usr/src/azl/BUILD/shim-15.8/gnu-efi/inc/aarch64 -I/usr/src/azl/BUILD/shim-15.8/gnu-efi/inc/protocol -I/usr/src/azl/BUILD/shim-15.8/include -iquote /usr/src/azl/BUILD/shim-15.8 -iquote /usr/src/azl/BUILD/shim-15.8/build-aa64 -isystem /usr/src/azl/BUILD/shim-15.8/include/system -isystem /usr/lib/gcc/aarch64-unknown-linux-gnu/13.2.0/include -DDEFAULT_LOADER='L"\\\\grubaa64.efi"' -DDEFAULT_LOADER_CHAR='"\\\\grubaa64.efi"' -DEFI_ARCH='L"aa64"' -DDEBUGDIR='L"/usr/lib/debug/usr/share/shim/aa64-15.8/"' -DVENDOR_CERT_FILE=\"/usr/src/azl/SOURCES/azurelinux-ca-20230216.der\" -x c -c -o sbat_data.o /dev/null
objcopy --add-section .sbat=/usr/src/azl/BUILD/shim-15.8/data/sbat.csv \
	--set-section-flags .sbat=contents,alloc,load,readonly,data \
	sbat_data.o
objcopy --add-section ".sbat.azurelinux=sbat.azurelinux.csv" sbat_data.o
gcc -std=gnu11 -ggdb -ffreestanding -fmacro-prefix-map=/usr/src/azl/BUILD/shim-15.8/= -fno-stack-protector -fno-strict-aliasing -fpic -fshort-wchar -nostdinc -Os -Wall -Wextra -Wno-missing-field-initializers -Wno-empty-body -Wno-implicit-fallthrough -Wno-old-style-declaration -Wno-unused-but-set-variable -Wno-unused-parameter -Werror -I/usr/src/azl/BUILD/shim-15.8/Cryptlib/OpenSSL -I/usr/src/azl/BUILD/shim-15.8/Cryptlib -I/usr/src/azl/BUILD/shim-15.8/Cryptlib/OpenSSL/Include/ -I/usr/src/azl/BUILD/shim-15.8/Cryptlib/OpenSSL/crypto -I/usr/src/azl/BUILD/shim-15.8/Cryptlib/Include -I/usr/src/azl/BUILD/shim-15.8/gnu-efi/inc -I/usr/src/azl/BUILD/shim-15.8/gnu-efi/inc/aarch64 -I/usr/src/azl/BUILD/shim-15.8/gnu-efi/inc/protocol -I/usr/src/azl/BUILD/shim-15.8/Cryptlib/OpenSSL/crypto/asn1 -I/usr/src/azl/BUILD/shim-15.8/Cryptlib/OpenSSL/crypto/evp -I/usr/src/azl/BUILD/shim-15.8/Cryptlib/OpenSSL/crypto/modes -I/usr/src/azl/BUILD/shim-15.8/Cryptlib/OpenSSL/crypto/include -isystem /usr/src/azl/BUILD/shim-15.8/include/system -isystem /usr/lib/gcc/aarch64-unknown-linux-gnu/13.2.0/include -DL_ENDIAN -D_CRT_SECURE_NO_DEPRECATE -D_CRT_NONSTDC_NO_DEPRECATE -DOPENSSL_SMALL_FOOTPRINT -DPEDANTIC -DMDE_CPU_AARCH64   -c -o crypto/bn/bn_exp.o /usr/src/azl/BUILD/shim-15.8/Cryptlib/OpenSSL/crypto/bn/bn_exp.c
gcc -std=gnu11 -ggdb -ffreestanding -fmacro-prefix-map=/usr/src/azl/BUILD/shim-15.8/= -fno-stack-protector -fno-strict-aliasing -fpic -fshort-wchar -nostdinc -Os -Wall -Wextra -Wno-missing-field-initializers -Wno-empty-body -Wno-implicit-fallthrough -Wno-old-style-declaration -Wno-unused-but-set-variable -Wno-unused-parameter -Werror -I/usr/src/azl/BUILD/shim-15.8/Cryptlib/OpenSSL -I/usr/src/azl/BUILD/shim-15.8/Cryptlib -I/usr/src/azl/BUILD/shim-15.8/Cryptlib/OpenSSL/Include/ -I/usr/src/azl/BUILD/shim-15.8/Cryptlib/OpenSSL/crypto -I/usr/src/azl/BUILD/shim-15.8/Cryptlib/Include -I/usr/src/azl/BUILD/shim-15.8/gnu-efi/inc -I/usr/src/azl/BUILD/shim-15.8/gnu-efi/inc/aarch64 -I/usr/src/azl/BUILD/shim-15.8/gnu-efi/inc/protocol -I/usr/src/azl/BUILD/shim-15.8/Cryptlib/OpenSSL/crypto/asn1 -I/usr/src/azl/BUILD/shim-15.8/Cryptlib/OpenSSL/crypto/evp -I/usr/src/azl/BUILD/shim-15.8/Cryptlib/OpenSSL/crypto/modes -I/usr/src/azl/BUILD/shim-15.8/Cryptlib/OpenSSL/crypto/include -isystem /usr/src/azl/BUILD/shim-15.8/include/system -isystem /usr/lib/gcc/aarch64-unknown-linux-gnu/13.2.0/include -DL_ENDIAN -D_CRT_SECURE_NO_DEPRECATE -D_CRT_NONSTDC_NO_DEPRECATE -DOPENSSL_SMALL_FOOTPRINT -DPEDANTIC -DMDE_CPU_AARCH64   -c -o crypto/bn/bn_lib.o /usr/src/azl/BUILD/shim-15.8/Cryptlib/OpenSSL/crypto/bn/bn_lib.c
gcc -std=gnu11 -ggdb -ffreestanding -fmacro-prefix-map=/usr/src/azl/BUILD/shim-15.8/= -fno-stack-protector -fno-strict-aliasing -fpic -fshort-wchar -nostdinc -Os -Wall -Wextra -Wno-missing-field-initializers -Wno-empty-body -Wno-implicit-fallthrough -Wno-old-style-declaration -Wno-unused-but-set-variable -Wno-unused-parameter -Werror -I/usr/src/azl/BUILD/shim-15.8/Cryptlib/OpenSSL -I/usr/src/azl/BUILD/shim-15.8/Cryptlib -I/usr/src/azl/BUILD/shim-15.8/Cryptlib/OpenSSL/Include/ -I/usr/src/azl/BUILD/shim-15.8/Cryptlib/OpenSSL/crypto -I/usr/src/azl/BUILD/shim-15.8/Cryptlib/Include -I/usr/src/azl/BUILD/shim-15.8/gnu-efi/inc -I/usr/src/azl/BUILD/shim-15.8/gnu-efi/inc/aarch64 -I/usr/src/azl/BUILD/shim-15.8/gnu-efi/inc/protocol -I/usr/src/azl/BUILD/shim-15.8/Cryptlib/OpenSSL/crypto/asn1 -I/usr/src/azl/BUILD/shim-15.8/Cryptlib/OpenSSL/crypto/evp -I/usr/src/azl/BUILD/shim-15.8/Cryptlib/OpenSSL/crypto/modes -I/usr/src/azl/BUILD/shim-15.8/Cryptlib/OpenSSL/crypto/include -isystem /usr/src/azl/BUILD/shim-15.8/include/system -isystem /usr/lib/gcc/aarch64-unknown-linux-gnu/13.2.0/include -DL_ENDIAN -D_CRT_SECURE_NO_DEPRECATE -D_CRT_NONSTDC_NO_DEPRECATE -DOPENSSL_SMALL_FOOTPRINT -DPEDANTIC -DMDE_CPU_AARCH64   -c -o crypto/bn/bn_ctx.o /usr/src/azl/BUILD/shim-15.8/Cryptlib/OpenSSL/crypto/bn/bn_ctx.c
gcc -std=gnu11 -ggdb -ffreestanding -fmacro-prefix-map=/usr/src/azl/BUILD/shim-15.8/= -fno-stack-protector -fno-strict-aliasing -fpic -fshort-wchar -nostdinc -Os -Wall -Wextra -Wno-missing-field-initializers -Wno-empty-body -Wno-implicit-fallthrough -Wno-old-style-declaration -Wno-unused-but-set-variable -Wno-unused-parameter -Werror -I/usr/src/azl/BUILD/shim-15.8/Cryptlib/OpenSSL -I/usr/src/azl/BUILD/shim-15.8/Cryptlib -I/usr/src/azl/BUILD/shim-15.8/Cryptlib/OpenSSL/Include/ -I/usr/src/azl/BUILD/shim-15.8/Cryptlib/OpenSSL/crypto -I/usr/src/azl/BUILD/shim-15.8/Cryptlib/Include -I/usr/src/azl/BUILD/shim-15.8/gnu-efi/inc -I/usr/src/azl/BUILD/shim-15.8/gnu-efi/inc/aarch64 -I/usr/src/azl/BUILD/shim-15.8/gnu-efi/inc/protocol -I/usr/src/azl/BUILD/shim-15.8/Cryptlib/OpenSSL/crypto/asn1 -I/usr/src/azl/BUILD/shim-15.8/Cryptlib/OpenSSL/crypto/evp -I/usr/src/azl/BUILD/shim-15.8/Cryptlib/OpenSSL/crypto/modes -I/usr/src/azl/BUILD/shim-15.8/Cryptlib/OpenSSL/crypto/include -isystem /usr/src/azl/BUILD/shim-15.8/include/system -isystem /usr/lib/gcc/aarch64-unknown-linux-gnu/13.2.0/include -DL_ENDIAN -D_CRT_SECURE_NO_DEPRECATE -D_CRT_NONSTDC_NO_DEPRECATE -DOPENSSL_SMALL_FOOTPRINT -DPEDANTIC -DMDE_CPU_AARCH64   -c -o crypto/bn/bn_mul.o /usr/src/azl/BUILD/shim-15.8/Cryptlib/OpenSSL/crypto/bn/bn_mul.c
gcc -std=gnu11 -ggdb -ffreestanding -fmacro-prefix-map=/usr/src/azl/BUILD/shim-15.8/= -fno-stack-protector -fno-strict-aliasing -fpic -fshort-wchar -nostdinc -Os -Wall -Wextra -Wno-missing-field-initializers -Wno-empty-body -Wno-implicit-fallthrough -Wno-old-style-declaration -Wno-unused-but-set-variable -Wno-unused-parameter -Werror -I/usr/src/azl/BUILD/shim-15.8/Cryptlib/OpenSSL -I/usr/src/azl/BUILD/shim-15.8/Cryptlib -I/usr/src/azl/BUILD/shim-15.8/Cryptlib/OpenSSL/Include/ -I/usr/src/azl/BUILD/shim-15.8/Cryptlib/OpenSSL/crypto -I/usr/src/azl/BUILD/shim-15.8/Cryptlib/Include -I/usr/src/azl/BUILD/shim-15.8/gnu-efi/inc -I/usr/src/azl/BUILD/shim-15.8/gnu-efi/inc/aarch64 -I/usr/src/azl/BUILD/shim-15.8/gnu-efi/inc/protocol -I/usr/src/azl/BUILD/shim-15.8/Cryptlib/OpenSSL/crypto/asn1 -I/usr/src/azl/BUILD/shim-15.8/Cryptlib/OpenSSL/crypto/evp -I/usr/src/azl/BUILD/shim-15.8/Cryptlib/OpenSSL/crypto/modes -I/usr/src/azl/BUILD/shim-15.8/Cryptlib/OpenSSL/crypto/include -isystem /usr/src/azl/BUILD/shim-15.8/include/system -isystem /usr/lib/gcc/aarch64-unknown-linux-gnu/13.2.0/include -DL_ENDIAN -D_CRT_SECURE_NO_DEPRECATE -D_CRT_NONSTDC_NO_DEPRECATE -DOPENSSL_SMALL_FOOTPRINT -DPEDANTIC -DMDE_CPU_AARCH64   -c -o crypto/bn/bn_mod.o /usr/src/azl/BUILD/shim-15.8/Cryptlib/OpenSSL/crypto/bn/bn_mod.c
gcc -std=gnu11 -ggdb -ffreestanding -fmacro-prefix-map=/usr/src/azl/BUILD/shim-15.8/= -fno-stack-protector -fno-strict-aliasing -fpic -fshort-wchar -nostdinc -Os -Wall -Wextra -Wno-missing-field-initializers -Wno-empty-body -Wno-implicit-fallthrough -Wno-old-style-declaration -Wno-unused-but-set-variable -Wno-unused-parameter -Werror -I/usr/src/azl/BUILD/shim-15.8/Cryptlib/OpenSSL -I/usr/src/azl/BUILD/shim-15.8/Cryptlib -I/usr/src/azl/BUILD/shim-15.8/Cryptlib/OpenSSL/Include/ -I/usr/src/azl/BUILD/shim-15.8/Cryptlib/OpenSSL/crypto -I/usr/src/azl/BUILD/shim-15.8/Cryptlib/Include -I/usr/src/azl/BUILD/shim-15.8/gnu-efi/inc -I/usr/src/azl/BUILD/shim-15.8/gnu-efi/inc/aarch64 -I/usr/src/azl/BUILD/shim-15.8/gnu-efi/inc/protocol -I/usr/src/azl/BUILD/shim-15.8/Cryptlib/OpenSSL/crypto/asn1 -I/usr/src/azl/BUILD/shim-15.8/Cryptlib/OpenSSL/crypto/evp -I/usr/src/azl/BUILD/shim-15.8/Cryptlib/OpenSSL/crypto/modes -I/usr/src/azl/BUILD/shim-15.8/Cryptlib/OpenSSL/crypto/include -isystem /usr/src/azl/BUILD/shim-15.8/include/system -isystem /usr/lib/gcc/aarch64-unknown-linux-gnu/13.2.0/include -DL_ENDIAN -D_CRT_SECURE_NO_DEPRECATE -D_CRT_NONSTDC_NO_DEPRECATE -DOPENSSL_SMALL_FOOTPRINT -DPEDANTIC -DMDE_CPU_AARCH64   -c -o crypto/bn/bn_print.o /usr/src/azl/BUILD/shim-15.8/Cryptlib/OpenSSL/crypto/bn/bn_print.c
gcc -std=gnu11 -ggdb -ffreestanding -fmacro-prefix-map=/usr/src/azl/BUILD/shim-15.8/= -fno-stack-protector -fno-strict-aliasing -fpic -fshort-wchar -nostdinc -Os -Wall -Wextra -Wno-missing-field-initializers -Wno-empty-body -Wno-implicit-fallthrough -Wno-old-style-declaration -Wno-unused-but-set-variable -Wno-unused-parameter -Werror -I/usr/src/azl/BUILD/shim-15.8/Cryptlib/OpenSSL -I/usr/src/azl/BUILD/shim-15.8/Cryptlib -I/usr/src/azl/BUILD/shim-15.8/Cryptlib/OpenSSL/Include/ -I/usr/src/azl/BUILD/shim-15.8/Cryptlib/OpenSSL/crypto -I/usr/src/azl/BUILD/shim-15.8/Cryptlib/Include -I/usr/src/azl/BUILD/shim-15.8/gnu-efi/inc -I/usr/src/azl/BUILD/shim-15.8/gnu-efi/inc/aarch64 -I/usr/src/azl/BUILD/shim-15.8/gnu-efi/inc/protocol -I/usr/src/azl/BUILD/shim-15.8/Cryptlib/OpenSSL/crypto/asn1 -I/usr/src/azl/BUILD/shim-15.8/Cryptlib/OpenSSL/crypto/evp -I/usr/src/azl/BUILD/shim-15.8/Cryptlib/OpenSSL/crypto/modes -I/usr/src/azl/BUILD/shim-15.8/Cryptlib/OpenSSL/crypto/include -isystem /usr/src/azl/BUILD/shim-15.8/include/system -isystem /usr/lib/gcc/aarch64-unknown-linux-gnu/13.2.0/include -DL_ENDIAN -D_CRT_SECURE_NO_DEPRECATE -D_CRT_NONSTDC_NO_DEPRECATE -DOPENSSL_SMALL_FOOTPRINT -DPEDANTIC -DMDE_CPU_AARCH64   -c -o crypto/bn/bn_rand.o /usr/src/azl/BUILD/shim-15.8/Cryptlib/OpenSSL/crypto/bn/bn_rand.c
gcc -std=gnu11 -ggdb -ffreestanding -fmacro-prefix-map=/usr/src/azl/BUILD/shim-15.8/= -fno-stack-protector -fno-strict-aliasing -fpic -fshort-wchar -nostdinc -Os -Wall -Wextra -Wno-missing-field-initializers -Wno-empty-body -Wno-implicit-fallthrough -Wno-old-style-declaration -Wno-unused-but-set-variable -Wno-unused-parameter -Werror -I/usr/src/azl/BUILD/shim-15.8/Cryptlib/OpenSSL -I/usr/src/azl/BUILD/shim-15.8/Cryptlib -I/usr/src/azl/BUILD/shim-15.8/Cryptlib/OpenSSL/Include/ -I/usr/src/azl/BUILD/shim-15.8/Cryptlib/OpenSSL/crypto -I/usr/src/azl/BUILD/shim-15.8/Cryptlib/Include -I/usr/src/azl/BUILD/shim-15.8/gnu-efi/inc -I/usr/src/azl/BUILD/shim-15.8/gnu-efi/inc/aarch64 -I/usr/src/azl/BUILD/shim-15.8/gnu-efi/inc/protocol -I/usr/src/azl/BUILD/shim-15.8/Cryptlib/OpenSSL/crypto/asn1 -I/usr/src/azl/BUILD/shim-15.8/Cryptlib/OpenSSL/crypto/evp -I/usr/src/azl/BUILD/shim-15.8/Cryptlib/OpenSSL/crypto/modes -I/usr/src/azl/BUILD/shim-15.8/Cryptlib/OpenSSL/crypto/include -isystem /usr/src/azl/BUILD/shim-15.8/include/system -isystem /usr/lib/gcc/aarch64-unknown-linux-gnu/13.2.0/include -DL_ENDIAN -D_CRT_SECURE_NO_DEPRECATE -D_CRT_NONSTDC_NO_DEPRECATE -DOPENSSL_SMALL_FOOTPRINT -DPEDANTIC -DMDE_CPU_AARCH64   -c -o crypto/bn/bn_shift.o /usr/src/azl/BUILD/shim-15.8/Cryptlib/OpenSSL/crypto/bn/bn_shift.c
gcc -std=gnu11 -ggdb -ffreestanding -fmacro-prefix-map=/usr/src/azl/BUILD/shim-15.8/= -fno-stack-protector -fno-strict-aliasing -fpic -fshort-wchar -nostdinc -Os -Wall -Wextra -Wno-missing-field-initializers -Wno-empty-body -Wno-implicit-fallthrough -Wno-old-style-declaration -Wno-unused-but-set-variable -Wno-unused-parameter -Werror -I/usr/src/azl/BUILD/shim-15.8/Cryptlib/OpenSSL -I/usr/src/azl/BUILD/shim-15.8/Cryptlib -I/usr/src/azl/BUILD/shim-15.8/Cryptlib/OpenSSL/Include/ -I/usr/src/azl/BUILD/shim-15.8/Cryptlib/OpenSSL/crypto -I/usr/src/azl/BUILD/shim-15.8/Cryptlib/Include -I/usr/src/azl/BUILD/shim-15.8/gnu-efi/inc -I/usr/src/azl/BUILD/shim-15.8/gnu-efi/inc/aarch64 -I/usr/src/azl/BUILD/shim-15.8/gnu-efi/inc/protocol -I/usr/src/azl/BUILD/shim-15.8/Cryptlib/OpenSSL/crypto/asn1 -I/usr/src/azl/BUILD/shim-15.8/Cryptlib/OpenSSL/crypto/evp -I/usr/src/azl/BUILD/shim-15.8/Cryptlib/OpenSSL/crypto/modes -I/usr/src/azl/BUILD/shim-15.8/Cryptlib/OpenSSL/crypto/include -isystem /usr/src/azl/BUILD/shim-15.8/include/system -isystem /usr/lib/gcc/aarch64-unknown-linux-gnu/13.2.0/include -DL_ENDIAN -D_CRT_SECURE_NO_DEPRECATE -D_CRT_NONSTDC_NO_DEPRECATE -DOPENSSL_SMALL_FOOTPRINT -DPEDANTIC -DMDE_CPU_AARCH64   -c -o crypto/bn/bn_word.o /usr/src/azl/BUILD/shim-15.8/Cryptlib/OpenSSL/crypto/bn/bn_word.c
gcc -std=gnu11 -ggdb -ffreestanding -fmacro-prefix-map=/usr/src/azl/BUILD/shim-15.8/= -fno-stack-protector -fno-strict-aliasing -fpic -fshort-wchar -nostdinc -Os -Wall -Wextra -Wno-missing-field-initializers -Wno-empty-body -Wno-implicit-fallthrough -Wno-old-style-declaration -Wno-unused-but-set-variable -Wno-unused-parameter -Werror -I/usr/src/azl/BUILD/shim-15.8/Cryptlib/OpenSSL -I/usr/src/azl/BUILD/shim-15.8/Cryptlib -I/usr/src/azl/BUILD/shim-15.8/Cryptlib/OpenSSL/Include/ -I/usr/src/azl/BUILD/shim-15.8/Cryptlib/OpenSSL/crypto -I/usr/src/azl/BUILD/shim-15.8/Cryptlib/Include -I/usr/src/azl/BUILD/shim-15.8/gnu-efi/inc -I/usr/src/azl/BUILD/shim-15.8/gnu-efi/inc/aarch64 -I/usr/src/azl/BUILD/shim-15.8/gnu-efi/inc/protocol -I/usr/src/azl/BUILD/shim-15.8/Cryptlib/OpenSSL/crypto/asn1 -I/usr/src/azl/BUILD/shim-15.8/Cryptlib/OpenSSL/crypto/evp -I/usr/src/azl/BUILD/shim-15.8/Cryptlib/OpenSSL/crypto/modes -I/usr/src/azl/BUILD/shim-15.8/Cryptlib/OpenSSL/crypto/include -isystem /usr/src/azl/BUILD/shim-15.8/include/system -isystem /usr/lib/gcc/aarch64-unknown-linux-gnu/13.2.0/include -DL_ENDIAN -D_CRT_SECURE_NO_DEPRECATE -D_CRT_NONSTDC_NO_DEPRECATE -DOPENSSL_SMALL_FOOTPRINT -DPEDANTIC -DMDE_CPU_AARCH64   -c -o crypto/bn/bn_blind.o /usr/src/azl/BUILD/shim-15.8/Cryptlib/OpenSSL/crypto/bn/bn_blind.c
gcc -std=gnu11 -ggdb -ffreestanding -fmacro-prefix-map=/usr/src/azl/BUILD/shim-15.8/= -fno-stack-protector -fno-strict-aliasing -fpic -fshort-wchar -nostdinc -Os -Wall -Wextra -Wno-missing-field-initializers -Wno-empty-body -Wno-implicit-fallthrough -Wno-old-style-declaration -Wno-unused-but-set-variable -Wno-unused-parameter -Werror -I/usr/src/azl/BUILD/shim-15.8/Cryptlib/OpenSSL -I/usr/src/azl/BUILD/shim-15.8/Cryptlib -I/usr/src/azl/BUILD/shim-15.8/Cryptlib/OpenSSL/Include/ -I/usr/src/azl/BUILD/shim-15.8/Cryptlib/OpenSSL/crypto -I/usr/src/azl/BUILD/shim-15.8/Cryptlib/Include -I/usr/src/azl/BUILD/shim-15.8/gnu-efi/inc -I/usr/src/azl/BUILD/shim-15.8/gnu-efi/inc/aarch64 -I/usr/src/azl/BUILD/shim-15.8/gnu-efi/inc/protocol -I/usr/src/azl/BUILD/shim-15.8/Cryptlib/OpenSSL/crypto/asn1 -I/usr/src/azl/BUILD/shim-15.8/Cryptlib/OpenSSL/crypto/evp -I/usr/src/azl/BUILD/shim-15.8/Cryptlib/OpenSSL/crypto/modes -I/usr/src/azl/BUILD/shim-15.8/Cryptlib/OpenSSL/crypto/include -isystem /usr/src/azl/BUILD/shim-15.8/include/system -isystem /usr/lib/gcc/aarch64-unknown-linux-gnu/13.2.0/include -DL_ENDIAN -D_CRT_SECURE_NO_DEPRECATE -D_CRT_NONSTDC_NO_DEPRECATE -DOPENSSL_SMALL_FOOTPRINT -DPEDANTIC -DMDE_CPU_AARCH64   -c -o crypto/bn/bn_kron.o /usr/src/azl/BUILD/shim-15.8/Cryptlib/OpenSSL/crypto/bn/bn_kron.c
gcc -std=gnu11 -ggdb -ffreestanding -fmacro-prefix-map=/usr/src/azl/BUILD/shim-15.8/= -fno-stack-protector -fno-strict-aliasing -fpic -fshort-wchar -nostdinc -Os -Wall -Wextra -Wno-missing-field-initializers -Wno-empty-body -Wno-implicit-fallthrough -Wno-old-style-declaration -Wno-unused-but-set-variable -Wno-unused-parameter -Werror -I/usr/src/azl/BUILD/shim-15.8/Cryptlib/OpenSSL -I/usr/src/azl/BUILD/shim-15.8/Cryptlib -I/usr/src/azl/BUILD/shim-15.8/Cryptlib/OpenSSL/Include/ -I/usr/src/azl/BUILD/shim-15.8/Cryptlib/OpenSSL/crypto -I/usr/src/azl/BUILD/shim-15.8/Cryptlib/Include -I/usr/src/azl/BUILD/shim-15.8/gnu-efi/inc -I/usr/src/azl/BUILD/shim-15.8/gnu-efi/inc/aarch64 -I/usr/src/azl/BUILD/shim-15.8/gnu-efi/inc/protocol -I/usr/src/azl/BUILD/shim-15.8/Cryptlib/OpenSSL/crypto/asn1 -I/usr/src/azl/BUILD/shim-15.8/Cryptlib/OpenSSL/crypto/evp -I/usr/src/azl/BUILD/shim-15.8/Cryptlib/OpenSSL/crypto/modes -I/usr/src/azl/BUILD/shim-15.8/Cryptlib/OpenSSL/crypto/include -isystem /usr/src/azl/BUILD/shim-15.8/include/system -isystem /usr/lib/gcc/aarch64-unknown-linux-gnu/13.2.0/include -DL_ENDIAN -D_CRT_SECURE_NO_DEPRECATE -D_CRT_NONSTDC_NO_DEPRECATE -DOPENSSL_SMALL_FOOTPRINT -DPEDANTIC -DMDE_CPU_AARCH64   -c -o crypto/bn/bn_sqrt.o /usr/src/azl/BUILD/shim-15.8/Cryptlib/OpenSSL/crypto/bn/bn_sqrt.c
gcc -std=gnu11 -ggdb -ffreestanding -fmacro-prefix-map=/usr/src/azl/BUILD/shim-15.8/= -fno-stack-protector -fno-strict-aliasing -fpic -fshort-wchar -nostdinc -Os -Wall -Wextra -Wno-missing-field-initializers -Wno-empty-body -Wno-implicit-fallthrough -Wno-old-style-declaration -Wno-unused-but-set-variable -Wno-unused-parameter -Werror -I/usr/src/azl/BUILD/shim-15.8/Cryptlib/OpenSSL -I/usr/src/azl/BUILD/shim-15.8/Cryptlib -I/usr/src/azl/BUILD/shim-15.8/Cryptlib/OpenSSL/Include/ -I/usr/src/azl/BUILD/shim-15.8/Cryptlib/OpenSSL/crypto -I/usr/src/azl/BUILD/shim-15.8/Cryptlib/Include -I/usr/src/azl/BUILD/shim-15.8/gnu-efi/inc -I/usr/src/azl/BUILD/shim-15.8/gnu-efi/inc/aarch64 -I/usr/src/azl/BUILD/shim-15.8/gnu-efi/inc/protocol -I/usr/src/azl/BUILD/shim-15.8/Cryptlib/OpenSSL/crypto/asn1 -I/usr/src/azl/BUILD/shim-15.8/Cryptlib/OpenSSL/crypto/evp -I/usr/src/azl/BUILD/shim-15.8/Cryptlib/OpenSSL/crypto/modes -I/usr/src/azl/BUILD/shim-15.8/Cryptlib/OpenSSL/crypto/include -isystem /usr/src/azl/BUILD/shim-15.8/include/system -isystem /usr/lib/gcc/aarch64-unknown-linux-gnu/13.2.0/include -DL_ENDIAN -D_CRT_SECURE_NO_DEPRECATE -D_CRT_NONSTDC_NO_DEPRECATE -DOPENSSL_SMALL_FOOTPRINT -DPEDANTIC -DMDE_CPU_AARCH64   -c -o crypto/bn/bn_gcd.o /usr/src/azl/BUILD/shim-15.8/Cryptlib/OpenSSL/crypto/bn/bn_gcd.c
gcc -std=gnu11 -ggdb -ffreestanding -fmacro-prefix-map=/usr/src/azl/BUILD/shim-15.8/= -fno-stack-protector -fno-strict-aliasing -fpic -fshort-wchar -nostdinc -Os -Wall -Wextra -Wno-missing-field-initializers -Wno-empty-body -Wno-implicit-fallthrough -Wno-old-style-declaration -Wno-unused-but-set-variable -Wno-unused-parameter -Werror -I/usr/src/azl/BUILD/shim-15.8/Cryptlib/OpenSSL -I/usr/src/azl/BUILD/shim-15.8/Cryptlib -I/usr/src/azl/BUILD/shim-15.8/Cryptlib/OpenSSL/Include/ -I/usr/src/azl/BUILD/shim-15.8/Cryptlib/OpenSSL/crypto -I/usr/src/azl/BUILD/shim-15.8/Cryptlib/Include -I/usr/src/azl/BUILD/shim-15.8/gnu-efi/inc -I/usr/src/azl/BUILD/shim-15.8/gnu-efi/inc/aarch64 -I/usr/src/azl/BUILD/shim-15.8/gnu-efi/inc/protocol -I/usr/src/azl/BUILD/shim-15.8/Cryptlib/OpenSSL/crypto/asn1 -I/usr/src/azl/BUILD/shim-15.8/Cryptlib/OpenSSL/crypto/evp -I/usr/src/azl/BUILD/shim-15.8/Cryptlib/OpenSSL/crypto/modes -I/usr/src/azl/BUILD/shim-15.8/Cryptlib/OpenSSL/crypto/include -isystem /usr/src/azl/BUILD/shim-15.8/include/system -isystem /usr/lib/gcc/aarch64-unknown-linux-gnu/13.2.0/include -DL_ENDIAN -D_CRT_SECURE_NO_DEPRECATE -D_CRT_NONSTDC_NO_DEPRECATE -DOPENSSL_SMALL_FOOTPRINT -DPEDANTIC -DMDE_CPU_AARCH64   -c -o crypto/bn/bn_prime.o /usr/src/azl/BUILD/shim-15.8/Cryptlib/OpenSSL/crypto/bn/bn_prime.c
gcc -std=gnu11 -ggdb -ffreestanding -fmacro-prefix-map=/usr/src/azl/BUILD/shim-15.8/= -fno-stack-protector -fno-strict-aliasing -fpic -fshort-wchar -nostdinc -Os -Wall -Wextra -Wno-missing-field-initializers -Wno-empty-body -Wno-implicit-fallthrough -Wno-old-style-declaration -Wno-unused-but-set-variable -Wno-unused-parameter -Werror -I/usr/src/azl/BUILD/shim-15.8/Cryptlib/OpenSSL -I/usr/src/azl/BUILD/shim-15.8/Cryptlib -I/usr/src/azl/BUILD/shim-15.8/Cryptlib/OpenSSL/Include/ -I/usr/src/azl/BUILD/shim-15.8/Cryptlib/OpenSSL/crypto -I/usr/src/azl/BUILD/shim-15.8/Cryptlib/Include -I/usr/src/azl/BUILD/shim-15.8/gnu-efi/inc -I/usr/src/azl/BUILD/shim-15.8/gnu-efi/inc/aarch64 -I/usr/src/azl/BUILD/shim-15.8/gnu-efi/inc/protocol -I/usr/src/azl/BUILD/shim-15.8/Cryptlib/OpenSSL/crypto/asn1 -I/usr/src/azl/BUILD/shim-15.8/Cryptlib/OpenSSL/crypto/evp -I/usr/src/azl/BUILD/shim-15.8/Cryptlib/OpenSSL/crypto/modes -I/usr/src/azl/BUILD/shim-15.8/Cryptlib/OpenSSL/crypto/include -isystem /usr/src/azl/BUILD/shim-15.8/include/system -isystem /usr/lib/gcc/aarch64-unknown-linux-gnu/13.2.0/include -DL_ENDIAN -D_CRT_SECURE_NO_DEPRECATE -D_CRT_NONSTDC_NO_DEPRECATE -DOPENSSL_SMALL_FOOTPRINT -DPEDANTIC -DMDE_CPU_AARCH64   -c -o crypto/bn/bn_err.o /usr/src/azl/BUILD/shim-15.8/Cryptlib/OpenSSL/crypto/bn/bn_err.c
gcc -std=gnu11 -ggdb -ffreestanding -fmacro-prefix-map=/usr/src/azl/BUILD/shim-15.8/= -fno-stack-protector -fno-strict-aliasing -fpic -fshort-wchar -nostdinc -Os -Wall -Wextra -Wno-missing-field-initializers -Wno-empty-body -Wno-implicit-fallthrough -Wno-old-style-declaration -Wno-unused-but-set-variable -Wno-unused-parameter -Werror -I/usr/src/azl/BUILD/shim-15.8/Cryptlib/OpenSSL -I/usr/src/azl/BUILD/shim-15.8/Cryptlib -I/usr/src/azl/BUILD/shim-15.8/Cryptlib/OpenSSL/Include/ -I/usr/src/azl/BUILD/shim-15.8/Cryptlib/OpenSSL/crypto -I/usr/src/azl/BUILD/shim-15.8/Cryptlib/Include -I/usr/src/azl/BUILD/shim-15.8/gnu-efi/inc -I/usr/src/azl/BUILD/shim-15.8/gnu-efi/inc/aarch64 -I/usr/src/azl/BUILD/shim-15.8/gnu-efi/inc/protocol -I/usr/src/azl/BUILD/shim-15.8/Cryptlib/OpenSSL/crypto/asn1 -I/usr/src/azl/BUILD/shim-15.8/Cryptlib/OpenSSL/crypto/evp -I/usr/src/azl/BUILD/shim-15.8/Cryptlib/OpenSSL/crypto/modes -I/usr/src/azl/BUILD/shim-15.8/Cryptlib/OpenSSL/crypto/include -isystem /usr/src/azl/BUILD/shim-15.8/include/system -isystem /usr/lib/gcc/aarch64-unknown-linux-gnu/13.2.0/include -DL_ENDIAN -D_CRT_SECURE_NO_DEPRECATE -D_CRT_NONSTDC_NO_DEPRECATE -DOPENSSL_SMALL_FOOTPRINT -DPEDANTIC -DMDE_CPU_AARCH64   -c -o crypto/bn/bn_sqr.o /usr/src/azl/BUILD/shim-15.8/Cryptlib/OpenSSL/crypto/bn/bn_sqr.c
gcc -std=gnu11 -ggdb -ffreestanding -fmacro-prefix-map=/usr/src/azl/BUILD/shim-15.8/= -fno-stack-protector -fno-strict-aliasing -fpic -fshort-wchar -nostdinc -Os -Wall -Wextra -Wno-missing-field-initializers -Wno-empty-body -Wno-implicit-fallthrough -Wno-old-style-declaration -Wno-unused-but-set-variable -Wno-unused-parameter -Werror -I/usr/src/azl/BUILD/shim-15.8/Cryptlib/OpenSSL -I/usr/src/azl/BUILD/shim-15.8/Cryptlib -I/usr/src/azl/BUILD/shim-15.8/Cryptlib/OpenSSL/Include/ -I/usr/src/azl/BUILD/shim-15.8/Cryptlib/OpenSSL/crypto -I/usr/src/azl/BUILD/shim-15.8/Cryptlib/Include -I/usr/src/azl/BUILD/shim-15.8/gnu-efi/inc -I/usr/src/azl/BUILD/shim-15.8/gnu-efi/inc/aarch64 -I/usr/src/azl/BUILD/shim-15.8/gnu-efi/inc/protocol -I/usr/src/azl/BUILD/shim-15.8/Cryptlib/OpenSSL/crypto/asn1 -I/usr/src/azl/BUILD/shim-15.8/Cryptlib/OpenSSL/crypto/evp -I/usr/src/azl/BUILD/shim-15.8/Cryptlib/OpenSSL/crypto/modes -I/usr/src/azl/BUILD/shim-15.8/Cryptlib/OpenSSL/crypto/include -isystem /usr/src/azl/BUILD/shim-15.8/include/system -isystem /usr/lib/gcc/aarch64-unknown-linux-gnu/13.2.0/include -DL_ENDIAN -D_CRT_SECURE_NO_DEPRECATE -D_CRT_NONSTDC_NO_DEPRECATE -DOPENSSL_SMALL_FOOTPRINT -DPEDANTIC -DMDE_CPU_AARCH64   -c -o crypto/bn/bn_asm.o /usr/src/azl/BUILD/shim-15.8/Cryptlib/OpenSSL/crypto/bn/bn_asm.c
gcc -std=gnu11 -ggdb -ffreestanding -fmacro-prefix-map=/usr/src/azl/BUILD/shim-15.8/= -fno-stack-protector -fno-strict-aliasing -fpic -fshort-wchar -nostdinc -Os -Wall -Wextra -Wno-missing-field-initializers -Wno-empty-body -Wno-implicit-fallthrough -Wno-old-style-declaration -Wno-unused-but-set-variable -Wno-unused-parameter -Werror -I/usr/src/azl/BUILD/shim-15.8/Cryptlib/OpenSSL -I/usr/src/azl/BUILD/shim-15.8/Cryptlib -I/usr/src/azl/BUILD/shim-15.8/Cryptlib/OpenSSL/Include/ -I/usr/src/azl/BUILD/shim-15.8/Cryptlib/OpenSSL/crypto -I/usr/src/azl/BUILD/shim-15.8/Cryptlib/Include -I/usr/src/azl/BUILD/shim-15.8/gnu-efi/inc -I/usr/src/azl/BUILD/shim-15.8/gnu-efi/inc/aarch64 -I/usr/src/azl/BUILD/shim-15.8/gnu-efi/inc/protocol -I/usr/src/azl/BUILD/shim-15.8/Cryptlib/OpenSSL/crypto/asn1 -I/usr/src/azl/BUILD/shim-15.8/Cryptlib/OpenSSL/crypto/evp -I/usr/src/azl/BUILD/shim-15.8/Cryptlib/OpenSSL/crypto/modes -I/usr/src/azl/BUILD/shim-15.8/Cryptlib/OpenSSL/crypto/include -isystem /usr/src/azl/BUILD/shim-15.8/include/system -isystem /usr/lib/gcc/aarch64-unknown-linux-gnu/13.2.0/include -DL_ENDIAN -D_CRT_SECURE_NO_DEPRECATE -D_CRT_NONSTDC_NO_DEPRECATE -DOPENSSL_SMALL_FOOTPRINT -DPEDANTIC -DMDE_CPU_AARCH64   -c -o crypto/bn/bn_recp.o /usr/src/azl/BUILD/shim-15.8/Cryptlib/OpenSSL/crypto/bn/bn_recp.c
gcc -std=gnu11 -ggdb -ffreestanding -fmacro-prefix-map=/usr/src/azl/BUILD/shim-15.8/= -fno-stack-protector -fno-strict-aliasing -fpic -fshort-wchar -nostdinc -Os -Wall -Wextra -Wno-missing-field-initializers -Wno-empty-body -Wno-implicit-fallthrough -Wno-old-style-declaration -Wno-unused-but-set-variable -Wno-unused-parameter -Werror -I/usr/src/azl/BUILD/shim-15.8/Cryptlib/OpenSSL -I/usr/src/azl/BUILD/shim-15.8/Cryptlib -I/usr/src/azl/BUILD/shim-15.8/Cryptlib/OpenSSL/Include/ -I/usr/src/azl/BUILD/shim-15.8/Cryptlib/OpenSSL/crypto -I/usr/src/azl/BUILD/shim-15.8/Cryptlib/Include -I/usr/src/azl/BUILD/shim-15.8/gnu-efi/inc -I/usr/src/azl/BUILD/shim-15.8/gnu-efi/inc/aarch64 -I/usr/src/azl/BUILD/shim-15.8/gnu-efi/inc/protocol -I/usr/src/azl/BUILD/shim-15.8/Cryptlib/OpenSSL/crypto/asn1 -I/usr/src/azl/BUILD/shim-15.8/Cryptlib/OpenSSL/crypto/evp -I/usr/src/azl/BUILD/shim-15.8/Cryptlib/OpenSSL/crypto/modes -I/usr/src/azl/BUILD/shim-15.8/Cryptlib/OpenSSL/crypto/include -isystem /usr/src/azl/BUILD/shim-15.8/include/system -isystem /usr/lib/gcc/aarch64-unknown-linux-gnu/13.2.0/include -DL_ENDIAN -D_CRT_SECURE_NO_DEPRECATE -D_CRT_NONSTDC_NO_DEPRECATE -DOPENSSL_SMALL_FOOTPRINT -DPEDANTIC -DMDE_CPU_AARCH64   -c -o crypto/bn/bn_mont.o /usr/src/azl/BUILD/shim-15.8/Cryptlib/OpenSSL/crypto/bn/bn_mont.c
gcc -std=gnu11 -ggdb -ffreestanding -fmacro-prefix-map=/usr/src/azl/BUILD/shim-15.8/= -fno-stack-protector -fno-strict-aliasing -fpic -fshort-wchar -nostdinc -Os -Wall -Wextra -Wno-missing-field-initializers -Wno-empty-body -Wno-implicit-fallthrough -Wno-old-style-declaration -Wno-unused-but-set-variable -Wno-unused-parameter -Werror -I/usr/src/azl/BUILD/shim-15.8/Cryptlib/OpenSSL -I/usr/src/azl/BUILD/shim-15.8/Cryptlib -I/usr/src/azl/BUILD/shim-15.8/Cryptlib/OpenSSL/Include/ -I/usr/src/azl/BUILD/shim-15.8/Cryptlib/OpenSSL/crypto -I/usr/src/azl/BUILD/shim-15.8/Cryptlib/Include -I/usr/src/azl/BUILD/shim-15.8/gnu-efi/inc -I/usr/src/azl/BUILD/shim-15.8/gnu-efi/inc/aarch64 -I/usr/src/azl/BUILD/shim-15.8/gnu-efi/inc/protocol -I/usr/src/azl/BUILD/shim-15.8/Cryptlib/OpenSSL/crypto/asn1 -I/usr/src/azl/BUILD/shim-15.8/Cryptlib/OpenSSL/crypto/evp -I/usr/src/azl/BUILD/shim-15.8/Cryptlib/OpenSSL/crypto/modes -I/usr/src/azl/BUILD/shim-15.8/Cryptlib/OpenSSL/crypto/include -isystem /usr/src/azl/BUILD/shim-15.8/include/system -isystem /usr/lib/gcc/aarch64-unknown-linux-gnu/13.2.0/include -DL_ENDIAN -D_CRT_SECURE_NO_DEPRECATE -D_CRT_NONSTDC_NO_DEPRECATE -DOPENSSL_SMALL_FOOTPRINT -DPEDANTIC -DMDE_CPU_AARCH64   -c -o crypto/bn/bn_mpi.o /usr/src/azl/BUILD/shim-15.8/Cryptlib/OpenSSL/crypto/bn/bn_mpi.c
gcc -std=gnu11 -ggdb -ffreestanding -fmacro-prefix-map=/usr/src/azl/BUILD/shim-15.8/= -fno-stack-protector -fno-strict-aliasing -fpic -fshort-wchar -nostdinc -Os -Wall -Wextra -Wno-missing-field-initializers -Wno-empty-body -Wno-implicit-fallthrough -Wno-old-style-declaration -Wno-unused-but-set-variable -Wno-unused-parameter -Werror -I/usr/src/azl/BUILD/shim-15.8/Cryptlib/OpenSSL -I/usr/src/azl/BUILD/shim-15.8/Cryptlib -I/usr/src/azl/BUILD/shim-15.8/Cryptlib/OpenSSL/Include/ -I/usr/src/azl/BUILD/shim-15.8/Cryptlib/OpenSSL/crypto -I/usr/src/azl/BUILD/shim-15.8/Cryptlib/Include -I/usr/src/azl/BUILD/shim-15.8/gnu-efi/inc -I/usr/src/azl/BUILD/shim-15.8/gnu-efi/inc/aarch64 -I/usr/src/azl/BUILD/shim-15.8/gnu-efi/inc/protocol -I/usr/src/azl/BUILD/shim-15.8/Cryptlib/OpenSSL/crypto/asn1 -I/usr/src/azl/BUILD/shim-15.8/Cryptlib/OpenSSL/crypto/evp -I/usr/src/azl/BUILD/shim-15.8/Cryptlib/OpenSSL/crypto/modes -I/usr/src/azl/BUILD/shim-15.8/Cryptlib/OpenSSL/crypto/include -isystem /usr/src/azl/BUILD/shim-15.8/include/system -isystem /usr/lib/gcc/aarch64-unknown-linux-gnu/13.2.0/include -DL_ENDIAN -D_CRT_SECURE_NO_DEPRECATE -D_CRT_NONSTDC_NO_DEPRECATE -DOPENSSL_SMALL_FOOTPRINT -DPEDANTIC -DMDE_CPU_AARCH64   -c -o crypto/bn/bn_exp2.o /usr/src/azl/BUILD/shim-15.8/Cryptlib/OpenSSL/crypto/bn/bn_exp2.c
gcc -std=gnu11 -ggdb -ffreestanding -fmacro-prefix-map=/usr/src/azl/BUILD/shim-15.8/= -fno-stack-protector -fno-strict-aliasing -fpic -fshort-wchar -nostdinc -Os -Wall -Wextra -Wno-missing-field-initializers -Wno-empty-body -Wno-implicit-fallthrough -Wno-old-style-declaration -Wno-unused-but-set-variable -Wno-unused-parameter -Werror -I/usr/src/azl/BUILD/shim-15.8/Cryptlib/OpenSSL -I/usr/src/azl/BUILD/shim-15.8/Cryptlib -I/usr/src/azl/BUILD/shim-15.8/Cryptlib/OpenSSL/Include/ -I/usr/src/azl/BUILD/shim-15.8/Cryptlib/OpenSSL/crypto -I/usr/src/azl/BUILD/shim-15.8/Cryptlib/Include -I/usr/src/azl/BUILD/shim-15.8/gnu-efi/inc -I/usr/src/azl/BUILD/shim-15.8/gnu-efi/inc/aarch64 -I/usr/src/azl/BUILD/shim-15.8/gnu-efi/inc/protocol -I/usr/src/azl/BUILD/shim-15.8/Cryptlib/OpenSSL/crypto/asn1 -I/usr/src/azl/BUILD/shim-15.8/Cryptlib/OpenSSL/crypto/evp -I/usr/src/azl/BUILD/shim-15.8/Cryptlib/OpenSSL/crypto/modes -I/usr/src/azl/BUILD/shim-15.8/Cryptlib/OpenSSL/crypto/include -isystem /usr/src/azl/BUILD/shim-15.8/include/system -isystem /usr/lib/gcc/aarch64-unknown-linux-gnu/13.2.0/include -DL_ENDIAN -D_CRT_SECURE_NO_DEPRECATE -D_CRT_NONSTDC_NO_DEPRECATE -DOPENSSL_SMALL_FOOTPRINT -DPEDANTIC -DMDE_CPU_AARCH64   -c -o crypto/bn/bn_gf2m.o /usr/src/azl/BUILD/shim-15.8/Cryptlib/OpenSSL/crypto/bn/bn_gf2m.c
gcc -std=gnu11 -ggdb -ffreestanding -fmacro-prefix-map=/usr/src/azl/BUILD/shim-15.8/= -fno-stack-protector -fno-strict-aliasing -fpic -fshort-wchar -nostdinc -Os -Wall -Wextra -Wno-missing-field-initializers -Wno-empty-body -Wno-implicit-fallthrough -Wno-old-style-declaration -Wno-unused-but-set-variable -Wno-unused-parameter -Werror -I/usr/src/azl/BUILD/shim-15.8/Cryptlib/OpenSSL -I/usr/src/azl/BUILD/shim-15.8/Cryptlib -I/usr/src/azl/BUILD/shim-15.8/Cryptlib/OpenSSL/Include/ -I/usr/src/azl/BUILD/shim-15.8/Cryptlib/OpenSSL/crypto -I/usr/src/azl/BUILD/shim-15.8/Cryptlib/Include -I/usr/src/azl/BUILD/shim-15.8/gnu-efi/inc -I/usr/src/azl/BUILD/shim-15.8/gnu-efi/inc/aarch64 -I/usr/src/azl/BUILD/shim-15.8/gnu-efi/inc/protocol -I/usr/src/azl/BUILD/shim-15.8/Cryptlib/OpenSSL/crypto/asn1 -I/usr/src/azl/BUILD/shim-15.8/Cryptlib/OpenSSL/crypto/evp -I/usr/src/azl/BUILD/shim-15.8/Cryptlib/OpenSSL/crypto/modes -I/usr/src/azl/BUILD/shim-15.8/Cryptlib/OpenSSL/crypto/include -isystem /usr/src/azl/BUILD/shim-15.8/include/system -isystem /usr/lib/gcc/aarch64-unknown-linux-gnu/13.2.0/include -DL_ENDIAN -D_CRT_SECURE_NO_DEPRECATE -D_CRT_NONSTDC_NO_DEPRECATE -DOPENSSL_SMALL_FOOTPRINT -DPEDANTIC -DMDE_CPU_AARCH64   -c -o crypto/bn/bn_nist.o /usr/src/azl/BUILD/shim-15.8/Cryptlib/OpenSSL/crypto/bn/bn_nist.c
gcc -std=gnu11 -ggdb -ffreestanding -fmacro-prefix-map=/usr/src/azl/BUILD/shim-15.8/= -fno-stack-protector -fno-strict-aliasing -fpic -fshort-wchar -nostdinc -Os -Wall -Wextra -Wno-missing-field-initializers -Wno-empty-body -Wno-implicit-fallthrough -Wno-old-style-declaration -Wno-unused-but-set-variable -Wno-unused-parameter -Werror -I/usr/src/azl/BUILD/shim-15.8/Cryptlib/OpenSSL -I/usr/src/azl/BUILD/shim-15.8/Cryptlib -I/usr/src/azl/BUILD/shim-15.8/Cryptlib/OpenSSL/Include/ -I/usr/src/azl/BUILD/shim-15.8/Cryptlib/OpenSSL/crypto -I/usr/src/azl/BUILD/shim-15.8/Cryptlib/Include -I/usr/src/azl/BUILD/shim-15.8/gnu-efi/inc -I/usr/src/azl/BUILD/shim-15.8/gnu-efi/inc/aarch64 -I/usr/src/azl/BUILD/shim-15.8/gnu-efi/inc/protocol -I/usr/src/azl/BUILD/shim-15.8/Cryptlib/OpenSSL/crypto/asn1 -I/usr/src/azl/BUILD/shim-15.8/Cryptlib/OpenSSL/crypto/evp -I/usr/src/azl/BUILD/shim-15.8/Cryptlib/OpenSSL/crypto/modes -I/usr/src/azl/BUILD/shim-15.8/Cryptlib/OpenSSL/crypto/include -isystem /usr/src/azl/BUILD/shim-15.8/include/system -isystem /usr/lib/gcc/aarch64-unknown-linux-gnu/13.2.0/include -DL_ENDIAN -D_CRT_SECURE_NO_DEPRECATE -D_CRT_NONSTDC_NO_DEPRECATE -DOPENSSL_SMALL_FOOTPRINT -DPEDANTIC -DMDE_CPU_AARCH64   -c -o crypto/bn/bn_depr.o /usr/src/azl/BUILD/shim-15.8/Cryptlib/OpenSSL/crypto/bn/bn_depr.c
gcc -std=gnu11 -ggdb -ffreestanding -fmacro-prefix-map=/usr/src/azl/BUILD/shim-15.8/= -fno-stack-protector -fno-strict-aliasing -fpic -fshort-wchar -nostdinc -Os -Wall -Wextra -Wno-missing-field-initializers -Wno-empty-body -Wno-implicit-fallthrough -Wno-old-style-declaration -Wno-unused-but-set-variable -Wno-unused-parameter -Werror -I/usr/src/azl/BUILD/shim-15.8/Cryptlib/OpenSSL -I/usr/src/azl/BUILD/shim-15.8/Cryptlib -I/usr/src/azl/BUILD/shim-15.8/Cryptlib/OpenSSL/Include/ -I/usr/src/azl/BUILD/shim-15.8/Cryptlib/OpenSSL/crypto -I/usr/src/azl/BUILD/shim-15.8/Cryptlib/Include -I/usr/src/azl/BUILD/shim-15.8/gnu-efi/inc -I/usr/src/azl/BUILD/shim-15.8/gnu-efi/inc/aarch64 -I/usr/src/azl/BUILD/shim-15.8/gnu-efi/inc/protocol -I/usr/src/azl/BUILD/shim-15.8/Cryptlib/OpenSSL/crypto/asn1 -I/usr/src/azl/BUILD/shim-15.8/Cryptlib/OpenSSL/crypto/evp -I/usr/src/azl/BUILD/shim-15.8/Cryptlib/OpenSSL/crypto/modes -I/usr/src/azl/BUILD/shim-15.8/Cryptlib/OpenSSL/crypto/include -isystem /usr/src/azl/BUILD/shim-15.8/include/system -isystem /usr/lib/gcc/aarch64-unknown-linux-gnu/13.2.0/include -DL_ENDIAN -D_CRT_SECURE_NO_DEPRECATE -D_CRT_NONSTDC_NO_DEPRECATE -DOPENSSL_SMALL_FOOTPRINT -DPEDANTIC -DMDE_CPU_AARCH64   -c -o crypto/bn/bn_x931p.o /usr/src/azl/BUILD/shim-15.8/Cryptlib/OpenSSL/crypto/bn/bn_x931p.c
gcc -std=gnu11 -ggdb -ffreestanding -fmacro-prefix-map=/usr/src/azl/BUILD/shim-15.8/= -fno-stack-protector -fno-strict-aliasing -fpic -fshort-wchar -nostdinc -Os -Wall -Wextra -Wno-missing-field-initializers -Wno-empty-body -Wno-implicit-fallthrough -Wno-old-style-declaration -Wno-unused-but-set-variable -Wno-unused-parameter -Werror -I/usr/src/azl/BUILD/shim-15.8/Cryptlib/OpenSSL -I/usr/src/azl/BUILD/shim-15.8/Cryptlib -I/usr/src/azl/BUILD/shim-15.8/Cryptlib/OpenSSL/Include/ -I/usr/src/azl/BUILD/shim-15.8/Cryptlib/OpenSSL/crypto -I/usr/src/azl/BUILD/shim-15.8/Cryptlib/Include -I/usr/src/azl/BUILD/shim-15.8/gnu-efi/inc -I/usr/src/azl/BUILD/shim-15.8/gnu-efi/inc/aarch64 -I/usr/src/azl/BUILD/shim-15.8/gnu-efi/inc/protocol -I/usr/src/azl/BUILD/shim-15.8/Cryptlib/OpenSSL/crypto/asn1 -I/usr/src/azl/BUILD/shim-15.8/Cryptlib/OpenSSL/crypto/evp -I/usr/src/azl/BUILD/shim-15.8/Cryptlib/OpenSSL/crypto/modes -I/usr/src/azl/BUILD/shim-15.8/Cryptlib/OpenSSL/crypto/include -isystem /usr/src/azl/BUILD/shim-15.8/include/system -isystem /usr/lib/gcc/aarch64-unknown-linux-gnu/13.2.0/include -DL_ENDIAN -D_CRT_SECURE_NO_DEPRECATE -D_CRT_NONSTDC_NO_DEPRECATE -DOPENSSL_SMALL_FOOTPRINT -DPEDANTIC -DMDE_CPU_AARCH64   -c -o crypto/bn/bn_const.o /usr/src/azl/BUILD/shim-15.8/Cryptlib/OpenSSL/crypto/bn/bn_const.c
gcc -std=gnu11 -ggdb -ffreestanding -fmacro-prefix-map=/usr/src/azl/BUILD/shim-15.8/= -fno-stack-protector -fno-strict-aliasing -fpic -fshort-wchar -nostdinc -Os -Wall -Wextra -Wno-missing-field-initializers -Wno-empty-body -Wno-implicit-fallthrough -Wno-old-style-declaration -Wno-unused-but-set-variable -Wno-unused-parameter -Werror -I/usr/src/azl/BUILD/shim-15.8/Cryptlib/OpenSSL -I/usr/src/azl/BUILD/shim-15.8/Cryptlib -I/usr/src/azl/BUILD/shim-15.8/Cryptlib/OpenSSL/Include/ -I/usr/src/azl/BUILD/shim-15.8/Cryptlib/OpenSSL/crypto -I/usr/src/azl/BUILD/shim-15.8/Cryptlib/Include -I/usr/src/azl/BUILD/shim-15.8/gnu-efi/inc -I/usr/src/azl/BUILD/shim-15.8/gnu-efi/inc/aarch64 -I/usr/src/azl/BUILD/shim-15.8/gnu-efi/inc/protocol -I/usr/src/azl/BUILD/shim-15.8/Cryptlib/OpenSSL/crypto/asn1 -I/usr/src/azl/BUILD/shim-15.8/Cryptlib/OpenSSL/crypto/evp -I/usr/src/azl/BUILD/shim-15.8/Cryptlib/OpenSSL/crypto/modes -I/usr/src/azl/BUILD/shim-15.8/Cryptlib/OpenSSL/crypto/include -isystem /usr/src/azl/BUILD/shim-15.8/include/system -isystem /usr/lib/gcc/aarch64-unknown-linux-gnu/13.2.0/include -DL_ENDIAN -D_CRT_SECURE_NO_DEPRECATE -D_CRT_NONSTDC_NO_DEPRECATE -DOPENSSL_SMALL_FOOTPRINT -DPEDANTIC -DMDE_CPU_AARCH64   -c -o crypto/rsa/rsa_eay.o /usr/src/azl/BUILD/shim-15.8/Cryptlib/OpenSSL/crypto/rsa/rsa_eay.c
gcc -std=gnu11 -ggdb -ffreestanding -fmacro-prefix-map=/usr/src/azl/BUILD/shim-15.8/= -fno-stack-protector -fno-strict-aliasing -fpic -fshort-wchar -nostdinc -Os -Wall -Wextra -Wno-missing-field-initializers -Wno-empty-body -Wno-implicit-fallthrough -Wno-old-style-declaration -Wno-unused-but-set-variable -Wno-unused-parameter -Werror -I/usr/src/azl/BUILD/shim-15.8/Cryptlib/OpenSSL -I/usr/src/azl/BUILD/shim-15.8/Cryptlib -I/usr/src/azl/BUILD/shim-15.8/Cryptlib/OpenSSL/Include/ -I/usr/src/azl/BUILD/shim-15.8/Cryptlib/OpenSSL/crypto -I/usr/src/azl/BUILD/shim-15.8/Cryptlib/Include -I/usr/src/azl/BUILD/shim-15.8/gnu-efi/inc -I/usr/src/azl/BUILD/shim-15.8/gnu-efi/inc/aarch64 -I/usr/src/azl/BUILD/shim-15.8/gnu-efi/inc/protocol -I/usr/src/azl/BUILD/shim-15.8/Cryptlib/OpenSSL/crypto/asn1 -I/usr/src/azl/BUILD/shim-15.8/Cryptlib/OpenSSL/crypto/evp -I/usr/src/azl/BUILD/shim-15.8/Cryptlib/OpenSSL/crypto/modes -I/usr/src/azl/BUILD/shim-15.8/Cryptlib/OpenSSL/crypto/include -isystem /usr/src/azl/BUILD/shim-15.8/include/system -isystem /usr/lib/gcc/aarch64-unknown-linux-gnu/13.2.0/include -DL_ENDIAN -D_CRT_SECURE_NO_DEPRECATE -D_CRT_NONSTDC_NO_DEPRECATE -DOPENSSL_SMALL_FOOTPRINT -DPEDANTIC -DMDE_CPU_AARCH64   -c -o crypto/rsa/rsa_gen.o /usr/src/azl/BUILD/shim-15.8/Cryptlib/OpenSSL/crypto/rsa/rsa_gen.c
gcc -std=gnu11 -ggdb -ffreestanding -fmacro-prefix-map=/usr/src/azl/BUILD/shim-15.8/= -fno-stack-protector -fno-strict-aliasing -fpic -fshort-wchar -nostdinc -Os -Wall -Wextra -Wno-missing-field-initializers -Wno-empty-body -Wno-implicit-fallthrough -Wno-old-style-declaration -Wno-unused-but-set-variable -Wno-unused-parameter -Werror -I/usr/src/azl/BUILD/shim-15.8/Cryptlib/OpenSSL -I/usr/src/azl/BUILD/shim-15.8/Cryptlib -I/usr/src/azl/BUILD/shim-15.8/Cryptlib/OpenSSL/Include/ -I/usr/src/azl/BUILD/shim-15.8/Cryptlib/OpenSSL/crypto -I/usr/src/azl/BUILD/shim-15.8/Cryptlib/Include -I/usr/src/azl/BUILD/shim-15.8/gnu-efi/inc -I/usr/src/azl/BUILD/shim-15.8/gnu-efi/inc/aarch64 -I/usr/src/azl/BUILD/shim-15.8/gnu-efi/inc/protocol -I/usr/src/azl/BUILD/shim-15.8/Cryptlib/OpenSSL/crypto/asn1 -I/usr/src/azl/BUILD/shim-15.8/Cryptlib/OpenSSL/crypto/evp -I/usr/src/azl/BUILD/shim-15.8/Cryptlib/OpenSSL/crypto/modes -I/usr/src/azl/BUILD/shim-15.8/Cryptlib/OpenSSL/crypto/include -isystem /usr/src/azl/BUILD/shim-15.8/include/system -isystem /usr/lib/gcc/aarch64-unknown-linux-gnu/13.2.0/include -DL_ENDIAN -D_CRT_SECURE_NO_DEPRECATE -D_CRT_NONSTDC_NO_DEPRECATE -DOPENSSL_SMALL_FOOTPRINT -DPEDANTIC -DMDE_CPU_AARCH64   -c -o crypto/rsa/rsa_lib.o /usr/src/azl/BUILD/shim-15.8/Cryptlib/OpenSSL/crypto/rsa/rsa_lib.c
gcc -std=gnu11 -ggdb -ffreestanding -fmacro-prefix-map=/usr/src/azl/BUILD/shim-15.8/= -fno-stack-protector -fno-strict-aliasing -fpic -fshort-wchar -nostdinc -Os -Wall -Wextra -Wno-missing-field-initializers -Wno-empty-body -Wno-implicit-fallthrough -Wno-old-style-declaration -Wno-unused-but-set-variable -Wno-unused-parameter -Werror -I/usr/src/azl/BUILD/shim-15.8/Cryptlib/OpenSSL -I/usr/src/azl/BUILD/shim-15.8/Cryptlib -I/usr/src/azl/BUILD/shim-15.8/Cryptlib/OpenSSL/Include/ -I/usr/src/azl/BUILD/shim-15.8/Cryptlib/OpenSSL/crypto -I/usr/src/azl/BUILD/shim-15.8/Cryptlib/Include -I/usr/src/azl/BUILD/shim-15.8/gnu-efi/inc -I/usr/src/azl/BUILD/shim-15.8/gnu-efi/inc/aarch64 -I/usr/src/azl/BUILD/shim-15.8/gnu-efi/inc/protocol -I/usr/src/azl/BUILD/shim-15.8/Cryptlib/OpenSSL/crypto/asn1 -I/usr/src/azl/BUILD/shim-15.8/Cryptlib/OpenSSL/crypto/evp -I/usr/src/azl/BUILD/shim-15.8/Cryptlib/OpenSSL/crypto/modes -I/usr/src/azl/BUILD/shim-15.8/Cryptlib/OpenSSL/crypto/include -isystem /usr/src/azl/BUILD/shim-15.8/include/system -isystem /usr/lib/gcc/aarch64-unknown-linux-gnu/13.2.0/include -DL_ENDIAN -D_CRT_SECURE_NO_DEPRECATE -D_CRT_NONSTDC_NO_DEPRECATE -DOPENSSL_SMALL_FOOTPRINT -DPEDANTIC -DMDE_CPU_AARCH64   -c -o crypto/rsa/rsa_sign.o /usr/src/azl/BUILD/shim-15.8/Cryptlib/OpenSSL/crypto/rsa/rsa_sign.c
gcc -std=gnu11 -ggdb -ffreestanding -fmacro-prefix-map=/usr/src/azl/BUILD/shim-15.8/= -fno-stack-protector -fno-strict-aliasing -fpic -fshort-wchar -nostdinc -Os -Wall -Wextra -Wno-missing-field-initializers -Wno-empty-body -Wno-implicit-fallthrough -Wno-old-style-declaration -Wno-unused-but-set-variable -Wno-unused-parameter -Werror -I/usr/src/azl/BUILD/shim-15.8/Cryptlib/OpenSSL -I/usr/src/azl/BUILD/shim-15.8/Cryptlib -I/usr/src/azl/BUILD/shim-15.8/Cryptlib/OpenSSL/Include/ -I/usr/src/azl/BUILD/shim-15.8/Cryptlib/OpenSSL/crypto -I/usr/src/azl/BUILD/shim-15.8/Cryptlib/Include -I/usr/src/azl/BUILD/shim-15.8/gnu-efi/inc -I/usr/src/azl/BUILD/shim-15.8/gnu-efi/inc/aarch64 -I/usr/src/azl/BUILD/shim-15.8/gnu-efi/inc/protocol -I/usr/src/azl/BUILD/shim-15.8/Cryptlib/OpenSSL/crypto/asn1 -I/usr/src/azl/BUILD/shim-15.8/Cryptlib/OpenSSL/crypto/evp -I/usr/src/azl/BUILD/shim-15.8/Cryptlib/OpenSSL/crypto/modes -I/usr/src/azl/BUILD/shim-15.8/Cryptlib/OpenSSL/crypto/include -isystem /usr/src/azl/BUILD/shim-15.8/include/system -isystem /usr/lib/gcc/aarch64-unknown-linux-gnu/13.2.0/include -DL_ENDIAN -D_CRT_SECURE_NO_DEPRECATE -D_CRT_NONSTDC_NO_DEPRECATE -DOPENSSL_SMALL_FOOTPRINT -DPEDANTIC -DMDE_CPU_AARCH64   -c -o crypto/rsa/rsa_saos.o /usr/src/azl/BUILD/shim-15.8/Cryptlib/OpenSSL/crypto/rsa/rsa_saos.c
gcc -std=gnu11 -ggdb -ffreestanding -fmacro-prefix-map=/usr/src/azl/BUILD/shim-15.8/= -fno-stack-protector -fno-strict-aliasing -fpic -fshort-wchar -nostdinc -Os -Wall -Wextra -Wno-missing-field-initializers -Wno-empty-body -Wno-implicit-fallthrough -Wno-old-style-declaration -Wno-unused-but-set-variable -Wno-unused-parameter -Werror -I/usr/src/azl/BUILD/shim-15.8/Cryptlib/OpenSSL -I/usr/src/azl/BUILD/shim-15.8/Cryptlib -I/usr/src/azl/BUILD/shim-15.8/Cryptlib/OpenSSL/Include/ -I/usr/src/azl/BUILD/shim-15.8/Cryptlib/OpenSSL/crypto -I/usr/src/azl/BUILD/shim-15.8/Cryptlib/Include -I/usr/src/azl/BUILD/shim-15.8/gnu-efi/inc -I/usr/src/azl/BUILD/shim-15.8/gnu-efi/inc/aarch64 -I/usr/src/azl/BUILD/shim-15.8/gnu-efi/inc/protocol -I/usr/src/azl/BUILD/shim-15.8/Cryptlib/OpenSSL/crypto/asn1 -I/usr/src/azl/BUILD/shim-15.8/Cryptlib/OpenSSL/crypto/evp -I/usr/src/azl/BUILD/shim-15.8/Cryptlib/OpenSSL/crypto/modes -I/usr/src/azl/BUILD/shim-15.8/Cryptlib/OpenSSL/crypto/include -isystem /usr/src/azl/BUILD/shim-15.8/include/system -isystem /usr/lib/gcc/aarch64-unknown-linux-gnu/13.2.0/include -DL_ENDIAN -D_CRT_SECURE_NO_DEPRECATE -D_CRT_NONSTDC_NO_DEPRECATE -DOPENSSL_SMALL_FOOTPRINT -DPEDANTIC -DMDE_CPU_AARCH64   -c -o crypto/rsa/rsa_err.o /usr/src/azl/BUILD/shim-15.8/Cryptlib/OpenSSL/crypto/rsa/rsa_err.c
gcc -std=gnu11 -ggdb -ffreestanding -fmacro-prefix-map=/usr/src/azl/BUILD/shim-15.8/= -fno-stack-protector -fno-strict-aliasing -fpic -fshort-wchar -nostdinc -Os -Wall -Wextra -Wno-missing-field-initializers -Wno-empty-body -Wno-implicit-fallthrough -Wno-old-style-declaration -Wno-unused-but-set-variable -Wno-unused-parameter -Werror -I/usr/src/azl/BUILD/shim-15.8/Cryptlib/OpenSSL -I/usr/src/azl/BUILD/shim-15.8/Cryptlib -I/usr/src/azl/BUILD/shim-15.8/Cryptlib/OpenSSL/Include/ -I/usr/src/azl/BUILD/shim-15.8/Cryptlib/OpenSSL/crypto -I/usr/src/azl/BUILD/shim-15.8/Cryptlib/Include -I/usr/src/azl/BUILD/shim-15.8/gnu-efi/inc -I/usr/src/azl/BUILD/shim-15.8/gnu-efi/inc/aarch64 -I/usr/src/azl/BUILD/shim-15.8/gnu-efi/inc/protocol -I/usr/src/azl/BUILD/shim-15.8/Cryptlib/OpenSSL/crypto/asn1 -I/usr/src/azl/BUILD/shim-15.8/Cryptlib/OpenSSL/crypto/evp -I/usr/src/azl/BUILD/shim-15.8/Cryptlib/OpenSSL/crypto/modes -I/usr/src/azl/BUILD/shim-15.8/Cryptlib/OpenSSL/crypto/include -isystem /usr/src/azl/BUILD/shim-15.8/include/system -isystem /usr/lib/gcc/aarch64-unknown-linux-gnu/13.2.0/include -DL_ENDIAN -D_CRT_SECURE_NO_DEPRECATE -D_CRT_NONSTDC_NO_DEPRECATE -DOPENSSL_SMALL_FOOTPRINT -DPEDANTIC -DMDE_CPU_AARCH64   -c -o crypto/rsa/rsa_pk1.o /usr/src/azl/BUILD/shim-15.8/Cryptlib/OpenSSL/crypto/rsa/rsa_pk1.c
gcc -std=gnu11 -ggdb -ffreestanding -fmacro-prefix-map=/usr/src/azl/BUILD/shim-15.8/= -fno-stack-protector -fno-strict-aliasing -fpic -fshort-wchar -nostdinc -Os -Wall -Wextra -Wno-missing-field-initializers -Wno-empty-body -Wno-implicit-fallthrough -Wno-old-style-declaration -Wno-unused-but-set-variable -Wno-unused-parameter -Werror -I/usr/src/azl/BUILD/shim-15.8/Cryptlib/OpenSSL -I/usr/src/azl/BUILD/shim-15.8/Cryptlib -I/usr/src/azl/BUILD/shim-15.8/Cryptlib/OpenSSL/Include/ -I/usr/src/azl/BUILD/shim-15.8/Cryptlib/OpenSSL/crypto -I/usr/src/azl/BUILD/shim-15.8/Cryptlib/Include -I/usr/src/azl/BUILD/shim-15.8/gnu-efi/inc -I/usr/src/azl/BUILD/shim-15.8/gnu-efi/inc/aarch64 -I/usr/src/azl/BUILD/shim-15.8/gnu-efi/inc/protocol -I/usr/src/azl/BUILD/shim-15.8/Cryptlib/OpenSSL/crypto/asn1 -I/usr/src/azl/BUILD/shim-15.8/Cryptlib/OpenSSL/crypto/evp -I/usr/src/azl/BUILD/shim-15.8/Cryptlib/OpenSSL/crypto/modes -I/usr/src/azl/BUILD/shim-15.8/Cryptlib/OpenSSL/crypto/include -isystem /usr/src/azl/BUILD/shim-15.8/include/system -isystem /usr/lib/gcc/aarch64-unknown-linux-gnu/13.2.0/include -DL_ENDIAN -D_CRT_SECURE_NO_DEPRECATE -D_CRT_NONSTDC_NO_DEPRECATE -DOPENSSL_SMALL_FOOTPRINT -DPEDANTIC -DMDE_CPU_AARCH64   -c -o crypto/rsa/rsa_ssl.o /usr/src/azl/BUILD/shim-15.8/Cryptlib/OpenSSL/crypto/rsa/rsa_ssl.c
gcc -std=gnu11 -ggdb -ffreestanding -fmacro-prefix-map=/usr/src/azl/BUILD/shim-15.8/= -fno-stack-protector -fno-strict-aliasing -fpic -fshort-wchar -nostdinc -Os -Wall -Wextra -Wno-missing-field-initializers -Wno-empty-body -Wno-implicit-fallthrough -Wno-old-style-declaration -Wno-unused-but-set-variable -Wno-unused-parameter -Werror -I/usr/src/azl/BUILD/shim-15.8/Cryptlib/OpenSSL -I/usr/src/azl/BUILD/shim-15.8/Cryptlib -I/usr/src/azl/BUILD/shim-15.8/Cryptlib/OpenSSL/Include/ -I/usr/src/azl/BUILD/shim-15.8/Cryptlib/OpenSSL/crypto -I/usr/src/azl/BUILD/shim-15.8/Cryptlib/Include -I/usr/src/azl/BUILD/shim-15.8/gnu-efi/inc -I/usr/src/azl/BUILD/shim-15.8/gnu-efi/inc/aarch64 -I/usr/src/azl/BUILD/shim-15.8/gnu-efi/inc/protocol -I/usr/src/azl/BUILD/shim-15.8/Cryptlib/OpenSSL/crypto/asn1 -I/usr/src/azl/BUILD/shim-15.8/Cryptlib/OpenSSL/crypto/evp -I/usr/src/azl/BUILD/shim-15.8/Cryptlib/OpenSSL/crypto/modes -I/usr/src/azl/BUILD/shim-15.8/Cryptlib/OpenSSL/crypto/include -isystem /usr/src/azl/BUILD/shim-15.8/include/system -isystem /usr/lib/gcc/aarch64-unknown-linux-gnu/13.2.0/include -DL_ENDIAN -D_CRT_SECURE_NO_DEPRECATE -D_CRT_NONSTDC_NO_DEPRECATE -DOPENSSL_SMALL_FOOTPRINT -DPEDANTIC -DMDE_CPU_AARCH64   -c -o crypto/rsa/rsa_none.o /usr/src/azl/BUILD/shim-15.8/Cryptlib/OpenSSL/crypto/rsa/rsa_none.c
gcc -std=gnu11 -ggdb -ffreestanding -fmacro-prefix-map=/usr/src/azl/BUILD/shim-15.8/= -fno-stack-protector -fno-strict-aliasing -fpic -fshort-wchar -nostdinc -Os -Wall -Wextra -Wno-missing-field-initializers -Wno-empty-body -Wno-implicit-fallthrough -Wno-old-style-declaration -Wno-unused-but-set-variable -Wno-unused-parameter -Werror -I/usr/src/azl/BUILD/shim-15.8/Cryptlib/OpenSSL -I/usr/src/azl/BUILD/shim-15.8/Cryptlib -I/usr/src/azl/BUILD/shim-15.8/Cryptlib/OpenSSL/Include/ -I/usr/src/azl/BUILD/shim-15.8/Cryptlib/OpenSSL/crypto -I/usr/src/azl/BUILD/shim-15.8/Cryptlib/Include -I/usr/src/azl/BUILD/shim-15.8/gnu-efi/inc -I/usr/src/azl/BUILD/shim-15.8/gnu-efi/inc/aarch64 -I/usr/src/azl/BUILD/shim-15.8/gnu-efi/inc/protocol -I/usr/src/azl/BUILD/shim-15.8/Cryptlib/OpenSSL/crypto/asn1 -I/usr/src/azl/BUILD/shim-15.8/Cryptlib/OpenSSL/crypto/evp -I/usr/src/azl/BUILD/shim-15.8/Cryptlib/OpenSSL/crypto/modes -I/usr/src/azl/BUILD/shim-15.8/Cryptlib/OpenSSL/crypto/include -isystem /usr/src/azl/BUILD/shim-15.8/include/system -isystem /usr/lib/gcc/aarch64-unknown-linux-gnu/13.2.0/include -DL_ENDIAN -D_CRT_SECURE_NO_DEPRECATE -D_CRT_NONSTDC_NO_DEPRECATE -DOPENSSL_SMALL_FOOTPRINT -DPEDANTIC -DMDE_CPU_AARCH64   -c -o crypto/rsa/rsa_oaep.o /usr/src/azl/BUILD/shim-15.8/Cryptlib/OpenSSL/crypto/rsa/rsa_oaep.c
gcc -std=gnu11 -ggdb -ffreestanding -fmacro-prefix-map=/usr/src/azl/BUILD/shim-15.8/= -fno-stack-protector -fno-strict-aliasing -fpic -fshort-wchar -nostdinc -Os -Wall -Wextra -Wno-missing-field-initializers -Wno-empty-body -Wno-implicit-fallthrough -Wno-old-style-declaration -Wno-unused-but-set-variable -Wno-unused-parameter -Werror -I/usr/src/azl/BUILD/shim-15.8/Cryptlib/OpenSSL -I/usr/src/azl/BUILD/shim-15.8/Cryptlib -I/usr/src/azl/BUILD/shim-15.8/Cryptlib/OpenSSL/Include/ -I/usr/src/azl/BUILD/shim-15.8/Cryptlib/OpenSSL/crypto -I/usr/src/azl/BUILD/shim-15.8/Cryptlib/Include -I/usr/src/azl/BUILD/shim-15.8/gnu-efi/inc -I/usr/src/azl/BUILD/shim-15.8/gnu-efi/inc/aarch64 -I/usr/src/azl/BUILD/shim-15.8/gnu-efi/inc/protocol -I/usr/src/azl/BUILD/shim-15.8/Cryptlib/OpenSSL/crypto/asn1 -I/usr/src/azl/BUILD/shim-15.8/Cryptlib/OpenSSL/crypto/evp -I/usr/src/azl/BUILD/shim-15.8/Cryptlib/OpenSSL/crypto/modes -I/usr/src/azl/BUILD/shim-15.8/Cryptlib/OpenSSL/crypto/include -isystem /usr/src/azl/BUILD/shim-15.8/include/system -isystem /usr/lib/gcc/aarch64-unknown-linux-gnu/13.2.0/include -DL_ENDIAN -D_CRT_SECURE_NO_DEPRECATE -D_CRT_NONSTDC_NO_DEPRECATE -DOPENSSL_SMALL_FOOTPRINT -DPEDANTIC -DMDE_CPU_AARCH64   -c -o crypto/rsa/rsa_chk.o /usr/src/azl/BUILD/shim-15.8/Cryptlib/OpenSSL/crypto/rsa/rsa_chk.c
gcc -std=gnu11 -ggdb -ffreestanding -fmacro-prefix-map=/usr/src/azl/BUILD/shim-15.8/= -fno-stack-protector -fno-strict-aliasing -fpic -fshort-wchar -nostdinc -Os -Wall -Wextra -Wno-missing-field-initializers -Wno-empty-body -Wno-implicit-fallthrough -Wno-old-style-declaration -Wno-unused-but-set-variable -Wno-unused-parameter -Werror -I/usr/src/azl/BUILD/shim-15.8/Cryptlib/OpenSSL -I/usr/src/azl/BUILD/shim-15.8/Cryptlib -I/usr/src/azl/BUILD/shim-15.8/Cryptlib/OpenSSL/Include/ -I/usr/src/azl/BUILD/shim-15.8/Cryptlib/OpenSSL/crypto -I/usr/src/azl/BUILD/shim-15.8/Cryptlib/Include -I/usr/src/azl/BUILD/shim-15.8/gnu-efi/inc -I/usr/src/azl/BUILD/shim-15.8/gnu-efi/inc/aarch64 -I/usr/src/azl/BUILD/shim-15.8/gnu-efi/inc/protocol -I/usr/src/azl/BUILD/shim-15.8/Cryptlib/OpenSSL/crypto/asn1 -I/usr/src/azl/BUILD/shim-15.8/Cryptlib/OpenSSL/crypto/evp -I/usr/src/azl/BUILD/shim-15.8/Cryptlib/OpenSSL/crypto/modes -I/usr/src/azl/BUILD/shim-15.8/Cryptlib/OpenSSL/crypto/include -isystem /usr/src/azl/BUILD/shim-15.8/include/system -isystem /usr/lib/gcc/aarch64-unknown-linux-gnu/13.2.0/include -DL_ENDIAN -D_CRT_SECURE_NO_DEPRECATE -D_CRT_NONSTDC_NO_DEPRECATE -DOPENSSL_SMALL_FOOTPRINT -DPEDANTIC -DMDE_CPU_AARCH64   -c -o crypto/rsa/rsa_null.o /usr/src/azl/BUILD/shim-15.8/Cryptlib/OpenSSL/crypto/rsa/rsa_null.c
gcc -std=gnu11 -ggdb -ffreestanding -fmacro-prefix-map=/usr/src/azl/BUILD/shim-15.8/= -fno-stack-protector -fno-strict-aliasing -fpic -fshort-wchar -nostdinc -Os -Wall -Wextra -Wno-missing-field-initializers -Wno-empty-body -Wno-implicit-fallthrough -Wno-old-style-declaration -Wno-unused-but-set-variable -Wno-unused-parameter -Werror -I/usr/src/azl/BUILD/shim-15.8/Cryptlib/OpenSSL -I/usr/src/azl/BUILD/shim-15.8/Cryptlib -I/usr/src/azl/BUILD/shim-15.8/Cryptlib/OpenSSL/Include/ -I/usr/src/azl/BUILD/shim-15.8/Cryptlib/OpenSSL/crypto -I/usr/src/azl/BUILD/shim-15.8/Cryptlib/Include -I/usr/src/azl/BUILD/shim-15.8/gnu-efi/inc -I/usr/src/azl/BUILD/shim-15.8/gnu-efi/inc/aarch64 -I/usr/src/azl/BUILD/shim-15.8/gnu-efi/inc/protocol -I/usr/src/azl/BUILD/shim-15.8/Cryptlib/OpenSSL/crypto/asn1 -I/usr/src/azl/BUILD/shim-15.8/Cryptlib/OpenSSL/crypto/evp -I/usr/src/azl/BUILD/shim-15.8/Cryptlib/OpenSSL/crypto/modes -I/usr/src/azl/BUILD/shim-15.8/Cryptlib/OpenSSL/crypto/include -isystem /usr/src/azl/BUILD/shim-15.8/include/system -isystem /usr/lib/gcc/aarch64-unknown-linux-gnu/13.2.0/include -DL_ENDIAN -D_CRT_SECURE_NO_DEPRECATE -D_CRT_NONSTDC_NO_DEPRECATE -DOPENSSL_SMALL_FOOTPRINT -DPEDANTIC -DMDE_CPU_AARCH64   -c -o crypto/rsa/rsa_pss.o /usr/src/azl/BUILD/shim-15.8/Cryptlib/OpenSSL/crypto/rsa/rsa_pss.c
gcc -std=gnu11 -ggdb -ffreestanding -fmacro-prefix-map=/usr/src/azl/BUILD/shim-15.8/= -fno-stack-protector -fno-strict-aliasing -fpic -fshort-wchar -nostdinc -Os -Wall -Wextra -Wno-missing-field-initializers -Wno-empty-body -Wno-implicit-fallthrough -Wno-old-style-declaration -Wno-unused-but-set-variable -Wno-unused-parameter -Werror -I/usr/src/azl/BUILD/shim-15.8/Cryptlib/OpenSSL -I/usr/src/azl/BUILD/shim-15.8/Cryptlib -I/usr/src/azl/BUILD/shim-15.8/Cryptlib/OpenSSL/Include/ -I/usr/src/azl/BUILD/shim-15.8/Cryptlib/OpenSSL/crypto -I/usr/src/azl/BUILD/shim-15.8/Cryptlib/Include -I/usr/src/azl/BUILD/shim-15.8/gnu-efi/inc -I/usr/src/azl/BUILD/shim-15.8/gnu-efi/inc/aarch64 -I/usr/src/azl/BUILD/shim-15.8/gnu-efi/inc/protocol -I/usr/src/azl/BUILD/shim-15.8/Cryptlib/OpenSSL/crypto/asn1 -I/usr/src/azl/BUILD/shim-15.8/Cryptlib/OpenSSL/crypto/evp -I/usr/src/azl/BUILD/shim-15.8/Cryptlib/OpenSSL/crypto/modes -I/usr/src/azl/BUILD/shim-15.8/Cryptlib/OpenSSL/crypto/include -isystem /usr/src/azl/BUILD/shim-15.8/include/system -isystem /usr/lib/gcc/aarch64-unknown-linux-gnu/13.2.0/include -DL_ENDIAN -D_CRT_SECURE_NO_DEPRECATE -D_CRT_NONSTDC_NO_DEPRECATE -DOPENSSL_SMALL_FOOTPRINT -DPEDANTIC -DMDE_CPU_AARCH64   -c -o crypto/rsa/rsa_x931.o /usr/src/azl/BUILD/shim-15.8/Cryptlib/OpenSSL/crypto/rsa/rsa_x931.c
gcc -std=gnu11 -ggdb -ffreestanding -fmacro-prefix-map=/usr/src/azl/BUILD/shim-15.8/= -fno-stack-protector -fno-strict-aliasing -fpic -fshort-wchar -nostdinc -Os -Wall -Wextra -Wno-missing-field-initializers -Wno-empty-body -Wno-implicit-fallthrough -Wno-old-style-declaration -Wno-unused-but-set-variable -Wno-unused-parameter -Werror -I/usr/src/azl/BUILD/shim-15.8/Cryptlib/OpenSSL -I/usr/src/azl/BUILD/shim-15.8/Cryptlib -I/usr/src/azl/BUILD/shim-15.8/Cryptlib/OpenSSL/Include/ -I/usr/src/azl/BUILD/shim-15.8/Cryptlib/OpenSSL/crypto -I/usr/src/azl/BUILD/shim-15.8/Cryptlib/Include -I/usr/src/azl/BUILD/shim-15.8/gnu-efi/inc -I/usr/src/azl/BUILD/shim-15.8/gnu-efi/inc/aarch64 -I/usr/src/azl/BUILD/shim-15.8/gnu-efi/inc/protocol -I/usr/src/azl/BUILD/shim-15.8/Cryptlib/OpenSSL/crypto/asn1 -I/usr/src/azl/BUILD/shim-15.8/Cryptlib/OpenSSL/crypto/evp -I/usr/src/azl/BUILD/shim-15.8/Cryptlib/OpenSSL/crypto/modes -I/usr/src/azl/BUILD/shim-15.8/Cryptlib/OpenSSL/crypto/include -isystem /usr/src/azl/BUILD/shim-15.8/include/system -isystem /usr/lib/gcc/aarch64-unknown-linux-gnu/13.2.0/include -DL_ENDIAN -D_CRT_SECURE_NO_DEPRECATE -D_CRT_NONSTDC_NO_DEPRECATE -DOPENSSL_SMALL_FOOTPRINT -DPEDANTIC -DMDE_CPU_AARCH64   -c -o crypto/rsa/rsa_asn1.o /usr/src/azl/BUILD/shim-15.8/Cryptlib/OpenSSL/crypto/rsa/rsa_asn1.c
gcc -std=gnu11 -ggdb -ffreestanding -fmacro-prefix-map=/usr/src/azl/BUILD/shim-15.8/= -fno-stack-protector -fno-strict-aliasing -fpic -fshort-wchar -nostdinc -Os -Wall -Wextra -Wno-missing-field-initializers -Wno-empty-body -Wno-implicit-fallthrough -Wno-old-style-declaration -Wno-unused-but-set-variable -Wno-unused-parameter -Werror -I/usr/src/azl/BUILD/shim-15.8/Cryptlib/OpenSSL -I/usr/src/azl/BUILD/shim-15.8/Cryptlib -I/usr/src/azl/BUILD/shim-15.8/Cryptlib/OpenSSL/Include/ -I/usr/src/azl/BUILD/shim-15.8/Cryptlib/OpenSSL/crypto -I/usr/src/azl/BUILD/shim-15.8/Cryptlib/Include -I/usr/src/azl/BUILD/shim-15.8/gnu-efi/inc -I/usr/src/azl/BUILD/shim-15.8/gnu-efi/inc/aarch64 -I/usr/src/azl/BUILD/shim-15.8/gnu-efi/inc/protocol -I/usr/src/azl/BUILD/shim-15.8/Cryptlib/OpenSSL/crypto/asn1 -I/usr/src/azl/BUILD/shim-15.8/Cryptlib/OpenSSL/crypto/evp -I/usr/src/azl/BUILD/shim-15.8/Cryptlib/OpenSSL/crypto/modes -I/usr/src/azl/BUILD/shim-15.8/Cryptlib/OpenSSL/crypto/include -isystem /usr/src/azl/BUILD/shim-15.8/include/system -isystem /usr/lib/gcc/aarch64-unknown-linux-gnu/13.2.0/include -DL_ENDIAN -D_CRT_SECURE_NO_DEPRECATE -D_CRT_NONSTDC_NO_DEPRECATE -DOPENSSL_SMALL_FOOTPRINT -DPEDANTIC -DMDE_CPU_AARCH64   -c -o crypto/rsa/rsa_depr.o /usr/src/azl/BUILD/shim-15.8/Cryptlib/OpenSSL/crypto/rsa/rsa_depr.c
gcc -std=gnu11 -ggdb -ffreestanding -fmacro-prefix-map=/usr/src/azl/BUILD/shim-15.8/= -fno-stack-protector -fno-strict-aliasing -fpic -fshort-wchar -nostdinc -Os -Wall -Wextra -Wno-missing-field-initializers -Wno-empty-body -Wno-implicit-fallthrough -Wno-old-style-declaration -Wno-unused-but-set-variable -Wno-unused-parameter -Werror -I/usr/src/azl/BUILD/shim-15.8/Cryptlib/OpenSSL -I/usr/src/azl/BUILD/shim-15.8/Cryptlib -I/usr/src/azl/BUILD/shim-15.8/Cryptlib/OpenSSL/Include/ -I/usr/src/azl/BUILD/shim-15.8/Cryptlib/OpenSSL/crypto -I/usr/src/azl/BUILD/shim-15.8/Cryptlib/Include -I/usr/src/azl/BUILD/shim-15.8/gnu-efi/inc -I/usr/src/azl/BUILD/shim-15.8/gnu-efi/inc/aarch64 -I/usr/src/azl/BUILD/shim-15.8/gnu-efi/inc/protocol -I/usr/src/azl/BUILD/shim-15.8/Cryptlib/OpenSSL/crypto/asn1 -I/usr/src/azl/BUILD/shim-15.8/Cryptlib/OpenSSL/crypto/evp -I/usr/src/azl/BUILD/shim-15.8/Cryptlib/OpenSSL/crypto/modes -I/usr/src/azl/BUILD/shim-15.8/Cryptlib/OpenSSL/crypto/include -isystem /usr/src/azl/BUILD/shim-15.8/include/system -isystem /usr/lib/gcc/aarch64-unknown-linux-gnu/13.2.0/include -DL_ENDIAN -D_CRT_SECURE_NO_DEPRECATE -D_CRT_NONSTDC_NO_DEPRECATE -DOPENSSL_SMALL_FOOTPRINT -DPEDANTIC -DMDE_CPU_AARCH64   -c -o crypto/rsa/rsa_ameth.o /usr/src/azl/BUILD/shim-15.8/Cryptlib/OpenSSL/crypto/rsa/rsa_ameth.c
gcc -std=gnu11 -ggdb -ffreestanding -fmacro-prefix-map=/usr/src/azl/BUILD/shim-15.8/= -fno-stack-protector -fno-strict-aliasing -fpic -fshort-wchar -nostdinc -Os -Wall -Wextra -Wno-missing-field-initializers -Wno-empty-body -Wno-implicit-fallthrough -Wno-old-style-declaration -Wno-unused-but-set-variable -Wno-unused-parameter -Werror -I/usr/src/azl/BUILD/shim-15.8/Cryptlib/OpenSSL -I/usr/src/azl/BUILD/shim-15.8/Cryptlib -I/usr/src/azl/BUILD/shim-15.8/Cryptlib/OpenSSL/Include/ -I/usr/src/azl/BUILD/shim-15.8/Cryptlib/OpenSSL/crypto -I/usr/src/azl/BUILD/shim-15.8/Cryptlib/Include -I/usr/src/azl/BUILD/shim-15.8/gnu-efi/inc -I/usr/src/azl/BUILD/shim-15.8/gnu-efi/inc/aarch64 -I/usr/src/azl/BUILD/shim-15.8/gnu-efi/inc/protocol -I/usr/src/azl/BUILD/shim-15.8/Cryptlib/OpenSSL/crypto/asn1 -I/usr/src/azl/BUILD/shim-15.8/Cryptlib/OpenSSL/crypto/evp -I/usr/src/azl/BUILD/shim-15.8/Cryptlib/OpenSSL/crypto/modes -I/usr/src/azl/BUILD/shim-15.8/Cryptlib/OpenSSL/crypto/include -isystem /usr/src/azl/BUILD/shim-15.8/include/system -isystem /usr/lib/gcc/aarch64-unknown-linux-gnu/13.2.0/include -DL_ENDIAN -D_CRT_SECURE_NO_DEPRECATE -D_CRT_NONSTDC_NO_DEPRECATE -DOPENSSL_SMALL_FOOTPRINT -DPEDANTIC -DMDE_CPU_AARCH64   -c -o crypto/rsa/rsa_prn.o /usr/src/azl/BUILD/shim-15.8/Cryptlib/OpenSSL/crypto/rsa/rsa_prn.c
gcc -std=gnu11 -ggdb -ffreestanding -fmacro-prefix-map=/usr/src/azl/BUILD/shim-15.8/= -fno-stack-protector -fno-strict-aliasing -fpic -fshort-wchar -nostdinc -Os -Wall -Wextra -Wno-missing-field-initializers -Wno-empty-body -Wno-implicit-fallthrough -Wno-old-style-declaration -Wno-unused-but-set-variable -Wno-unused-parameter -Werror -I/usr/src/azl/BUILD/shim-15.8/Cryptlib/OpenSSL -I/usr/src/azl/BUILD/shim-15.8/Cryptlib -I/usr/src/azl/BUILD/shim-15.8/Cryptlib/OpenSSL/Include/ -I/usr/src/azl/BUILD/shim-15.8/Cryptlib/OpenSSL/crypto -I/usr/src/azl/BUILD/shim-15.8/Cryptlib/Include -I/usr/src/azl/BUILD/shim-15.8/gnu-efi/inc -I/usr/src/azl/BUILD/shim-15.8/gnu-efi/inc/aarch64 -I/usr/src/azl/BUILD/shim-15.8/gnu-efi/inc/protocol -I/usr/src/azl/BUILD/shim-15.8/Cryptlib/OpenSSL/crypto/asn1 -I/usr/src/azl/BUILD/shim-15.8/Cryptlib/OpenSSL/crypto/evp -I/usr/src/azl/BUILD/shim-15.8/Cryptlib/OpenSSL/crypto/modes -I/usr/src/azl/BUILD/shim-15.8/Cryptlib/OpenSSL/crypto/include -isystem /usr/src/azl/BUILD/shim-15.8/include/system -isystem /usr/lib/gcc/aarch64-unknown-linux-gnu/13.2.0/include -DL_ENDIAN -D_CRT_SECURE_NO_DEPRECATE -D_CRT_NONSTDC_NO_DEPRECATE -DOPENSSL_SMALL_FOOTPRINT -DPEDANTIC -DMDE_CPU_AARCH64   -c -o crypto/rsa/rsa_pmeth.o /usr/src/azl/BUILD/shim-15.8/Cryptlib/OpenSSL/crypto/rsa/rsa_pmeth.c
gcc -std=gnu11 -ggdb -ffreestanding -fmacro-prefix-map=/usr/src/azl/BUILD/shim-15.8/= -fno-stack-protector -fno-strict-aliasing -fpic -fshort-wchar -nostdinc -Os -Wall -Wextra -Wno-missing-field-initializers -Wno-empty-body -Wno-implicit-fallthrough -Wno-old-style-declaration -Wno-unused-but-set-variable -Wno-unused-parameter -Werror -I/usr/src/azl/BUILD/shim-15.8/Cryptlib/OpenSSL -I/usr/src/azl/BUILD/shim-15.8/Cryptlib -I/usr/src/azl/BUILD/shim-15.8/Cryptlib/OpenSSL/Include/ -I/usr/src/azl/BUILD/shim-15.8/Cryptlib/OpenSSL/crypto -I/usr/src/azl/BUILD/shim-15.8/Cryptlib/Include -I/usr/src/azl/BUILD/shim-15.8/gnu-efi/inc -I/usr/src/azl/BUILD/shim-15.8/gnu-efi/inc/aarch64 -I/usr/src/azl/BUILD/shim-15.8/gnu-efi/inc/protocol -I/usr/src/azl/BUILD/shim-15.8/Cryptlib/OpenSSL/crypto/asn1 -I/usr/src/azl/BUILD/shim-15.8/Cryptlib/OpenSSL/crypto/evp -I/usr/src/azl/BUILD/shim-15.8/Cryptlib/OpenSSL/crypto/modes -I/usr/src/azl/BUILD/shim-15.8/Cryptlib/OpenSSL/crypto/include -isystem /usr/src/azl/BUILD/shim-15.8/include/system -isystem /usr/lib/gcc/aarch64-unknown-linux-gnu/13.2.0/include -DL_ENDIAN -D_CRT_SECURE_NO_DEPRECATE -D_CRT_NONSTDC_NO_DEPRECATE -DOPENSSL_SMALL_FOOTPRINT -DPEDANTIC -DMDE_CPU_AARCH64   -c -o crypto/rsa/rsa_crpt.o /usr/src/azl/BUILD/shim-15.8/Cryptlib/OpenSSL/crypto/rsa/rsa_crpt.c
gcc -std=gnu11 -ggdb -ffreestanding -fmacro-prefix-map=/usr/src/azl/BUILD/shim-15.8/= -fno-stack-protector -fno-strict-aliasing -fpic -fshort-wchar -nostdinc -Os -Wall -Wextra -Wno-missing-field-initializers -Wno-empty-body -Wno-implicit-fallthrough -Wno-old-style-declaration -Wno-unused-but-set-variable -Wno-unused-parameter -Werror -I/usr/src/azl/BUILD/shim-15.8/Cryptlib/OpenSSL -I/usr/src/azl/BUILD/shim-15.8/Cryptlib -I/usr/src/azl/BUILD/shim-15.8/Cryptlib/OpenSSL/Include/ -I/usr/src/azl/BUILD/shim-15.8/Cryptlib/OpenSSL/crypto -I/usr/src/azl/BUILD/shim-15.8/Cryptlib/Include -I/usr/src/azl/BUILD/shim-15.8/gnu-efi/inc -I/usr/src/azl/BUILD/shim-15.8/gnu-efi/inc/aarch64 -I/usr/src/azl/BUILD/shim-15.8/gnu-efi/inc/protocol -I/usr/src/azl/BUILD/shim-15.8/Cryptlib/OpenSSL/crypto/asn1 -I/usr/src/azl/BUILD/shim-15.8/Cryptlib/OpenSSL/crypto/evp -I/usr/src/azl/BUILD/shim-15.8/Cryptlib/OpenSSL/crypto/modes -I/usr/src/azl/BUILD/shim-15.8/Cryptlib/OpenSSL/crypto/include -isystem /usr/src/azl/BUILD/shim-15.8/include/system -isystem /usr/lib/gcc/aarch64-unknown-linux-gnu/13.2.0/include -DL_ENDIAN -D_CRT_SECURE_NO_DEPRECATE -D_CRT_NONSTDC_NO_DEPRECATE -DOPENSSL_SMALL_FOOTPRINT -DPEDANTIC -DMDE_CPU_AARCH64   -c -o crypto/dso/dso_dl.o /usr/src/azl/BUILD/shim-15.8/Cryptlib/OpenSSL/crypto/dso/dso_dl.c
gcc -std=gnu11 -ggdb -ffreestanding -fmacro-prefix-map=/usr/src/azl/BUILD/shim-15.8/= -fno-stack-protector -fno-strict-aliasing -fpic -fshort-wchar -nostdinc -Os -Wall -Wextra -Wno-missing-field-initializers -Wno-empty-body -Wno-implicit-fallthrough -Wno-old-style-declaration -Wno-unused-but-set-variable -Wno-unused-parameter -Werror -I/usr/src/azl/BUILD/shim-15.8/Cryptlib/OpenSSL -I/usr/src/azl/BUILD/shim-15.8/Cryptlib -I/usr/src/azl/BUILD/shim-15.8/Cryptlib/OpenSSL/Include/ -I/usr/src/azl/BUILD/shim-15.8/Cryptlib/OpenSSL/crypto -I/usr/src/azl/BUILD/shim-15.8/Cryptlib/Include -I/usr/src/azl/BUILD/shim-15.8/gnu-efi/inc -I/usr/src/azl/BUILD/shim-15.8/gnu-efi/inc/aarch64 -I/usr/src/azl/BUILD/shim-15.8/gnu-efi/inc/protocol -I/usr/src/azl/BUILD/shim-15.8/Cryptlib/OpenSSL/crypto/asn1 -I/usr/src/azl/BUILD/shim-15.8/Cryptlib/OpenSSL/crypto/evp -I/usr/src/azl/BUILD/shim-15.8/Cryptlib/OpenSSL/crypto/modes -I/usr/src/azl/BUILD/shim-15.8/Cryptlib/OpenSSL/crypto/include -isystem /usr/src/azl/BUILD/shim-15.8/include/system -isystem /usr/lib/gcc/aarch64-unknown-linux-gnu/13.2.0/include -DL_ENDIAN -D_CRT_SECURE_NO_DEPRECATE -D_CRT_NONSTDC_NO_DEPRECATE -DOPENSSL_SMALL_FOOTPRINT -DPEDANTIC -DMDE_CPU_AARCH64   -c -o crypto/dso/dso_dlfcn.o /usr/src/azl/BUILD/shim-15.8/Cryptlib/OpenSSL/crypto/dso/dso_dlfcn.c
gcc -std=gnu11 -ggdb -ffreestanding -fmacro-prefix-map=/usr/src/azl/BUILD/shim-15.8/= -fno-stack-protector -fno-strict-aliasing -fpic -fshort-wchar -nostdinc -Os -Wall -Wextra -Wno-missing-field-initializers -Wno-empty-body -Wno-implicit-fallthrough -Wno-old-style-declaration -Wno-unused-but-set-variable -Wno-unused-parameter -Werror -I/usr/src/azl/BUILD/shim-15.8/Cryptlib/OpenSSL -I/usr/src/azl/BUILD/shim-15.8/Cryptlib -I/usr/src/azl/BUILD/shim-15.8/Cryptlib/OpenSSL/Include/ -I/usr/src/azl/BUILD/shim-15.8/Cryptlib/OpenSSL/crypto -I/usr/src/azl/BUILD/shim-15.8/Cryptlib/Include -I/usr/src/azl/BUILD/shim-15.8/gnu-efi/inc -I/usr/src/azl/BUILD/shim-15.8/gnu-efi/inc/aarch64 -I/usr/src/azl/BUILD/shim-15.8/gnu-efi/inc/protocol -I/usr/src/azl/BUILD/shim-15.8/Cryptlib/OpenSSL/crypto/asn1 -I/usr/src/azl/BUILD/shim-15.8/Cryptlib/OpenSSL/crypto/evp -I/usr/src/azl/BUILD/shim-15.8/Cryptlib/OpenSSL/crypto/modes -I/usr/src/azl/BUILD/shim-15.8/Cryptlib/OpenSSL/crypto/include -isystem /usr/src/azl/BUILD/shim-15.8/include/system -isystem /usr/lib/gcc/aarch64-unknown-linux-gnu/13.2.0/include -DL_ENDIAN -D_CRT_SECURE_NO_DEPRECATE -D_CRT_NONSTDC_NO_DEPRECATE -DOPENSSL_SMALL_FOOTPRINT -DPEDANTIC -DMDE_CPU_AARCH64   -c -o crypto/dso/dso_err.o /usr/src/azl/BUILD/shim-15.8/Cryptlib/OpenSSL/crypto/dso/dso_err.c
gcc -std=gnu11 -ggdb -ffreestanding -fmacro-prefix-map=/usr/src/azl/BUILD/shim-15.8/= -fno-stack-protector -fno-strict-aliasing -fpic -fshort-wchar -nostdinc -Os -Wall -Wextra -Wno-missing-field-initializers -Wno-empty-body -Wno-implicit-fallthrough -Wno-old-style-declaration -Wno-unused-but-set-variable -Wno-unused-parameter -Werror -I/usr/src/azl/BUILD/shim-15.8/Cryptlib/OpenSSL -I/usr/src/azl/BUILD/shim-15.8/Cryptlib -I/usr/src/azl/BUILD/shim-15.8/Cryptlib/OpenSSL/Include/ -I/usr/src/azl/BUILD/shim-15.8/Cryptlib/OpenSSL/crypto -I/usr/src/azl/BUILD/shim-15.8/Cryptlib/Include -I/usr/src/azl/BUILD/shim-15.8/gnu-efi/inc -I/usr/src/azl/BUILD/shim-15.8/gnu-efi/inc/aarch64 -I/usr/src/azl/BUILD/shim-15.8/gnu-efi/inc/protocol -I/usr/src/azl/BUILD/shim-15.8/Cryptlib/OpenSSL/crypto/asn1 -I/usr/src/azl/BUILD/shim-15.8/Cryptlib/OpenSSL/crypto/evp -I/usr/src/azl/BUILD/shim-15.8/Cryptlib/OpenSSL/crypto/modes -I/usr/src/azl/BUILD/shim-15.8/Cryptlib/OpenSSL/crypto/include -isystem /usr/src/azl/BUILD/shim-15.8/include/system -isystem /usr/lib/gcc/aarch64-unknown-linux-gnu/13.2.0/include -DL_ENDIAN -D_CRT_SECURE_NO_DEPRECATE -D_CRT_NONSTDC_NO_DEPRECATE -DOPENSSL_SMALL_FOOTPRINT -DPEDANTIC -DMDE_CPU_AARCH64   -c -o crypto/dso/dso_lib.o /usr/src/azl/BUILD/shim-15.8/Cryptlib/OpenSSL/crypto/dso/dso_lib.c
gcc -std=gnu11 -ggdb -ffreestanding -fmacro-prefix-map=/usr/src/azl/BUILD/shim-15.8/= -fno-stack-protector -fno-strict-aliasing -fpic -fshort-wchar -nostdinc -Os -Wall -Wextra -Wno-missing-field-initializers -Wno-empty-body -Wno-implicit-fallthrough -Wno-old-style-declaration -Wno-unused-but-set-variable -Wno-unused-parameter -Werror -I/usr/src/azl/BUILD/shim-15.8/Cryptlib/OpenSSL -I/usr/src/azl/BUILD/shim-15.8/Cryptlib -I/usr/src/azl/BUILD/shim-15.8/Cryptlib/OpenSSL/Include/ -I/usr/src/azl/BUILD/shim-15.8/Cryptlib/OpenSSL/crypto -I/usr/src/azl/BUILD/shim-15.8/Cryptlib/Include -I/usr/src/azl/BUILD/shim-15.8/gnu-efi/inc -I/usr/src/azl/BUILD/shim-15.8/gnu-efi/inc/aarch64 -I/usr/src/azl/BUILD/shim-15.8/gnu-efi/inc/protocol -I/usr/src/azl/BUILD/shim-15.8/Cryptlib/OpenSSL/crypto/asn1 -I/usr/src/azl/BUILD/shim-15.8/Cryptlib/OpenSSL/crypto/evp -I/usr/src/azl/BUILD/shim-15.8/Cryptlib/OpenSSL/crypto/modes -I/usr/src/azl/BUILD/shim-15.8/Cryptlib/OpenSSL/crypto/include -isystem /usr/src/azl/BUILD/shim-15.8/include/system -isystem /usr/lib/gcc/aarch64-unknown-linux-gnu/13.2.0/include -DL_ENDIAN -D_CRT_SECURE_NO_DEPRECATE -D_CRT_NONSTDC_NO_DEPRECATE -DOPENSSL_SMALL_FOOTPRINT -DPEDANTIC -DMDE_CPU_AARCH64   -c -o crypto/dso/dso_null.o /usr/src/azl/BUILD/shim-15.8/Cryptlib/OpenSSL/crypto/dso/dso_null.c
gcc -std=gnu11 -ggdb -ffreestanding -fmacro-prefix-map=/usr/src/azl/BUILD/shim-15.8/= -fno-stack-protector -fno-strict-aliasing -fpic -fshort-wchar -nostdinc -Os -Wall -Wextra -Wno-missing-field-initializers -Wno-empty-body -Wno-implicit-fallthrough -Wno-old-style-declaration -Wno-unused-but-set-variable -Wno-unused-parameter -Werror -I/usr/src/azl/BUILD/shim-15.8/Cryptlib/OpenSSL -I/usr/src/azl/BUILD/shim-15.8/Cryptlib -I/usr/src/azl/BUILD/shim-15.8/Cryptlib/OpenSSL/Include/ -I/usr/src/azl/BUILD/shim-15.8/Cryptlib/OpenSSL/crypto -I/usr/src/azl/BUILD/shim-15.8/Cryptlib/Include -I/usr/src/azl/BUILD/shim-15.8/gnu-efi/inc -I/usr/src/azl/BUILD/shim-15.8/gnu-efi/inc/aarch64 -I/usr/src/azl/BUILD/shim-15.8/gnu-efi/inc/protocol -I/usr/src/azl/BUILD/shim-15.8/Cryptlib/OpenSSL/crypto/asn1 -I/usr/src/azl/BUILD/shim-15.8/Cryptlib/OpenSSL/crypto/evp -I/usr/src/azl/BUILD/shim-15.8/Cryptlib/OpenSSL/crypto/modes -I/usr/src/azl/BUILD/shim-15.8/Cryptlib/OpenSSL/crypto/include -isystem /usr/src/azl/BUILD/shim-15.8/include/system -isystem /usr/lib/gcc/aarch64-unknown-linux-gnu/13.2.0/include -DL_ENDIAN -D_CRT_SECURE_NO_DEPRECATE -D_CRT_NONSTDC_NO_DEPRECATE -DOPENSSL_SMALL_FOOTPRINT -DPEDANTIC -DMDE_CPU_AARCH64   -c -o crypto/dso/dso_openssl.o /usr/src/azl/BUILD/shim-15.8/Cryptlib/OpenSSL/crypto/dso/dso_openssl.c
gcc -std=gnu11 -ggdb -ffreestanding -fmacro-prefix-map=/usr/src/azl/BUILD/shim-15.8/= -fno-stack-protector -fno-strict-aliasing -fpic -fshort-wchar -nostdinc -Os -Wall -Wextra -Wno-missing-field-initializers -Wno-empty-body -Wno-implicit-fallthrough -Wno-old-style-declaration -Wno-unused-but-set-variable -Wno-unused-parameter -Werror -I/usr/src/azl/BUILD/shim-15.8/Cryptlib/OpenSSL -I/usr/src/azl/BUILD/shim-15.8/Cryptlib -I/usr/src/azl/BUILD/shim-15.8/Cryptlib/OpenSSL/Include/ -I/usr/src/azl/BUILD/shim-15.8/Cryptlib/OpenSSL/crypto -I/usr/src/azl/BUILD/shim-15.8/Cryptlib/Include -I/usr/src/azl/BUILD/shim-15.8/gnu-efi/inc -I/usr/src/azl/BUILD/shim-15.8/gnu-efi/inc/aarch64 -I/usr/src/azl/BUILD/shim-15.8/gnu-efi/inc/protocol -I/usr/src/azl/BUILD/shim-15.8/Cryptlib/OpenSSL/crypto/asn1 -I/usr/src/azl/BUILD/shim-15.8/Cryptlib/OpenSSL/crypto/evp -I/usr/src/azl/BUILD/shim-15.8/Cryptlib/OpenSSL/crypto/modes -I/usr/src/azl/BUILD/shim-15.8/Cryptlib/OpenSSL/crypto/include -isystem /usr/src/azl/BUILD/shim-15.8/include/system -isystem /usr/lib/gcc/aarch64-unknown-linux-gnu/13.2.0/include -DL_ENDIAN -D_CRT_SECURE_NO_DEPRECATE -D_CRT_NONSTDC_NO_DEPRECATE -DOPENSSL_SMALL_FOOTPRINT -DPEDANTIC -DMDE_CPU_AARCH64   -c -o crypto/dso/dso_win32.o /usr/src/azl/BUILD/shim-15.8/Cryptlib/OpenSSL/crypto/dso/dso_win32.c
gcc -std=gnu11 -ggdb -ffreestanding -fmacro-prefix-map=/usr/src/azl/BUILD/shim-15.8/= -fno-stack-protector -fno-strict-aliasing -fpic -fshort-wchar -nostdinc -Os -Wall -Wextra -Wno-missing-field-initializers -Wno-empty-body -Wno-implicit-fallthrough -Wno-old-style-declaration -Wno-unused-but-set-variable -Wno-unused-parameter -Werror -I/usr/src/azl/BUILD/shim-15.8/Cryptlib/OpenSSL -I/usr/src/azl/BUILD/shim-15.8/Cryptlib -I/usr/src/azl/BUILD/shim-15.8/Cryptlib/OpenSSL/Include/ -I/usr/src/azl/BUILD/shim-15.8/Cryptlib/OpenSSL/crypto -I/usr/src/azl/BUILD/shim-15.8/Cryptlib/Include -I/usr/src/azl/BUILD/shim-15.8/gnu-efi/inc -I/usr/src/azl/BUILD/shim-15.8/gnu-efi/inc/aarch64 -I/usr/src/azl/BUILD/shim-15.8/gnu-efi/inc/protocol -I/usr/src/azl/BUILD/shim-15.8/Cryptlib/OpenSSL/crypto/asn1 -I/usr/src/azl/BUILD/shim-15.8/Cryptlib/OpenSSL/crypto/evp -I/usr/src/azl/BUILD/shim-15.8/Cryptlib/OpenSSL/crypto/modes -I/usr/src/azl/BUILD/shim-15.8/Cryptlib/OpenSSL/crypto/include -isystem /usr/src/azl/BUILD/shim-15.8/include/system -isystem /usr/lib/gcc/aarch64-unknown-linux-gnu/13.2.0/include -DL_ENDIAN -D_CRT_SECURE_NO_DEPRECATE -D_CRT_NONSTDC_NO_DEPRECATE -DOPENSSL_SMALL_FOOTPRINT -DPEDANTIC -DMDE_CPU_AARCH64   -c -o crypto/dso/dso_vms.o /usr/src/azl/BUILD/shim-15.8/Cryptlib/OpenSSL/crypto/dso/dso_vms.c
gcc -std=gnu11 -ggdb -ffreestanding -fmacro-prefix-map=/usr/src/azl/BUILD/shim-15.8/= -fno-stack-protector -fno-strict-aliasing -fpic -fshort-wchar -nostdinc -Os -Wall -Wextra -Wno-missing-field-initializers -Wno-empty-body -Wno-implicit-fallthrough -Wno-old-style-declaration -Wno-unused-but-set-variable -Wno-unused-parameter -Werror -I/usr/src/azl/BUILD/shim-15.8/Cryptlib/OpenSSL -I/usr/src/azl/BUILD/shim-15.8/Cryptlib -I/usr/src/azl/BUILD/shim-15.8/Cryptlib/OpenSSL/Include/ -I/usr/src/azl/BUILD/shim-15.8/Cryptlib/OpenSSL/crypto -I/usr/src/azl/BUILD/shim-15.8/Cryptlib/Include -I/usr/src/azl/BUILD/shim-15.8/gnu-efi/inc -I/usr/src/azl/BUILD/shim-15.8/gnu-efi/inc/aarch64 -I/usr/src/azl/BUILD/shim-15.8/gnu-efi/inc/protocol -I/usr/src/azl/BUILD/shim-15.8/Cryptlib/OpenSSL/crypto/asn1 -I/usr/src/azl/BUILD/shim-15.8/Cryptlib/OpenSSL/crypto/evp -I/usr/src/azl/BUILD/shim-15.8/Cryptlib/OpenSSL/crypto/modes -I/usr/src/azl/BUILD/shim-15.8/Cryptlib/OpenSSL/crypto/include -isystem /usr/src/azl/BUILD/shim-15.8/include/system -isystem /usr/lib/gcc/aarch64-unknown-linux-gnu/13.2.0/include -DL_ENDIAN -D_CRT_SECURE_NO_DEPRECATE -D_CRT_NONSTDC_NO_DEPRECATE -DOPENSSL_SMALL_FOOTPRINT -DPEDANTIC -DMDE_CPU_AARCH64   -c -o crypto/dso/dso_beos.o /usr/src/azl/BUILD/shim-15.8/Cryptlib/OpenSSL/crypto/dso/dso_beos.c
gcc -std=gnu11 -ggdb -ffreestanding -fmacro-prefix-map=/usr/src/azl/BUILD/shim-15.8/= -fno-stack-protector -fno-strict-aliasing -fpic -fshort-wchar -nostdinc -Os -Wall -Wextra -Wno-missing-field-initializers -Wno-empty-body -Wno-implicit-fallthrough -Wno-old-style-declaration -Wno-unused-but-set-variable -Wno-unused-parameter -Werror -I/usr/src/azl/BUILD/shim-15.8/Cryptlib/OpenSSL -I/usr/src/azl/BUILD/shim-15.8/Cryptlib -I/usr/src/azl/BUILD/shim-15.8/Cryptlib/OpenSSL/Include/ -I/usr/src/azl/BUILD/shim-15.8/Cryptlib/OpenSSL/crypto -I/usr/src/azl/BUILD/shim-15.8/Cryptlib/Include -I/usr/src/azl/BUILD/shim-15.8/gnu-efi/inc -I/usr/src/azl/BUILD/shim-15.8/gnu-efi/inc/aarch64 -I/usr/src/azl/BUILD/shim-15.8/gnu-efi/inc/protocol -I/usr/src/azl/BUILD/shim-15.8/Cryptlib/OpenSSL/crypto/asn1 -I/usr/src/azl/BUILD/shim-15.8/Cryptlib/OpenSSL/crypto/evp -I/usr/src/azl/BUILD/shim-15.8/Cryptlib/OpenSSL/crypto/modes -I/usr/src/azl/BUILD/shim-15.8/Cryptlib/OpenSSL/crypto/include -isystem /usr/src/azl/BUILD/shim-15.8/include/system -isystem /usr/lib/gcc/aarch64-unknown-linux-gnu/13.2.0/include -DL_ENDIAN -D_CRT_SECURE_NO_DEPRECATE -D_CRT_NONSTDC_NO_DEPRECATE -DOPENSSL_SMALL_FOOTPRINT -DPEDANTIC -DMDE_CPU_AARCH64   -c -o crypto/dh/dh_asn1.o /usr/src/azl/BUILD/shim-15.8/Cryptlib/OpenSSL/crypto/dh/dh_asn1.c
gcc -std=gnu11 -ggdb -ffreestanding -fmacro-prefix-map=/usr/src/azl/BUILD/shim-15.8/= -fno-stack-protector -fno-strict-aliasing -fpic -fshort-wchar -nostdinc -Os -Wall -Wextra -Wno-missing-field-initializers -Wno-empty-body -Wno-implicit-fallthrough -Wno-old-style-declaration -Wno-unused-but-set-variable -Wno-unused-parameter -Werror -I/usr/src/azl/BUILD/shim-15.8/Cryptlib/OpenSSL -I/usr/src/azl/BUILD/shim-15.8/Cryptlib -I/usr/src/azl/BUILD/shim-15.8/Cryptlib/OpenSSL/Include/ -I/usr/src/azl/BUILD/shim-15.8/Cryptlib/OpenSSL/crypto -I/usr/src/azl/BUILD/shim-15.8/Cryptlib/Include -I/usr/src/azl/BUILD/shim-15.8/gnu-efi/inc -I/usr/src/azl/BUILD/shim-15.8/gnu-efi/inc/aarch64 -I/usr/src/azl/BUILD/shim-15.8/gnu-efi/inc/protocol -I/usr/src/azl/BUILD/shim-15.8/Cryptlib/OpenSSL/crypto/asn1 -I/usr/src/azl/BUILD/shim-15.8/Cryptlib/OpenSSL/crypto/evp -I/usr/src/azl/BUILD/shim-15.8/Cryptlib/OpenSSL/crypto/modes -I/usr/src/azl/BUILD/shim-15.8/Cryptlib/OpenSSL/crypto/include -isystem /usr/src/azl/BUILD/shim-15.8/include/system -isystem /usr/lib/gcc/aarch64-unknown-linux-gnu/13.2.0/include -DL_ENDIAN -D_CRT_SECURE_NO_DEPRECATE -D_CRT_NONSTDC_NO_DEPRECATE -DOPENSSL_SMALL_FOOTPRINT -DPEDANTIC -DMDE_CPU_AARCH64   -c -o crypto/dh/dh_gen.o /usr/src/azl/BUILD/shim-15.8/Cryptlib/OpenSSL/crypto/dh/dh_gen.c
gcc -std=gnu11 -ggdb -ffreestanding -fmacro-prefix-map=/usr/src/azl/BUILD/shim-15.8/= -fno-stack-protector -fno-strict-aliasing -fpic -fshort-wchar -nostdinc -Os -Wall -Wextra -Wno-missing-field-initializers -Wno-empty-body -Wno-implicit-fallthrough -Wno-old-style-declaration -Wno-unused-but-set-variable -Wno-unused-parameter -Werror -I/usr/src/azl/BUILD/shim-15.8/Cryptlib/OpenSSL -I/usr/src/azl/BUILD/shim-15.8/Cryptlib -I/usr/src/azl/BUILD/shim-15.8/Cryptlib/OpenSSL/Include/ -I/usr/src/azl/BUILD/shim-15.8/Cryptlib/OpenSSL/crypto -I/usr/src/azl/BUILD/shim-15.8/Cryptlib/Include -I/usr/src/azl/BUILD/shim-15.8/gnu-efi/inc -I/usr/src/azl/BUILD/shim-15.8/gnu-efi/inc/aarch64 -I/usr/src/azl/BUILD/shim-15.8/gnu-efi/inc/protocol -I/usr/src/azl/BUILD/shim-15.8/Cryptlib/OpenSSL/crypto/asn1 -I/usr/src/azl/BUILD/shim-15.8/Cryptlib/OpenSSL/crypto/evp -I/usr/src/azl/BUILD/shim-15.8/Cryptlib/OpenSSL/crypto/modes -I/usr/src/azl/BUILD/shim-15.8/Cryptlib/OpenSSL/crypto/include -isystem /usr/src/azl/BUILD/shim-15.8/include/system -isystem /usr/lib/gcc/aarch64-unknown-linux-gnu/13.2.0/include -DL_ENDIAN -D_CRT_SECURE_NO_DEPRECATE -D_CRT_NONSTDC_NO_DEPRECATE -DOPENSSL_SMALL_FOOTPRINT -DPEDANTIC -DMDE_CPU_AARCH64   -c -o crypto/dh/dh_key.o /usr/src/azl/BUILD/shim-15.8/Cryptlib/OpenSSL/crypto/dh/dh_key.c
gcc -std=gnu11 -ggdb -ffreestanding -fmacro-prefix-map=/usr/src/azl/BUILD/shim-15.8/= -fno-stack-protector -fno-strict-aliasing -fpic -fshort-wchar -nostdinc -Os -Wall -Wextra -Wno-missing-field-initializers -Wno-empty-body -Wno-implicit-fallthrough -Wno-old-style-declaration -Wno-unused-but-set-variable -Wno-unused-parameter -Werror -I/usr/src/azl/BUILD/shim-15.8/Cryptlib/OpenSSL -I/usr/src/azl/BUILD/shim-15.8/Cryptlib -I/usr/src/azl/BUILD/shim-15.8/Cryptlib/OpenSSL/Include/ -I/usr/src/azl/BUILD/shim-15.8/Cryptlib/OpenSSL/crypto -I/usr/src/azl/BUILD/shim-15.8/Cryptlib/Include -I/usr/src/azl/BUILD/shim-15.8/gnu-efi/inc -I/usr/src/azl/BUILD/shim-15.8/gnu-efi/inc/aarch64 -I/usr/src/azl/BUILD/shim-15.8/gnu-efi/inc/protocol -I/usr/src/azl/BUILD/shim-15.8/Cryptlib/OpenSSL/crypto/asn1 -I/usr/src/azl/BUILD/shim-15.8/Cryptlib/OpenSSL/crypto/evp -I/usr/src/azl/BUILD/shim-15.8/Cryptlib/OpenSSL/crypto/modes -I/usr/src/azl/BUILD/shim-15.8/Cryptlib/OpenSSL/crypto/include -isystem /usr/src/azl/BUILD/shim-15.8/include/system -isystem /usr/lib/gcc/aarch64-unknown-linux-gnu/13.2.0/include -DL_ENDIAN -D_CRT_SECURE_NO_DEPRECATE -D_CRT_NONSTDC_NO_DEPRECATE -DOPENSSL_SMALL_FOOTPRINT -DPEDANTIC -DMDE_CPU_AARCH64   -c -o crypto/dh/dh_lib.o /usr/src/azl/BUILD/shim-15.8/Cryptlib/OpenSSL/crypto/dh/dh_lib.c
gcc -std=gnu11 -ggdb -ffreestanding -fmacro-prefix-map=/usr/src/azl/BUILD/shim-15.8/= -fno-stack-protector -fno-strict-aliasing -fpic -fshort-wchar -nostdinc -Os -Wall -Wextra -Wno-missing-field-initializers -Wno-empty-body -Wno-implicit-fallthrough -Wno-old-style-declaration -Wno-unused-but-set-variable -Wno-unused-parameter -Werror -I/usr/src/azl/BUILD/shim-15.8/Cryptlib/OpenSSL -I/usr/src/azl/BUILD/shim-15.8/Cryptlib -I/usr/src/azl/BUILD/shim-15.8/Cryptlib/OpenSSL/Include/ -I/usr/src/azl/BUILD/shim-15.8/Cryptlib/OpenSSL/crypto -I/usr/src/azl/BUILD/shim-15.8/Cryptlib/Include -I/usr/src/azl/BUILD/shim-15.8/gnu-efi/inc -I/usr/src/azl/BUILD/shim-15.8/gnu-efi/inc/aarch64 -I/usr/src/azl/BUILD/shim-15.8/gnu-efi/inc/protocol -I/usr/src/azl/BUILD/shim-15.8/Cryptlib/OpenSSL/crypto/asn1 -I/usr/src/azl/BUILD/shim-15.8/Cryptlib/OpenSSL/crypto/evp -I/usr/src/azl/BUILD/shim-15.8/Cryptlib/OpenSSL/crypto/modes -I/usr/src/azl/BUILD/shim-15.8/Cryptlib/OpenSSL/crypto/include -isystem /usr/src/azl/BUILD/shim-15.8/include/system -isystem /usr/lib/gcc/aarch64-unknown-linux-gnu/13.2.0/include -DL_ENDIAN -D_CRT_SECURE_NO_DEPRECATE -D_CRT_NONSTDC_NO_DEPRECATE -DOPENSSL_SMALL_FOOTPRINT -DPEDANTIC -DMDE_CPU_AARCH64   -c -o crypto/dh/dh_check.o /usr/src/azl/BUILD/shim-15.8/Cryptlib/OpenSSL/crypto/dh/dh_check.c
gcc -std=gnu11 -ggdb -ffreestanding -fmacro-prefix-map=/usr/src/azl/BUILD/shim-15.8/= -fno-stack-protector -fno-strict-aliasing -fpic -fshort-wchar -nostdinc -Os -Wall -Wextra -Wno-missing-field-initializers -Wno-empty-body -Wno-implicit-fallthrough -Wno-old-style-declaration -Wno-unused-but-set-variable -Wno-unused-parameter -Werror -I/usr/src/azl/BUILD/shim-15.8/Cryptlib/OpenSSL -I/usr/src/azl/BUILD/shim-15.8/Cryptlib -I/usr/src/azl/BUILD/shim-15.8/Cryptlib/OpenSSL/Include/ -I/usr/src/azl/BUILD/shim-15.8/Cryptlib/OpenSSL/crypto -I/usr/src/azl/BUILD/shim-15.8/Cryptlib/Include -I/usr/src/azl/BUILD/shim-15.8/gnu-efi/inc -I/usr/src/azl/BUILD/shim-15.8/gnu-efi/inc/aarch64 -I/usr/src/azl/BUILD/shim-15.8/gnu-efi/inc/protocol -I/usr/src/azl/BUILD/shim-15.8/Cryptlib/OpenSSL/crypto/asn1 -I/usr/src/azl/BUILD/shim-15.8/Cryptlib/OpenSSL/crypto/evp -I/usr/src/azl/BUILD/shim-15.8/Cryptlib/OpenSSL/crypto/modes -I/usr/src/azl/BUILD/shim-15.8/Cryptlib/OpenSSL/crypto/include -isystem /usr/src/azl/BUILD/shim-15.8/include/system -isystem /usr/lib/gcc/aarch64-unknown-linux-gnu/13.2.0/include -DL_ENDIAN -D_CRT_SECURE_NO_DEPRECATE -D_CRT_NONSTDC_NO_DEPRECATE -DOPENSSL_SMALL_FOOTPRINT -DPEDANTIC -DMDE_CPU_AARCH64   -c -o crypto/dh/dh_err.o /usr/src/azl/BUILD/shim-15.8/Cryptlib/OpenSSL/crypto/dh/dh_err.c
gcc -std=gnu11 -ggdb -ffreestanding -fmacro-prefix-map=/usr/src/azl/BUILD/shim-15.8/= -fno-stack-protector -fno-strict-aliasing -fpic -fshort-wchar -nostdinc -Os -Wall -Wextra -Wno-missing-field-initializers -Wno-empty-body -Wno-implicit-fallthrough -Wno-old-style-declaration -Wno-unused-but-set-variable -Wno-unused-parameter -Werror -I/usr/src/azl/BUILD/shim-15.8/Cryptlib/OpenSSL -I/usr/src/azl/BUILD/shim-15.8/Cryptlib -I/usr/src/azl/BUILD/shim-15.8/Cryptlib/OpenSSL/Include/ -I/usr/src/azl/BUILD/shim-15.8/Cryptlib/OpenSSL/crypto -I/usr/src/azl/BUILD/shim-15.8/Cryptlib/Include -I/usr/src/azl/BUILD/shim-15.8/gnu-efi/inc -I/usr/src/azl/BUILD/shim-15.8/gnu-efi/inc/aarch64 -I/usr/src/azl/BUILD/shim-15.8/gnu-efi/inc/protocol -I/usr/src/azl/BUILD/shim-15.8/Cryptlib/OpenSSL/crypto/asn1 -I/usr/src/azl/BUILD/shim-15.8/Cryptlib/OpenSSL/crypto/evp -I/usr/src/azl/BUILD/shim-15.8/Cryptlib/OpenSSL/crypto/modes -I/usr/src/azl/BUILD/shim-15.8/Cryptlib/OpenSSL/crypto/include -isystem /usr/src/azl/BUILD/shim-15.8/include/system -isystem /usr/lib/gcc/aarch64-unknown-linux-gnu/13.2.0/include -DL_ENDIAN -D_CRT_SECURE_NO_DEPRECATE -D_CRT_NONSTDC_NO_DEPRECATE -DOPENSSL_SMALL_FOOTPRINT -DPEDANTIC -DMDE_CPU_AARCH64   -c -o crypto/dh/dh_depr.o /usr/src/azl/BUILD/shim-15.8/Cryptlib/OpenSSL/crypto/dh/dh_depr.c
gcc -std=gnu11 -ggdb -ffreestanding -fmacro-prefix-map=/usr/src/azl/BUILD/shim-15.8/= -fno-stack-protector -fno-strict-aliasing -fpic -fshort-wchar -nostdinc -Os -Wall -Wextra -Wno-missing-field-initializers -Wno-empty-body -Wno-implicit-fallthrough -Wno-old-style-declaration -Wno-unused-but-set-variable -Wno-unused-parameter -Werror -I/usr/src/azl/BUILD/shim-15.8/Cryptlib/OpenSSL -I/usr/src/azl/BUILD/shim-15.8/Cryptlib -I/usr/src/azl/BUILD/shim-15.8/Cryptlib/OpenSSL/Include/ -I/usr/src/azl/BUILD/shim-15.8/Cryptlib/OpenSSL/crypto -I/usr/src/azl/BUILD/shim-15.8/Cryptlib/Include -I/usr/src/azl/BUILD/shim-15.8/gnu-efi/inc -I/usr/src/azl/BUILD/shim-15.8/gnu-efi/inc/aarch64 -I/usr/src/azl/BUILD/shim-15.8/gnu-efi/inc/protocol -I/usr/src/azl/BUILD/shim-15.8/Cryptlib/OpenSSL/crypto/asn1 -I/usr/src/azl/BUILD/shim-15.8/Cryptlib/OpenSSL/crypto/evp -I/usr/src/azl/BUILD/shim-15.8/Cryptlib/OpenSSL/crypto/modes -I/usr/src/azl/BUILD/shim-15.8/Cryptlib/OpenSSL/crypto/include -isystem /usr/src/azl/BUILD/shim-15.8/include/system -isystem /usr/lib/gcc/aarch64-unknown-linux-gnu/13.2.0/include -DL_ENDIAN -D_CRT_SECURE_NO_DEPRECATE -D_CRT_NONSTDC_NO_DEPRECATE -DOPENSSL_SMALL_FOOTPRINT -DPEDANTIC -DMDE_CPU_AARCH64   -c -o crypto/dh/dh_ameth.o /usr/src/azl/BUILD/shim-15.8/Cryptlib/OpenSSL/crypto/dh/dh_ameth.c
gcc -std=gnu11 -ggdb -ffreestanding -fmacro-prefix-map=/usr/src/azl/BUILD/shim-15.8/= -fno-stack-protector -fno-strict-aliasing -fpic -fshort-wchar -nostdinc -Os -Wall -Wextra -Wno-missing-field-initializers -Wno-empty-body -Wno-implicit-fallthrough -Wno-old-style-declaration -Wno-unused-but-set-variable -Wno-unused-parameter -Werror -I/usr/src/azl/BUILD/shim-15.8/Cryptlib/OpenSSL -I/usr/src/azl/BUILD/shim-15.8/Cryptlib -I/usr/src/azl/BUILD/shim-15.8/Cryptlib/OpenSSL/Include/ -I/usr/src/azl/BUILD/shim-15.8/Cryptlib/OpenSSL/crypto -I/usr/src/azl/BUILD/shim-15.8/Cryptlib/Include -I/usr/src/azl/BUILD/shim-15.8/gnu-efi/inc -I/usr/src/azl/BUILD/shim-15.8/gnu-efi/inc/aarch64 -I/usr/src/azl/BUILD/shim-15.8/gnu-efi/inc/protocol -I/usr/src/azl/BUILD/shim-15.8/Cryptlib/OpenSSL/crypto/asn1 -I/usr/src/azl/BUILD/shim-15.8/Cryptlib/OpenSSL/crypto/evp -I/usr/src/azl/BUILD/shim-15.8/Cryptlib/OpenSSL/crypto/modes -I/usr/src/azl/BUILD/shim-15.8/Cryptlib/OpenSSL/crypto/include -isystem /usr/src/azl/BUILD/shim-15.8/include/system -isystem /usr/lib/gcc/aarch64-unknown-linux-gnu/13.2.0/include -DL_ENDIAN -D_CRT_SECURE_NO_DEPRECATE -D_CRT_NONSTDC_NO_DEPRECATE -DOPENSSL_SMALL_FOOTPRINT -DPEDANTIC -DMDE_CPU_AARCH64   -c -o crypto/dh/dh_pmeth.o /usr/src/azl/BUILD/shim-15.8/Cryptlib/OpenSSL/crypto/dh/dh_pmeth.c
gcc -std=gnu11 -ggdb -ffreestanding -fmacro-prefix-map=/usr/src/azl/BUILD/shim-15.8/= -fno-stack-protector -fno-strict-aliasing -fpic -fshort-wchar -nostdinc -Os -Wall -Wextra -Wno-missing-field-initializers -Wno-empty-body -Wno-implicit-fallthrough -Wno-old-style-declaration -Wno-unused-but-set-variable -Wno-unused-parameter -Werror -I/usr/src/azl/BUILD/shim-15.8/Cryptlib/OpenSSL -I/usr/src/azl/BUILD/shim-15.8/Cryptlib -I/usr/src/azl/BUILD/shim-15.8/Cryptlib/OpenSSL/Include/ -I/usr/src/azl/BUILD/shim-15.8/Cryptlib/OpenSSL/crypto -I/usr/src/azl/BUILD/shim-15.8/Cryptlib/Include -I/usr/src/azl/BUILD/shim-15.8/gnu-efi/inc -I/usr/src/azl/BUILD/shim-15.8/gnu-efi/inc/aarch64 -I/usr/src/azl/BUILD/shim-15.8/gnu-efi/inc/protocol -I/usr/src/azl/BUILD/shim-15.8/Cryptlib/OpenSSL/crypto/asn1 -I/usr/src/azl/BUILD/shim-15.8/Cryptlib/OpenSSL/crypto/evp -I/usr/src/azl/BUILD/shim-15.8/Cryptlib/OpenSSL/crypto/modes -I/usr/src/azl/BUILD/shim-15.8/Cryptlib/OpenSSL/crypto/include -isystem /usr/src/azl/BUILD/shim-15.8/include/system -isystem /usr/lib/gcc/aarch64-unknown-linux-gnu/13.2.0/include -DL_ENDIAN -D_CRT_SECURE_NO_DEPRECATE -D_CRT_NONSTDC_NO_DEPRECATE -DOPENSSL_SMALL_FOOTPRINT -DPEDANTIC -DMDE_CPU_AARCH64   -c -o crypto/dh/dh_prn.o /usr/src/azl/BUILD/shim-15.8/Cryptlib/OpenSSL/crypto/dh/dh_prn.c
gcc -std=gnu11 -ggdb -ffreestanding -fmacro-prefix-map=/usr/src/azl/BUILD/shim-15.8/= -fno-stack-protector -fno-strict-aliasing -fpic -fshort-wchar -nostdinc -Os -Wall -Wextra -Wno-missing-field-initializers -Wno-empty-body -Wno-implicit-fallthrough -Wno-old-style-declaration -Wno-unused-but-set-variable -Wno-unused-parameter -Werror -I/usr/src/azl/BUILD/shim-15.8/Cryptlib/OpenSSL -I/usr/src/azl/BUILD/shim-15.8/Cryptlib -I/usr/src/azl/BUILD/shim-15.8/Cryptlib/OpenSSL/Include/ -I/usr/src/azl/BUILD/shim-15.8/Cryptlib/OpenSSL/crypto -I/usr/src/azl/BUILD/shim-15.8/Cryptlib/Include -I/usr/src/azl/BUILD/shim-15.8/gnu-efi/inc -I/usr/src/azl/BUILD/shim-15.8/gnu-efi/inc/aarch64 -I/usr/src/azl/BUILD/shim-15.8/gnu-efi/inc/protocol -I/usr/src/azl/BUILD/shim-15.8/Cryptlib/OpenSSL/crypto/asn1 -I/usr/src/azl/BUILD/shim-15.8/Cryptlib/OpenSSL/crypto/evp -I/usr/src/azl/BUILD/shim-15.8/Cryptlib/OpenSSL/crypto/modes -I/usr/src/azl/BUILD/shim-15.8/Cryptlib/OpenSSL/crypto/include -isystem /usr/src/azl/BUILD/shim-15.8/include/system -isystem /usr/lib/gcc/aarch64-unknown-linux-gnu/13.2.0/include -DL_ENDIAN -D_CRT_SECURE_NO_DEPRECATE -D_CRT_NONSTDC_NO_DEPRECATE -DOPENSSL_SMALL_FOOTPRINT -DPEDANTIC -DMDE_CPU_AARCH64   -c -o crypto/dh/dh_rfc5114.o /usr/src/azl/BUILD/shim-15.8/Cryptlib/OpenSSL/crypto/dh/dh_rfc5114.c
gcc -std=gnu11 -ggdb -ffreestanding -fmacro-prefix-map=/usr/src/azl/BUILD/shim-15.8/= -fno-stack-protector -fno-strict-aliasing -fpic -fshort-wchar -nostdinc -Os -Wall -Wextra -Wno-missing-field-initializers -Wno-empty-body -Wno-implicit-fallthrough -Wno-old-style-declaration -Wno-unused-but-set-variable -Wno-unused-parameter -Werror -I/usr/src/azl/BUILD/shim-15.8/Cryptlib/OpenSSL -I/usr/src/azl/BUILD/shim-15.8/Cryptlib -I/usr/src/azl/BUILD/shim-15.8/Cryptlib/OpenSSL/Include/ -I/usr/src/azl/BUILD/shim-15.8/Cryptlib/OpenSSL/crypto -I/usr/src/azl/BUILD/shim-15.8/Cryptlib/Include -I/usr/src/azl/BUILD/shim-15.8/gnu-efi/inc -I/usr/src/azl/BUILD/shim-15.8/gnu-efi/inc/aarch64 -I/usr/src/azl/BUILD/shim-15.8/gnu-efi/inc/protocol -I/usr/src/azl/BUILD/shim-15.8/Cryptlib/OpenSSL/crypto/asn1 -I/usr/src/azl/BUILD/shim-15.8/Cryptlib/OpenSSL/crypto/evp -I/usr/src/azl/BUILD/shim-15.8/Cryptlib/OpenSSL/crypto/modes -I/usr/src/azl/BUILD/shim-15.8/Cryptlib/OpenSSL/crypto/include -isystem /usr/src/azl/BUILD/shim-15.8/include/system -isystem /usr/lib/gcc/aarch64-unknown-linux-gnu/13.2.0/include -DL_ENDIAN -D_CRT_SECURE_NO_DEPRECATE -D_CRT_NONSTDC_NO_DEPRECATE -DOPENSSL_SMALL_FOOTPRINT -DPEDANTIC -DMDE_CPU_AARCH64   -c -o crypto/buffer/buffer.o /usr/src/azl/BUILD/shim-15.8/Cryptlib/OpenSSL/crypto/buffer/buffer.c
gcc -std=gnu11 -ggdb -ffreestanding -fmacro-prefix-map=/usr/src/azl/BUILD/shim-15.8/= -fno-stack-protector -fno-strict-aliasing -fpic -fshort-wchar -nostdinc -Os -Wall -Wextra -Wno-missing-field-initializers -Wno-empty-body -Wno-implicit-fallthrough -Wno-old-style-declaration -Wno-unused-but-set-variable -Wno-unused-parameter -Werror -I/usr/src/azl/BUILD/shim-15.8/Cryptlib/OpenSSL -I/usr/src/azl/BUILD/shim-15.8/Cryptlib -I/usr/src/azl/BUILD/shim-15.8/Cryptlib/OpenSSL/Include/ -I/usr/src/azl/BUILD/shim-15.8/Cryptlib/OpenSSL/crypto -I/usr/src/azl/BUILD/shim-15.8/Cryptlib/Include -I/usr/src/azl/BUILD/shim-15.8/gnu-efi/inc -I/usr/src/azl/BUILD/shim-15.8/gnu-efi/inc/aarch64 -I/usr/src/azl/BUILD/shim-15.8/gnu-efi/inc/protocol -I/usr/src/azl/BUILD/shim-15.8/Cryptlib/OpenSSL/crypto/asn1 -I/usr/src/azl/BUILD/shim-15.8/Cryptlib/OpenSSL/crypto/evp -I/usr/src/azl/BUILD/shim-15.8/Cryptlib/OpenSSL/crypto/modes -I/usr/src/azl/BUILD/shim-15.8/Cryptlib/OpenSSL/crypto/include -isystem /usr/src/azl/BUILD/shim-15.8/include/system -isystem /usr/lib/gcc/aarch64-unknown-linux-gnu/13.2.0/include -DL_ENDIAN -D_CRT_SECURE_NO_DEPRECATE -D_CRT_NONSTDC_NO_DEPRECATE -DOPENSSL_SMALL_FOOTPRINT -DPEDANTIC -DMDE_CPU_AARCH64   -c -o crypto/buffer/buf_str.o /usr/src/azl/BUILD/shim-15.8/Cryptlib/OpenSSL/crypto/buffer/buf_str.c
gcc -std=gnu11 -ggdb -ffreestanding -fmacro-prefix-map=/usr/src/azl/BUILD/shim-15.8/= -fno-stack-protector -fno-strict-aliasing -fpic -fshort-wchar -nostdinc -Os -Wall -Wextra -Wno-missing-field-initializers -Wno-empty-body -Wno-implicit-fallthrough -Wno-old-style-declaration -Wno-unused-but-set-variable -Wno-unused-parameter -Werror -I/usr/src/azl/BUILD/shim-15.8/Cryptlib/OpenSSL -I/usr/src/azl/BUILD/shim-15.8/Cryptlib -I/usr/src/azl/BUILD/shim-15.8/Cryptlib/OpenSSL/Include/ -I/usr/src/azl/BUILD/shim-15.8/Cryptlib/OpenSSL/crypto -I/usr/src/azl/BUILD/shim-15.8/Cryptlib/Include -I/usr/src/azl/BUILD/shim-15.8/gnu-efi/inc -I/usr/src/azl/BUILD/shim-15.8/gnu-efi/inc/aarch64 -I/usr/src/azl/BUILD/shim-15.8/gnu-efi/inc/protocol -I/usr/src/azl/BUILD/shim-15.8/Cryptlib/OpenSSL/crypto/asn1 -I/usr/src/azl/BUILD/shim-15.8/Cryptlib/OpenSSL/crypto/evp -I/usr/src/azl/BUILD/shim-15.8/Cryptlib/OpenSSL/crypto/modes -I/usr/src/azl/BUILD/shim-15.8/Cryptlib/OpenSSL/crypto/include -isystem /usr/src/azl/BUILD/shim-15.8/include/system -isystem /usr/lib/gcc/aarch64-unknown-linux-gnu/13.2.0/include -DL_ENDIAN -D_CRT_SECURE_NO_DEPRECATE -D_CRT_NONSTDC_NO_DEPRECATE -DOPENSSL_SMALL_FOOTPRINT -DPEDANTIC -DMDE_CPU_AARCH64   -c -o crypto/buffer/buf_err.o /usr/src/azl/BUILD/shim-15.8/Cryptlib/OpenSSL/crypto/buffer/buf_err.c
gcc -std=gnu11 -ggdb -ffreestanding -fmacro-prefix-map=/usr/src/azl/BUILD/shim-15.8/= -fno-stack-protector -fno-strict-aliasing -fpic -fshort-wchar -nostdinc -Os -Wall -Wextra -Wno-missing-field-initializers -Wno-empty-body -Wno-implicit-fallthrough -Wno-old-style-declaration -Wno-unused-but-set-variable -Wno-unused-parameter -Werror -I/usr/src/azl/BUILD/shim-15.8/Cryptlib/OpenSSL -I/usr/src/azl/BUILD/shim-15.8/Cryptlib -I/usr/src/azl/BUILD/shim-15.8/Cryptlib/OpenSSL/Include/ -I/usr/src/azl/BUILD/shim-15.8/Cryptlib/OpenSSL/crypto -I/usr/src/azl/BUILD/shim-15.8/Cryptlib/Include -I/usr/src/azl/BUILD/shim-15.8/gnu-efi/inc -I/usr/src/azl/BUILD/shim-15.8/gnu-efi/inc/aarch64 -I/usr/src/azl/BUILD/shim-15.8/gnu-efi/inc/protocol -I/usr/src/azl/BUILD/shim-15.8/Cryptlib/OpenSSL/crypto/asn1 -I/usr/src/azl/BUILD/shim-15.8/Cryptlib/OpenSSL/crypto/evp -I/usr/src/azl/BUILD/shim-15.8/Cryptlib/OpenSSL/crypto/modes -I/usr/src/azl/BUILD/shim-15.8/Cryptlib/OpenSSL/crypto/include -isystem /usr/src/azl/BUILD/shim-15.8/include/system -isystem /usr/lib/gcc/aarch64-unknown-linux-gnu/13.2.0/include -DL_ENDIAN -D_CRT_SECURE_NO_DEPRECATE -D_CRT_NONSTDC_NO_DEPRECATE -DOPENSSL_SMALL_FOOTPRINT -DPEDANTIC -DMDE_CPU_AARCH64   -c -o crypto/bio/bio_lib.o /usr/src/azl/BUILD/shim-15.8/Cryptlib/OpenSSL/crypto/bio/bio_lib.c
gcc -std=gnu11 -ggdb -ffreestanding -fmacro-prefix-map=/usr/src/azl/BUILD/shim-15.8/= -fno-stack-protector -fno-strict-aliasing -fpic -fshort-wchar -nostdinc -Os -Wall -Wextra -Wno-missing-field-initializers -Wno-empty-body -Wno-implicit-fallthrough -Wno-old-style-declaration -Wno-unused-but-set-variable -Wno-unused-parameter -Werror -I/usr/src/azl/BUILD/shim-15.8/Cryptlib/OpenSSL -I/usr/src/azl/BUILD/shim-15.8/Cryptlib -I/usr/src/azl/BUILD/shim-15.8/Cryptlib/OpenSSL/Include/ -I/usr/src/azl/BUILD/shim-15.8/Cryptlib/OpenSSL/crypto -I/usr/src/azl/BUILD/shim-15.8/Cryptlib/Include -I/usr/src/azl/BUILD/shim-15.8/gnu-efi/inc -I/usr/src/azl/BUILD/shim-15.8/gnu-efi/inc/aarch64 -I/usr/src/azl/BUILD/shim-15.8/gnu-efi/inc/protocol -I/usr/src/azl/BUILD/shim-15.8/Cryptlib/OpenSSL/crypto/asn1 -I/usr/src/azl/BUILD/shim-15.8/Cryptlib/OpenSSL/crypto/evp -I/usr/src/azl/BUILD/shim-15.8/Cryptlib/OpenSSL/crypto/modes -I/usr/src/azl/BUILD/shim-15.8/Cryptlib/OpenSSL/crypto/include -isystem /usr/src/azl/BUILD/shim-15.8/include/system -isystem /usr/lib/gcc/aarch64-unknown-linux-gnu/13.2.0/include -DL_ENDIAN -D_CRT_SECURE_NO_DEPRECATE -D_CRT_NONSTDC_NO_DEPRECATE -DOPENSSL_SMALL_FOOTPRINT -DPEDANTIC -DMDE_CPU_AARCH64   -c -o crypto/bio/bio_cb.o /usr/src/azl/BUILD/shim-15.8/Cryptlib/OpenSSL/crypto/bio/bio_cb.c
gcc -std=gnu11 -ggdb -ffreestanding -fmacro-prefix-map=/usr/src/azl/BUILD/shim-15.8/= -fno-stack-protector -fno-strict-aliasing -fpic -fshort-wchar -nostdinc -Os -Wall -Wextra -Wno-missing-field-initializers -Wno-empty-body -Wno-implicit-fallthrough -Wno-old-style-declaration -Wno-unused-but-set-variable -Wno-unused-parameter -Werror -I/usr/src/azl/BUILD/shim-15.8/Cryptlib/OpenSSL -I/usr/src/azl/BUILD/shim-15.8/Cryptlib -I/usr/src/azl/BUILD/shim-15.8/Cryptlib/OpenSSL/Include/ -I/usr/src/azl/BUILD/shim-15.8/Cryptlib/OpenSSL/crypto -I/usr/src/azl/BUILD/shim-15.8/Cryptlib/Include -I/usr/src/azl/BUILD/shim-15.8/gnu-efi/inc -I/usr/src/azl/BUILD/shim-15.8/gnu-efi/inc/aarch64 -I/usr/src/azl/BUILD/shim-15.8/gnu-efi/inc/protocol -I/usr/src/azl/BUILD/shim-15.8/Cryptlib/OpenSSL/crypto/asn1 -I/usr/src/azl/BUILD/shim-15.8/Cryptlib/OpenSSL/crypto/evp -I/usr/src/azl/BUILD/shim-15.8/Cryptlib/OpenSSL/crypto/modes -I/usr/src/azl/BUILD/shim-15.8/Cryptlib/OpenSSL/crypto/include -isystem /usr/src/azl/BUILD/shim-15.8/include/system -isystem /usr/lib/gcc/aarch64-unknown-linux-gnu/13.2.0/include -DL_ENDIAN -D_CRT_SECURE_NO_DEPRECATE -D_CRT_NONSTDC_NO_DEPRECATE -DOPENSSL_SMALL_FOOTPRINT -DPEDANTIC -DMDE_CPU_AARCH64   -c -o crypto/bio/bio_err.o /usr/src/azl/BUILD/shim-15.8/Cryptlib/OpenSSL/crypto/bio/bio_err.c
gcc -std=gnu11 -ggdb -ffreestanding -fmacro-prefix-map=/usr/src/azl/BUILD/shim-15.8/= -fno-stack-protector -fno-strict-aliasing -fpic -fshort-wchar -nostdinc -Os -Wall -Wextra -Wno-missing-field-initializers -Wno-empty-body -Wno-implicit-fallthrough -Wno-old-style-declaration -Wno-unused-but-set-variable -Wno-unused-parameter -Werror -I/usr/src/azl/BUILD/shim-15.8/Cryptlib/OpenSSL -I/usr/src/azl/BUILD/shim-15.8/Cryptlib -I/usr/src/azl/BUILD/shim-15.8/Cryptlib/OpenSSL/Include/ -I/usr/src/azl/BUILD/shim-15.8/Cryptlib/OpenSSL/crypto -I/usr/src/azl/BUILD/shim-15.8/Cryptlib/Include -I/usr/src/azl/BUILD/shim-15.8/gnu-efi/inc -I/usr/src/azl/BUILD/shim-15.8/gnu-efi/inc/aarch64 -I/usr/src/azl/BUILD/shim-15.8/gnu-efi/inc/protocol -I/usr/src/azl/BUILD/shim-15.8/Cryptlib/OpenSSL/crypto/asn1 -I/usr/src/azl/BUILD/shim-15.8/Cryptlib/OpenSSL/crypto/evp -I/usr/src/azl/BUILD/shim-15.8/Cryptlib/OpenSSL/crypto/modes -I/usr/src/azl/BUILD/shim-15.8/Cryptlib/OpenSSL/crypto/include -isystem /usr/src/azl/BUILD/shim-15.8/include/system -isystem /usr/lib/gcc/aarch64-unknown-linux-gnu/13.2.0/include -DL_ENDIAN -D_CRT_SECURE_NO_DEPRECATE -D_CRT_NONSTDC_NO_DEPRECATE -DOPENSSL_SMALL_FOOTPRINT -DPEDANTIC -DMDE_CPU_AARCH64   -c -o crypto/bio/bss_mem.o /usr/src/azl/BUILD/shim-15.8/Cryptlib/OpenSSL/crypto/bio/bss_mem.c
gcc -std=gnu11 -ggdb -ffreestanding -fmacro-prefix-map=/usr/src/azl/BUILD/shim-15.8/= -fno-stack-protector -fno-strict-aliasing -fpic -fshort-wchar -nostdinc -Os -Wall -Wextra -Wno-missing-field-initializers -Wno-empty-body -Wno-implicit-fallthrough -Wno-old-style-declaration -Wno-unused-but-set-variable -Wno-unused-parameter -Werror -I/usr/src/azl/BUILD/shim-15.8/Cryptlib/OpenSSL -I/usr/src/azl/BUILD/shim-15.8/Cryptlib -I/usr/src/azl/BUILD/shim-15.8/Cryptlib/OpenSSL/Include/ -I/usr/src/azl/BUILD/shim-15.8/Cryptlib/OpenSSL/crypto -I/usr/src/azl/BUILD/shim-15.8/Cryptlib/Include -I/usr/src/azl/BUILD/shim-15.8/gnu-efi/inc -I/usr/src/azl/BUILD/shim-15.8/gnu-efi/inc/aarch64 -I/usr/src/azl/BUILD/shim-15.8/gnu-efi/inc/protocol -I/usr/src/azl/BUILD/shim-15.8/Cryptlib/OpenSSL/crypto/asn1 -I/usr/src/azl/BUILD/shim-15.8/Cryptlib/OpenSSL/crypto/evp -I/usr/src/azl/BUILD/shim-15.8/Cryptlib/OpenSSL/crypto/modes -I/usr/src/azl/BUILD/shim-15.8/Cryptlib/OpenSSL/crypto/include -isystem /usr/src/azl/BUILD/shim-15.8/include/system -isystem /usr/lib/gcc/aarch64-unknown-linux-gnu/13.2.0/include -DL_ENDIAN -D_CRT_SECURE_NO_DEPRECATE -D_CRT_NONSTDC_NO_DEPRECATE -DOPENSSL_SMALL_FOOTPRINT -DPEDANTIC -DMDE_CPU_AARCH64   -c -o crypto/bio/bss_null.o /usr/src/azl/BUILD/shim-15.8/Cryptlib/OpenSSL/crypto/bio/bss_null.c
gcc -std=gnu11 -ggdb -ffreestanding -fmacro-prefix-map=/usr/src/azl/BUILD/shim-15.8/= -fno-stack-protector -fno-strict-aliasing -fpic -fshort-wchar -nostdinc -Os -Wall -Wextra -Wno-missing-field-initializers -Wno-empty-body -Wno-implicit-fallthrough -Wno-old-style-declaration -Wno-unused-but-set-variable -Wno-unused-parameter -Werror -I/usr/src/azl/BUILD/shim-15.8/Cryptlib/OpenSSL -I/usr/src/azl/BUILD/shim-15.8/Cryptlib -I/usr/src/azl/BUILD/shim-15.8/Cryptlib/OpenSSL/Include/ -I/usr/src/azl/BUILD/shim-15.8/Cryptlib/OpenSSL/crypto -I/usr/src/azl/BUILD/shim-15.8/Cryptlib/Include -I/usr/src/azl/BUILD/shim-15.8/gnu-efi/inc -I/usr/src/azl/BUILD/shim-15.8/gnu-efi/inc/aarch64 -I/usr/src/azl/BUILD/shim-15.8/gnu-efi/inc/protocol -I/usr/src/azl/BUILD/shim-15.8/Cryptlib/OpenSSL/crypto/asn1 -I/usr/src/azl/BUILD/shim-15.8/Cryptlib/OpenSSL/crypto/evp -I/usr/src/azl/BUILD/shim-15.8/Cryptlib/OpenSSL/crypto/modes -I/usr/src/azl/BUILD/shim-15.8/Cryptlib/OpenSSL/crypto/include -isystem /usr/src/azl/BUILD/shim-15.8/include/system -isystem /usr/lib/gcc/aarch64-unknown-linux-gnu/13.2.0/include -DL_ENDIAN -D_CRT_SECURE_NO_DEPRECATE -D_CRT_NONSTDC_NO_DEPRECATE -DOPENSSL_SMALL_FOOTPRINT -DPEDANTIC -DMDE_CPU_AARCH64   -c -o crypto/bio/bss_fd.o /usr/src/azl/BUILD/shim-15.8/Cryptlib/OpenSSL/crypto/bio/bss_fd.c
gcc -std=gnu11 -ggdb -ffreestanding -fmacro-prefix-map=/usr/src/azl/BUILD/shim-15.8/= -fno-stack-protector -fno-strict-aliasing -fpic -fshort-wchar -nostdinc -Os -Wall -Wextra -Wno-missing-field-initializers -Wno-empty-body -Wno-implicit-fallthrough -Wno-old-style-declaration -Wno-unused-but-set-variable -Wno-unused-parameter -Werror -I/usr/src/azl/BUILD/shim-15.8/Cryptlib/OpenSSL -I/usr/src/azl/BUILD/shim-15.8/Cryptlib -I/usr/src/azl/BUILD/shim-15.8/Cryptlib/OpenSSL/Include/ -I/usr/src/azl/BUILD/shim-15.8/Cryptlib/OpenSSL/crypto -I/usr/src/azl/BUILD/shim-15.8/Cryptlib/Include -I/usr/src/azl/BUILD/shim-15.8/gnu-efi/inc -I/usr/src/azl/BUILD/shim-15.8/gnu-efi/inc/aarch64 -I/usr/src/azl/BUILD/shim-15.8/gnu-efi/inc/protocol -I/usr/src/azl/BUILD/shim-15.8/Cryptlib/OpenSSL/crypto/asn1 -I/usr/src/azl/BUILD/shim-15.8/Cryptlib/OpenSSL/crypto/evp -I/usr/src/azl/BUILD/shim-15.8/Cryptlib/OpenSSL/crypto/modes -I/usr/src/azl/BUILD/shim-15.8/Cryptlib/OpenSSL/crypto/include -isystem /usr/src/azl/BUILD/shim-15.8/include/system -isystem /usr/lib/gcc/aarch64-unknown-linux-gnu/13.2.0/include -DL_ENDIAN -D_CRT_SECURE_NO_DEPRECATE -D_CRT_NONSTDC_NO_DEPRECATE -DOPENSSL_SMALL_FOOTPRINT -DPEDANTIC -DMDE_CPU_AARCH64   -c -o crypto/bio/bss_file.o /usr/src/azl/BUILD/shim-15.8/Cryptlib/OpenSSL/crypto/bio/bss_file.c
gcc -std=gnu11 -ggdb -ffreestanding -fmacro-prefix-map=/usr/src/azl/BUILD/shim-15.8/= -fno-stack-protector -fno-strict-aliasing -fpic -fshort-wchar -nostdinc -Os -Wall -Wextra -Wno-missing-field-initializers -Wno-empty-body -Wno-implicit-fallthrough -Wno-old-style-declaration -Wno-unused-but-set-variable -Wno-unused-parameter -Werror -I/usr/src/azl/BUILD/shim-15.8/Cryptlib/OpenSSL -I/usr/src/azl/BUILD/shim-15.8/Cryptlib -I/usr/src/azl/BUILD/shim-15.8/Cryptlib/OpenSSL/Include/ -I/usr/src/azl/BUILD/shim-15.8/Cryptlib/OpenSSL/crypto -I/usr/src/azl/BUILD/shim-15.8/Cryptlib/Include -I/usr/src/azl/BUILD/shim-15.8/gnu-efi/inc -I/usr/src/azl/BUILD/shim-15.8/gnu-efi/inc/aarch64 -I/usr/src/azl/BUILD/shim-15.8/gnu-efi/inc/protocol -I/usr/src/azl/BUILD/shim-15.8/Cryptlib/OpenSSL/crypto/asn1 -I/usr/src/azl/BUILD/shim-15.8/Cryptlib/OpenSSL/crypto/evp -I/usr/src/azl/BUILD/shim-15.8/Cryptlib/OpenSSL/crypto/modes -I/usr/src/azl/BUILD/shim-15.8/Cryptlib/OpenSSL/crypto/include -isystem /usr/src/azl/BUILD/shim-15.8/include/system -isystem /usr/lib/gcc/aarch64-unknown-linux-gnu/13.2.0/include -DL_ENDIAN -D_CRT_SECURE_NO_DEPRECATE -D_CRT_NONSTDC_NO_DEPRECATE -DOPENSSL_SMALL_FOOTPRINT -DPEDANTIC -DMDE_CPU_AARCH64   -c -o crypto/bio/bss_sock.o /usr/src/azl/BUILD/shim-15.8/Cryptlib/OpenSSL/crypto/bio/bss_sock.c
gcc -std=gnu11 -ggdb -ffreestanding -fmacro-prefix-map=/usr/src/azl/BUILD/shim-15.8/= -fno-stack-protector -fno-strict-aliasing -fpic -fshort-wchar -nostdinc -Os -Wall -Wextra -Wno-missing-field-initializers -Wno-empty-body -Wno-implicit-fallthrough -Wno-old-style-declaration -Wno-unused-but-set-variable -Wno-unused-parameter -Werror -I/usr/src/azl/BUILD/shim-15.8/Cryptlib/OpenSSL -I/usr/src/azl/BUILD/shim-15.8/Cryptlib -I/usr/src/azl/BUILD/shim-15.8/Cryptlib/OpenSSL/Include/ -I/usr/src/azl/BUILD/shim-15.8/Cryptlib/OpenSSL/crypto -I/usr/src/azl/BUILD/shim-15.8/Cryptlib/Include -I/usr/src/azl/BUILD/shim-15.8/gnu-efi/inc -I/usr/src/azl/BUILD/shim-15.8/gnu-efi/inc/aarch64 -I/usr/src/azl/BUILD/shim-15.8/gnu-efi/inc/protocol -I/usr/src/azl/BUILD/shim-15.8/Cryptlib/OpenSSL/crypto/asn1 -I/usr/src/azl/BUILD/shim-15.8/Cryptlib/OpenSSL/crypto/evp -I/usr/src/azl/BUILD/shim-15.8/Cryptlib/OpenSSL/crypto/modes -I/usr/src/azl/BUILD/shim-15.8/Cryptlib/OpenSSL/crypto/include -isystem /usr/src/azl/BUILD/shim-15.8/include/system -isystem /usr/lib/gcc/aarch64-unknown-linux-gnu/13.2.0/include -DL_ENDIAN -D_CRT_SECURE_NO_DEPRECATE -D_CRT_NONSTDC_NO_DEPRECATE -DOPENSSL_SMALL_FOOTPRINT -DPEDANTIC -DMDE_CPU_AARCH64   -c -o crypto/bio/bss_conn.o /usr/src/azl/BUILD/shim-15.8/Cryptlib/OpenSSL/crypto/bio/bss_conn.c
gcc -std=gnu11 -ggdb -ffreestanding -fmacro-prefix-map=/usr/src/azl/BUILD/shim-15.8/= -fno-stack-protector -fno-strict-aliasing -fpic -fshort-wchar -nostdinc -Os -Wall -Wextra -Wno-missing-field-initializers -Wno-empty-body -Wno-implicit-fallthrough -Wno-old-style-declaration -Wno-unused-but-set-variable -Wno-unused-parameter -Werror -I/usr/src/azl/BUILD/shim-15.8/Cryptlib/OpenSSL -I/usr/src/azl/BUILD/shim-15.8/Cryptlib -I/usr/src/azl/BUILD/shim-15.8/Cryptlib/OpenSSL/Include/ -I/usr/src/azl/BUILD/shim-15.8/Cryptlib/OpenSSL/crypto -I/usr/src/azl/BUILD/shim-15.8/Cryptlib/Include -I/usr/src/azl/BUILD/shim-15.8/gnu-efi/inc -I/usr/src/azl/BUILD/shim-15.8/gnu-efi/inc/aarch64 -I/usr/src/azl/BUILD/shim-15.8/gnu-efi/inc/protocol -I/usr/src/azl/BUILD/shim-15.8/Cryptlib/OpenSSL/crypto/asn1 -I/usr/src/azl/BUILD/shim-15.8/Cryptlib/OpenSSL/crypto/evp -I/usr/src/azl/BUILD/shim-15.8/Cryptlib/OpenSSL/crypto/modes -I/usr/src/azl/BUILD/shim-15.8/Cryptlib/OpenSSL/crypto/include -isystem /usr/src/azl/BUILD/shim-15.8/include/system -isystem /usr/lib/gcc/aarch64-unknown-linux-gnu/13.2.0/include -DL_ENDIAN -D_CRT_SECURE_NO_DEPRECATE -D_CRT_NONSTDC_NO_DEPRECATE -DOPENSSL_SMALL_FOOTPRINT -DPEDANTIC -DMDE_CPU_AARCH64   -c -o crypto/bio/bf_null.o /usr/src/azl/BUILD/shim-15.8/Cryptlib/OpenSSL/crypto/bio/bf_null.c
gcc -std=gnu11 -ggdb -ffreestanding -fmacro-prefix-map=/usr/src/azl/BUILD/shim-15.8/= -fno-stack-protector -fno-strict-aliasing -fpic -fshort-wchar -nostdinc -Os -Wall -Wextra -Wno-missing-field-initializers -Wno-empty-body -Wno-implicit-fallthrough -Wno-old-style-declaration -Wno-unused-but-set-variable -Wno-unused-parameter -Werror -I/usr/src/azl/BUILD/shim-15.8/Cryptlib/OpenSSL -I/usr/src/azl/BUILD/shim-15.8/Cryptlib -I/usr/src/azl/BUILD/shim-15.8/Cryptlib/OpenSSL/Include/ -I/usr/src/azl/BUILD/shim-15.8/Cryptlib/OpenSSL/crypto -I/usr/src/azl/BUILD/shim-15.8/Cryptlib/Include -I/usr/src/azl/BUILD/shim-15.8/gnu-efi/inc -I/usr/src/azl/BUILD/shim-15.8/gnu-efi/inc/aarch64 -I/usr/src/azl/BUILD/shim-15.8/gnu-efi/inc/protocol -I/usr/src/azl/BUILD/shim-15.8/Cryptlib/OpenSSL/crypto/asn1 -I/usr/src/azl/BUILD/shim-15.8/Cryptlib/OpenSSL/crypto/evp -I/usr/src/azl/BUILD/shim-15.8/Cryptlib/OpenSSL/crypto/modes -I/usr/src/azl/BUILD/shim-15.8/Cryptlib/OpenSSL/crypto/include -isystem /usr/src/azl/BUILD/shim-15.8/include/system -isystem /usr/lib/gcc/aarch64-unknown-linux-gnu/13.2.0/include -DL_ENDIAN -D_CRT_SECURE_NO_DEPRECATE -D_CRT_NONSTDC_NO_DEPRECATE -DOPENSSL_SMALL_FOOTPRINT -DPEDANTIC -DMDE_CPU_AARCH64   -c -o crypto/bio/bf_buff.o /usr/src/azl/BUILD/shim-15.8/Cryptlib/OpenSSL/crypto/bio/bf_buff.c
gcc -std=gnu11 -ggdb -ffreestanding -fmacro-prefix-map=/usr/src/azl/BUILD/shim-15.8/= -fno-stack-protector -fno-strict-aliasing -fpic -fshort-wchar -nostdinc -Os -Wall -Wextra -Wno-missing-field-initializers -Wno-empty-body -Wno-implicit-fallthrough -Wno-old-style-declaration -Wno-unused-but-set-variable -Wno-unused-parameter -Werror -I/usr/src/azl/BUILD/shim-15.8/Cryptlib/OpenSSL -I/usr/src/azl/BUILD/shim-15.8/Cryptlib -I/usr/src/azl/BUILD/shim-15.8/Cryptlib/OpenSSL/Include/ -I/usr/src/azl/BUILD/shim-15.8/Cryptlib/OpenSSL/crypto -I/usr/src/azl/BUILD/shim-15.8/Cryptlib/Include -I/usr/src/azl/BUILD/shim-15.8/gnu-efi/inc -I/usr/src/azl/BUILD/shim-15.8/gnu-efi/inc/aarch64 -I/usr/src/azl/BUILD/shim-15.8/gnu-efi/inc/protocol -I/usr/src/azl/BUILD/shim-15.8/Cryptlib/OpenSSL/crypto/asn1 -I/usr/src/azl/BUILD/shim-15.8/Cryptlib/OpenSSL/crypto/evp -I/usr/src/azl/BUILD/shim-15.8/Cryptlib/OpenSSL/crypto/modes -I/usr/src/azl/BUILD/shim-15.8/Cryptlib/OpenSSL/crypto/include -isystem /usr/src/azl/BUILD/shim-15.8/include/system -isystem /usr/lib/gcc/aarch64-unknown-linux-gnu/13.2.0/include -DL_ENDIAN -D_CRT_SECURE_NO_DEPRECATE -D_CRT_NONSTDC_NO_DEPRECATE -DOPENSSL_SMALL_FOOTPRINT -DPEDANTIC -DMDE_CPU_AARCH64   -c -o crypto/bio/b_dump.o /usr/src/azl/BUILD/shim-15.8/Cryptlib/OpenSSL/crypto/bio/b_dump.c
gcc -std=gnu11 -ggdb -ffreestanding -fmacro-prefix-map=/usr/src/azl/BUILD/shim-15.8/= -fno-stack-protector -fno-strict-aliasing -fpic -fshort-wchar -nostdinc -Os -Wall -Wextra -Wno-missing-field-initializers -Wno-empty-body -Wno-implicit-fallthrough -Wno-old-style-declaration -Wno-unused-but-set-variable -Wno-unused-parameter -Werror -I/usr/src/azl/BUILD/shim-15.8/Cryptlib/OpenSSL -I/usr/src/azl/BUILD/shim-15.8/Cryptlib -I/usr/src/azl/BUILD/shim-15.8/Cryptlib/OpenSSL/Include/ -I/usr/src/azl/BUILD/shim-15.8/Cryptlib/OpenSSL/crypto -I/usr/src/azl/BUILD/shim-15.8/Cryptlib/Include -I/usr/src/azl/BUILD/shim-15.8/gnu-efi/inc -I/usr/src/azl/BUILD/shim-15.8/gnu-efi/inc/aarch64 -I/usr/src/azl/BUILD/shim-15.8/gnu-efi/inc/protocol -I/usr/src/azl/BUILD/shim-15.8/Cryptlib/OpenSSL/crypto/asn1 -I/usr/src/azl/BUILD/shim-15.8/Cryptlib/OpenSSL/crypto/evp -I/usr/src/azl/BUILD/shim-15.8/Cryptlib/OpenSSL/crypto/modes -I/usr/src/azl/BUILD/shim-15.8/Cryptlib/OpenSSL/crypto/include -isystem /usr/src/azl/BUILD/shim-15.8/include/system -isystem /usr/lib/gcc/aarch64-unknown-linux-gnu/13.2.0/include -DL_ENDIAN -D_CRT_SECURE_NO_DEPRECATE -D_CRT_NONSTDC_NO_DEPRECATE -DOPENSSL_SMALL_FOOTPRINT -DPEDANTIC -DMDE_CPU_AARCH64   -c -o crypto/bio/b_print.o /usr/src/azl/BUILD/shim-15.8/Cryptlib/OpenSSL/crypto/bio/b_print.c
gcc -std=gnu11 -ggdb -ffreestanding -fmacro-prefix-map=/usr/src/azl/BUILD/shim-15.8/= -fno-stack-protector -fno-strict-aliasing -fpic -fshort-wchar -nostdinc -Os -Wall -Wextra -Wno-missing-field-initializers -Wno-empty-body -Wno-implicit-fallthrough -Wno-old-style-declaration -Wno-unused-but-set-variable -Wno-unused-parameter -Werror -I/usr/src/azl/BUILD/shim-15.8/Cryptlib/OpenSSL -I/usr/src/azl/BUILD/shim-15.8/Cryptlib -I/usr/src/azl/BUILD/shim-15.8/Cryptlib/OpenSSL/Include/ -I/usr/src/azl/BUILD/shim-15.8/Cryptlib/OpenSSL/crypto -I/usr/src/azl/BUILD/shim-15.8/Cryptlib/Include -I/usr/src/azl/BUILD/shim-15.8/gnu-efi/inc -I/usr/src/azl/BUILD/shim-15.8/gnu-efi/inc/aarch64 -I/usr/src/azl/BUILD/shim-15.8/gnu-efi/inc/protocol -I/usr/src/azl/BUILD/shim-15.8/Cryptlib/OpenSSL/crypto/asn1 -I/usr/src/azl/BUILD/shim-15.8/Cryptlib/OpenSSL/crypto/evp -I/usr/src/azl/BUILD/shim-15.8/Cryptlib/OpenSSL/crypto/modes -I/usr/src/azl/BUILD/shim-15.8/Cryptlib/OpenSSL/crypto/include -isystem /usr/src/azl/BUILD/shim-15.8/include/system -isystem /usr/lib/gcc/aarch64-unknown-linux-gnu/13.2.0/include -DL_ENDIAN -D_CRT_SECURE_NO_DEPRECATE -D_CRT_NONSTDC_NO_DEPRECATE -DOPENSSL_SMALL_FOOTPRINT -DPEDANTIC -DMDE_CPU_AARCH64   -c -o crypto/bio/b_sock.o /usr/src/azl/BUILD/shim-15.8/Cryptlib/OpenSSL/crypto/bio/b_sock.c
gcc -std=gnu11 -ggdb -ffreestanding -fmacro-prefix-map=/usr/src/azl/BUILD/shim-15.8/= -fno-stack-protector -fno-strict-aliasing -fpic -fshort-wchar -nostdinc -Os -Wall -Wextra -Wno-missing-field-initializers -Wno-empty-body -Wno-implicit-fallthrough -Wno-old-style-declaration -Wno-unused-but-set-variable -Wno-unused-parameter -Werror -I/usr/src/azl/BUILD/shim-15.8/Cryptlib/OpenSSL -I/usr/src/azl/BUILD/shim-15.8/Cryptlib -I/usr/src/azl/BUILD/shim-15.8/Cryptlib/OpenSSL/Include/ -I/usr/src/azl/BUILD/shim-15.8/Cryptlib/OpenSSL/crypto -I/usr/src/azl/BUILD/shim-15.8/Cryptlib/Include -I/usr/src/azl/BUILD/shim-15.8/gnu-efi/inc -I/usr/src/azl/BUILD/shim-15.8/gnu-efi/inc/aarch64 -I/usr/src/azl/BUILD/shim-15.8/gnu-efi/inc/protocol -I/usr/src/azl/BUILD/shim-15.8/Cryptlib/OpenSSL/crypto/asn1 -I/usr/src/azl/BUILD/shim-15.8/Cryptlib/OpenSSL/crypto/evp -I/usr/src/azl/BUILD/shim-15.8/Cryptlib/OpenSSL/crypto/modes -I/usr/src/azl/BUILD/shim-15.8/Cryptlib/OpenSSL/crypto/include -isystem /usr/src/azl/BUILD/shim-15.8/include/system -isystem /usr/lib/gcc/aarch64-unknown-linux-gnu/13.2.0/include -DL_ENDIAN -D_CRT_SECURE_NO_DEPRECATE -D_CRT_NONSTDC_NO_DEPRECATE -DOPENSSL_SMALL_FOOTPRINT -DPEDANTIC -DMDE_CPU_AARCH64   -c -o crypto/bio/bss_acpt.o /usr/src/azl/BUILD/shim-15.8/Cryptlib/OpenSSL/crypto/bio/bss_acpt.c
gcc -std=gnu11 -ggdb -ffreestanding -fmacro-prefix-map=/usr/src/azl/BUILD/shim-15.8/= -fno-stack-protector -fno-strict-aliasing -fpic -fshort-wchar -nostdinc -Os -Wall -Wextra -Wno-missing-field-initializers -Wno-empty-body -Wno-implicit-fallthrough -Wno-old-style-declaration -Wno-unused-but-set-variable -Wno-unused-parameter -Werror -I/usr/src/azl/BUILD/shim-15.8/Cryptlib/OpenSSL -I/usr/src/azl/BUILD/shim-15.8/Cryptlib -I/usr/src/azl/BUILD/shim-15.8/Cryptlib/OpenSSL/Include/ -I/usr/src/azl/BUILD/shim-15.8/Cryptlib/OpenSSL/crypto -I/usr/src/azl/BUILD/shim-15.8/Cryptlib/Include -I/usr/src/azl/BUILD/shim-15.8/gnu-efi/inc -I/usr/src/azl/BUILD/shim-15.8/gnu-efi/inc/aarch64 -I/usr/src/azl/BUILD/shim-15.8/gnu-efi/inc/protocol -I/usr/src/azl/BUILD/shim-15.8/Cryptlib/OpenSSL/crypto/asn1 -I/usr/src/azl/BUILD/shim-15.8/Cryptlib/OpenSSL/crypto/evp -I/usr/src/azl/BUILD/shim-15.8/Cryptlib/OpenSSL/crypto/modes -I/usr/src/azl/BUILD/shim-15.8/Cryptlib/OpenSSL/crypto/include -isystem /usr/src/azl/BUILD/shim-15.8/include/system -isystem /usr/lib/gcc/aarch64-unknown-linux-gnu/13.2.0/include -DL_ENDIAN -D_CRT_SECURE_NO_DEPRECATE -D_CRT_NONSTDC_NO_DEPRECATE -DOPENSSL_SMALL_FOOTPRINT -DPEDANTIC -DMDE_CPU_AARCH64   -c -o crypto/bio/bf_nbio.o /usr/src/azl/BUILD/shim-15.8/Cryptlib/OpenSSL/crypto/bio/bf_nbio.c
gcc -std=gnu11 -ggdb -ffreestanding -fmacro-prefix-map=/usr/src/azl/BUILD/shim-15.8/= -fno-stack-protector -fno-strict-aliasing -fpic -fshort-wchar -nostdinc -Os -Wall -Wextra -Wno-missing-field-initializers -Wno-empty-body -Wno-implicit-fallthrough -Wno-old-style-declaration -Wno-unused-but-set-variable -Wno-unused-parameter -Werror -I/usr/src/azl/BUILD/shim-15.8/Cryptlib/OpenSSL -I/usr/src/azl/BUILD/shim-15.8/Cryptlib -I/usr/src/azl/BUILD/shim-15.8/Cryptlib/OpenSSL/Include/ -I/usr/src/azl/BUILD/shim-15.8/Cryptlib/OpenSSL/crypto -I/usr/src/azl/BUILD/shim-15.8/Cryptlib/Include -I/usr/src/azl/BUILD/shim-15.8/gnu-efi/inc -I/usr/src/azl/BUILD/shim-15.8/gnu-efi/inc/aarch64 -I/usr/src/azl/BUILD/shim-15.8/gnu-efi/inc/protocol -I/usr/src/azl/BUILD/shim-15.8/Cryptlib/OpenSSL/crypto/asn1 -I/usr/src/azl/BUILD/shim-15.8/Cryptlib/OpenSSL/crypto/evp -I/usr/src/azl/BUILD/shim-15.8/Cryptlib/OpenSSL/crypto/modes -I/usr/src/azl/BUILD/shim-15.8/Cryptlib/OpenSSL/crypto/include -isystem /usr/src/azl/BUILD/shim-15.8/include/system -isystem /usr/lib/gcc/aarch64-unknown-linux-gnu/13.2.0/include -DL_ENDIAN -D_CRT_SECURE_NO_DEPRECATE -D_CRT_NONSTDC_NO_DEPRECATE -DOPENSSL_SMALL_FOOTPRINT -DPEDANTIC -DMDE_CPU_AARCH64   -c -o crypto/bio/bss_log.o /usr/src/azl/BUILD/shim-15.8/Cryptlib/OpenSSL/crypto/bio/bss_log.c
gcc -std=gnu11 -ggdb -ffreestanding -fmacro-prefix-map=/usr/src/azl/BUILD/shim-15.8/= -fno-stack-protector -fno-strict-aliasing -fpic -fshort-wchar -nostdinc -Os -Wall -Wextra -Wno-missing-field-initializers -Wno-empty-body -Wno-implicit-fallthrough -Wno-old-style-declaration -Wno-unused-but-set-variable -Wno-unused-parameter -Werror -I/usr/src/azl/BUILD/shim-15.8/Cryptlib/OpenSSL -I/usr/src/azl/BUILD/shim-15.8/Cryptlib -I/usr/src/azl/BUILD/shim-15.8/Cryptlib/OpenSSL/Include/ -I/usr/src/azl/BUILD/shim-15.8/Cryptlib/OpenSSL/crypto -I/usr/src/azl/BUILD/shim-15.8/Cryptlib/Include -I/usr/src/azl/BUILD/shim-15.8/gnu-efi/inc -I/usr/src/azl/BUILD/shim-15.8/gnu-efi/inc/aarch64 -I/usr/src/azl/BUILD/shim-15.8/gnu-efi/inc/protocol -I/usr/src/azl/BUILD/shim-15.8/Cryptlib/OpenSSL/crypto/asn1 -I/usr/src/azl/BUILD/shim-15.8/Cryptlib/OpenSSL/crypto/evp -I/usr/src/azl/BUILD/shim-15.8/Cryptlib/OpenSSL/crypto/modes -I/usr/src/azl/BUILD/shim-15.8/Cryptlib/OpenSSL/crypto/include -isystem /usr/src/azl/BUILD/shim-15.8/include/system -isystem /usr/lib/gcc/aarch64-unknown-linux-gnu/13.2.0/include -DL_ENDIAN -D_CRT_SECURE_NO_DEPRECATE -D_CRT_NONSTDC_NO_DEPRECATE -DOPENSSL_SMALL_FOOTPRINT -DPEDANTIC -DMDE_CPU_AARCH64   -c -o crypto/bio/bss_bio.o /usr/src/azl/BUILD/shim-15.8/Cryptlib/OpenSSL/crypto/bio/bss_bio.c
gcc -std=gnu11 -ggdb -ffreestanding -fmacro-prefix-map=/usr/src/azl/BUILD/shim-15.8/= -fno-stack-protector -fno-strict-aliasing -fpic -fshort-wchar -nostdinc -Os -Wall -Wextra -Wno-missing-field-initializers -Wno-empty-body -Wno-implicit-fallthrough -Wno-old-style-declaration -Wno-unused-but-set-variable -Wno-unused-parameter -Werror -I/usr/src/azl/BUILD/shim-15.8/Cryptlib/OpenSSL -I/usr/src/azl/BUILD/shim-15.8/Cryptlib -I/usr/src/azl/BUILD/shim-15.8/Cryptlib/OpenSSL/Include/ -I/usr/src/azl/BUILD/shim-15.8/Cryptlib/OpenSSL/crypto -I/usr/src/azl/BUILD/shim-15.8/Cryptlib/Include -I/usr/src/azl/BUILD/shim-15.8/gnu-efi/inc -I/usr/src/azl/BUILD/shim-15.8/gnu-efi/inc/aarch64 -I/usr/src/azl/BUILD/shim-15.8/gnu-efi/inc/protocol -I/usr/src/azl/BUILD/shim-15.8/Cryptlib/OpenSSL/crypto/asn1 -I/usr/src/azl/BUILD/shim-15.8/Cryptlib/OpenSSL/crypto/evp -I/usr/src/azl/BUILD/shim-15.8/Cryptlib/OpenSSL/crypto/modes -I/usr/src/azl/BUILD/shim-15.8/Cryptlib/OpenSSL/crypto/include -isystem /usr/src/azl/BUILD/shim-15.8/include/system -isystem /usr/lib/gcc/aarch64-unknown-linux-gnu/13.2.0/include -DL_ENDIAN -D_CRT_SECURE_NO_DEPRECATE -D_CRT_NONSTDC_NO_DEPRECATE -DOPENSSL_SMALL_FOOTPRINT -DPEDANTIC -DMDE_CPU_AARCH64   -c -o crypto/bio/bss_dgram.o /usr/src/azl/BUILD/shim-15.8/Cryptlib/OpenSSL/crypto/bio/bss_dgram.c
gcc -std=gnu11 -ggdb -ffreestanding -fmacro-prefix-map=/usr/src/azl/BUILD/shim-15.8/= -fno-stack-protector -fno-strict-aliasing -fpic -fshort-wchar -nostdinc -Os -Wall -Wextra -Wno-missing-field-initializers -Wno-empty-body -Wno-implicit-fallthrough -Wno-old-style-declaration -Wno-unused-but-set-variable -Wno-unused-parameter -Werror -I/usr/src/azl/BUILD/shim-15.8/Cryptlib/OpenSSL -I/usr/src/azl/BUILD/shim-15.8/Cryptlib -I/usr/src/azl/BUILD/shim-15.8/Cryptlib/OpenSSL/Include/ -I/usr/src/azl/BUILD/shim-15.8/Cryptlib/OpenSSL/crypto -I/usr/src/azl/BUILD/shim-15.8/Cryptlib/Include -I/usr/src/azl/BUILD/shim-15.8/gnu-efi/inc -I/usr/src/azl/BUILD/shim-15.8/gnu-efi/inc/aarch64 -I/usr/src/azl/BUILD/shim-15.8/gnu-efi/inc/protocol -I/usr/src/azl/BUILD/shim-15.8/Cryptlib/OpenSSL/crypto/asn1 -I/usr/src/azl/BUILD/shim-15.8/Cryptlib/OpenSSL/crypto/evp -I/usr/src/azl/BUILD/shim-15.8/Cryptlib/OpenSSL/crypto/modes -I/usr/src/azl/BUILD/shim-15.8/Cryptlib/OpenSSL/crypto/include -isystem /usr/src/azl/BUILD/shim-15.8/include/system -isystem /usr/lib/gcc/aarch64-unknown-linux-gnu/13.2.0/include -DL_ENDIAN -D_CRT_SECURE_NO_DEPRECATE -D_CRT_NONSTDC_NO_DEPRECATE -DOPENSSL_SMALL_FOOTPRINT -DPEDANTIC -DMDE_CPU_AARCH64   -c -o crypto/stack/stack.o /usr/src/azl/BUILD/shim-15.8/Cryptlib/OpenSSL/crypto/stack/stack.c
gcc -std=gnu11 -ggdb -ffreestanding -fmacro-prefix-map=/usr/src/azl/BUILD/shim-15.8/= -fno-stack-protector -fno-strict-aliasing -fpic -fshort-wchar -nostdinc -Os -Wall -Wextra -Wno-missing-field-initializers -Wno-empty-body -Wno-implicit-fallthrough -Wno-old-style-declaration -Wno-unused-but-set-variable -Wno-unused-parameter -Werror -I/usr/src/azl/BUILD/shim-15.8/Cryptlib/OpenSSL -I/usr/src/azl/BUILD/shim-15.8/Cryptlib -I/usr/src/azl/BUILD/shim-15.8/Cryptlib/OpenSSL/Include/ -I/usr/src/azl/BUILD/shim-15.8/Cryptlib/OpenSSL/crypto -I/usr/src/azl/BUILD/shim-15.8/Cryptlib/Include -I/usr/src/azl/BUILD/shim-15.8/gnu-efi/inc -I/usr/src/azl/BUILD/shim-15.8/gnu-efi/inc/aarch64 -I/usr/src/azl/BUILD/shim-15.8/gnu-efi/inc/protocol -I/usr/src/azl/BUILD/shim-15.8/Cryptlib/OpenSSL/crypto/asn1 -I/usr/src/azl/BUILD/shim-15.8/Cryptlib/OpenSSL/crypto/evp -I/usr/src/azl/BUILD/shim-15.8/Cryptlib/OpenSSL/crypto/modes -I/usr/src/azl/BUILD/shim-15.8/Cryptlib/OpenSSL/crypto/include -isystem /usr/src/azl/BUILD/shim-15.8/include/system -isystem /usr/lib/gcc/aarch64-unknown-linux-gnu/13.2.0/include -DL_ENDIAN -D_CRT_SECURE_NO_DEPRECATE -D_CRT_NONSTDC_NO_DEPRECATE -DOPENSSL_SMALL_FOOTPRINT -DPEDANTIC -DMDE_CPU_AARCH64   -c -o crypto/lhash/lhash.o /usr/src/azl/BUILD/shim-15.8/Cryptlib/OpenSSL/crypto/lhash/lhash.c
gcc -std=gnu11 -ggdb -ffreestanding -fmacro-prefix-map=/usr/src/azl/BUILD/shim-15.8/= -fno-stack-protector -fno-strict-aliasing -fpic -fshort-wchar -nostdinc -Os -Wall -Wextra -Wno-missing-field-initializers -Wno-empty-body -Wno-implicit-fallthrough -Wno-old-style-declaration -Wno-unused-but-set-variable -Wno-unused-parameter -Werror -I/usr/src/azl/BUILD/shim-15.8/Cryptlib/OpenSSL -I/usr/src/azl/BUILD/shim-15.8/Cryptlib -I/usr/src/azl/BUILD/shim-15.8/Cryptlib/OpenSSL/Include/ -I/usr/src/azl/BUILD/shim-15.8/Cryptlib/OpenSSL/crypto -I/usr/src/azl/BUILD/shim-15.8/Cryptlib/Include -I/usr/src/azl/BUILD/shim-15.8/gnu-efi/inc -I/usr/src/azl/BUILD/shim-15.8/gnu-efi/inc/aarch64 -I/usr/src/azl/BUILD/shim-15.8/gnu-efi/inc/protocol -I/usr/src/azl/BUILD/shim-15.8/Cryptlib/OpenSSL/crypto/asn1 -I/usr/src/azl/BUILD/shim-15.8/Cryptlib/OpenSSL/crypto/evp -I/usr/src/azl/BUILD/shim-15.8/Cryptlib/OpenSSL/crypto/modes -I/usr/src/azl/BUILD/shim-15.8/Cryptlib/OpenSSL/crypto/include -isystem /usr/src/azl/BUILD/shim-15.8/include/system -isystem /usr/lib/gcc/aarch64-unknown-linux-gnu/13.2.0/include -DL_ENDIAN -D_CRT_SECURE_NO_DEPRECATE -D_CRT_NONSTDC_NO_DEPRECATE -DOPENSSL_SMALL_FOOTPRINT -DPEDANTIC -DMDE_CPU_AARCH64   -c -o crypto/lhash/lh_stats.o /usr/src/azl/BUILD/shim-15.8/Cryptlib/OpenSSL/crypto/lhash/lh_stats.c
gcc -std=gnu11 -ggdb -ffreestanding -fmacro-prefix-map=/usr/src/azl/BUILD/shim-15.8/= -fno-stack-protector -fno-strict-aliasing -fpic -fshort-wchar -nostdinc -Os -Wall -Wextra -Wno-missing-field-initializers -Wno-empty-body -Wno-implicit-fallthrough -Wno-old-style-declaration -Wno-unused-but-set-variable -Wno-unused-parameter -Werror -I/usr/src/azl/BUILD/shim-15.8/Cryptlib/OpenSSL -I/usr/src/azl/BUILD/shim-15.8/Cryptlib -I/usr/src/azl/BUILD/shim-15.8/Cryptlib/OpenSSL/Include/ -I/usr/src/azl/BUILD/shim-15.8/Cryptlib/OpenSSL/crypto -I/usr/src/azl/BUILD/shim-15.8/Cryptlib/Include -I/usr/src/azl/BUILD/shim-15.8/gnu-efi/inc -I/usr/src/azl/BUILD/shim-15.8/gnu-efi/inc/aarch64 -I/usr/src/azl/BUILD/shim-15.8/gnu-efi/inc/protocol -I/usr/src/azl/BUILD/shim-15.8/Cryptlib/OpenSSL/crypto/asn1 -I/usr/src/azl/BUILD/shim-15.8/Cryptlib/OpenSSL/crypto/evp -I/usr/src/azl/BUILD/shim-15.8/Cryptlib/OpenSSL/crypto/modes -I/usr/src/azl/BUILD/shim-15.8/Cryptlib/OpenSSL/crypto/include -isystem /usr/src/azl/BUILD/shim-15.8/include/system -isystem /usr/lib/gcc/aarch64-unknown-linux-gnu/13.2.0/include -DL_ENDIAN -D_CRT_SECURE_NO_DEPRECATE -D_CRT_NONSTDC_NO_DEPRECATE -DOPENSSL_SMALL_FOOTPRINT -DPEDANTIC -DMDE_CPU_AARCH64   -c -o crypto/rand/md_rand.o /usr/src/azl/BUILD/shim-15.8/Cryptlib/OpenSSL/crypto/rand/md_rand.c
gcc -std=gnu11 -ggdb -ffreestanding -fmacro-prefix-map=/usr/src/azl/BUILD/shim-15.8/= -fno-stack-protector -fno-strict-aliasing -fpic -fshort-wchar -nostdinc -Os -Wall -Wextra -Wno-missing-field-initializers -Wno-empty-body -Wno-implicit-fallthrough -Wno-old-style-declaration -Wno-unused-but-set-variable -Wno-unused-parameter -Werror -I/usr/src/azl/BUILD/shim-15.8/Cryptlib/OpenSSL -I/usr/src/azl/BUILD/shim-15.8/Cryptlib -I/usr/src/azl/BUILD/shim-15.8/Cryptlib/OpenSSL/Include/ -I/usr/src/azl/BUILD/shim-15.8/Cryptlib/OpenSSL/crypto -I/usr/src/azl/BUILD/shim-15.8/Cryptlib/Include -I/usr/src/azl/BUILD/shim-15.8/gnu-efi/inc -I/usr/src/azl/BUILD/shim-15.8/gnu-efi/inc/aarch64 -I/usr/src/azl/BUILD/shim-15.8/gnu-efi/inc/protocol -I/usr/src/azl/BUILD/shim-15.8/Cryptlib/OpenSSL/crypto/asn1 -I/usr/src/azl/BUILD/shim-15.8/Cryptlib/OpenSSL/crypto/evp -I/usr/src/azl/BUILD/shim-15.8/Cryptlib/OpenSSL/crypto/modes -I/usr/src/azl/BUILD/shim-15.8/Cryptlib/OpenSSL/crypto/include -isystem /usr/src/azl/BUILD/shim-15.8/include/system -isystem /usr/lib/gcc/aarch64-unknown-linux-gnu/13.2.0/include -DL_ENDIAN -D_CRT_SECURE_NO_DEPRECATE -D_CRT_NONSTDC_NO_DEPRECATE -DOPENSSL_SMALL_FOOTPRINT -DPEDANTIC -DMDE_CPU_AARCH64   -c -o crypto/rand/randfile.o /usr/src/azl/BUILD/shim-15.8/Cryptlib/OpenSSL/crypto/rand/randfile.c
gcc -std=gnu11 -ggdb -ffreestanding -fmacro-prefix-map=/usr/src/azl/BUILD/shim-15.8/= -fno-stack-protector -fno-strict-aliasing -fpic -fshort-wchar -nostdinc -Os -Wall -Wextra -Wno-missing-field-initializers -Wno-empty-body -Wno-implicit-fallthrough -Wno-old-style-declaration -Wno-unused-but-set-variable -Wno-unused-parameter -Werror -I/usr/src/azl/BUILD/shim-15.8/Cryptlib/OpenSSL -I/usr/src/azl/BUILD/shim-15.8/Cryptlib -I/usr/src/azl/BUILD/shim-15.8/Cryptlib/OpenSSL/Include/ -I/usr/src/azl/BUILD/shim-15.8/Cryptlib/OpenSSL/crypto -I/usr/src/azl/BUILD/shim-15.8/Cryptlib/Include -I/usr/src/azl/BUILD/shim-15.8/gnu-efi/inc -I/usr/src/azl/BUILD/shim-15.8/gnu-efi/inc/aarch64 -I/usr/src/azl/BUILD/shim-15.8/gnu-efi/inc/protocol -I/usr/src/azl/BUILD/shim-15.8/Cryptlib/OpenSSL/crypto/asn1 -I/usr/src/azl/BUILD/shim-15.8/Cryptlib/OpenSSL/crypto/evp -I/usr/src/azl/BUILD/shim-15.8/Cryptlib/OpenSSL/crypto/modes -I/usr/src/azl/BUILD/shim-15.8/Cryptlib/OpenSSL/crypto/include -isystem /usr/src/azl/BUILD/shim-15.8/include/system -isystem /usr/lib/gcc/aarch64-unknown-linux-gnu/13.2.0/include -DL_ENDIAN -D_CRT_SECURE_NO_DEPRECATE -D_CRT_NONSTDC_NO_DEPRECATE -DOPENSSL_SMALL_FOOTPRINT -DPEDANTIC -DMDE_CPU_AARCH64   -c -o crypto/rand/rand_lib.o /usr/src/azl/BUILD/shim-15.8/Cryptlib/OpenSSL/crypto/rand/rand_lib.c
gcc -std=gnu11 -ggdb -ffreestanding -fmacro-prefix-map=/usr/src/azl/BUILD/shim-15.8/= -fno-stack-protector -fno-strict-aliasing -fpic -fshort-wchar -nostdinc -Os -Wall -Wextra -Wno-missing-field-initializers -Wno-empty-body -Wno-implicit-fallthrough -Wno-old-style-declaration -Wno-unused-but-set-variable -Wno-unused-parameter -Werror -I/usr/src/azl/BUILD/shim-15.8/Cryptlib/OpenSSL -I/usr/src/azl/BUILD/shim-15.8/Cryptlib -I/usr/src/azl/BUILD/shim-15.8/Cryptlib/OpenSSL/Include/ -I/usr/src/azl/BUILD/shim-15.8/Cryptlib/OpenSSL/crypto -I/usr/src/azl/BUILD/shim-15.8/Cryptlib/Include -I/usr/src/azl/BUILD/shim-15.8/gnu-efi/inc -I/usr/src/azl/BUILD/shim-15.8/gnu-efi/inc/aarch64 -I/usr/src/azl/BUILD/shim-15.8/gnu-efi/inc/protocol -I/usr/src/azl/BUILD/shim-15.8/Cryptlib/OpenSSL/crypto/asn1 -I/usr/src/azl/BUILD/shim-15.8/Cryptlib/OpenSSL/crypto/evp -I/usr/src/azl/BUILD/shim-15.8/Cryptlib/OpenSSL/crypto/modes -I/usr/src/azl/BUILD/shim-15.8/Cryptlib/OpenSSL/crypto/include -isystem /usr/src/azl/BUILD/shim-15.8/include/system -isystem /usr/lib/gcc/aarch64-unknown-linux-gnu/13.2.0/include -DL_ENDIAN -D_CRT_SECURE_NO_DEPRECATE -D_CRT_NONSTDC_NO_DEPRECATE -DOPENSSL_SMALL_FOOTPRINT -DPEDANTIC -DMDE_CPU_AARCH64   -c -o crypto/rand/rand_err.o /usr/src/azl/BUILD/shim-15.8/Cryptlib/OpenSSL/crypto/rand/rand_err.c
gcc -std=gnu11 -ggdb -ffreestanding -fmacro-prefix-map=/usr/src/azl/BUILD/shim-15.8/= -fno-stack-protector -fno-strict-aliasing -fpic -fshort-wchar -nostdinc -Os -Wall -Wextra -Wno-missing-field-initializers -Wno-empty-body -Wno-implicit-fallthrough -Wno-old-style-declaration -Wno-unused-but-set-variable -Wno-unused-parameter -Werror -I/usr/src/azl/BUILD/shim-15.8/Cryptlib/OpenSSL -I/usr/src/azl/BUILD/shim-15.8/Cryptlib -I/usr/src/azl/BUILD/shim-15.8/Cryptlib/OpenSSL/Include/ -I/usr/src/azl/BUILD/shim-15.8/Cryptlib/OpenSSL/crypto -I/usr/src/azl/BUILD/shim-15.8/Cryptlib/Include -I/usr/src/azl/BUILD/shim-15.8/gnu-efi/inc -I/usr/src/azl/BUILD/shim-15.8/gnu-efi/inc/aarch64 -I/usr/src/azl/BUILD/shim-15.8/gnu-efi/inc/protocol -I/usr/src/azl/BUILD/shim-15.8/Cryptlib/OpenSSL/crypto/asn1 -I/usr/src/azl/BUILD/shim-15.8/Cryptlib/OpenSSL/crypto/evp -I/usr/src/azl/BUILD/shim-15.8/Cryptlib/OpenSSL/crypto/modes -I/usr/src/azl/BUILD/shim-15.8/Cryptlib/OpenSSL/crypto/include -isystem /usr/src/azl/BUILD/shim-15.8/include/system -isystem /usr/lib/gcc/aarch64-unknown-linux-gnu/13.2.0/include -DL_ENDIAN -D_CRT_SECURE_NO_DEPRECATE -D_CRT_NONSTDC_NO_DEPRECATE -DOPENSSL_SMALL_FOOTPRINT -DPEDANTIC -DMDE_CPU_AARCH64   -c -o crypto/rand/rand_unix.o /usr/src/azl/BUILD/shim-15.8/Cryptlib/OpenSSL/crypto/rand/rand_unix.c
gcc -std=gnu11 -ggdb -ffreestanding -fmacro-prefix-map=/usr/src/azl/BUILD/shim-15.8/= -fno-stack-protector -fno-strict-aliasing -fpic -fshort-wchar -nostdinc -Os -Wall -Wextra -Wno-missing-field-initializers -Wno-empty-body -Wno-implicit-fallthrough -Wno-old-style-declaration -Wno-unused-but-set-variable -Wno-unused-parameter -Werror -I/usr/src/azl/BUILD/shim-15.8/Cryptlib/OpenSSL -I/usr/src/azl/BUILD/shim-15.8/Cryptlib -I/usr/src/azl/BUILD/shim-15.8/Cryptlib/OpenSSL/Include/ -I/usr/src/azl/BUILD/shim-15.8/Cryptlib/OpenSSL/crypto -I/usr/src/azl/BUILD/shim-15.8/Cryptlib/Include -I/usr/src/azl/BUILD/shim-15.8/gnu-efi/inc -I/usr/src/azl/BUILD/shim-15.8/gnu-efi/inc/aarch64 -I/usr/src/azl/BUILD/shim-15.8/gnu-efi/inc/protocol -I/usr/src/azl/BUILD/shim-15.8/Cryptlib/OpenSSL/crypto/asn1 -I/usr/src/azl/BUILD/shim-15.8/Cryptlib/OpenSSL/crypto/evp -I/usr/src/azl/BUILD/shim-15.8/Cryptlib/OpenSSL/crypto/modes -I/usr/src/azl/BUILD/shim-15.8/Cryptlib/OpenSSL/crypto/include -isystem /usr/src/azl/BUILD/shim-15.8/include/system -isystem /usr/lib/gcc/aarch64-unknown-linux-gnu/13.2.0/include -DL_ENDIAN -D_CRT_SECURE_NO_DEPRECATE -D_CRT_NONSTDC_NO_DEPRECATE -DOPENSSL_SMALL_FOOTPRINT -DPEDANTIC -DMDE_CPU_AARCH64   -c -o crypto/err/err.o /usr/src/azl/BUILD/shim-15.8/Cryptlib/OpenSSL/crypto/err/err.c
gcc -std=gnu11 -ggdb -ffreestanding -fmacro-prefix-map=/usr/src/azl/BUILD/shim-15.8/= -fno-stack-protector -fno-strict-aliasing -fpic -fshort-wchar -nostdinc -Os -Wall -Wextra -Wno-missing-field-initializers -Wno-empty-body -Wno-implicit-fallthrough -Wno-old-style-declaration -Wno-unused-but-set-variable -Wno-unused-parameter -Werror -I/usr/src/azl/BUILD/shim-15.8/Cryptlib/OpenSSL -I/usr/src/azl/BUILD/shim-15.8/Cryptlib -I/usr/src/azl/BUILD/shim-15.8/Cryptlib/OpenSSL/Include/ -I/usr/src/azl/BUILD/shim-15.8/Cryptlib/OpenSSL/crypto -I/usr/src/azl/BUILD/shim-15.8/Cryptlib/Include -I/usr/src/azl/BUILD/shim-15.8/gnu-efi/inc -I/usr/src/azl/BUILD/shim-15.8/gnu-efi/inc/aarch64 -I/usr/src/azl/BUILD/shim-15.8/gnu-efi/inc/protocol -I/usr/src/azl/BUILD/shim-15.8/Cryptlib/OpenSSL/crypto/asn1 -I/usr/src/azl/BUILD/shim-15.8/Cryptlib/OpenSSL/crypto/evp -I/usr/src/azl/BUILD/shim-15.8/Cryptlib/OpenSSL/crypto/modes -I/usr/src/azl/BUILD/shim-15.8/Cryptlib/OpenSSL/crypto/include -isystem /usr/src/azl/BUILD/shim-15.8/include/system -isystem /usr/lib/gcc/aarch64-unknown-linux-gnu/13.2.0/include -DL_ENDIAN -D_CRT_SECURE_NO_DEPRECATE -D_CRT_NONSTDC_NO_DEPRECATE -DOPENSSL_SMALL_FOOTPRINT -DPEDANTIC -DMDE_CPU_AARCH64   -c -o crypto/err/err_all.o /usr/src/azl/BUILD/shim-15.8/Cryptlib/OpenSSL/crypto/err/err_all.c
gcc -std=gnu11 -ggdb -ffreestanding -fmacro-prefix-map=/usr/src/azl/BUILD/shim-15.8/= -fno-stack-protector -fno-strict-aliasing -fpic -fshort-wchar -nostdinc -Os -Wall -Wextra -Wno-missing-field-initializers -Wno-empty-body -Wno-implicit-fallthrough -Wno-old-style-declaration -Wno-unused-but-set-variable -Wno-unused-parameter -Werror -I/usr/src/azl/BUILD/shim-15.8/Cryptlib/OpenSSL -I/usr/src/azl/BUILD/shim-15.8/Cryptlib -I/usr/src/azl/BUILD/shim-15.8/Cryptlib/OpenSSL/Include/ -I/usr/src/azl/BUILD/shim-15.8/Cryptlib/OpenSSL/crypto -I/usr/src/azl/BUILD/shim-15.8/Cryptlib/Include -I/usr/src/azl/BUILD/shim-15.8/gnu-efi/inc -I/usr/src/azl/BUILD/shim-15.8/gnu-efi/inc/aarch64 -I/usr/src/azl/BUILD/shim-15.8/gnu-efi/inc/protocol -I/usr/src/azl/BUILD/shim-15.8/Cryptlib/OpenSSL/crypto/asn1 -I/usr/src/azl/BUILD/shim-15.8/Cryptlib/OpenSSL/crypto/evp -I/usr/src/azl/BUILD/shim-15.8/Cryptlib/OpenSSL/crypto/modes -I/usr/src/azl/BUILD/shim-15.8/Cryptlib/OpenSSL/crypto/include -isystem /usr/src/azl/BUILD/shim-15.8/include/system -isystem /usr/lib/gcc/aarch64-unknown-linux-gnu/13.2.0/include -DL_ENDIAN -D_CRT_SECURE_NO_DEPRECATE -D_CRT_NONSTDC_NO_DEPRECATE -DOPENSSL_SMALL_FOOTPRINT -DPEDANTIC -DMDE_CPU_AARCH64   -c -o crypto/err/err_prn.o /usr/src/azl/BUILD/shim-15.8/Cryptlib/OpenSSL/crypto/err/err_prn.c
gcc -std=gnu11 -ggdb -ffreestanding -fmacro-prefix-map=/usr/src/azl/BUILD/shim-15.8/= -fno-stack-protector -fno-strict-aliasing -fpic -fshort-wchar -nostdinc -Os -Wall -Wextra -Wno-missing-field-initializers -Wno-empty-body -Wno-implicit-fallthrough -Wno-old-style-declaration -Wno-unused-but-set-variable -Wno-unused-parameter -Werror -I/usr/src/azl/BUILD/shim-15.8/Cryptlib/OpenSSL -I/usr/src/azl/BUILD/shim-15.8/Cryptlib -I/usr/src/azl/BUILD/shim-15.8/Cryptlib/OpenSSL/Include/ -I/usr/src/azl/BUILD/shim-15.8/Cryptlib/OpenSSL/crypto -I/usr/src/azl/BUILD/shim-15.8/Cryptlib/Include -I/usr/src/azl/BUILD/shim-15.8/gnu-efi/inc -I/usr/src/azl/BUILD/shim-15.8/gnu-efi/inc/aarch64 -I/usr/src/azl/BUILD/shim-15.8/gnu-efi/inc/protocol -I/usr/src/azl/BUILD/shim-15.8/Cryptlib/OpenSSL/crypto/asn1 -I/usr/src/azl/BUILD/shim-15.8/Cryptlib/OpenSSL/crypto/evp -I/usr/src/azl/BUILD/shim-15.8/Cryptlib/OpenSSL/crypto/modes -I/usr/src/azl/BUILD/shim-15.8/Cryptlib/OpenSSL/crypto/include -isystem /usr/src/azl/BUILD/shim-15.8/include/system -isystem /usr/lib/gcc/aarch64-unknown-linux-gnu/13.2.0/include -DL_ENDIAN -D_CRT_SECURE_NO_DEPRECATE -D_CRT_NONSTDC_NO_DEPRECATE -DOPENSSL_SMALL_FOOTPRINT -DPEDANTIC -DMDE_CPU_AARCH64   -c -o crypto/objects/o_names.o /usr/src/azl/BUILD/shim-15.8/Cryptlib/OpenSSL/crypto/objects/o_names.c
gcc -std=gnu11 -ggdb -ffreestanding -fmacro-prefix-map=/usr/src/azl/BUILD/shim-15.8/= -fno-stack-protector -fno-strict-aliasing -fpic -fshort-wchar -nostdinc -Os -Wall -Wextra -Wno-missing-field-initializers -Wno-empty-body -Wno-implicit-fallthrough -Wno-old-style-declaration -Wno-unused-but-set-variable -Wno-unused-parameter -Werror -I/usr/src/azl/BUILD/shim-15.8/Cryptlib/OpenSSL -I/usr/src/azl/BUILD/shim-15.8/Cryptlib -I/usr/src/azl/BUILD/shim-15.8/Cryptlib/OpenSSL/Include/ -I/usr/src/azl/BUILD/shim-15.8/Cryptlib/OpenSSL/crypto -I/usr/src/azl/BUILD/shim-15.8/Cryptlib/Include -I/usr/src/azl/BUILD/shim-15.8/gnu-efi/inc -I/usr/src/azl/BUILD/shim-15.8/gnu-efi/inc/aarch64 -I/usr/src/azl/BUILD/shim-15.8/gnu-efi/inc/protocol -I/usr/src/azl/BUILD/shim-15.8/Cryptlib/OpenSSL/crypto/asn1 -I/usr/src/azl/BUILD/shim-15.8/Cryptlib/OpenSSL/crypto/evp -I/usr/src/azl/BUILD/shim-15.8/Cryptlib/OpenSSL/crypto/modes -I/usr/src/azl/BUILD/shim-15.8/Cryptlib/OpenSSL/crypto/include -isystem /usr/src/azl/BUILD/shim-15.8/include/system -isystem /usr/lib/gcc/aarch64-unknown-linux-gnu/13.2.0/include -DL_ENDIAN -D_CRT_SECURE_NO_DEPRECATE -D_CRT_NONSTDC_NO_DEPRECATE -DOPENSSL_SMALL_FOOTPRINT -DPEDANTIC -DMDE_CPU_AARCH64   -c -o crypto/objects/obj_dat.o /usr/src/azl/BUILD/shim-15.8/Cryptlib/OpenSSL/crypto/objects/obj_dat.c
gcc -std=gnu11 -ggdb -ffreestanding -fmacro-prefix-map=/usr/src/azl/BUILD/shim-15.8/= -fno-stack-protector -fno-strict-aliasing -fpic -fshort-wchar -nostdinc -Os -Wall -Wextra -Wno-missing-field-initializers -Wno-empty-body -Wno-implicit-fallthrough -Wno-old-style-declaration -Wno-unused-but-set-variable -Wno-unused-parameter -Werror -I/usr/src/azl/BUILD/shim-15.8/Cryptlib/OpenSSL -I/usr/src/azl/BUILD/shim-15.8/Cryptlib -I/usr/src/azl/BUILD/shim-15.8/Cryptlib/OpenSSL/Include/ -I/usr/src/azl/BUILD/shim-15.8/Cryptlib/OpenSSL/crypto -I/usr/src/azl/BUILD/shim-15.8/Cryptlib/Include -I/usr/src/azl/BUILD/shim-15.8/gnu-efi/inc -I/usr/src/azl/BUILD/shim-15.8/gnu-efi/inc/aarch64 -I/usr/src/azl/BUILD/shim-15.8/gnu-efi/inc/protocol -I/usr/src/azl/BUILD/shim-15.8/Cryptlib/OpenSSL/crypto/asn1 -I/usr/src/azl/BUILD/shim-15.8/Cryptlib/OpenSSL/crypto/evp -I/usr/src/azl/BUILD/shim-15.8/Cryptlib/OpenSSL/crypto/modes -I/usr/src/azl/BUILD/shim-15.8/Cryptlib/OpenSSL/crypto/include -isystem /usr/src/azl/BUILD/shim-15.8/include/system -isystem /usr/lib/gcc/aarch64-unknown-linux-gnu/13.2.0/include -DL_ENDIAN -D_CRT_SECURE_NO_DEPRECATE -D_CRT_NONSTDC_NO_DEPRECATE -DOPENSSL_SMALL_FOOTPRINT -DPEDANTIC -DMDE_CPU_AARCH64   -c -o crypto/objects/obj_lib.o /usr/src/azl/BUILD/shim-15.8/Cryptlib/OpenSSL/crypto/objects/obj_lib.c
gcc -std=gnu11 -ggdb -ffreestanding -fmacro-prefix-map=/usr/src/azl/BUILD/shim-15.8/= -fno-stack-protector -fno-strict-aliasing -fpic -fshort-wchar -nostdinc -Os -Wall -Wextra -Wno-missing-field-initializers -Wno-empty-body -Wno-implicit-fallthrough -Wno-old-style-declaration -Wno-unused-but-set-variable -Wno-unused-parameter -Werror -I/usr/src/azl/BUILD/shim-15.8/Cryptlib/OpenSSL -I/usr/src/azl/BUILD/shim-15.8/Cryptlib -I/usr/src/azl/BUILD/shim-15.8/Cryptlib/OpenSSL/Include/ -I/usr/src/azl/BUILD/shim-15.8/Cryptlib/OpenSSL/crypto -I/usr/src/azl/BUILD/shim-15.8/Cryptlib/Include -I/usr/src/azl/BUILD/shim-15.8/gnu-efi/inc -I/usr/src/azl/BUILD/shim-15.8/gnu-efi/inc/aarch64 -I/usr/src/azl/BUILD/shim-15.8/gnu-efi/inc/protocol -I/usr/src/azl/BUILD/shim-15.8/Cryptlib/OpenSSL/crypto/asn1 -I/usr/src/azl/BUILD/shim-15.8/Cryptlib/OpenSSL/crypto/evp -I/usr/src/azl/BUILD/shim-15.8/Cryptlib/OpenSSL/crypto/modes -I/usr/src/azl/BUILD/shim-15.8/Cryptlib/OpenSSL/crypto/include -isystem /usr/src/azl/BUILD/shim-15.8/include/system -isystem /usr/lib/gcc/aarch64-unknown-linux-gnu/13.2.0/include -DL_ENDIAN -D_CRT_SECURE_NO_DEPRECATE -D_CRT_NONSTDC_NO_DEPRECATE -DOPENSSL_SMALL_FOOTPRINT -DPEDANTIC -DMDE_CPU_AARCH64   -c -o crypto/objects/obj_err.o /usr/src/azl/BUILD/shim-15.8/Cryptlib/OpenSSL/crypto/objects/obj_err.c
gcc -std=gnu11 -ggdb -ffreestanding -fmacro-prefix-map=/usr/src/azl/BUILD/shim-15.8/= -fno-stack-protector -fno-strict-aliasing -fpic -fshort-wchar -nostdinc -Os -Wall -Wextra -Wno-missing-field-initializers -Wno-empty-body -Wno-implicit-fallthrough -Wno-old-style-declaration -Wno-unused-but-set-variable -Wno-unused-parameter -Werror -I/usr/src/azl/BUILD/shim-15.8/Cryptlib/OpenSSL -I/usr/src/azl/BUILD/shim-15.8/Cryptlib -I/usr/src/azl/BUILD/shim-15.8/Cryptlib/OpenSSL/Include/ -I/usr/src/azl/BUILD/shim-15.8/Cryptlib/OpenSSL/crypto -I/usr/src/azl/BUILD/shim-15.8/Cryptlib/Include -I/usr/src/azl/BUILD/shim-15.8/gnu-efi/inc -I/usr/src/azl/BUILD/shim-15.8/gnu-efi/inc/aarch64 -I/usr/src/azl/BUILD/shim-15.8/gnu-efi/inc/protocol -I/usr/src/azl/BUILD/shim-15.8/Cryptlib/OpenSSL/crypto/asn1 -I/usr/src/azl/BUILD/shim-15.8/Cryptlib/OpenSSL/crypto/evp -I/usr/src/azl/BUILD/shim-15.8/Cryptlib/OpenSSL/crypto/modes -I/usr/src/azl/BUILD/shim-15.8/Cryptlib/OpenSSL/crypto/include -isystem /usr/src/azl/BUILD/shim-15.8/include/system -isystem /usr/lib/gcc/aarch64-unknown-linux-gnu/13.2.0/include -DL_ENDIAN -D_CRT_SECURE_NO_DEPRECATE -D_CRT_NONSTDC_NO_DEPRECATE -DOPENSSL_SMALL_FOOTPRINT -DPEDANTIC -DMDE_CPU_AARCH64   -c -o crypto/objects/obj_xref.o /usr/src/azl/BUILD/shim-15.8/Cryptlib/OpenSSL/crypto/objects/obj_xref.c
gcc -std=gnu11 -ggdb -ffreestanding -fmacro-prefix-map=/usr/src/azl/BUILD/shim-15.8/= -fno-stack-protector -fno-strict-aliasing -fpic -fshort-wchar -nostdinc -Os -Wall -Wextra -Wno-missing-field-initializers -Wno-empty-body -Wno-implicit-fallthrough -Wno-old-style-declaration -Wno-unused-but-set-variable -Wno-unused-parameter -Werror -I/usr/src/azl/BUILD/shim-15.8/Cryptlib/OpenSSL -I/usr/src/azl/BUILD/shim-15.8/Cryptlib -I/usr/src/azl/BUILD/shim-15.8/Cryptlib/OpenSSL/Include/ -I/usr/src/azl/BUILD/shim-15.8/Cryptlib/OpenSSL/crypto -I/usr/src/azl/BUILD/shim-15.8/Cryptlib/Include -I/usr/src/azl/BUILD/shim-15.8/gnu-efi/inc -I/usr/src/azl/BUILD/shim-15.8/gnu-efi/inc/aarch64 -I/usr/src/azl/BUILD/shim-15.8/gnu-efi/inc/protocol -I/usr/src/azl/BUILD/shim-15.8/Cryptlib/OpenSSL/crypto/asn1 -I/usr/src/azl/BUILD/shim-15.8/Cryptlib/OpenSSL/crypto/evp -I/usr/src/azl/BUILD/shim-15.8/Cryptlib/OpenSSL/crypto/modes -I/usr/src/azl/BUILD/shim-15.8/Cryptlib/OpenSSL/crypto/include -isystem /usr/src/azl/BUILD/shim-15.8/include/system -isystem /usr/lib/gcc/aarch64-unknown-linux-gnu/13.2.0/include -DL_ENDIAN -D_CRT_SECURE_NO_DEPRECATE -D_CRT_NONSTDC_NO_DEPRECATE -DOPENSSL_SMALL_FOOTPRINT -DPEDANTIC -DMDE_CPU_AARCH64   -c -o crypto/evp/encode.o /usr/src/azl/BUILD/shim-15.8/Cryptlib/OpenSSL/crypto/evp/encode.c
gcc -std=gnu11 -ggdb -ffreestanding -fmacro-prefix-map=/usr/src/azl/BUILD/shim-15.8/= -fno-stack-protector -fno-strict-aliasing -fpic -fshort-wchar -nostdinc -Os -Wall -Wextra -Wno-missing-field-initializers -Wno-empty-body -Wno-implicit-fallthrough -Wno-old-style-declaration -Wno-unused-but-set-variable -Wno-unused-parameter -Werror -I/usr/src/azl/BUILD/shim-15.8/Cryptlib/OpenSSL -I/usr/src/azl/BUILD/shim-15.8/Cryptlib -I/usr/src/azl/BUILD/shim-15.8/Cryptlib/OpenSSL/Include/ -I/usr/src/azl/BUILD/shim-15.8/Cryptlib/OpenSSL/crypto -I/usr/src/azl/BUILD/shim-15.8/Cryptlib/Include -I/usr/src/azl/BUILD/shim-15.8/gnu-efi/inc -I/usr/src/azl/BUILD/shim-15.8/gnu-efi/inc/aarch64 -I/usr/src/azl/BUILD/shim-15.8/gnu-efi/inc/protocol -I/usr/src/azl/BUILD/shim-15.8/Cryptlib/OpenSSL/crypto/asn1 -I/usr/src/azl/BUILD/shim-15.8/Cryptlib/OpenSSL/crypto/evp -I/usr/src/azl/BUILD/shim-15.8/Cryptlib/OpenSSL/crypto/modes -I/usr/src/azl/BUILD/shim-15.8/Cryptlib/OpenSSL/crypto/include -isystem /usr/src/azl/BUILD/shim-15.8/include/system -isystem /usr/lib/gcc/aarch64-unknown-linux-gnu/13.2.0/include -DL_ENDIAN -D_CRT_SECURE_NO_DEPRECATE -D_CRT_NONSTDC_NO_DEPRECATE -DOPENSSL_SMALL_FOOTPRINT -DPEDANTIC -DMDE_CPU_AARCH64   -c -o crypto/evp/digest.o /usr/src/azl/BUILD/shim-15.8/Cryptlib/OpenSSL/crypto/evp/digest.c
gcc -std=gnu11 -ggdb -ffreestanding -fmacro-prefix-map=/usr/src/azl/BUILD/shim-15.8/= -fno-stack-protector -fno-strict-aliasing -fpic -fshort-wchar -nostdinc -Os -Wall -Wextra -Wno-missing-field-initializers -Wno-empty-body -Wno-implicit-fallthrough -Wno-old-style-declaration -Wno-unused-but-set-variable -Wno-unused-parameter -Werror -I/usr/src/azl/BUILD/shim-15.8/Cryptlib/OpenSSL -I/usr/src/azl/BUILD/shim-15.8/Cryptlib -I/usr/src/azl/BUILD/shim-15.8/Cryptlib/OpenSSL/Include/ -I/usr/src/azl/BUILD/shim-15.8/Cryptlib/OpenSSL/crypto -I/usr/src/azl/BUILD/shim-15.8/Cryptlib/Include -I/usr/src/azl/BUILD/shim-15.8/gnu-efi/inc -I/usr/src/azl/BUILD/shim-15.8/gnu-efi/inc/aarch64 -I/usr/src/azl/BUILD/shim-15.8/gnu-efi/inc/protocol -I/usr/src/azl/BUILD/shim-15.8/Cryptlib/OpenSSL/crypto/asn1 -I/usr/src/azl/BUILD/shim-15.8/Cryptlib/OpenSSL/crypto/evp -I/usr/src/azl/BUILD/shim-15.8/Cryptlib/OpenSSL/crypto/modes -I/usr/src/azl/BUILD/shim-15.8/Cryptlib/OpenSSL/crypto/include -isystem /usr/src/azl/BUILD/shim-15.8/include/system -isystem /usr/lib/gcc/aarch64-unknown-linux-gnu/13.2.0/include -DL_ENDIAN -D_CRT_SECURE_NO_DEPRECATE -D_CRT_NONSTDC_NO_DEPRECATE -DOPENSSL_SMALL_FOOTPRINT -DPEDANTIC -DMDE_CPU_AARCH64   -c -o crypto/evp/evp_enc.o /usr/src/azl/BUILD/shim-15.8/Cryptlib/OpenSSL/crypto/evp/evp_enc.c
gcc -std=gnu11 -ggdb -ffreestanding -fmacro-prefix-map=/usr/src/azl/BUILD/shim-15.8/= -fno-stack-protector -fno-strict-aliasing -fpic -fshort-wchar -nostdinc -Os -Wall -Wextra -Wno-missing-field-initializers -Wno-empty-body -Wno-implicit-fallthrough -Wno-old-style-declaration -Wno-unused-but-set-variable -Wno-unused-parameter -Werror -I/usr/src/azl/BUILD/shim-15.8/Cryptlib/OpenSSL -I/usr/src/azl/BUILD/shim-15.8/Cryptlib -I/usr/src/azl/BUILD/shim-15.8/Cryptlib/OpenSSL/Include/ -I/usr/src/azl/BUILD/shim-15.8/Cryptlib/OpenSSL/crypto -I/usr/src/azl/BUILD/shim-15.8/Cryptlib/Include -I/usr/src/azl/BUILD/shim-15.8/gnu-efi/inc -I/usr/src/azl/BUILD/shim-15.8/gnu-efi/inc/aarch64 -I/usr/src/azl/BUILD/shim-15.8/gnu-efi/inc/protocol -I/usr/src/azl/BUILD/shim-15.8/Cryptlib/OpenSSL/crypto/asn1 -I/usr/src/azl/BUILD/shim-15.8/Cryptlib/OpenSSL/crypto/evp -I/usr/src/azl/BUILD/shim-15.8/Cryptlib/OpenSSL/crypto/modes -I/usr/src/azl/BUILD/shim-15.8/Cryptlib/OpenSSL/crypto/include -isystem /usr/src/azl/BUILD/shim-15.8/include/system -isystem /usr/lib/gcc/aarch64-unknown-linux-gnu/13.2.0/include -DL_ENDIAN -D_CRT_SECURE_NO_DEPRECATE -D_CRT_NONSTDC_NO_DEPRECATE -DOPENSSL_SMALL_FOOTPRINT -DPEDANTIC -DMDE_CPU_AARCH64   -c -o crypto/evp/evp_key.o /usr/src/azl/BUILD/shim-15.8/Cryptlib/OpenSSL/crypto/evp/evp_key.c
gcc -std=gnu11 -ggdb -ffreestanding -fmacro-prefix-map=/usr/src/azl/BUILD/shim-15.8/= -fno-stack-protector -fno-strict-aliasing -fpic -fshort-wchar -nostdinc -Os -Wall -Wextra -Wno-missing-field-initializers -Wno-empty-body -Wno-implicit-fallthrough -Wno-old-style-declaration -Wno-unused-but-set-variable -Wno-unused-parameter -Werror -I/usr/src/azl/BUILD/shim-15.8/Cryptlib/OpenSSL -I/usr/src/azl/BUILD/shim-15.8/Cryptlib -I/usr/src/azl/BUILD/shim-15.8/Cryptlib/OpenSSL/Include/ -I/usr/src/azl/BUILD/shim-15.8/Cryptlib/OpenSSL/crypto -I/usr/src/azl/BUILD/shim-15.8/Cryptlib/Include -I/usr/src/azl/BUILD/shim-15.8/gnu-efi/inc -I/usr/src/azl/BUILD/shim-15.8/gnu-efi/inc/aarch64 -I/usr/src/azl/BUILD/shim-15.8/gnu-efi/inc/protocol -I/usr/src/azl/BUILD/shim-15.8/Cryptlib/OpenSSL/crypto/asn1 -I/usr/src/azl/BUILD/shim-15.8/Cryptlib/OpenSSL/crypto/evp -I/usr/src/azl/BUILD/shim-15.8/Cryptlib/OpenSSL/crypto/modes -I/usr/src/azl/BUILD/shim-15.8/Cryptlib/OpenSSL/crypto/include -isystem /usr/src/azl/BUILD/shim-15.8/include/system -isystem /usr/lib/gcc/aarch64-unknown-linux-gnu/13.2.0/include -DL_ENDIAN -D_CRT_SECURE_NO_DEPRECATE -D_CRT_NONSTDC_NO_DEPRECATE -DOPENSSL_SMALL_FOOTPRINT -DPEDANTIC -DMDE_CPU_AARCH64   -c -o crypto/evp/evp_acnf.o /usr/src/azl/BUILD/shim-15.8/Cryptlib/OpenSSL/crypto/evp/evp_acnf.c
gcc -std=gnu11 -ggdb -ffreestanding -fmacro-prefix-map=/usr/src/azl/BUILD/shim-15.8/= -fno-stack-protector -fno-strict-aliasing -fpic -fshort-wchar -nostdinc -Os -Wall -Wextra -Wno-missing-field-initializers -Wno-empty-body -Wno-implicit-fallthrough -Wno-old-style-declaration -Wno-unused-but-set-variable -Wno-unused-parameter -Werror -I/usr/src/azl/BUILD/shim-15.8/Cryptlib/OpenSSL -I/usr/src/azl/BUILD/shim-15.8/Cryptlib -I/usr/src/azl/BUILD/shim-15.8/Cryptlib/OpenSSL/Include/ -I/usr/src/azl/BUILD/shim-15.8/Cryptlib/OpenSSL/crypto -I/usr/src/azl/BUILD/shim-15.8/Cryptlib/Include -I/usr/src/azl/BUILD/shim-15.8/gnu-efi/inc -I/usr/src/azl/BUILD/shim-15.8/gnu-efi/inc/aarch64 -I/usr/src/azl/BUILD/shim-15.8/gnu-efi/inc/protocol -I/usr/src/azl/BUILD/shim-15.8/Cryptlib/OpenSSL/crypto/asn1 -I/usr/src/azl/BUILD/shim-15.8/Cryptlib/OpenSSL/crypto/evp -I/usr/src/azl/BUILD/shim-15.8/Cryptlib/OpenSSL/crypto/modes -I/usr/src/azl/BUILD/shim-15.8/Cryptlib/OpenSSL/crypto/include -isystem /usr/src/azl/BUILD/shim-15.8/include/system -isystem /usr/lib/gcc/aarch64-unknown-linux-gnu/13.2.0/include -DL_ENDIAN -D_CRT_SECURE_NO_DEPRECATE -D_CRT_NONSTDC_NO_DEPRECATE -DOPENSSL_SMALL_FOOTPRINT -DPEDANTIC -DMDE_CPU_AARCH64   -c -o crypto/evp/evp_cnf.o /usr/src/azl/BUILD/shim-15.8/Cryptlib/OpenSSL/crypto/evp/evp_cnf.c
gcc -std=gnu11 -ggdb -ffreestanding -fmacro-prefix-map=/usr/src/azl/BUILD/shim-15.8/= -fno-stack-protector -fno-strict-aliasing -fpic -fshort-wchar -nostdinc -Os -Wall -Wextra -Wno-missing-field-initializers -Wno-empty-body -Wno-implicit-fallthrough -Wno-old-style-declaration -Wno-unused-but-set-variable -Wno-unused-parameter -Werror -I/usr/src/azl/BUILD/shim-15.8/Cryptlib/OpenSSL -I/usr/src/azl/BUILD/shim-15.8/Cryptlib -I/usr/src/azl/BUILD/shim-15.8/Cryptlib/OpenSSL/Include/ -I/usr/src/azl/BUILD/shim-15.8/Cryptlib/OpenSSL/crypto -I/usr/src/azl/BUILD/shim-15.8/Cryptlib/Include -I/usr/src/azl/BUILD/shim-15.8/gnu-efi/inc -I/usr/src/azl/BUILD/shim-15.8/gnu-efi/inc/aarch64 -I/usr/src/azl/BUILD/shim-15.8/gnu-efi/inc/protocol -I/usr/src/azl/BUILD/shim-15.8/Cryptlib/OpenSSL/crypto/asn1 -I/usr/src/azl/BUILD/shim-15.8/Cryptlib/OpenSSL/crypto/evp -I/usr/src/azl/BUILD/shim-15.8/Cryptlib/OpenSSL/crypto/modes -I/usr/src/azl/BUILD/shim-15.8/Cryptlib/OpenSSL/crypto/include -isystem /usr/src/azl/BUILD/shim-15.8/include/system -isystem /usr/lib/gcc/aarch64-unknown-linux-gnu/13.2.0/include -DL_ENDIAN -D_CRT_SECURE_NO_DEPRECATE -D_CRT_NONSTDC_NO_DEPRECATE -DOPENSSL_SMALL_FOOTPRINT -DPEDANTIC -DMDE_CPU_AARCH64   -c -o crypto/evp/e_des.o /usr/src/azl/BUILD/shim-15.8/Cryptlib/OpenSSL/crypto/evp/e_des.c
gcc -std=gnu11 -ggdb -ffreestanding -fmacro-prefix-map=/usr/src/azl/BUILD/shim-15.8/= -fno-stack-protector -fno-strict-aliasing -fpic -fshort-wchar -nostdinc -Os -Wall -Wextra -Wno-missing-field-initializers -Wno-empty-body -Wno-implicit-fallthrough -Wno-old-style-declaration -Wno-unused-but-set-variable -Wno-unused-parameter -Werror -I/usr/src/azl/BUILD/shim-15.8/Cryptlib/OpenSSL -I/usr/src/azl/BUILD/shim-15.8/Cryptlib -I/usr/src/azl/BUILD/shim-15.8/Cryptlib/OpenSSL/Include/ -I/usr/src/azl/BUILD/shim-15.8/Cryptlib/OpenSSL/crypto -I/usr/src/azl/BUILD/shim-15.8/Cryptlib/Include -I/usr/src/azl/BUILD/shim-15.8/gnu-efi/inc -I/usr/src/azl/BUILD/shim-15.8/gnu-efi/inc/aarch64 -I/usr/src/azl/BUILD/shim-15.8/gnu-efi/inc/protocol -I/usr/src/azl/BUILD/shim-15.8/Cryptlib/OpenSSL/crypto/asn1 -I/usr/src/azl/BUILD/shim-15.8/Cryptlib/OpenSSL/crypto/evp -I/usr/src/azl/BUILD/shim-15.8/Cryptlib/OpenSSL/crypto/modes -I/usr/src/azl/BUILD/shim-15.8/Cryptlib/OpenSSL/crypto/include -isystem /usr/src/azl/BUILD/shim-15.8/include/system -isystem /usr/lib/gcc/aarch64-unknown-linux-gnu/13.2.0/include -DL_ENDIAN -D_CRT_SECURE_NO_DEPRECATE -D_CRT_NONSTDC_NO_DEPRECATE -DOPENSSL_SMALL_FOOTPRINT -DPEDANTIC -DMDE_CPU_AARCH64   -c -o crypto/evp/e_bf.o /usr/src/azl/BUILD/shim-15.8/Cryptlib/OpenSSL/crypto/evp/e_bf.c
gcc -std=gnu11 -ggdb -ffreestanding -fmacro-prefix-map=/usr/src/azl/BUILD/shim-15.8/= -fno-stack-protector -fno-strict-aliasing -fpic -fshort-wchar -nostdinc -Os -Wall -Wextra -Wno-missing-field-initializers -Wno-empty-body -Wno-implicit-fallthrough -Wno-old-style-declaration -Wno-unused-but-set-variable -Wno-unused-parameter -Werror -I/usr/src/azl/BUILD/shim-15.8/Cryptlib/OpenSSL -I/usr/src/azl/BUILD/shim-15.8/Cryptlib -I/usr/src/azl/BUILD/shim-15.8/Cryptlib/OpenSSL/Include/ -I/usr/src/azl/BUILD/shim-15.8/Cryptlib/OpenSSL/crypto -I/usr/src/azl/BUILD/shim-15.8/Cryptlib/Include -I/usr/src/azl/BUILD/shim-15.8/gnu-efi/inc -I/usr/src/azl/BUILD/shim-15.8/gnu-efi/inc/aarch64 -I/usr/src/azl/BUILD/shim-15.8/gnu-efi/inc/protocol -I/usr/src/azl/BUILD/shim-15.8/Cryptlib/OpenSSL/crypto/asn1 -I/usr/src/azl/BUILD/shim-15.8/Cryptlib/OpenSSL/crypto/evp -I/usr/src/azl/BUILD/shim-15.8/Cryptlib/OpenSSL/crypto/modes -I/usr/src/azl/BUILD/shim-15.8/Cryptlib/OpenSSL/crypto/include -isystem /usr/src/azl/BUILD/shim-15.8/include/system -isystem /usr/lib/gcc/aarch64-unknown-linux-gnu/13.2.0/include -DL_ENDIAN -D_CRT_SECURE_NO_DEPRECATE -D_CRT_NONSTDC_NO_DEPRECATE -DOPENSSL_SMALL_FOOTPRINT -DPEDANTIC -DMDE_CPU_AARCH64   -c -o crypto/evp/e_idea.o /usr/src/azl/BUILD/shim-15.8/Cryptlib/OpenSSL/crypto/evp/e_idea.c
gcc -std=gnu11 -ggdb -ffreestanding -fmacro-prefix-map=/usr/src/azl/BUILD/shim-15.8/= -fno-stack-protector -fno-strict-aliasing -fpic -fshort-wchar -nostdinc -Os -Wall -Wextra -Wno-missing-field-initializers -Wno-empty-body -Wno-implicit-fallthrough -Wno-old-style-declaration -Wno-unused-but-set-variable -Wno-unused-parameter -Werror -I/usr/src/azl/BUILD/shim-15.8/Cryptlib/OpenSSL -I/usr/src/azl/BUILD/shim-15.8/Cryptlib -I/usr/src/azl/BUILD/shim-15.8/Cryptlib/OpenSSL/Include/ -I/usr/src/azl/BUILD/shim-15.8/Cryptlib/OpenSSL/crypto -I/usr/src/azl/BUILD/shim-15.8/Cryptlib/Include -I/usr/src/azl/BUILD/shim-15.8/gnu-efi/inc -I/usr/src/azl/BUILD/shim-15.8/gnu-efi/inc/aarch64 -I/usr/src/azl/BUILD/shim-15.8/gnu-efi/inc/protocol -I/usr/src/azl/BUILD/shim-15.8/Cryptlib/OpenSSL/crypto/asn1 -I/usr/src/azl/BUILD/shim-15.8/Cryptlib/OpenSSL/crypto/evp -I/usr/src/azl/BUILD/shim-15.8/Cryptlib/OpenSSL/crypto/modes -I/usr/src/azl/BUILD/shim-15.8/Cryptlib/OpenSSL/crypto/include -isystem /usr/src/azl/BUILD/shim-15.8/include/system -isystem /usr/lib/gcc/aarch64-unknown-linux-gnu/13.2.0/include -DL_ENDIAN -D_CRT_SECURE_NO_DEPRECATE -D_CRT_NONSTDC_NO_DEPRECATE -DOPENSSL_SMALL_FOOTPRINT -DPEDANTIC -DMDE_CPU_AARCH64   -c -o crypto/evp/e_des3.o /usr/src/azl/BUILD/shim-15.8/Cryptlib/OpenSSL/crypto/evp/e_des3.c
gcc -std=gnu11 -ggdb -ffreestanding -fmacro-prefix-map=/usr/src/azl/BUILD/shim-15.8/= -fno-stack-protector -fno-strict-aliasing -fpic -fshort-wchar -nostdinc -Os -Wall -Wextra -Wno-missing-field-initializers -Wno-empty-body -Wno-implicit-fallthrough -Wno-old-style-declaration -Wno-unused-but-set-variable -Wno-unused-parameter -Werror -I/usr/src/azl/BUILD/shim-15.8/Cryptlib/OpenSSL -I/usr/src/azl/BUILD/shim-15.8/Cryptlib -I/usr/src/azl/BUILD/shim-15.8/Cryptlib/OpenSSL/Include/ -I/usr/src/azl/BUILD/shim-15.8/Cryptlib/OpenSSL/crypto -I/usr/src/azl/BUILD/shim-15.8/Cryptlib/Include -I/usr/src/azl/BUILD/shim-15.8/gnu-efi/inc -I/usr/src/azl/BUILD/shim-15.8/gnu-efi/inc/aarch64 -I/usr/src/azl/BUILD/shim-15.8/gnu-efi/inc/protocol -I/usr/src/azl/BUILD/shim-15.8/Cryptlib/OpenSSL/crypto/asn1 -I/usr/src/azl/BUILD/shim-15.8/Cryptlib/OpenSSL/crypto/evp -I/usr/src/azl/BUILD/shim-15.8/Cryptlib/OpenSSL/crypto/modes -I/usr/src/azl/BUILD/shim-15.8/Cryptlib/OpenSSL/crypto/include -isystem /usr/src/azl/BUILD/shim-15.8/include/system -isystem /usr/lib/gcc/aarch64-unknown-linux-gnu/13.2.0/include -DL_ENDIAN -D_CRT_SECURE_NO_DEPRECATE -D_CRT_NONSTDC_NO_DEPRECATE -DOPENSSL_SMALL_FOOTPRINT -DPEDANTIC -DMDE_CPU_AARCH64   -c -o crypto/evp/e_camellia.o /usr/src/azl/BUILD/shim-15.8/Cryptlib/OpenSSL/crypto/evp/e_camellia.c
gcc -std=gnu11 -ggdb -ffreestanding -fmacro-prefix-map=/usr/src/azl/BUILD/shim-15.8/= -fno-stack-protector -fno-strict-aliasing -fpic -fshort-wchar -nostdinc -Os -Wall -Wextra -Wno-missing-field-initializers -Wno-empty-body -Wno-implicit-fallthrough -Wno-old-style-declaration -Wno-unused-but-set-variable -Wno-unused-parameter -Werror -I/usr/src/azl/BUILD/shim-15.8/Cryptlib/OpenSSL -I/usr/src/azl/BUILD/shim-15.8/Cryptlib -I/usr/src/azl/BUILD/shim-15.8/Cryptlib/OpenSSL/Include/ -I/usr/src/azl/BUILD/shim-15.8/Cryptlib/OpenSSL/crypto -I/usr/src/azl/BUILD/shim-15.8/Cryptlib/Include -I/usr/src/azl/BUILD/shim-15.8/gnu-efi/inc -I/usr/src/azl/BUILD/shim-15.8/gnu-efi/inc/aarch64 -I/usr/src/azl/BUILD/shim-15.8/gnu-efi/inc/protocol -I/usr/src/azl/BUILD/shim-15.8/Cryptlib/OpenSSL/crypto/asn1 -I/usr/src/azl/BUILD/shim-15.8/Cryptlib/OpenSSL/crypto/evp -I/usr/src/azl/BUILD/shim-15.8/Cryptlib/OpenSSL/crypto/modes -I/usr/src/azl/BUILD/shim-15.8/Cryptlib/OpenSSL/crypto/include -isystem /usr/src/azl/BUILD/shim-15.8/include/system -isystem /usr/lib/gcc/aarch64-unknown-linux-gnu/13.2.0/include -DL_ENDIAN -D_CRT_SECURE_NO_DEPRECATE -D_CRT_NONSTDC_NO_DEPRECATE -DOPENSSL_SMALL_FOOTPRINT -DPEDANTIC -DMDE_CPU_AARCH64   -c -o crypto/evp/e_rc4.o /usr/src/azl/BUILD/shim-15.8/Cryptlib/OpenSSL/crypto/evp/e_rc4.c
gcc -std=gnu11 -ggdb -ffreestanding -fmacro-prefix-map=/usr/src/azl/BUILD/shim-15.8/= -fno-stack-protector -fno-strict-aliasing -fpic -fshort-wchar -nostdinc -Os -Wall -Wextra -Wno-missing-field-initializers -Wno-empty-body -Wno-implicit-fallthrough -Wno-old-style-declaration -Wno-unused-but-set-variable -Wno-unused-parameter -Werror -I/usr/src/azl/BUILD/shim-15.8/Cryptlib/OpenSSL -I/usr/src/azl/BUILD/shim-15.8/Cryptlib -I/usr/src/azl/BUILD/shim-15.8/Cryptlib/OpenSSL/Include/ -I/usr/src/azl/BUILD/shim-15.8/Cryptlib/OpenSSL/crypto -I/usr/src/azl/BUILD/shim-15.8/Cryptlib/Include -I/usr/src/azl/BUILD/shim-15.8/gnu-efi/inc -I/usr/src/azl/BUILD/shim-15.8/gnu-efi/inc/aarch64 -I/usr/src/azl/BUILD/shim-15.8/gnu-efi/inc/protocol -I/usr/src/azl/BUILD/shim-15.8/Cryptlib/OpenSSL/crypto/asn1 -I/usr/src/azl/BUILD/shim-15.8/Cryptlib/OpenSSL/crypto/evp -I/usr/src/azl/BUILD/shim-15.8/Cryptlib/OpenSSL/crypto/modes -I/usr/src/azl/BUILD/shim-15.8/Cryptlib/OpenSSL/crypto/include -isystem /usr/src/azl/BUILD/shim-15.8/include/system -isystem /usr/lib/gcc/aarch64-unknown-linux-gnu/13.2.0/include -DL_ENDIAN -D_CRT_SECURE_NO_DEPRECATE -D_CRT_NONSTDC_NO_DEPRECATE -DOPENSSL_SMALL_FOOTPRINT -DPEDANTIC -DMDE_CPU_AARCH64   -c -o crypto/evp/e_aes.o /usr/src/azl/BUILD/shim-15.8/Cryptlib/OpenSSL/crypto/evp/e_aes.c
gcc -std=gnu11 -ggdb -ffreestanding -fmacro-prefix-map=/usr/src/azl/BUILD/shim-15.8/= -fno-stack-protector -fno-strict-aliasing -fpic -fshort-wchar -nostdinc -Os -Wall -Wextra -Wno-missing-field-initializers -Wno-empty-body -Wno-implicit-fallthrough -Wno-old-style-declaration -Wno-unused-but-set-variable -Wno-unused-parameter -Werror -I/usr/src/azl/BUILD/shim-15.8/Cryptlib/OpenSSL -I/usr/src/azl/BUILD/shim-15.8/Cryptlib -I/usr/src/azl/BUILD/shim-15.8/Cryptlib/OpenSSL/Include/ -I/usr/src/azl/BUILD/shim-15.8/Cryptlib/OpenSSL/crypto -I/usr/src/azl/BUILD/shim-15.8/Cryptlib/Include -I/usr/src/azl/BUILD/shim-15.8/gnu-efi/inc -I/usr/src/azl/BUILD/shim-15.8/gnu-efi/inc/aarch64 -I/usr/src/azl/BUILD/shim-15.8/gnu-efi/inc/protocol -I/usr/src/azl/BUILD/shim-15.8/Cryptlib/OpenSSL/crypto/asn1 -I/usr/src/azl/BUILD/shim-15.8/Cryptlib/OpenSSL/crypto/evp -I/usr/src/azl/BUILD/shim-15.8/Cryptlib/OpenSSL/crypto/modes -I/usr/src/azl/BUILD/shim-15.8/Cryptlib/OpenSSL/crypto/include -isystem /usr/src/azl/BUILD/shim-15.8/include/system -isystem /usr/lib/gcc/aarch64-unknown-linux-gnu/13.2.0/include -DL_ENDIAN -D_CRT_SECURE_NO_DEPRECATE -D_CRT_NONSTDC_NO_DEPRECATE -DOPENSSL_SMALL_FOOTPRINT -DPEDANTIC -DMDE_CPU_AARCH64   -c -o crypto/evp/names.o /usr/src/azl/BUILD/shim-15.8/Cryptlib/OpenSSL/crypto/evp/names.c
gcc -std=gnu11 -ggdb -ffreestanding -fmacro-prefix-map=/usr/src/azl/BUILD/shim-15.8/= -fno-stack-protector -fno-strict-aliasing -fpic -fshort-wchar -nostdinc -Os -Wall -Wextra -Wno-missing-field-initializers -Wno-empty-body -Wno-implicit-fallthrough -Wno-old-style-declaration -Wno-unused-but-set-variable -Wno-unused-parameter -Werror -I/usr/src/azl/BUILD/shim-15.8/Cryptlib/OpenSSL -I/usr/src/azl/BUILD/shim-15.8/Cryptlib -I/usr/src/azl/BUILD/shim-15.8/Cryptlib/OpenSSL/Include/ -I/usr/src/azl/BUILD/shim-15.8/Cryptlib/OpenSSL/crypto -I/usr/src/azl/BUILD/shim-15.8/Cryptlib/Include -I/usr/src/azl/BUILD/shim-15.8/gnu-efi/inc -I/usr/src/azl/BUILD/shim-15.8/gnu-efi/inc/aarch64 -I/usr/src/azl/BUILD/shim-15.8/gnu-efi/inc/protocol -I/usr/src/azl/BUILD/shim-15.8/Cryptlib/OpenSSL/crypto/asn1 -I/usr/src/azl/BUILD/shim-15.8/Cryptlib/OpenSSL/crypto/evp -I/usr/src/azl/BUILD/shim-15.8/Cryptlib/OpenSSL/crypto/modes -I/usr/src/azl/BUILD/shim-15.8/Cryptlib/OpenSSL/crypto/include -isystem /usr/src/azl/BUILD/shim-15.8/include/system -isystem /usr/lib/gcc/aarch64-unknown-linux-gnu/13.2.0/include -DL_ENDIAN -D_CRT_SECURE_NO_DEPRECATE -D_CRT_NONSTDC_NO_DEPRECATE -DOPENSSL_SMALL_FOOTPRINT -DPEDANTIC -DMDE_CPU_AARCH64   -c -o crypto/evp/e_seed.o /usr/src/azl/BUILD/shim-15.8/Cryptlib/OpenSSL/crypto/evp/e_seed.c
gcc -std=gnu11 -ggdb -ffreestanding -fmacro-prefix-map=/usr/src/azl/BUILD/shim-15.8/= -fno-stack-protector -fno-strict-aliasing -fpic -fshort-wchar -nostdinc -Os -Wall -Wextra -Wno-missing-field-initializers -Wno-empty-body -Wno-implicit-fallthrough -Wno-old-style-declaration -Wno-unused-but-set-variable -Wno-unused-parameter -Werror -I/usr/src/azl/BUILD/shim-15.8/Cryptlib/OpenSSL -I/usr/src/azl/BUILD/shim-15.8/Cryptlib -I/usr/src/azl/BUILD/shim-15.8/Cryptlib/OpenSSL/Include/ -I/usr/src/azl/BUILD/shim-15.8/Cryptlib/OpenSSL/crypto -I/usr/src/azl/BUILD/shim-15.8/Cryptlib/Include -I/usr/src/azl/BUILD/shim-15.8/gnu-efi/inc -I/usr/src/azl/BUILD/shim-15.8/gnu-efi/inc/aarch64 -I/usr/src/azl/BUILD/shim-15.8/gnu-efi/inc/protocol -I/usr/src/azl/BUILD/shim-15.8/Cryptlib/OpenSSL/crypto/asn1 -I/usr/src/azl/BUILD/shim-15.8/Cryptlib/OpenSSL/crypto/evp -I/usr/src/azl/BUILD/shim-15.8/Cryptlib/OpenSSL/crypto/modes -I/usr/src/azl/BUILD/shim-15.8/Cryptlib/OpenSSL/crypto/include -isystem /usr/src/azl/BUILD/shim-15.8/include/system -isystem /usr/lib/gcc/aarch64-unknown-linux-gnu/13.2.0/include -DL_ENDIAN -D_CRT_SECURE_NO_DEPRECATE -D_CRT_NONSTDC_NO_DEPRECATE -DOPENSSL_SMALL_FOOTPRINT -DPEDANTIC -DMDE_CPU_AARCH64   -c -o crypto/evp/e_xcbc_d.o /usr/src/azl/BUILD/shim-15.8/Cryptlib/OpenSSL/crypto/evp/e_xcbc_d.c
gcc -std=gnu11 -ggdb -ffreestanding -fmacro-prefix-map=/usr/src/azl/BUILD/shim-15.8/= -fno-stack-protector -fno-strict-aliasing -fpic -fshort-wchar -nostdinc -Os -Wall -Wextra -Wno-missing-field-initializers -Wno-empty-body -Wno-implicit-fallthrough -Wno-old-style-declaration -Wno-unused-but-set-variable -Wno-unused-parameter -Werror -I/usr/src/azl/BUILD/shim-15.8/Cryptlib/OpenSSL -I/usr/src/azl/BUILD/shim-15.8/Cryptlib -I/usr/src/azl/BUILD/shim-15.8/Cryptlib/OpenSSL/Include/ -I/usr/src/azl/BUILD/shim-15.8/Cryptlib/OpenSSL/crypto -I/usr/src/azl/BUILD/shim-15.8/Cryptlib/Include -I/usr/src/azl/BUILD/shim-15.8/gnu-efi/inc -I/usr/src/azl/BUILD/shim-15.8/gnu-efi/inc/aarch64 -I/usr/src/azl/BUILD/shim-15.8/gnu-efi/inc/protocol -I/usr/src/azl/BUILD/shim-15.8/Cryptlib/OpenSSL/crypto/asn1 -I/usr/src/azl/BUILD/shim-15.8/Cryptlib/OpenSSL/crypto/evp -I/usr/src/azl/BUILD/shim-15.8/Cryptlib/OpenSSL/crypto/modes -I/usr/src/azl/BUILD/shim-15.8/Cryptlib/OpenSSL/crypto/include -isystem /usr/src/azl/BUILD/shim-15.8/include/system -isystem /usr/lib/gcc/aarch64-unknown-linux-gnu/13.2.0/include -DL_ENDIAN -D_CRT_SECURE_NO_DEPRECATE -D_CRT_NONSTDC_NO_DEPRECATE -DOPENSSL_SMALL_FOOTPRINT -DPEDANTIC -DMDE_CPU_AARCH64   -c -o crypto/evp/e_rc2.o /usr/src/azl/BUILD/shim-15.8/Cryptlib/OpenSSL/crypto/evp/e_rc2.c
gcc -std=gnu11 -ggdb -ffreestanding -fmacro-prefix-map=/usr/src/azl/BUILD/shim-15.8/= -fno-stack-protector -fno-strict-aliasing -fpic -fshort-wchar -nostdinc -Os -Wall -Wextra -Wno-missing-field-initializers -Wno-empty-body -Wno-implicit-fallthrough -Wno-old-style-declaration -Wno-unused-but-set-variable -Wno-unused-parameter -Werror -I/usr/src/azl/BUILD/shim-15.8/Cryptlib/OpenSSL -I/usr/src/azl/BUILD/shim-15.8/Cryptlib -I/usr/src/azl/BUILD/shim-15.8/Cryptlib/OpenSSL/Include/ -I/usr/src/azl/BUILD/shim-15.8/Cryptlib/OpenSSL/crypto -I/usr/src/azl/BUILD/shim-15.8/Cryptlib/Include -I/usr/src/azl/BUILD/shim-15.8/gnu-efi/inc -I/usr/src/azl/BUILD/shim-15.8/gnu-efi/inc/aarch64 -I/usr/src/azl/BUILD/shim-15.8/gnu-efi/inc/protocol -I/usr/src/azl/BUILD/shim-15.8/Cryptlib/OpenSSL/crypto/asn1 -I/usr/src/azl/BUILD/shim-15.8/Cryptlib/OpenSSL/crypto/evp -I/usr/src/azl/BUILD/shim-15.8/Cryptlib/OpenSSL/crypto/modes -I/usr/src/azl/BUILD/shim-15.8/Cryptlib/OpenSSL/crypto/include -isystem /usr/src/azl/BUILD/shim-15.8/include/system -isystem /usr/lib/gcc/aarch64-unknown-linux-gnu/13.2.0/include -DL_ENDIAN -D_CRT_SECURE_NO_DEPRECATE -D_CRT_NONSTDC_NO_DEPRECATE -DOPENSSL_SMALL_FOOTPRINT -DPEDANTIC -DMDE_CPU_AARCH64   -c -o crypto/evp/e_cast.o /usr/src/azl/BUILD/shim-15.8/Cryptlib/OpenSSL/crypto/evp/e_cast.c
gcc -std=gnu11 -ggdb -ffreestanding -fmacro-prefix-map=/usr/src/azl/BUILD/shim-15.8/= -fno-stack-protector -fno-strict-aliasing -fpic -fshort-wchar -nostdinc -Os -Wall -Wextra -Wno-missing-field-initializers -Wno-empty-body -Wno-implicit-fallthrough -Wno-old-style-declaration -Wno-unused-but-set-variable -Wno-unused-parameter -Werror -I/usr/src/azl/BUILD/shim-15.8/Cryptlib/OpenSSL -I/usr/src/azl/BUILD/shim-15.8/Cryptlib -I/usr/src/azl/BUILD/shim-15.8/Cryptlib/OpenSSL/Include/ -I/usr/src/azl/BUILD/shim-15.8/Cryptlib/OpenSSL/crypto -I/usr/src/azl/BUILD/shim-15.8/Cryptlib/Include -I/usr/src/azl/BUILD/shim-15.8/gnu-efi/inc -I/usr/src/azl/BUILD/shim-15.8/gnu-efi/inc/aarch64 -I/usr/src/azl/BUILD/shim-15.8/gnu-efi/inc/protocol -I/usr/src/azl/BUILD/shim-15.8/Cryptlib/OpenSSL/crypto/asn1 -I/usr/src/azl/BUILD/shim-15.8/Cryptlib/OpenSSL/crypto/evp -I/usr/src/azl/BUILD/shim-15.8/Cryptlib/OpenSSL/crypto/modes -I/usr/src/azl/BUILD/shim-15.8/Cryptlib/OpenSSL/crypto/include -isystem /usr/src/azl/BUILD/shim-15.8/include/system -isystem /usr/lib/gcc/aarch64-unknown-linux-gnu/13.2.0/include -DL_ENDIAN -D_CRT_SECURE_NO_DEPRECATE -D_CRT_NONSTDC_NO_DEPRECATE -DOPENSSL_SMALL_FOOTPRINT -DPEDANTIC -DMDE_CPU_AARCH64   -c -o crypto/evp/e_rc5.o /usr/src/azl/BUILD/shim-15.8/Cryptlib/OpenSSL/crypto/evp/e_rc5.c
gcc -std=gnu11 -ggdb -ffreestanding -fmacro-prefix-map=/usr/src/azl/BUILD/shim-15.8/= -fno-stack-protector -fno-strict-aliasing -fpic -fshort-wchar -nostdinc -Os -Wall -Wextra -Wno-missing-field-initializers -Wno-empty-body -Wno-implicit-fallthrough -Wno-old-style-declaration -Wno-unused-but-set-variable -Wno-unused-parameter -Werror -I/usr/src/azl/BUILD/shim-15.8/Cryptlib/OpenSSL -I/usr/src/azl/BUILD/shim-15.8/Cryptlib -I/usr/src/azl/BUILD/shim-15.8/Cryptlib/OpenSSL/Include/ -I/usr/src/azl/BUILD/shim-15.8/Cryptlib/OpenSSL/crypto -I/usr/src/azl/BUILD/shim-15.8/Cryptlib/Include -I/usr/src/azl/BUILD/shim-15.8/gnu-efi/inc -I/usr/src/azl/BUILD/shim-15.8/gnu-efi/inc/aarch64 -I/usr/src/azl/BUILD/shim-15.8/gnu-efi/inc/protocol -I/usr/src/azl/BUILD/shim-15.8/Cryptlib/OpenSSL/crypto/asn1 -I/usr/src/azl/BUILD/shim-15.8/Cryptlib/OpenSSL/crypto/evp -I/usr/src/azl/BUILD/shim-15.8/Cryptlib/OpenSSL/crypto/modes -I/usr/src/azl/BUILD/shim-15.8/Cryptlib/OpenSSL/crypto/include -isystem /usr/src/azl/BUILD/shim-15.8/include/system -isystem /usr/lib/gcc/aarch64-unknown-linux-gnu/13.2.0/include -DL_ENDIAN -D_CRT_SECURE_NO_DEPRECATE -D_CRT_NONSTDC_NO_DEPRECATE -DOPENSSL_SMALL_FOOTPRINT -DPEDANTIC -DMDE_CPU_AARCH64   -c -o crypto/evp/m_null.o /usr/src/azl/BUILD/shim-15.8/Cryptlib/OpenSSL/crypto/evp/m_null.c
gcc -std=gnu11 -ggdb -ffreestanding -fmacro-prefix-map=/usr/src/azl/BUILD/shim-15.8/= -fno-stack-protector -fno-strict-aliasing -fpic -fshort-wchar -nostdinc -Os -Wall -Wextra -Wno-missing-field-initializers -Wno-empty-body -Wno-implicit-fallthrough -Wno-old-style-declaration -Wno-unused-but-set-variable -Wno-unused-parameter -Werror -I/usr/src/azl/BUILD/shim-15.8/Cryptlib/OpenSSL -I/usr/src/azl/BUILD/shim-15.8/Cryptlib -I/usr/src/azl/BUILD/shim-15.8/Cryptlib/OpenSSL/Include/ -I/usr/src/azl/BUILD/shim-15.8/Cryptlib/OpenSSL/crypto -I/usr/src/azl/BUILD/shim-15.8/Cryptlib/Include -I/usr/src/azl/BUILD/shim-15.8/gnu-efi/inc -I/usr/src/azl/BUILD/shim-15.8/gnu-efi/inc/aarch64 -I/usr/src/azl/BUILD/shim-15.8/gnu-efi/inc/protocol -I/usr/src/azl/BUILD/shim-15.8/Cryptlib/OpenSSL/crypto/asn1 -I/usr/src/azl/BUILD/shim-15.8/Cryptlib/OpenSSL/crypto/evp -I/usr/src/azl/BUILD/shim-15.8/Cryptlib/OpenSSL/crypto/modes -I/usr/src/azl/BUILD/shim-15.8/Cryptlib/OpenSSL/crypto/include -isystem /usr/src/azl/BUILD/shim-15.8/include/system -isystem /usr/lib/gcc/aarch64-unknown-linux-gnu/13.2.0/include -DL_ENDIAN -D_CRT_SECURE_NO_DEPRECATE -D_CRT_NONSTDC_NO_DEPRECATE -DOPENSSL_SMALL_FOOTPRINT -DPEDANTIC -DMDE_CPU_AARCH64   -c -o crypto/evp/m_md2.o /usr/src/azl/BUILD/shim-15.8/Cryptlib/OpenSSL/crypto/evp/m_md2.c
gcc -std=gnu11 -ggdb -ffreestanding -fmacro-prefix-map=/usr/src/azl/BUILD/shim-15.8/= -fno-stack-protector -fno-strict-aliasing -fpic -fshort-wchar -nostdinc -Os -Wall -Wextra -Wno-missing-field-initializers -Wno-empty-body -Wno-implicit-fallthrough -Wno-old-style-declaration -Wno-unused-but-set-variable -Wno-unused-parameter -Werror -I/usr/src/azl/BUILD/shim-15.8/Cryptlib/OpenSSL -I/usr/src/azl/BUILD/shim-15.8/Cryptlib -I/usr/src/azl/BUILD/shim-15.8/Cryptlib/OpenSSL/Include/ -I/usr/src/azl/BUILD/shim-15.8/Cryptlib/OpenSSL/crypto -I/usr/src/azl/BUILD/shim-15.8/Cryptlib/Include -I/usr/src/azl/BUILD/shim-15.8/gnu-efi/inc -I/usr/src/azl/BUILD/shim-15.8/gnu-efi/inc/aarch64 -I/usr/src/azl/BUILD/shim-15.8/gnu-efi/inc/protocol -I/usr/src/azl/BUILD/shim-15.8/Cryptlib/OpenSSL/crypto/asn1 -I/usr/src/azl/BUILD/shim-15.8/Cryptlib/OpenSSL/crypto/evp -I/usr/src/azl/BUILD/shim-15.8/Cryptlib/OpenSSL/crypto/modes -I/usr/src/azl/BUILD/shim-15.8/Cryptlib/OpenSSL/crypto/include -isystem /usr/src/azl/BUILD/shim-15.8/include/system -isystem /usr/lib/gcc/aarch64-unknown-linux-gnu/13.2.0/include -DL_ENDIAN -D_CRT_SECURE_NO_DEPRECATE -D_CRT_NONSTDC_NO_DEPRECATE -DOPENSSL_SMALL_FOOTPRINT -DPEDANTIC -DMDE_CPU_AARCH64   -c -o crypto/evp/m_md4.o /usr/src/azl/BUILD/shim-15.8/Cryptlib/OpenSSL/crypto/evp/m_md4.c
gcc -std=gnu11 -ggdb -ffreestanding -fmacro-prefix-map=/usr/src/azl/BUILD/shim-15.8/= -fno-stack-protector -fno-strict-aliasing -fpic -fshort-wchar -nostdinc -Os -Wall -Wextra -Wno-missing-field-initializers -Wno-empty-body -Wno-implicit-fallthrough -Wno-old-style-declaration -Wno-unused-but-set-variable -Wno-unused-parameter -Werror -I/usr/src/azl/BUILD/shim-15.8/Cryptlib/OpenSSL -I/usr/src/azl/BUILD/shim-15.8/Cryptlib -I/usr/src/azl/BUILD/shim-15.8/Cryptlib/OpenSSL/Include/ -I/usr/src/azl/BUILD/shim-15.8/Cryptlib/OpenSSL/crypto -I/usr/src/azl/BUILD/shim-15.8/Cryptlib/Include -I/usr/src/azl/BUILD/shim-15.8/gnu-efi/inc -I/usr/src/azl/BUILD/shim-15.8/gnu-efi/inc/aarch64 -I/usr/src/azl/BUILD/shim-15.8/gnu-efi/inc/protocol -I/usr/src/azl/BUILD/shim-15.8/Cryptlib/OpenSSL/crypto/asn1 -I/usr/src/azl/BUILD/shim-15.8/Cryptlib/OpenSSL/crypto/evp -I/usr/src/azl/BUILD/shim-15.8/Cryptlib/OpenSSL/crypto/modes -I/usr/src/azl/BUILD/shim-15.8/Cryptlib/OpenSSL/crypto/include -isystem /usr/src/azl/BUILD/shim-15.8/include/system -isystem /usr/lib/gcc/aarch64-unknown-linux-gnu/13.2.0/include -DL_ENDIAN -D_CRT_SECURE_NO_DEPRECATE -D_CRT_NONSTDC_NO_DEPRECATE -DOPENSSL_SMALL_FOOTPRINT -DPEDANTIC -DMDE_CPU_AARCH64   -c -o crypto/evp/m_md5.o /usr/src/azl/BUILD/shim-15.8/Cryptlib/OpenSSL/crypto/evp/m_md5.c
gcc -std=gnu11 -ggdb -ffreestanding -fmacro-prefix-map=/usr/src/azl/BUILD/shim-15.8/= -fno-stack-protector -fno-strict-aliasing -fpic -fshort-wchar -nostdinc -Os -Wall -Wextra -Wno-missing-field-initializers -Wno-empty-body -Wno-implicit-fallthrough -Wno-old-style-declaration -Wno-unused-but-set-variable -Wno-unused-parameter -Werror -I/usr/src/azl/BUILD/shim-15.8/Cryptlib/OpenSSL -I/usr/src/azl/BUILD/shim-15.8/Cryptlib -I/usr/src/azl/BUILD/shim-15.8/Cryptlib/OpenSSL/Include/ -I/usr/src/azl/BUILD/shim-15.8/Cryptlib/OpenSSL/crypto -I/usr/src/azl/BUILD/shim-15.8/Cryptlib/Include -I/usr/src/azl/BUILD/shim-15.8/gnu-efi/inc -I/usr/src/azl/BUILD/shim-15.8/gnu-efi/inc/aarch64 -I/usr/src/azl/BUILD/shim-15.8/gnu-efi/inc/protocol -I/usr/src/azl/BUILD/shim-15.8/Cryptlib/OpenSSL/crypto/asn1 -I/usr/src/azl/BUILD/shim-15.8/Cryptlib/OpenSSL/crypto/evp -I/usr/src/azl/BUILD/shim-15.8/Cryptlib/OpenSSL/crypto/modes -I/usr/src/azl/BUILD/shim-15.8/Cryptlib/OpenSSL/crypto/include -isystem /usr/src/azl/BUILD/shim-15.8/include/system -isystem /usr/lib/gcc/aarch64-unknown-linux-gnu/13.2.0/include -DL_ENDIAN -D_CRT_SECURE_NO_DEPRECATE -D_CRT_NONSTDC_NO_DEPRECATE -DOPENSSL_SMALL_FOOTPRINT -DPEDANTIC -DMDE_CPU_AARCH64   -c -o crypto/evp/m_sha.o /usr/src/azl/BUILD/shim-15.8/Cryptlib/OpenSSL/crypto/evp/m_sha.c
gcc -std=gnu11 -ggdb -ffreestanding -fmacro-prefix-map=/usr/src/azl/BUILD/shim-15.8/= -fno-stack-protector -fno-strict-aliasing -fpic -fshort-wchar -nostdinc -Os -Wall -Wextra -Wno-missing-field-initializers -Wno-empty-body -Wno-implicit-fallthrough -Wno-old-style-declaration -Wno-unused-but-set-variable -Wno-unused-parameter -Werror -I/usr/src/azl/BUILD/shim-15.8/Cryptlib/OpenSSL -I/usr/src/azl/BUILD/shim-15.8/Cryptlib -I/usr/src/azl/BUILD/shim-15.8/Cryptlib/OpenSSL/Include/ -I/usr/src/azl/BUILD/shim-15.8/Cryptlib/OpenSSL/crypto -I/usr/src/azl/BUILD/shim-15.8/Cryptlib/Include -I/usr/src/azl/BUILD/shim-15.8/gnu-efi/inc -I/usr/src/azl/BUILD/shim-15.8/gnu-efi/inc/aarch64 -I/usr/src/azl/BUILD/shim-15.8/gnu-efi/inc/protocol -I/usr/src/azl/BUILD/shim-15.8/Cryptlib/OpenSSL/crypto/asn1 -I/usr/src/azl/BUILD/shim-15.8/Cryptlib/OpenSSL/crypto/evp -I/usr/src/azl/BUILD/shim-15.8/Cryptlib/OpenSSL/crypto/modes -I/usr/src/azl/BUILD/shim-15.8/Cryptlib/OpenSSL/crypto/include -isystem /usr/src/azl/BUILD/shim-15.8/include/system -isystem /usr/lib/gcc/aarch64-unknown-linux-gnu/13.2.0/include -DL_ENDIAN -D_CRT_SECURE_NO_DEPRECATE -D_CRT_NONSTDC_NO_DEPRECATE -DOPENSSL_SMALL_FOOTPRINT -DPEDANTIC -DMDE_CPU_AARCH64   -c -o crypto/evp/m_sha1.o /usr/src/azl/BUILD/shim-15.8/Cryptlib/OpenSSL/crypto/evp/m_sha1.c
gcc -std=gnu11 -ggdb -ffreestanding -fmacro-prefix-map=/usr/src/azl/BUILD/shim-15.8/= -fno-stack-protector -fno-strict-aliasing -fpic -fshort-wchar -nostdinc -Os -Wall -Wextra -Wno-missing-field-initializers -Wno-empty-body -Wno-implicit-fallthrough -Wno-old-style-declaration -Wno-unused-but-set-variable -Wno-unused-parameter -Werror -I/usr/src/azl/BUILD/shim-15.8/Cryptlib/OpenSSL -I/usr/src/azl/BUILD/shim-15.8/Cryptlib -I/usr/src/azl/BUILD/shim-15.8/Cryptlib/OpenSSL/Include/ -I/usr/src/azl/BUILD/shim-15.8/Cryptlib/OpenSSL/crypto -I/usr/src/azl/BUILD/shim-15.8/Cryptlib/Include -I/usr/src/azl/BUILD/shim-15.8/gnu-efi/inc -I/usr/src/azl/BUILD/shim-15.8/gnu-efi/inc/aarch64 -I/usr/src/azl/BUILD/shim-15.8/gnu-efi/inc/protocol -I/usr/src/azl/BUILD/shim-15.8/Cryptlib/OpenSSL/crypto/asn1 -I/usr/src/azl/BUILD/shim-15.8/Cryptlib/OpenSSL/crypto/evp -I/usr/src/azl/BUILD/shim-15.8/Cryptlib/OpenSSL/crypto/modes -I/usr/src/azl/BUILD/shim-15.8/Cryptlib/OpenSSL/crypto/include -isystem /usr/src/azl/BUILD/shim-15.8/include/system -isystem /usr/lib/gcc/aarch64-unknown-linux-gnu/13.2.0/include -DL_ENDIAN -D_CRT_SECURE_NO_DEPRECATE -D_CRT_NONSTDC_NO_DEPRECATE -DOPENSSL_SMALL_FOOTPRINT -DPEDANTIC -DMDE_CPU_AARCH64   -c -o crypto/evp/m_wp.o /usr/src/azl/BUILD/shim-15.8/Cryptlib/OpenSSL/crypto/evp/m_wp.c
gcc -std=gnu11 -ggdb -ffreestanding -fmacro-prefix-map=/usr/src/azl/BUILD/shim-15.8/= -fno-stack-protector -fno-strict-aliasing -fpic -fshort-wchar -nostdinc -Os -Wall -Wextra -Wno-missing-field-initializers -Wno-empty-body -Wno-implicit-fallthrough -Wno-old-style-declaration -Wno-unused-but-set-variable -Wno-unused-parameter -Werror -I/usr/src/azl/BUILD/shim-15.8/Cryptlib/OpenSSL -I/usr/src/azl/BUILD/shim-15.8/Cryptlib -I/usr/src/azl/BUILD/shim-15.8/Cryptlib/OpenSSL/Include/ -I/usr/src/azl/BUILD/shim-15.8/Cryptlib/OpenSSL/crypto -I/usr/src/azl/BUILD/shim-15.8/Cryptlib/Include -I/usr/src/azl/BUILD/shim-15.8/gnu-efi/inc -I/usr/src/azl/BUILD/shim-15.8/gnu-efi/inc/aarch64 -I/usr/src/azl/BUILD/shim-15.8/gnu-efi/inc/protocol -I/usr/src/azl/BUILD/shim-15.8/Cryptlib/OpenSSL/crypto/asn1 -I/usr/src/azl/BUILD/shim-15.8/Cryptlib/OpenSSL/crypto/evp -I/usr/src/azl/BUILD/shim-15.8/Cryptlib/OpenSSL/crypto/modes -I/usr/src/azl/BUILD/shim-15.8/Cryptlib/OpenSSL/crypto/include -isystem /usr/src/azl/BUILD/shim-15.8/include/system -isystem /usr/lib/gcc/aarch64-unknown-linux-gnu/13.2.0/include -DL_ENDIAN -D_CRT_SECURE_NO_DEPRECATE -D_CRT_NONSTDC_NO_DEPRECATE -DOPENSSL_SMALL_FOOTPRINT -DPEDANTIC -DMDE_CPU_AARCH64   -c -o crypto/evp/m_dss.o /usr/src/azl/BUILD/shim-15.8/Cryptlib/OpenSSL/crypto/evp/m_dss.c
gcc -std=gnu11 -ggdb -ffreestanding -fmacro-prefix-map=/usr/src/azl/BUILD/shim-15.8/= -fno-stack-protector -fno-strict-aliasing -fpic -fshort-wchar -nostdinc -Os -Wall -Wextra -Wno-missing-field-initializers -Wno-empty-body -Wno-implicit-fallthrough -Wno-old-style-declaration -Wno-unused-but-set-variable -Wno-unused-parameter -Werror -I/usr/src/azl/BUILD/shim-15.8/Cryptlib/OpenSSL -I/usr/src/azl/BUILD/shim-15.8/Cryptlib -I/usr/src/azl/BUILD/shim-15.8/Cryptlib/OpenSSL/Include/ -I/usr/src/azl/BUILD/shim-15.8/Cryptlib/OpenSSL/crypto -I/usr/src/azl/BUILD/shim-15.8/Cryptlib/Include -I/usr/src/azl/BUILD/shim-15.8/gnu-efi/inc -I/usr/src/azl/BUILD/shim-15.8/gnu-efi/inc/aarch64 -I/usr/src/azl/BUILD/shim-15.8/gnu-efi/inc/protocol -I/usr/src/azl/BUILD/shim-15.8/Cryptlib/OpenSSL/crypto/asn1 -I/usr/src/azl/BUILD/shim-15.8/Cryptlib/OpenSSL/crypto/evp -I/usr/src/azl/BUILD/shim-15.8/Cryptlib/OpenSSL/crypto/modes -I/usr/src/azl/BUILD/shim-15.8/Cryptlib/OpenSSL/crypto/include -isystem /usr/src/azl/BUILD/shim-15.8/include/system -isystem /usr/lib/gcc/aarch64-unknown-linux-gnu/13.2.0/include -DL_ENDIAN -D_CRT_SECURE_NO_DEPRECATE -D_CRT_NONSTDC_NO_DEPRECATE -DOPENSSL_SMALL_FOOTPRINT -DPEDANTIC -DMDE_CPU_AARCH64   -c -o crypto/evp/m_dss1.o /usr/src/azl/BUILD/shim-15.8/Cryptlib/OpenSSL/crypto/evp/m_dss1.c
gcc -std=gnu11 -ggdb -ffreestanding -fmacro-prefix-map=/usr/src/azl/BUILD/shim-15.8/= -fno-stack-protector -fno-strict-aliasing -fpic -fshort-wchar -nostdinc -Os -Wall -Wextra -Wno-missing-field-initializers -Wno-empty-body -Wno-implicit-fallthrough -Wno-old-style-declaration -Wno-unused-but-set-variable -Wno-unused-parameter -Werror -I/usr/src/azl/BUILD/shim-15.8/Cryptlib/OpenSSL -I/usr/src/azl/BUILD/shim-15.8/Cryptlib -I/usr/src/azl/BUILD/shim-15.8/Cryptlib/OpenSSL/Include/ -I/usr/src/azl/BUILD/shim-15.8/Cryptlib/OpenSSL/crypto -I/usr/src/azl/BUILD/shim-15.8/Cryptlib/Include -I/usr/src/azl/BUILD/shim-15.8/gnu-efi/inc -I/usr/src/azl/BUILD/shim-15.8/gnu-efi/inc/aarch64 -I/usr/src/azl/BUILD/shim-15.8/gnu-efi/inc/protocol -I/usr/src/azl/BUILD/shim-15.8/Cryptlib/OpenSSL/crypto/asn1 -I/usr/src/azl/BUILD/shim-15.8/Cryptlib/OpenSSL/crypto/evp -I/usr/src/azl/BUILD/shim-15.8/Cryptlib/OpenSSL/crypto/modes -I/usr/src/azl/BUILD/shim-15.8/Cryptlib/OpenSSL/crypto/include -isystem /usr/src/azl/BUILD/shim-15.8/include/system -isystem /usr/lib/gcc/aarch64-unknown-linux-gnu/13.2.0/include -DL_ENDIAN -D_CRT_SECURE_NO_DEPRECATE -D_CRT_NONSTDC_NO_DEPRECATE -DOPENSSL_SMALL_FOOTPRINT -DPEDANTIC -DMDE_CPU_AARCH64   -c -o crypto/evp/m_mdc2.o /usr/src/azl/BUILD/shim-15.8/Cryptlib/OpenSSL/crypto/evp/m_mdc2.c
gcc -std=gnu11 -ggdb -ffreestanding -fmacro-prefix-map=/usr/src/azl/BUILD/shim-15.8/= -fno-stack-protector -fno-strict-aliasing -fpic -fshort-wchar -nostdinc -Os -Wall -Wextra -Wno-missing-field-initializers -Wno-empty-body -Wno-implicit-fallthrough -Wno-old-style-declaration -Wno-unused-but-set-variable -Wno-unused-parameter -Werror -I/usr/src/azl/BUILD/shim-15.8/Cryptlib/OpenSSL -I/usr/src/azl/BUILD/shim-15.8/Cryptlib -I/usr/src/azl/BUILD/shim-15.8/Cryptlib/OpenSSL/Include/ -I/usr/src/azl/BUILD/shim-15.8/Cryptlib/OpenSSL/crypto -I/usr/src/azl/BUILD/shim-15.8/Cryptlib/Include -I/usr/src/azl/BUILD/shim-15.8/gnu-efi/inc -I/usr/src/azl/BUILD/shim-15.8/gnu-efi/inc/aarch64 -I/usr/src/azl/BUILD/shim-15.8/gnu-efi/inc/protocol -I/usr/src/azl/BUILD/shim-15.8/Cryptlib/OpenSSL/crypto/asn1 -I/usr/src/azl/BUILD/shim-15.8/Cryptlib/OpenSSL/crypto/evp -I/usr/src/azl/BUILD/shim-15.8/Cryptlib/OpenSSL/crypto/modes -I/usr/src/azl/BUILD/shim-15.8/Cryptlib/OpenSSL/crypto/include -isystem /usr/src/azl/BUILD/shim-15.8/include/system -isystem /usr/lib/gcc/aarch64-unknown-linux-gnu/13.2.0/include -DL_ENDIAN -D_CRT_SECURE_NO_DEPRECATE -D_CRT_NONSTDC_NO_DEPRECATE -DOPENSSL_SMALL_FOOTPRINT -DPEDANTIC -DMDE_CPU_AARCH64   -c -o crypto/evp/m_ripemd.o /usr/src/azl/BUILD/shim-15.8/Cryptlib/OpenSSL/crypto/evp/m_ripemd.c
gcc -std=gnu11 -ggdb -ffreestanding -fmacro-prefix-map=/usr/src/azl/BUILD/shim-15.8/= -fno-stack-protector -fno-strict-aliasing -fpic -fshort-wchar -nostdinc -Os -Wall -Wextra -Wno-missing-field-initializers -Wno-empty-body -Wno-implicit-fallthrough -Wno-old-style-declaration -Wno-unused-but-set-variable -Wno-unused-parameter -Werror -I/usr/src/azl/BUILD/shim-15.8/Cryptlib/OpenSSL -I/usr/src/azl/BUILD/shim-15.8/Cryptlib -I/usr/src/azl/BUILD/shim-15.8/Cryptlib/OpenSSL/Include/ -I/usr/src/azl/BUILD/shim-15.8/Cryptlib/OpenSSL/crypto -I/usr/src/azl/BUILD/shim-15.8/Cryptlib/Include -I/usr/src/azl/BUILD/shim-15.8/gnu-efi/inc -I/usr/src/azl/BUILD/shim-15.8/gnu-efi/inc/aarch64 -I/usr/src/azl/BUILD/shim-15.8/gnu-efi/inc/protocol -I/usr/src/azl/BUILD/shim-15.8/Cryptlib/OpenSSL/crypto/asn1 -I/usr/src/azl/BUILD/shim-15.8/Cryptlib/OpenSSL/crypto/evp -I/usr/src/azl/BUILD/shim-15.8/Cryptlib/OpenSSL/crypto/modes -I/usr/src/azl/BUILD/shim-15.8/Cryptlib/OpenSSL/crypto/include -isystem /usr/src/azl/BUILD/shim-15.8/include/system -isystem /usr/lib/gcc/aarch64-unknown-linux-gnu/13.2.0/include -DL_ENDIAN -D_CRT_SECURE_NO_DEPRECATE -D_CRT_NONSTDC_NO_DEPRECATE -DOPENSSL_SMALL_FOOTPRINT -DPEDANTIC -DMDE_CPU_AARCH64   -c -o crypto/evp/m_ecdsa.o /usr/src/azl/BUILD/shim-15.8/Cryptlib/OpenSSL/crypto/evp/m_ecdsa.c
gcc -std=gnu11 -ggdb -ffreestanding -fmacro-prefix-map=/usr/src/azl/BUILD/shim-15.8/= -fno-stack-protector -fno-strict-aliasing -fpic -fshort-wchar -nostdinc -Os -Wall -Wextra -Wno-missing-field-initializers -Wno-empty-body -Wno-implicit-fallthrough -Wno-old-style-declaration -Wno-unused-but-set-variable -Wno-unused-parameter -Werror -I/usr/src/azl/BUILD/shim-15.8/Cryptlib/OpenSSL -I/usr/src/azl/BUILD/shim-15.8/Cryptlib -I/usr/src/azl/BUILD/shim-15.8/Cryptlib/OpenSSL/Include/ -I/usr/src/azl/BUILD/shim-15.8/Cryptlib/OpenSSL/crypto -I/usr/src/azl/BUILD/shim-15.8/Cryptlib/Include -I/usr/src/azl/BUILD/shim-15.8/gnu-efi/inc -I/usr/src/azl/BUILD/shim-15.8/gnu-efi/inc/aarch64 -I/usr/src/azl/BUILD/shim-15.8/gnu-efi/inc/protocol -I/usr/src/azl/BUILD/shim-15.8/Cryptlib/OpenSSL/crypto/asn1 -I/usr/src/azl/BUILD/shim-15.8/Cryptlib/OpenSSL/crypto/evp -I/usr/src/azl/BUILD/shim-15.8/Cryptlib/OpenSSL/crypto/modes -I/usr/src/azl/BUILD/shim-15.8/Cryptlib/OpenSSL/crypto/include -isystem /usr/src/azl/BUILD/shim-15.8/include/system -isystem /usr/lib/gcc/aarch64-unknown-linux-gnu/13.2.0/include -DL_ENDIAN -D_CRT_SECURE_NO_DEPRECATE -D_CRT_NONSTDC_NO_DEPRECATE -DOPENSSL_SMALL_FOOTPRINT -DPEDANTIC -DMDE_CPU_AARCH64   -c -o crypto/evp/p_open.o /usr/src/azl/BUILD/shim-15.8/Cryptlib/OpenSSL/crypto/evp/p_open.c
gcc -std=gnu11 -ggdb -ffreestanding -fmacro-prefix-map=/usr/src/azl/BUILD/shim-15.8/= -fno-stack-protector -fno-strict-aliasing -fpic -fshort-wchar -nostdinc -Os -Wall -Wextra -Wno-missing-field-initializers -Wno-empty-body -Wno-implicit-fallthrough -Wno-old-style-declaration -Wno-unused-but-set-variable -Wno-unused-parameter -Werror -I/usr/src/azl/BUILD/shim-15.8/Cryptlib/OpenSSL -I/usr/src/azl/BUILD/shim-15.8/Cryptlib -I/usr/src/azl/BUILD/shim-15.8/Cryptlib/OpenSSL/Include/ -I/usr/src/azl/BUILD/shim-15.8/Cryptlib/OpenSSL/crypto -I/usr/src/azl/BUILD/shim-15.8/Cryptlib/Include -I/usr/src/azl/BUILD/shim-15.8/gnu-efi/inc -I/usr/src/azl/BUILD/shim-15.8/gnu-efi/inc/aarch64 -I/usr/src/azl/BUILD/shim-15.8/gnu-efi/inc/protocol -I/usr/src/azl/BUILD/shim-15.8/Cryptlib/OpenSSL/crypto/asn1 -I/usr/src/azl/BUILD/shim-15.8/Cryptlib/OpenSSL/crypto/evp -I/usr/src/azl/BUILD/shim-15.8/Cryptlib/OpenSSL/crypto/modes -I/usr/src/azl/BUILD/shim-15.8/Cryptlib/OpenSSL/crypto/include -isystem /usr/src/azl/BUILD/shim-15.8/include/system -isystem /usr/lib/gcc/aarch64-unknown-linux-gnu/13.2.0/include -DL_ENDIAN -D_CRT_SECURE_NO_DEPRECATE -D_CRT_NONSTDC_NO_DEPRECATE -DOPENSSL_SMALL_FOOTPRINT -DPEDANTIC -DMDE_CPU_AARCH64   -c -o crypto/evp/p_seal.o /usr/src/azl/BUILD/shim-15.8/Cryptlib/OpenSSL/crypto/evp/p_seal.c
gcc -std=gnu11 -ggdb -ffreestanding -fmacro-prefix-map=/usr/src/azl/BUILD/shim-15.8/= -fno-stack-protector -fno-strict-aliasing -fpic -fshort-wchar -nostdinc -Os -Wall -Wextra -Wno-missing-field-initializers -Wno-empty-body -Wno-implicit-fallthrough -Wno-old-style-declaration -Wno-unused-but-set-variable -Wno-unused-parameter -Werror -I/usr/src/azl/BUILD/shim-15.8/Cryptlib/OpenSSL -I/usr/src/azl/BUILD/shim-15.8/Cryptlib -I/usr/src/azl/BUILD/shim-15.8/Cryptlib/OpenSSL/Include/ -I/usr/src/azl/BUILD/shim-15.8/Cryptlib/OpenSSL/crypto -I/usr/src/azl/BUILD/shim-15.8/Cryptlib/Include -I/usr/src/azl/BUILD/shim-15.8/gnu-efi/inc -I/usr/src/azl/BUILD/shim-15.8/gnu-efi/inc/aarch64 -I/usr/src/azl/BUILD/shim-15.8/gnu-efi/inc/protocol -I/usr/src/azl/BUILD/shim-15.8/Cryptlib/OpenSSL/crypto/asn1 -I/usr/src/azl/BUILD/shim-15.8/Cryptlib/OpenSSL/crypto/evp -I/usr/src/azl/BUILD/shim-15.8/Cryptlib/OpenSSL/crypto/modes -I/usr/src/azl/BUILD/shim-15.8/Cryptlib/OpenSSL/crypto/include -isystem /usr/src/azl/BUILD/shim-15.8/include/system -isystem /usr/lib/gcc/aarch64-unknown-linux-gnu/13.2.0/include -DL_ENDIAN -D_CRT_SECURE_NO_DEPRECATE -D_CRT_NONSTDC_NO_DEPRECATE -DOPENSSL_SMALL_FOOTPRINT -DPEDANTIC -DMDE_CPU_AARCH64   -c -o crypto/evp/p_sign.o /usr/src/azl/BUILD/shim-15.8/Cryptlib/OpenSSL/crypto/evp/p_sign.c
gcc -std=gnu11 -ggdb -ffreestanding -fmacro-prefix-map=/usr/src/azl/BUILD/shim-15.8/= -fno-stack-protector -fno-strict-aliasing -fpic -fshort-wchar -nostdinc -Os -Wall -Wextra -Wno-missing-field-initializers -Wno-empty-body -Wno-implicit-fallthrough -Wno-old-style-declaration -Wno-unused-but-set-variable -Wno-unused-parameter -Werror -I/usr/src/azl/BUILD/shim-15.8/Cryptlib/OpenSSL -I/usr/src/azl/BUILD/shim-15.8/Cryptlib -I/usr/src/azl/BUILD/shim-15.8/Cryptlib/OpenSSL/Include/ -I/usr/src/azl/BUILD/shim-15.8/Cryptlib/OpenSSL/crypto -I/usr/src/azl/BUILD/shim-15.8/Cryptlib/Include -I/usr/src/azl/BUILD/shim-15.8/gnu-efi/inc -I/usr/src/azl/BUILD/shim-15.8/gnu-efi/inc/aarch64 -I/usr/src/azl/BUILD/shim-15.8/gnu-efi/inc/protocol -I/usr/src/azl/BUILD/shim-15.8/Cryptlib/OpenSSL/crypto/asn1 -I/usr/src/azl/BUILD/shim-15.8/Cryptlib/OpenSSL/crypto/evp -I/usr/src/azl/BUILD/shim-15.8/Cryptlib/OpenSSL/crypto/modes -I/usr/src/azl/BUILD/shim-15.8/Cryptlib/OpenSSL/crypto/include -isystem /usr/src/azl/BUILD/shim-15.8/include/system -isystem /usr/lib/gcc/aarch64-unknown-linux-gnu/13.2.0/include -DL_ENDIAN -D_CRT_SECURE_NO_DEPRECATE -D_CRT_NONSTDC_NO_DEPRECATE -DOPENSSL_SMALL_FOOTPRINT -DPEDANTIC -DMDE_CPU_AARCH64   -c -o crypto/evp/p_verify.o /usr/src/azl/BUILD/shim-15.8/Cryptlib/OpenSSL/crypto/evp/p_verify.c
gcc -std=gnu11 -ggdb -ffreestanding -fmacro-prefix-map=/usr/src/azl/BUILD/shim-15.8/= -fno-stack-protector -fno-strict-aliasing -fpic -fshort-wchar -nostdinc -Os -Wall -Wextra -Wno-missing-field-initializers -Wno-empty-body -Wno-implicit-fallthrough -Wno-old-style-declaration -Wno-unused-but-set-variable -Wno-unused-parameter -Werror -I/usr/src/azl/BUILD/shim-15.8/Cryptlib/OpenSSL -I/usr/src/azl/BUILD/shim-15.8/Cryptlib -I/usr/src/azl/BUILD/shim-15.8/Cryptlib/OpenSSL/Include/ -I/usr/src/azl/BUILD/shim-15.8/Cryptlib/OpenSSL/crypto -I/usr/src/azl/BUILD/shim-15.8/Cryptlib/Include -I/usr/src/azl/BUILD/shim-15.8/gnu-efi/inc -I/usr/src/azl/BUILD/shim-15.8/gnu-efi/inc/aarch64 -I/usr/src/azl/BUILD/shim-15.8/gnu-efi/inc/protocol -I/usr/src/azl/BUILD/shim-15.8/Cryptlib/OpenSSL/crypto/asn1 -I/usr/src/azl/BUILD/shim-15.8/Cryptlib/OpenSSL/crypto/evp -I/usr/src/azl/BUILD/shim-15.8/Cryptlib/OpenSSL/crypto/modes -I/usr/src/azl/BUILD/shim-15.8/Cryptlib/OpenSSL/crypto/include -isystem /usr/src/azl/BUILD/shim-15.8/include/system -isystem /usr/lib/gcc/aarch64-unknown-linux-gnu/13.2.0/include -DL_ENDIAN -D_CRT_SECURE_NO_DEPRECATE -D_CRT_NONSTDC_NO_DEPRECATE -DOPENSSL_SMALL_FOOTPRINT -DPEDANTIC -DMDE_CPU_AARCH64   -c -o crypto/evp/p_lib.o /usr/src/azl/BUILD/shim-15.8/Cryptlib/OpenSSL/crypto/evp/p_lib.c
gcc -std=gnu11 -ggdb -ffreestanding -fmacro-prefix-map=/usr/src/azl/BUILD/shim-15.8/= -fno-stack-protector -fno-strict-aliasing -fpic -fshort-wchar -nostdinc -Os -Wall -Wextra -Wno-missing-field-initializers -Wno-empty-body -Wno-implicit-fallthrough -Wno-old-style-declaration -Wno-unused-but-set-variable -Wno-unused-parameter -Werror -I/usr/src/azl/BUILD/shim-15.8/Cryptlib/OpenSSL -I/usr/src/azl/BUILD/shim-15.8/Cryptlib -I/usr/src/azl/BUILD/shim-15.8/Cryptlib/OpenSSL/Include/ -I/usr/src/azl/BUILD/shim-15.8/Cryptlib/OpenSSL/crypto -I/usr/src/azl/BUILD/shim-15.8/Cryptlib/Include -I/usr/src/azl/BUILD/shim-15.8/gnu-efi/inc -I/usr/src/azl/BUILD/shim-15.8/gnu-efi/inc/aarch64 -I/usr/src/azl/BUILD/shim-15.8/gnu-efi/inc/protocol -I/usr/src/azl/BUILD/shim-15.8/Cryptlib/OpenSSL/crypto/asn1 -I/usr/src/azl/BUILD/shim-15.8/Cryptlib/OpenSSL/crypto/evp -I/usr/src/azl/BUILD/shim-15.8/Cryptlib/OpenSSL/crypto/modes -I/usr/src/azl/BUILD/shim-15.8/Cryptlib/OpenSSL/crypto/include -isystem /usr/src/azl/BUILD/shim-15.8/include/system -isystem /usr/lib/gcc/aarch64-unknown-linux-gnu/13.2.0/include -DL_ENDIAN -D_CRT_SECURE_NO_DEPRECATE -D_CRT_NONSTDC_NO_DEPRECATE -DOPENSSL_SMALL_FOOTPRINT -DPEDANTIC -DMDE_CPU_AARCH64   -c -o crypto/evp/p_enc.o /usr/src/azl/BUILD/shim-15.8/Cryptlib/OpenSSL/crypto/evp/p_enc.c
gcc -std=gnu11 -ggdb -ffreestanding -fmacro-prefix-map=/usr/src/azl/BUILD/shim-15.8/= -fno-stack-protector -fno-strict-aliasing -fpic -fshort-wchar -nostdinc -Os -Wall -Wextra -Wno-missing-field-initializers -Wno-empty-body -Wno-implicit-fallthrough -Wno-old-style-declaration -Wno-unused-but-set-variable -Wno-unused-parameter -Werror -I/usr/src/azl/BUILD/shim-15.8/Cryptlib/OpenSSL -I/usr/src/azl/BUILD/shim-15.8/Cryptlib -I/usr/src/azl/BUILD/shim-15.8/Cryptlib/OpenSSL/Include/ -I/usr/src/azl/BUILD/shim-15.8/Cryptlib/OpenSSL/crypto -I/usr/src/azl/BUILD/shim-15.8/Cryptlib/Include -I/usr/src/azl/BUILD/shim-15.8/gnu-efi/inc -I/usr/src/azl/BUILD/shim-15.8/gnu-efi/inc/aarch64 -I/usr/src/azl/BUILD/shim-15.8/gnu-efi/inc/protocol -I/usr/src/azl/BUILD/shim-15.8/Cryptlib/OpenSSL/crypto/asn1 -I/usr/src/azl/BUILD/shim-15.8/Cryptlib/OpenSSL/crypto/evp -I/usr/src/azl/BUILD/shim-15.8/Cryptlib/OpenSSL/crypto/modes -I/usr/src/azl/BUILD/shim-15.8/Cryptlib/OpenSSL/crypto/include -isystem /usr/src/azl/BUILD/shim-15.8/include/system -isystem /usr/lib/gcc/aarch64-unknown-linux-gnu/13.2.0/include -DL_ENDIAN -D_CRT_SECURE_NO_DEPRECATE -D_CRT_NONSTDC_NO_DEPRECATE -DOPENSSL_SMALL_FOOTPRINT -DPEDANTIC -DMDE_CPU_AARCH64   -c -o crypto/evp/p_dec.o /usr/src/azl/BUILD/shim-15.8/Cryptlib/OpenSSL/crypto/evp/p_dec.c
gcc -std=gnu11 -ggdb -ffreestanding -fmacro-prefix-map=/usr/src/azl/BUILD/shim-15.8/= -fno-stack-protector -fno-strict-aliasing -fpic -fshort-wchar -nostdinc -Os -Wall -Wextra -Wno-missing-field-initializers -Wno-empty-body -Wno-implicit-fallthrough -Wno-old-style-declaration -Wno-unused-but-set-variable -Wno-unused-parameter -Werror -I/usr/src/azl/BUILD/shim-15.8/Cryptlib/OpenSSL -I/usr/src/azl/BUILD/shim-15.8/Cryptlib -I/usr/src/azl/BUILD/shim-15.8/Cryptlib/OpenSSL/Include/ -I/usr/src/azl/BUILD/shim-15.8/Cryptlib/OpenSSL/crypto -I/usr/src/azl/BUILD/shim-15.8/Cryptlib/Include -I/usr/src/azl/BUILD/shim-15.8/gnu-efi/inc -I/usr/src/azl/BUILD/shim-15.8/gnu-efi/inc/aarch64 -I/usr/src/azl/BUILD/shim-15.8/gnu-efi/inc/protocol -I/usr/src/azl/BUILD/shim-15.8/Cryptlib/OpenSSL/crypto/asn1 -I/usr/src/azl/BUILD/shim-15.8/Cryptlib/OpenSSL/crypto/evp -I/usr/src/azl/BUILD/shim-15.8/Cryptlib/OpenSSL/crypto/modes -I/usr/src/azl/BUILD/shim-15.8/Cryptlib/OpenSSL/crypto/include -isystem /usr/src/azl/BUILD/shim-15.8/include/system -isystem /usr/lib/gcc/aarch64-unknown-linux-gnu/13.2.0/include -DL_ENDIAN -D_CRT_SECURE_NO_DEPRECATE -D_CRT_NONSTDC_NO_DEPRECATE -DOPENSSL_SMALL_FOOTPRINT -DPEDANTIC -DMDE_CPU_AARCH64   -c -o crypto/evp/bio_md.o /usr/src/azl/BUILD/shim-15.8/Cryptlib/OpenSSL/crypto/evp/bio_md.c
gcc -std=gnu11 -ggdb -ffreestanding -fmacro-prefix-map=/usr/src/azl/BUILD/shim-15.8/= -fno-stack-protector -fno-strict-aliasing -fpic -fshort-wchar -nostdinc -Os -Wall -Wextra -Wno-missing-field-initializers -Wno-empty-body -Wno-implicit-fallthrough -Wno-old-style-declaration -Wno-unused-but-set-variable -Wno-unused-parameter -Werror -I/usr/src/azl/BUILD/shim-15.8/Cryptlib/OpenSSL -I/usr/src/azl/BUILD/shim-15.8/Cryptlib -I/usr/src/azl/BUILD/shim-15.8/Cryptlib/OpenSSL/Include/ -I/usr/src/azl/BUILD/shim-15.8/Cryptlib/OpenSSL/crypto -I/usr/src/azl/BUILD/shim-15.8/Cryptlib/Include -I/usr/src/azl/BUILD/shim-15.8/gnu-efi/inc -I/usr/src/azl/BUILD/shim-15.8/gnu-efi/inc/aarch64 -I/usr/src/azl/BUILD/shim-15.8/gnu-efi/inc/protocol -I/usr/src/azl/BUILD/shim-15.8/Cryptlib/OpenSSL/crypto/asn1 -I/usr/src/azl/BUILD/shim-15.8/Cryptlib/OpenSSL/crypto/evp -I/usr/src/azl/BUILD/shim-15.8/Cryptlib/OpenSSL/crypto/modes -I/usr/src/azl/BUILD/shim-15.8/Cryptlib/OpenSSL/crypto/include -isystem /usr/src/azl/BUILD/shim-15.8/include/system -isystem /usr/lib/gcc/aarch64-unknown-linux-gnu/13.2.0/include -DL_ENDIAN -D_CRT_SECURE_NO_DEPRECATE -D_CRT_NONSTDC_NO_DEPRECATE -DOPENSSL_SMALL_FOOTPRINT -DPEDANTIC -DMDE_CPU_AARCH64   -c -o crypto/evp/bio_b64.o /usr/src/azl/BUILD/shim-15.8/Cryptlib/OpenSSL/crypto/evp/bio_b64.c
gcc -std=gnu11 -ggdb -ffreestanding -fmacro-prefix-map=/usr/src/azl/BUILD/shim-15.8/= -fno-stack-protector -fno-strict-aliasing -fpic -fshort-wchar -nostdinc -Os -Wall -Wextra -Wno-missing-field-initializers -Wno-empty-body -Wno-implicit-fallthrough -Wno-old-style-declaration -Wno-unused-but-set-variable -Wno-unused-parameter -Werror -I/usr/src/azl/BUILD/shim-15.8/Cryptlib/OpenSSL -I/usr/src/azl/BUILD/shim-15.8/Cryptlib -I/usr/src/azl/BUILD/shim-15.8/Cryptlib/OpenSSL/Include/ -I/usr/src/azl/BUILD/shim-15.8/Cryptlib/OpenSSL/crypto -I/usr/src/azl/BUILD/shim-15.8/Cryptlib/Include -I/usr/src/azl/BUILD/shim-15.8/gnu-efi/inc -I/usr/src/azl/BUILD/shim-15.8/gnu-efi/inc/aarch64 -I/usr/src/azl/BUILD/shim-15.8/gnu-efi/inc/protocol -I/usr/src/azl/BUILD/shim-15.8/Cryptlib/OpenSSL/crypto/asn1 -I/usr/src/azl/BUILD/shim-15.8/Cryptlib/OpenSSL/crypto/evp -I/usr/src/azl/BUILD/shim-15.8/Cryptlib/OpenSSL/crypto/modes -I/usr/src/azl/BUILD/shim-15.8/Cryptlib/OpenSSL/crypto/include -isystem /usr/src/azl/BUILD/shim-15.8/include/system -isystem /usr/lib/gcc/aarch64-unknown-linux-gnu/13.2.0/include -DL_ENDIAN -D_CRT_SECURE_NO_DEPRECATE -D_CRT_NONSTDC_NO_DEPRECATE -DOPENSSL_SMALL_FOOTPRINT -DPEDANTIC -DMDE_CPU_AARCH64   -c -o crypto/evp/bio_enc.o /usr/src/azl/BUILD/shim-15.8/Cryptlib/OpenSSL/crypto/evp/bio_enc.c
gcc -std=gnu11 -ggdb -ffreestanding -fmacro-prefix-map=/usr/src/azl/BUILD/shim-15.8/= -fno-stack-protector -fno-strict-aliasing -fpic -fshort-wchar -nostdinc -Os -Wall -Wextra -Wno-missing-field-initializers -Wno-empty-body -Wno-implicit-fallthrough -Wno-old-style-declaration -Wno-unused-but-set-variable -Wno-unused-parameter -Werror -I/usr/src/azl/BUILD/shim-15.8/Cryptlib/OpenSSL -I/usr/src/azl/BUILD/shim-15.8/Cryptlib -I/usr/src/azl/BUILD/shim-15.8/Cryptlib/OpenSSL/Include/ -I/usr/src/azl/BUILD/shim-15.8/Cryptlib/OpenSSL/crypto -I/usr/src/azl/BUILD/shim-15.8/Cryptlib/Include -I/usr/src/azl/BUILD/shim-15.8/gnu-efi/inc -I/usr/src/azl/BUILD/shim-15.8/gnu-efi/inc/aarch64 -I/usr/src/azl/BUILD/shim-15.8/gnu-efi/inc/protocol -I/usr/src/azl/BUILD/shim-15.8/Cryptlib/OpenSSL/crypto/asn1 -I/usr/src/azl/BUILD/shim-15.8/Cryptlib/OpenSSL/crypto/evp -I/usr/src/azl/BUILD/shim-15.8/Cryptlib/OpenSSL/crypto/modes -I/usr/src/azl/BUILD/shim-15.8/Cryptlib/OpenSSL/crypto/include -isystem /usr/src/azl/BUILD/shim-15.8/include/system -isystem /usr/lib/gcc/aarch64-unknown-linux-gnu/13.2.0/include -DL_ENDIAN -D_CRT_SECURE_NO_DEPRECATE -D_CRT_NONSTDC_NO_DEPRECATE -DOPENSSL_SMALL_FOOTPRINT -DPEDANTIC -DMDE_CPU_AARCH64   -c -o crypto/evp/evp_err.o /usr/src/azl/BUILD/shim-15.8/Cryptlib/OpenSSL/crypto/evp/evp_err.c
gcc -std=gnu11 -ggdb -ffreestanding -fmacro-prefix-map=/usr/src/azl/BUILD/shim-15.8/= -fno-stack-protector -fno-strict-aliasing -fpic -fshort-wchar -nostdinc -Os -Wall -Wextra -Wno-missing-field-initializers -Wno-empty-body -Wno-implicit-fallthrough -Wno-old-style-declaration -Wno-unused-but-set-variable -Wno-unused-parameter -Werror -I/usr/src/azl/BUILD/shim-15.8/Cryptlib/OpenSSL -I/usr/src/azl/BUILD/shim-15.8/Cryptlib -I/usr/src/azl/BUILD/shim-15.8/Cryptlib/OpenSSL/Include/ -I/usr/src/azl/BUILD/shim-15.8/Cryptlib/OpenSSL/crypto -I/usr/src/azl/BUILD/shim-15.8/Cryptlib/Include -I/usr/src/azl/BUILD/shim-15.8/gnu-efi/inc -I/usr/src/azl/BUILD/shim-15.8/gnu-efi/inc/aarch64 -I/usr/src/azl/BUILD/shim-15.8/gnu-efi/inc/protocol -I/usr/src/azl/BUILD/shim-15.8/Cryptlib/OpenSSL/crypto/asn1 -I/usr/src/azl/BUILD/shim-15.8/Cryptlib/OpenSSL/crypto/evp -I/usr/src/azl/BUILD/shim-15.8/Cryptlib/OpenSSL/crypto/modes -I/usr/src/azl/BUILD/shim-15.8/Cryptlib/OpenSSL/crypto/include -isystem /usr/src/azl/BUILD/shim-15.8/include/system -isystem /usr/lib/gcc/aarch64-unknown-linux-gnu/13.2.0/include -DL_ENDIAN -D_CRT_SECURE_NO_DEPRECATE -D_CRT_NONSTDC_NO_DEPRECATE -DOPENSSL_SMALL_FOOTPRINT -DPEDANTIC -DMDE_CPU_AARCH64   -c -o crypto/evp/e_null.o /usr/src/azl/BUILD/shim-15.8/Cryptlib/OpenSSL/crypto/evp/e_null.c
gcc -std=gnu11 -ggdb -ffreestanding -fmacro-prefix-map=/usr/src/azl/BUILD/shim-15.8/= -fno-stack-protector -fno-strict-aliasing -fpic -fshort-wchar -nostdinc -Os -Wall -Wextra -Wno-missing-field-initializers -Wno-empty-body -Wno-implicit-fallthrough -Wno-old-style-declaration -Wno-unused-but-set-variable -Wno-unused-parameter -Werror -I/usr/src/azl/BUILD/shim-15.8/Cryptlib/OpenSSL -I/usr/src/azl/BUILD/shim-15.8/Cryptlib -I/usr/src/azl/BUILD/shim-15.8/Cryptlib/OpenSSL/Include/ -I/usr/src/azl/BUILD/shim-15.8/Cryptlib/OpenSSL/crypto -I/usr/src/azl/BUILD/shim-15.8/Cryptlib/Include -I/usr/src/azl/BUILD/shim-15.8/gnu-efi/inc -I/usr/src/azl/BUILD/shim-15.8/gnu-efi/inc/aarch64 -I/usr/src/azl/BUILD/shim-15.8/gnu-efi/inc/protocol -I/usr/src/azl/BUILD/shim-15.8/Cryptlib/OpenSSL/crypto/asn1 -I/usr/src/azl/BUILD/shim-15.8/Cryptlib/OpenSSL/crypto/evp -I/usr/src/azl/BUILD/shim-15.8/Cryptlib/OpenSSL/crypto/modes -I/usr/src/azl/BUILD/shim-15.8/Cryptlib/OpenSSL/crypto/include -isystem /usr/src/azl/BUILD/shim-15.8/include/system -isystem /usr/lib/gcc/aarch64-unknown-linux-gnu/13.2.0/include -DL_ENDIAN -D_CRT_SECURE_NO_DEPRECATE -D_CRT_NONSTDC_NO_DEPRECATE -DOPENSSL_SMALL_FOOTPRINT -DPEDANTIC -DMDE_CPU_AARCH64   -c -o crypto/evp/c_all.o /usr/src/azl/BUILD/shim-15.8/Cryptlib/OpenSSL/crypto/evp/c_all.c
gcc -std=gnu11 -ggdb -ffreestanding -fmacro-prefix-map=/usr/src/azl/BUILD/shim-15.8/= -fno-stack-protector -fno-strict-aliasing -fpic -fshort-wchar -nostdinc -Os -Wall -Wextra -Wno-missing-field-initializers -Wno-empty-body -Wno-implicit-fallthrough -Wno-old-style-declaration -Wno-unused-but-set-variable -Wno-unused-parameter -Werror -I/usr/src/azl/BUILD/shim-15.8/Cryptlib/OpenSSL -I/usr/src/azl/BUILD/shim-15.8/Cryptlib -I/usr/src/azl/BUILD/shim-15.8/Cryptlib/OpenSSL/Include/ -I/usr/src/azl/BUILD/shim-15.8/Cryptlib/OpenSSL/crypto -I/usr/src/azl/BUILD/shim-15.8/Cryptlib/Include -I/usr/src/azl/BUILD/shim-15.8/gnu-efi/inc -I/usr/src/azl/BUILD/shim-15.8/gnu-efi/inc/aarch64 -I/usr/src/azl/BUILD/shim-15.8/gnu-efi/inc/protocol -I/usr/src/azl/BUILD/shim-15.8/Cryptlib/OpenSSL/crypto/asn1 -I/usr/src/azl/BUILD/shim-15.8/Cryptlib/OpenSSL/crypto/evp -I/usr/src/azl/BUILD/shim-15.8/Cryptlib/OpenSSL/crypto/modes -I/usr/src/azl/BUILD/shim-15.8/Cryptlib/OpenSSL/crypto/include -isystem /usr/src/azl/BUILD/shim-15.8/include/system -isystem /usr/lib/gcc/aarch64-unknown-linux-gnu/13.2.0/include -DL_ENDIAN -D_CRT_SECURE_NO_DEPRECATE -D_CRT_NONSTDC_NO_DEPRECATE -DOPENSSL_SMALL_FOOTPRINT -DPEDANTIC -DMDE_CPU_AARCH64   -c -o crypto/evp/c_allc.o /usr/src/azl/BUILD/shim-15.8/Cryptlib/OpenSSL/crypto/evp/c_allc.c
gcc -std=gnu11 -ggdb -ffreestanding -fmacro-prefix-map=/usr/src/azl/BUILD/shim-15.8/= -fno-stack-protector -fno-strict-aliasing -fpic -fshort-wchar -nostdinc -Os -Wall -Wextra -Wno-missing-field-initializers -Wno-empty-body -Wno-implicit-fallthrough -Wno-old-style-declaration -Wno-unused-but-set-variable -Wno-unused-parameter -Werror -I/usr/src/azl/BUILD/shim-15.8/Cryptlib/OpenSSL -I/usr/src/azl/BUILD/shim-15.8/Cryptlib -I/usr/src/azl/BUILD/shim-15.8/Cryptlib/OpenSSL/Include/ -I/usr/src/azl/BUILD/shim-15.8/Cryptlib/OpenSSL/crypto -I/usr/src/azl/BUILD/shim-15.8/Cryptlib/Include -I/usr/src/azl/BUILD/shim-15.8/gnu-efi/inc -I/usr/src/azl/BUILD/shim-15.8/gnu-efi/inc/aarch64 -I/usr/src/azl/BUILD/shim-15.8/gnu-efi/inc/protocol -I/usr/src/azl/BUILD/shim-15.8/Cryptlib/OpenSSL/crypto/asn1 -I/usr/src/azl/BUILD/shim-15.8/Cryptlib/OpenSSL/crypto/evp -I/usr/src/azl/BUILD/shim-15.8/Cryptlib/OpenSSL/crypto/modes -I/usr/src/azl/BUILD/shim-15.8/Cryptlib/OpenSSL/crypto/include -isystem /usr/src/azl/BUILD/shim-15.8/include/system -isystem /usr/lib/gcc/aarch64-unknown-linux-gnu/13.2.0/include -DL_ENDIAN -D_CRT_SECURE_NO_DEPRECATE -D_CRT_NONSTDC_NO_DEPRECATE -DOPENSSL_SMALL_FOOTPRINT -DPEDANTIC -DMDE_CPU_AARCH64   -c -o crypto/evp/c_alld.o /usr/src/azl/BUILD/shim-15.8/Cryptlib/OpenSSL/crypto/evp/c_alld.c
gcc -std=gnu11 -ggdb -ffreestanding -fmacro-prefix-map=/usr/src/azl/BUILD/shim-15.8/= -fno-stack-protector -fno-strict-aliasing -fpic -fshort-wchar -nostdinc -Os -Wall -Wextra -Wno-missing-field-initializers -Wno-empty-body -Wno-implicit-fallthrough -Wno-old-style-declaration -Wno-unused-but-set-variable -Wno-unused-parameter -Werror -I/usr/src/azl/BUILD/shim-15.8/Cryptlib/OpenSSL -I/usr/src/azl/BUILD/shim-15.8/Cryptlib -I/usr/src/azl/BUILD/shim-15.8/Cryptlib/OpenSSL/Include/ -I/usr/src/azl/BUILD/shim-15.8/Cryptlib/OpenSSL/crypto -I/usr/src/azl/BUILD/shim-15.8/Cryptlib/Include -I/usr/src/azl/BUILD/shim-15.8/gnu-efi/inc -I/usr/src/azl/BUILD/shim-15.8/gnu-efi/inc/aarch64 -I/usr/src/azl/BUILD/shim-15.8/gnu-efi/inc/protocol -I/usr/src/azl/BUILD/shim-15.8/Cryptlib/OpenSSL/crypto/asn1 -I/usr/src/azl/BUILD/shim-15.8/Cryptlib/OpenSSL/crypto/evp -I/usr/src/azl/BUILD/shim-15.8/Cryptlib/OpenSSL/crypto/modes -I/usr/src/azl/BUILD/shim-15.8/Cryptlib/OpenSSL/crypto/include -isystem /usr/src/azl/BUILD/shim-15.8/include/system -isystem /usr/lib/gcc/aarch64-unknown-linux-gnu/13.2.0/include -DL_ENDIAN -D_CRT_SECURE_NO_DEPRECATE -D_CRT_NONSTDC_NO_DEPRECATE -DOPENSSL_SMALL_FOOTPRINT -DPEDANTIC -DMDE_CPU_AARCH64   -c -o crypto/evp/evp_lib.o /usr/src/azl/BUILD/shim-15.8/Cryptlib/OpenSSL/crypto/evp/evp_lib.c
gcc -std=gnu11 -ggdb -ffreestanding -fmacro-prefix-map=/usr/src/azl/BUILD/shim-15.8/= -fno-stack-protector -fno-strict-aliasing -fpic -fshort-wchar -nostdinc -Os -Wall -Wextra -Wno-missing-field-initializers -Wno-empty-body -Wno-implicit-fallthrough -Wno-old-style-declaration -Wno-unused-but-set-variable -Wno-unused-parameter -Werror -I/usr/src/azl/BUILD/shim-15.8/Cryptlib/OpenSSL -I/usr/src/azl/BUILD/shim-15.8/Cryptlib -I/usr/src/azl/BUILD/shim-15.8/Cryptlib/OpenSSL/Include/ -I/usr/src/azl/BUILD/shim-15.8/Cryptlib/OpenSSL/crypto -I/usr/src/azl/BUILD/shim-15.8/Cryptlib/Include -I/usr/src/azl/BUILD/shim-15.8/gnu-efi/inc -I/usr/src/azl/BUILD/shim-15.8/gnu-efi/inc/aarch64 -I/usr/src/azl/BUILD/shim-15.8/gnu-efi/inc/protocol -I/usr/src/azl/BUILD/shim-15.8/Cryptlib/OpenSSL/crypto/asn1 -I/usr/src/azl/BUILD/shim-15.8/Cryptlib/OpenSSL/crypto/evp -I/usr/src/azl/BUILD/shim-15.8/Cryptlib/OpenSSL/crypto/modes -I/usr/src/azl/BUILD/shim-15.8/Cryptlib/OpenSSL/crypto/include -isystem /usr/src/azl/BUILD/shim-15.8/include/system -isystem /usr/lib/gcc/aarch64-unknown-linux-gnu/13.2.0/include -DL_ENDIAN -D_CRT_SECURE_NO_DEPRECATE -D_CRT_NONSTDC_NO_DEPRECATE -DOPENSSL_SMALL_FOOTPRINT -DPEDANTIC -DMDE_CPU_AARCH64   -c -o crypto/evp/bio_ok.o /usr/src/azl/BUILD/shim-15.8/Cryptlib/OpenSSL/crypto/evp/bio_ok.c
gcc -std=gnu11 -ggdb -ffreestanding -fmacro-prefix-map=/usr/src/azl/BUILD/shim-15.8/= -fno-stack-protector -fno-strict-aliasing -fpic -fshort-wchar -nostdinc -Os -Wall -Wextra -Wno-missing-field-initializers -Wno-empty-body -Wno-implicit-fallthrough -Wno-old-style-declaration -Wno-unused-but-set-variable -Wno-unused-parameter -Werror -I/usr/src/azl/BUILD/shim-15.8/Cryptlib/OpenSSL -I/usr/src/azl/BUILD/shim-15.8/Cryptlib -I/usr/src/azl/BUILD/shim-15.8/Cryptlib/OpenSSL/Include/ -I/usr/src/azl/BUILD/shim-15.8/Cryptlib/OpenSSL/crypto -I/usr/src/azl/BUILD/shim-15.8/Cryptlib/Include -I/usr/src/azl/BUILD/shim-15.8/gnu-efi/inc -I/usr/src/azl/BUILD/shim-15.8/gnu-efi/inc/aarch64 -I/usr/src/azl/BUILD/shim-15.8/gnu-efi/inc/protocol -I/usr/src/azl/BUILD/shim-15.8/Cryptlib/OpenSSL/crypto/asn1 -I/usr/src/azl/BUILD/shim-15.8/Cryptlib/OpenSSL/crypto/evp -I/usr/src/azl/BUILD/shim-15.8/Cryptlib/OpenSSL/crypto/modes -I/usr/src/azl/BUILD/shim-15.8/Cryptlib/OpenSSL/crypto/include -isystem /usr/src/azl/BUILD/shim-15.8/include/system -isystem /usr/lib/gcc/aarch64-unknown-linux-gnu/13.2.0/include -DL_ENDIAN -D_CRT_SECURE_NO_DEPRECATE -D_CRT_NONSTDC_NO_DEPRECATE -DOPENSSL_SMALL_FOOTPRINT -DPEDANTIC -DMDE_CPU_AARCH64   -c -o crypto/evp/evp_pkey.o /usr/src/azl/BUILD/shim-15.8/Cryptlib/OpenSSL/crypto/evp/evp_pkey.c
gcc -std=gnu11 -ggdb -ffreestanding -fmacro-prefix-map=/usr/src/azl/BUILD/shim-15.8/= -fno-stack-protector -fno-strict-aliasing -fpic -fshort-wchar -nostdinc -Os -Wall -Wextra -Wno-missing-field-initializers -Wno-empty-body -Wno-implicit-fallthrough -Wno-old-style-declaration -Wno-unused-but-set-variable -Wno-unused-parameter -Werror -I/usr/src/azl/BUILD/shim-15.8/Cryptlib/OpenSSL -I/usr/src/azl/BUILD/shim-15.8/Cryptlib -I/usr/src/azl/BUILD/shim-15.8/Cryptlib/OpenSSL/Include/ -I/usr/src/azl/BUILD/shim-15.8/Cryptlib/OpenSSL/crypto -I/usr/src/azl/BUILD/shim-15.8/Cryptlib/Include -I/usr/src/azl/BUILD/shim-15.8/gnu-efi/inc -I/usr/src/azl/BUILD/shim-15.8/gnu-efi/inc/aarch64 -I/usr/src/azl/BUILD/shim-15.8/gnu-efi/inc/protocol -I/usr/src/azl/BUILD/shim-15.8/Cryptlib/OpenSSL/crypto/asn1 -I/usr/src/azl/BUILD/shim-15.8/Cryptlib/OpenSSL/crypto/evp -I/usr/src/azl/BUILD/shim-15.8/Cryptlib/OpenSSL/crypto/modes -I/usr/src/azl/BUILD/shim-15.8/Cryptlib/OpenSSL/crypto/include -isystem /usr/src/azl/BUILD/shim-15.8/include/system -isystem /usr/lib/gcc/aarch64-unknown-linux-gnu/13.2.0/include -DL_ENDIAN -D_CRT_SECURE_NO_DEPRECATE -D_CRT_NONSTDC_NO_DEPRECATE -DOPENSSL_SMALL_FOOTPRINT -DPEDANTIC -DMDE_CPU_AARCH64   -c -o crypto/evp/evp_pbe.o /usr/src/azl/BUILD/shim-15.8/Cryptlib/OpenSSL/crypto/evp/evp_pbe.c
gcc -std=gnu11 -ggdb -ffreestanding -fmacro-prefix-map=/usr/src/azl/BUILD/shim-15.8/= -fno-stack-protector -fno-strict-aliasing -fpic -fshort-wchar -nostdinc -Os -Wall -Wextra -Wno-missing-field-initializers -Wno-empty-body -Wno-implicit-fallthrough -Wno-old-style-declaration -Wno-unused-but-set-variable -Wno-unused-parameter -Werror -I/usr/src/azl/BUILD/shim-15.8/Cryptlib/OpenSSL -I/usr/src/azl/BUILD/shim-15.8/Cryptlib -I/usr/src/azl/BUILD/shim-15.8/Cryptlib/OpenSSL/Include/ -I/usr/src/azl/BUILD/shim-15.8/Cryptlib/OpenSSL/crypto -I/usr/src/azl/BUILD/shim-15.8/Cryptlib/Include -I/usr/src/azl/BUILD/shim-15.8/gnu-efi/inc -I/usr/src/azl/BUILD/shim-15.8/gnu-efi/inc/aarch64 -I/usr/src/azl/BUILD/shim-15.8/gnu-efi/inc/protocol -I/usr/src/azl/BUILD/shim-15.8/Cryptlib/OpenSSL/crypto/asn1 -I/usr/src/azl/BUILD/shim-15.8/Cryptlib/OpenSSL/crypto/evp -I/usr/src/azl/BUILD/shim-15.8/Cryptlib/OpenSSL/crypto/modes -I/usr/src/azl/BUILD/shim-15.8/Cryptlib/OpenSSL/crypto/include -isystem /usr/src/azl/BUILD/shim-15.8/include/system -isystem /usr/lib/gcc/aarch64-unknown-linux-gnu/13.2.0/include -DL_ENDIAN -D_CRT_SECURE_NO_DEPRECATE -D_CRT_NONSTDC_NO_DEPRECATE -DOPENSSL_SMALL_FOOTPRINT -DPEDANTIC -DMDE_CPU_AARCH64   -c -o crypto/evp/p5_crpt.o /usr/src/azl/BUILD/shim-15.8/Cryptlib/OpenSSL/crypto/evp/p5_crpt.c
gcc -std=gnu11 -ggdb -ffreestanding -fmacro-prefix-map=/usr/src/azl/BUILD/shim-15.8/= -fno-stack-protector -fno-strict-aliasing -fpic -fshort-wchar -nostdinc -Os -Wall -Wextra -Wno-missing-field-initializers -Wno-empty-body -Wno-implicit-fallthrough -Wno-old-style-declaration -Wno-unused-but-set-variable -Wno-unused-parameter -Werror -I/usr/src/azl/BUILD/shim-15.8/Cryptlib/OpenSSL -I/usr/src/azl/BUILD/shim-15.8/Cryptlib -I/usr/src/azl/BUILD/shim-15.8/Cryptlib/OpenSSL/Include/ -I/usr/src/azl/BUILD/shim-15.8/Cryptlib/OpenSSL/crypto -I/usr/src/azl/BUILD/shim-15.8/Cryptlib/Include -I/usr/src/azl/BUILD/shim-15.8/gnu-efi/inc -I/usr/src/azl/BUILD/shim-15.8/gnu-efi/inc/aarch64 -I/usr/src/azl/BUILD/shim-15.8/gnu-efi/inc/protocol -I/usr/src/azl/BUILD/shim-15.8/Cryptlib/OpenSSL/crypto/asn1 -I/usr/src/azl/BUILD/shim-15.8/Cryptlib/OpenSSL/crypto/evp -I/usr/src/azl/BUILD/shim-15.8/Cryptlib/OpenSSL/crypto/modes -I/usr/src/azl/BUILD/shim-15.8/Cryptlib/OpenSSL/crypto/include -isystem /usr/src/azl/BUILD/shim-15.8/include/system -isystem /usr/lib/gcc/aarch64-unknown-linux-gnu/13.2.0/include -DL_ENDIAN -D_CRT_SECURE_NO_DEPRECATE -D_CRT_NONSTDC_NO_DEPRECATE -DOPENSSL_SMALL_FOOTPRINT -DPEDANTIC -DMDE_CPU_AARCH64   -c -o crypto/evp/p5_crpt2.o /usr/src/azl/BUILD/shim-15.8/Cryptlib/OpenSSL/crypto/evp/p5_crpt2.c
gcc -std=gnu11 -ggdb -ffreestanding -fmacro-prefix-map=/usr/src/azl/BUILD/shim-15.8/= -fno-stack-protector -fno-strict-aliasing -fpic -fshort-wchar -nostdinc -Os -Wall -Wextra -Wno-missing-field-initializers -Wno-empty-body -Wno-implicit-fallthrough -Wno-old-style-declaration -Wno-unused-but-set-variable -Wno-unused-parameter -Werror -I/usr/src/azl/BUILD/shim-15.8/Cryptlib/OpenSSL -I/usr/src/azl/BUILD/shim-15.8/Cryptlib -I/usr/src/azl/BUILD/shim-15.8/Cryptlib/OpenSSL/Include/ -I/usr/src/azl/BUILD/shim-15.8/Cryptlib/OpenSSL/crypto -I/usr/src/azl/BUILD/shim-15.8/Cryptlib/Include -I/usr/src/azl/BUILD/shim-15.8/gnu-efi/inc -I/usr/src/azl/BUILD/shim-15.8/gnu-efi/inc/aarch64 -I/usr/src/azl/BUILD/shim-15.8/gnu-efi/inc/protocol -I/usr/src/azl/BUILD/shim-15.8/Cryptlib/OpenSSL/crypto/asn1 -I/usr/src/azl/BUILD/shim-15.8/Cryptlib/OpenSSL/crypto/evp -I/usr/src/azl/BUILD/shim-15.8/Cryptlib/OpenSSL/crypto/modes -I/usr/src/azl/BUILD/shim-15.8/Cryptlib/OpenSSL/crypto/include -isystem /usr/src/azl/BUILD/shim-15.8/include/system -isystem /usr/lib/gcc/aarch64-unknown-linux-gnu/13.2.0/include -DL_ENDIAN -D_CRT_SECURE_NO_DEPRECATE -D_CRT_NONSTDC_NO_DEPRECATE -DOPENSSL_SMALL_FOOTPRINT -DPEDANTIC -DMDE_CPU_AARCH64   -c -o crypto/evp/e_old.o /usr/src/azl/BUILD/shim-15.8/Cryptlib/OpenSSL/crypto/evp/e_old.c
gcc -std=gnu11 -ggdb -ffreestanding -fmacro-prefix-map=/usr/src/azl/BUILD/shim-15.8/= -fno-stack-protector -fno-strict-aliasing -fpic -fshort-wchar -nostdinc -Os -Wall -Wextra -Wno-missing-field-initializers -Wno-empty-body -Wno-implicit-fallthrough -Wno-old-style-declaration -Wno-unused-but-set-variable -Wno-unused-parameter -Werror -I/usr/src/azl/BUILD/shim-15.8/Cryptlib/OpenSSL -I/usr/src/azl/BUILD/shim-15.8/Cryptlib -I/usr/src/azl/BUILD/shim-15.8/Cryptlib/OpenSSL/Include/ -I/usr/src/azl/BUILD/shim-15.8/Cryptlib/OpenSSL/crypto -I/usr/src/azl/BUILD/shim-15.8/Cryptlib/Include -I/usr/src/azl/BUILD/shim-15.8/gnu-efi/inc -I/usr/src/azl/BUILD/shim-15.8/gnu-efi/inc/aarch64 -I/usr/src/azl/BUILD/shim-15.8/gnu-efi/inc/protocol -I/usr/src/azl/BUILD/shim-15.8/Cryptlib/OpenSSL/crypto/asn1 -I/usr/src/azl/BUILD/shim-15.8/Cryptlib/OpenSSL/crypto/evp -I/usr/src/azl/BUILD/shim-15.8/Cryptlib/OpenSSL/crypto/modes -I/usr/src/azl/BUILD/shim-15.8/Cryptlib/OpenSSL/crypto/include -isystem /usr/src/azl/BUILD/shim-15.8/include/system -isystem /usr/lib/gcc/aarch64-unknown-linux-gnu/13.2.0/include -DL_ENDIAN -D_CRT_SECURE_NO_DEPRECATE -D_CRT_NONSTDC_NO_DEPRECATE -DOPENSSL_SMALL_FOOTPRINT -DPEDANTIC -DMDE_CPU_AARCH64   -c -o crypto/evp/pmeth_lib.o /usr/src/azl/BUILD/shim-15.8/Cryptlib/OpenSSL/crypto/evp/pmeth_lib.c
gcc -std=gnu11 -ggdb -ffreestanding -fmacro-prefix-map=/usr/src/azl/BUILD/shim-15.8/= -fno-stack-protector -fno-strict-aliasing -fpic -fshort-wchar -nostdinc -Os -Wall -Wextra -Wno-missing-field-initializers -Wno-empty-body -Wno-implicit-fallthrough -Wno-old-style-declaration -Wno-unused-but-set-variable -Wno-unused-parameter -Werror -I/usr/src/azl/BUILD/shim-15.8/Cryptlib/OpenSSL -I/usr/src/azl/BUILD/shim-15.8/Cryptlib -I/usr/src/azl/BUILD/shim-15.8/Cryptlib/OpenSSL/Include/ -I/usr/src/azl/BUILD/shim-15.8/Cryptlib/OpenSSL/crypto -I/usr/src/azl/BUILD/shim-15.8/Cryptlib/Include -I/usr/src/azl/BUILD/shim-15.8/gnu-efi/inc -I/usr/src/azl/BUILD/shim-15.8/gnu-efi/inc/aarch64 -I/usr/src/azl/BUILD/shim-15.8/gnu-efi/inc/protocol -I/usr/src/azl/BUILD/shim-15.8/Cryptlib/OpenSSL/crypto/asn1 -I/usr/src/azl/BUILD/shim-15.8/Cryptlib/OpenSSL/crypto/evp -I/usr/src/azl/BUILD/shim-15.8/Cryptlib/OpenSSL/crypto/modes -I/usr/src/azl/BUILD/shim-15.8/Cryptlib/OpenSSL/crypto/include -isystem /usr/src/azl/BUILD/shim-15.8/include/system -isystem /usr/lib/gcc/aarch64-unknown-linux-gnu/13.2.0/include -DL_ENDIAN -D_CRT_SECURE_NO_DEPRECATE -D_CRT_NONSTDC_NO_DEPRECATE -DOPENSSL_SMALL_FOOTPRINT -DPEDANTIC -DMDE_CPU_AARCH64   -c -o crypto/evp/pmeth_fn.o /usr/src/azl/BUILD/shim-15.8/Cryptlib/OpenSSL/crypto/evp/pmeth_fn.c
gcc -std=gnu11 -ggdb -ffreestanding -fmacro-prefix-map=/usr/src/azl/BUILD/shim-15.8/= -fno-stack-protector -fno-strict-aliasing -fpic -fshort-wchar -nostdinc -Os -Wall -Wextra -Wno-missing-field-initializers -Wno-empty-body -Wno-implicit-fallthrough -Wno-old-style-declaration -Wno-unused-but-set-variable -Wno-unused-parameter -Werror -I/usr/src/azl/BUILD/shim-15.8/Cryptlib/OpenSSL -I/usr/src/azl/BUILD/shim-15.8/Cryptlib -I/usr/src/azl/BUILD/shim-15.8/Cryptlib/OpenSSL/Include/ -I/usr/src/azl/BUILD/shim-15.8/Cryptlib/OpenSSL/crypto -I/usr/src/azl/BUILD/shim-15.8/Cryptlib/Include -I/usr/src/azl/BUILD/shim-15.8/gnu-efi/inc -I/usr/src/azl/BUILD/shim-15.8/gnu-efi/inc/aarch64 -I/usr/src/azl/BUILD/shim-15.8/gnu-efi/inc/protocol -I/usr/src/azl/BUILD/shim-15.8/Cryptlib/OpenSSL/crypto/asn1 -I/usr/src/azl/BUILD/shim-15.8/Cryptlib/OpenSSL/crypto/evp -I/usr/src/azl/BUILD/shim-15.8/Cryptlib/OpenSSL/crypto/modes -I/usr/src/azl/BUILD/shim-15.8/Cryptlib/OpenSSL/crypto/include -isystem /usr/src/azl/BUILD/shim-15.8/include/system -isystem /usr/lib/gcc/aarch64-unknown-linux-gnu/13.2.0/include -DL_ENDIAN -D_CRT_SECURE_NO_DEPRECATE -D_CRT_NONSTDC_NO_DEPRECATE -DOPENSSL_SMALL_FOOTPRINT -DPEDANTIC -DMDE_CPU_AARCH64   -c -o crypto/evp/pmeth_gn.o /usr/src/azl/BUILD/shim-15.8/Cryptlib/OpenSSL/crypto/evp/pmeth_gn.c
gcc -std=gnu11 -ggdb -ffreestanding -fmacro-prefix-map=/usr/src/azl/BUILD/shim-15.8/= -fno-stack-protector -fno-strict-aliasing -fpic -fshort-wchar -nostdinc -Os -Wall -Wextra -Wno-missing-field-initializers -Wno-empty-body -Wno-implicit-fallthrough -Wno-old-style-declaration -Wno-unused-but-set-variable -Wno-unused-parameter -Werror -I/usr/src/azl/BUILD/shim-15.8/Cryptlib/OpenSSL -I/usr/src/azl/BUILD/shim-15.8/Cryptlib -I/usr/src/azl/BUILD/shim-15.8/Cryptlib/OpenSSL/Include/ -I/usr/src/azl/BUILD/shim-15.8/Cryptlib/OpenSSL/crypto -I/usr/src/azl/BUILD/shim-15.8/Cryptlib/Include -I/usr/src/azl/BUILD/shim-15.8/gnu-efi/inc -I/usr/src/azl/BUILD/shim-15.8/gnu-efi/inc/aarch64 -I/usr/src/azl/BUILD/shim-15.8/gnu-efi/inc/protocol -I/usr/src/azl/BUILD/shim-15.8/Cryptlib/OpenSSL/crypto/asn1 -I/usr/src/azl/BUILD/shim-15.8/Cryptlib/OpenSSL/crypto/evp -I/usr/src/azl/BUILD/shim-15.8/Cryptlib/OpenSSL/crypto/modes -I/usr/src/azl/BUILD/shim-15.8/Cryptlib/OpenSSL/crypto/include -isystem /usr/src/azl/BUILD/shim-15.8/include/system -isystem /usr/lib/gcc/aarch64-unknown-linux-gnu/13.2.0/include -DL_ENDIAN -D_CRT_SECURE_NO_DEPRECATE -D_CRT_NONSTDC_NO_DEPRECATE -DOPENSSL_SMALL_FOOTPRINT -DPEDANTIC -DMDE_CPU_AARCH64   -c -o crypto/evp/m_sigver.o /usr/src/azl/BUILD/shim-15.8/Cryptlib/OpenSSL/crypto/evp/m_sigver.c
gcc -std=gnu11 -ggdb -ffreestanding -fmacro-prefix-map=/usr/src/azl/BUILD/shim-15.8/= -fno-stack-protector -fno-strict-aliasing -fpic -fshort-wchar -nostdinc -Os -Wall -Wextra -Wno-missing-field-initializers -Wno-empty-body -Wno-implicit-fallthrough -Wno-old-style-declaration -Wno-unused-but-set-variable -Wno-unused-parameter -Werror -I/usr/src/azl/BUILD/shim-15.8/Cryptlib/OpenSSL -I/usr/src/azl/BUILD/shim-15.8/Cryptlib -I/usr/src/azl/BUILD/shim-15.8/Cryptlib/OpenSSL/Include/ -I/usr/src/azl/BUILD/shim-15.8/Cryptlib/OpenSSL/crypto -I/usr/src/azl/BUILD/shim-15.8/Cryptlib/Include -I/usr/src/azl/BUILD/shim-15.8/gnu-efi/inc -I/usr/src/azl/BUILD/shim-15.8/gnu-efi/inc/aarch64 -I/usr/src/azl/BUILD/shim-15.8/gnu-efi/inc/protocol -I/usr/src/azl/BUILD/shim-15.8/Cryptlib/OpenSSL/crypto/asn1 -I/usr/src/azl/BUILD/shim-15.8/Cryptlib/OpenSSL/crypto/evp -I/usr/src/azl/BUILD/shim-15.8/Cryptlib/OpenSSL/crypto/modes -I/usr/src/azl/BUILD/shim-15.8/Cryptlib/OpenSSL/crypto/include -isystem /usr/src/azl/BUILD/shim-15.8/include/system -isystem /usr/lib/gcc/aarch64-unknown-linux-gnu/13.2.0/include -DL_ENDIAN -D_CRT_SECURE_NO_DEPRECATE -D_CRT_NONSTDC_NO_DEPRECATE -DOPENSSL_SMALL_FOOTPRINT -DPEDANTIC -DMDE_CPU_AARCH64   -c -o crypto/evp/e_aes_cbc_hmac_sha1.o /usr/src/azl/BUILD/shim-15.8/Cryptlib/OpenSSL/crypto/evp/e_aes_cbc_hmac_sha1.c
gcc -std=gnu11 -ggdb -ffreestanding -fmacro-prefix-map=/usr/src/azl/BUILD/shim-15.8/= -fno-stack-protector -fno-strict-aliasing -fpic -fshort-wchar -nostdinc -Os -Wall -Wextra -Wno-missing-field-initializers -Wno-empty-body -Wno-implicit-fallthrough -Wno-old-style-declaration -Wno-unused-but-set-variable -Wno-unused-parameter -Werror -I/usr/src/azl/BUILD/shim-15.8/Cryptlib/OpenSSL -I/usr/src/azl/BUILD/shim-15.8/Cryptlib -I/usr/src/azl/BUILD/shim-15.8/Cryptlib/OpenSSL/Include/ -I/usr/src/azl/BUILD/shim-15.8/Cryptlib/OpenSSL/crypto -I/usr/src/azl/BUILD/shim-15.8/Cryptlib/Include -I/usr/src/azl/BUILD/shim-15.8/gnu-efi/inc -I/usr/src/azl/BUILD/shim-15.8/gnu-efi/inc/aarch64 -I/usr/src/azl/BUILD/shim-15.8/gnu-efi/inc/protocol -I/usr/src/azl/BUILD/shim-15.8/Cryptlib/OpenSSL/crypto/asn1 -I/usr/src/azl/BUILD/shim-15.8/Cryptlib/OpenSSL/crypto/evp -I/usr/src/azl/BUILD/shim-15.8/Cryptlib/OpenSSL/crypto/modes -I/usr/src/azl/BUILD/shim-15.8/Cryptlib/OpenSSL/crypto/include -isystem /usr/src/azl/BUILD/shim-15.8/include/system -isystem /usr/lib/gcc/aarch64-unknown-linux-gnu/13.2.0/include -DL_ENDIAN -D_CRT_SECURE_NO_DEPRECATE -D_CRT_NONSTDC_NO_DEPRECATE -DOPENSSL_SMALL_FOOTPRINT -DPEDANTIC -DMDE_CPU_AARCH64   -c -o crypto/evp/e_aes_cbc_hmac_sha256.o /usr/src/azl/BUILD/shim-15.8/Cryptlib/OpenSSL/crypto/evp/e_aes_cbc_hmac_sha256.c
gcc -std=gnu11 -ggdb -ffreestanding -fmacro-prefix-map=/usr/src/azl/BUILD/shim-15.8/= -fno-stack-protector -fno-strict-aliasing -fpic -fshort-wchar -nostdinc -Os -Wall -Wextra -Wno-missing-field-initializers -Wno-empty-body -Wno-implicit-fallthrough -Wno-old-style-declaration -Wno-unused-but-set-variable -Wno-unused-parameter -Werror -I/usr/src/azl/BUILD/shim-15.8/Cryptlib/OpenSSL -I/usr/src/azl/BUILD/shim-15.8/Cryptlib -I/usr/src/azl/BUILD/shim-15.8/Cryptlib/OpenSSL/Include/ -I/usr/src/azl/BUILD/shim-15.8/Cryptlib/OpenSSL/crypto -I/usr/src/azl/BUILD/shim-15.8/Cryptlib/Include -I/usr/src/azl/BUILD/shim-15.8/gnu-efi/inc -I/usr/src/azl/BUILD/shim-15.8/gnu-efi/inc/aarch64 -I/usr/src/azl/BUILD/shim-15.8/gnu-efi/inc/protocol -I/usr/src/azl/BUILD/shim-15.8/Cryptlib/OpenSSL/crypto/asn1 -I/usr/src/azl/BUILD/shim-15.8/Cryptlib/OpenSSL/crypto/evp -I/usr/src/azl/BUILD/shim-15.8/Cryptlib/OpenSSL/crypto/modes -I/usr/src/azl/BUILD/shim-15.8/Cryptlib/OpenSSL/crypto/include -isystem /usr/src/azl/BUILD/shim-15.8/include/system -isystem /usr/lib/gcc/aarch64-unknown-linux-gnu/13.2.0/include -DL_ENDIAN -D_CRT_SECURE_NO_DEPRECATE -D_CRT_NONSTDC_NO_DEPRECATE -DOPENSSL_SMALL_FOOTPRINT -DPEDANTIC -DMDE_CPU_AARCH64   -c -o crypto/evp/e_rc4_hmac_md5.o /usr/src/azl/BUILD/shim-15.8/Cryptlib/OpenSSL/crypto/evp/e_rc4_hmac_md5.c
gcc -std=gnu11 -ggdb -ffreestanding -fmacro-prefix-map=/usr/src/azl/BUILD/shim-15.8/= -fno-stack-protector -fno-strict-aliasing -fpic -fshort-wchar -nostdinc -Os -Wall -Wextra -Wno-missing-field-initializers -Wno-empty-body -Wno-implicit-fallthrough -Wno-old-style-declaration -Wno-unused-but-set-variable -Wno-unused-parameter -Werror -I/usr/src/azl/BUILD/shim-15.8/Cryptlib/OpenSSL -I/usr/src/azl/BUILD/shim-15.8/Cryptlib -I/usr/src/azl/BUILD/shim-15.8/Cryptlib/OpenSSL/Include/ -I/usr/src/azl/BUILD/shim-15.8/Cryptlib/OpenSSL/crypto -I/usr/src/azl/BUILD/shim-15.8/Cryptlib/Include -I/usr/src/azl/BUILD/shim-15.8/gnu-efi/inc -I/usr/src/azl/BUILD/shim-15.8/gnu-efi/inc/aarch64 -I/usr/src/azl/BUILD/shim-15.8/gnu-efi/inc/protocol -I/usr/src/azl/BUILD/shim-15.8/Cryptlib/OpenSSL/crypto/asn1 -I/usr/src/azl/BUILD/shim-15.8/Cryptlib/OpenSSL/crypto/evp -I/usr/src/azl/BUILD/shim-15.8/Cryptlib/OpenSSL/crypto/modes -I/usr/src/azl/BUILD/shim-15.8/Cryptlib/OpenSSL/crypto/include -isystem /usr/src/azl/BUILD/shim-15.8/include/system -isystem /usr/lib/gcc/aarch64-unknown-linux-gnu/13.2.0/include -DL_ENDIAN -D_CRT_SECURE_NO_DEPRECATE -D_CRT_NONSTDC_NO_DEPRECATE -DOPENSSL_SMALL_FOOTPRINT -DPEDANTIC -DMDE_CPU_AARCH64   -c -o crypto/asn1/a_object.o /usr/src/azl/BUILD/shim-15.8/Cryptlib/OpenSSL/crypto/asn1/a_object.c
gcc -std=gnu11 -ggdb -ffreestanding -fmacro-prefix-map=/usr/src/azl/BUILD/shim-15.8/= -fno-stack-protector -fno-strict-aliasing -fpic -fshort-wchar -nostdinc -Os -Wall -Wextra -Wno-missing-field-initializers -Wno-empty-body -Wno-implicit-fallthrough -Wno-old-style-declaration -Wno-unused-but-set-variable -Wno-unused-parameter -Werror -I/usr/src/azl/BUILD/shim-15.8/Cryptlib/OpenSSL -I/usr/src/azl/BUILD/shim-15.8/Cryptlib -I/usr/src/azl/BUILD/shim-15.8/Cryptlib/OpenSSL/Include/ -I/usr/src/azl/BUILD/shim-15.8/Cryptlib/OpenSSL/crypto -I/usr/src/azl/BUILD/shim-15.8/Cryptlib/Include -I/usr/src/azl/BUILD/shim-15.8/gnu-efi/inc -I/usr/src/azl/BUILD/shim-15.8/gnu-efi/inc/aarch64 -I/usr/src/azl/BUILD/shim-15.8/gnu-efi/inc/protocol -I/usr/src/azl/BUILD/shim-15.8/Cryptlib/OpenSSL/crypto/asn1 -I/usr/src/azl/BUILD/shim-15.8/Cryptlib/OpenSSL/crypto/evp -I/usr/src/azl/BUILD/shim-15.8/Cryptlib/OpenSSL/crypto/modes -I/usr/src/azl/BUILD/shim-15.8/Cryptlib/OpenSSL/crypto/include -isystem /usr/src/azl/BUILD/shim-15.8/include/system -isystem /usr/lib/gcc/aarch64-unknown-linux-gnu/13.2.0/include -DL_ENDIAN -D_CRT_SECURE_NO_DEPRECATE -D_CRT_NONSTDC_NO_DEPRECATE -DOPENSSL_SMALL_FOOTPRINT -DPEDANTIC -DMDE_CPU_AARCH64   -c -o crypto/asn1/a_bitstr.o /usr/src/azl/BUILD/shim-15.8/Cryptlib/OpenSSL/crypto/asn1/a_bitstr.c
gcc -std=gnu11 -ggdb -ffreestanding -fmacro-prefix-map=/usr/src/azl/BUILD/shim-15.8/= -fno-stack-protector -fno-strict-aliasing -fpic -fshort-wchar -nostdinc -Os -Wall -Wextra -Wno-missing-field-initializers -Wno-empty-body -Wno-implicit-fallthrough -Wno-old-style-declaration -Wno-unused-but-set-variable -Wno-unused-parameter -Werror -I/usr/src/azl/BUILD/shim-15.8/Cryptlib/OpenSSL -I/usr/src/azl/BUILD/shim-15.8/Cryptlib -I/usr/src/azl/BUILD/shim-15.8/Cryptlib/OpenSSL/Include/ -I/usr/src/azl/BUILD/shim-15.8/Cryptlib/OpenSSL/crypto -I/usr/src/azl/BUILD/shim-15.8/Cryptlib/Include -I/usr/src/azl/BUILD/shim-15.8/gnu-efi/inc -I/usr/src/azl/BUILD/shim-15.8/gnu-efi/inc/aarch64 -I/usr/src/azl/BUILD/shim-15.8/gnu-efi/inc/protocol -I/usr/src/azl/BUILD/shim-15.8/Cryptlib/OpenSSL/crypto/asn1 -I/usr/src/azl/BUILD/shim-15.8/Cryptlib/OpenSSL/crypto/evp -I/usr/src/azl/BUILD/shim-15.8/Cryptlib/OpenSSL/crypto/modes -I/usr/src/azl/BUILD/shim-15.8/Cryptlib/OpenSSL/crypto/include -isystem /usr/src/azl/BUILD/shim-15.8/include/system -isystem /usr/lib/gcc/aarch64-unknown-linux-gnu/13.2.0/include -DL_ENDIAN -D_CRT_SECURE_NO_DEPRECATE -D_CRT_NONSTDC_NO_DEPRECATE -DOPENSSL_SMALL_FOOTPRINT -DPEDANTIC -DMDE_CPU_AARCH64   -c -o crypto/asn1/a_utctm.o /usr/src/azl/BUILD/shim-15.8/Cryptlib/OpenSSL/crypto/asn1/a_utctm.c
gcc -std=gnu11 -ggdb -ffreestanding -fmacro-prefix-map=/usr/src/azl/BUILD/shim-15.8/= -fno-stack-protector -fno-strict-aliasing -fpic -fshort-wchar -nostdinc -Os -Wall -Wextra -Wno-missing-field-initializers -Wno-empty-body -Wno-implicit-fallthrough -Wno-old-style-declaration -Wno-unused-but-set-variable -Wno-unused-parameter -Werror -I/usr/src/azl/BUILD/shim-15.8/Cryptlib/OpenSSL -I/usr/src/azl/BUILD/shim-15.8/Cryptlib -I/usr/src/azl/BUILD/shim-15.8/Cryptlib/OpenSSL/Include/ -I/usr/src/azl/BUILD/shim-15.8/Cryptlib/OpenSSL/crypto -I/usr/src/azl/BUILD/shim-15.8/Cryptlib/Include -I/usr/src/azl/BUILD/shim-15.8/gnu-efi/inc -I/usr/src/azl/BUILD/shim-15.8/gnu-efi/inc/aarch64 -I/usr/src/azl/BUILD/shim-15.8/gnu-efi/inc/protocol -I/usr/src/azl/BUILD/shim-15.8/Cryptlib/OpenSSL/crypto/asn1 -I/usr/src/azl/BUILD/shim-15.8/Cryptlib/OpenSSL/crypto/evp -I/usr/src/azl/BUILD/shim-15.8/Cryptlib/OpenSSL/crypto/modes -I/usr/src/azl/BUILD/shim-15.8/Cryptlib/OpenSSL/crypto/include -isystem /usr/src/azl/BUILD/shim-15.8/include/system -isystem /usr/lib/gcc/aarch64-unknown-linux-gnu/13.2.0/include -DL_ENDIAN -D_CRT_SECURE_NO_DEPRECATE -D_CRT_NONSTDC_NO_DEPRECATE -DOPENSSL_SMALL_FOOTPRINT -DPEDANTIC -DMDE_CPU_AARCH64   -c -o crypto/asn1/a_gentm.o /usr/src/azl/BUILD/shim-15.8/Cryptlib/OpenSSL/crypto/asn1/a_gentm.c
gcc -std=gnu11 -ggdb -ffreestanding -fmacro-prefix-map=/usr/src/azl/BUILD/shim-15.8/= -fno-stack-protector -fno-strict-aliasing -fpic -fshort-wchar -nostdinc -Os -Wall -Wextra -Wno-missing-field-initializers -Wno-empty-body -Wno-implicit-fallthrough -Wno-old-style-declaration -Wno-unused-but-set-variable -Wno-unused-parameter -Werror -I/usr/src/azl/BUILD/shim-15.8/Cryptlib/OpenSSL -I/usr/src/azl/BUILD/shim-15.8/Cryptlib -I/usr/src/azl/BUILD/shim-15.8/Cryptlib/OpenSSL/Include/ -I/usr/src/azl/BUILD/shim-15.8/Cryptlib/OpenSSL/crypto -I/usr/src/azl/BUILD/shim-15.8/Cryptlib/Include -I/usr/src/azl/BUILD/shim-15.8/gnu-efi/inc -I/usr/src/azl/BUILD/shim-15.8/gnu-efi/inc/aarch64 -I/usr/src/azl/BUILD/shim-15.8/gnu-efi/inc/protocol -I/usr/src/azl/BUILD/shim-15.8/Cryptlib/OpenSSL/crypto/asn1 -I/usr/src/azl/BUILD/shim-15.8/Cryptlib/OpenSSL/crypto/evp -I/usr/src/azl/BUILD/shim-15.8/Cryptlib/OpenSSL/crypto/modes -I/usr/src/azl/BUILD/shim-15.8/Cryptlib/OpenSSL/crypto/include -isystem /usr/src/azl/BUILD/shim-15.8/include/system -isystem /usr/lib/gcc/aarch64-unknown-linux-gnu/13.2.0/include -DL_ENDIAN -D_CRT_SECURE_NO_DEPRECATE -D_CRT_NONSTDC_NO_DEPRECATE -DOPENSSL_SMALL_FOOTPRINT -DPEDANTIC -DMDE_CPU_AARCH64   -c -o crypto/asn1/a_time.o /usr/src/azl/BUILD/shim-15.8/Cryptlib/OpenSSL/crypto/asn1/a_time.c
gcc -std=gnu11 -ggdb -ffreestanding -fmacro-prefix-map=/usr/src/azl/BUILD/shim-15.8/= -fno-stack-protector -fno-strict-aliasing -fpic -fshort-wchar -nostdinc -Os -Wall -Wextra -Wno-missing-field-initializers -Wno-empty-body -Wno-implicit-fallthrough -Wno-old-style-declaration -Wno-unused-but-set-variable -Wno-unused-parameter -Werror -I/usr/src/azl/BUILD/shim-15.8/Cryptlib/OpenSSL -I/usr/src/azl/BUILD/shim-15.8/Cryptlib -I/usr/src/azl/BUILD/shim-15.8/Cryptlib/OpenSSL/Include/ -I/usr/src/azl/BUILD/shim-15.8/Cryptlib/OpenSSL/crypto -I/usr/src/azl/BUILD/shim-15.8/Cryptlib/Include -I/usr/src/azl/BUILD/shim-15.8/gnu-efi/inc -I/usr/src/azl/BUILD/shim-15.8/gnu-efi/inc/aarch64 -I/usr/src/azl/BUILD/shim-15.8/gnu-efi/inc/protocol -I/usr/src/azl/BUILD/shim-15.8/Cryptlib/OpenSSL/crypto/asn1 -I/usr/src/azl/BUILD/shim-15.8/Cryptlib/OpenSSL/crypto/evp -I/usr/src/azl/BUILD/shim-15.8/Cryptlib/OpenSSL/crypto/modes -I/usr/src/azl/BUILD/shim-15.8/Cryptlib/OpenSSL/crypto/include -isystem /usr/src/azl/BUILD/shim-15.8/include/system -isystem /usr/lib/gcc/aarch64-unknown-linux-gnu/13.2.0/include -DL_ENDIAN -D_CRT_SECURE_NO_DEPRECATE -D_CRT_NONSTDC_NO_DEPRECATE -DOPENSSL_SMALL_FOOTPRINT -DPEDANTIC -DMDE_CPU_AARCH64   -c -o crypto/asn1/a_int.o /usr/src/azl/BUILD/shim-15.8/Cryptlib/OpenSSL/crypto/asn1/a_int.c
gcc -std=gnu11 -ggdb -ffreestanding -fmacro-prefix-map=/usr/src/azl/BUILD/shim-15.8/= -fno-stack-protector -fno-strict-aliasing -fpic -fshort-wchar -nostdinc -Os -Wall -Wextra -Wno-missing-field-initializers -Wno-empty-body -Wno-implicit-fallthrough -Wno-old-style-declaration -Wno-unused-but-set-variable -Wno-unused-parameter -Werror -I/usr/src/azl/BUILD/shim-15.8/Cryptlib/OpenSSL -I/usr/src/azl/BUILD/shim-15.8/Cryptlib -I/usr/src/azl/BUILD/shim-15.8/Cryptlib/OpenSSL/Include/ -I/usr/src/azl/BUILD/shim-15.8/Cryptlib/OpenSSL/crypto -I/usr/src/azl/BUILD/shim-15.8/Cryptlib/Include -I/usr/src/azl/BUILD/shim-15.8/gnu-efi/inc -I/usr/src/azl/BUILD/shim-15.8/gnu-efi/inc/aarch64 -I/usr/src/azl/BUILD/shim-15.8/gnu-efi/inc/protocol -I/usr/src/azl/BUILD/shim-15.8/Cryptlib/OpenSSL/crypto/asn1 -I/usr/src/azl/BUILD/shim-15.8/Cryptlib/OpenSSL/crypto/evp -I/usr/src/azl/BUILD/shim-15.8/Cryptlib/OpenSSL/crypto/modes -I/usr/src/azl/BUILD/shim-15.8/Cryptlib/OpenSSL/crypto/include -isystem /usr/src/azl/BUILD/shim-15.8/include/system -isystem /usr/lib/gcc/aarch64-unknown-linux-gnu/13.2.0/include -DL_ENDIAN -D_CRT_SECURE_NO_DEPRECATE -D_CRT_NONSTDC_NO_DEPRECATE -DOPENSSL_SMALL_FOOTPRINT -DPEDANTIC -DMDE_CPU_AARCH64   -c -o crypto/asn1/a_octet.o /usr/src/azl/BUILD/shim-15.8/Cryptlib/OpenSSL/crypto/asn1/a_octet.c
gcc -std=gnu11 -ggdb -ffreestanding -fmacro-prefix-map=/usr/src/azl/BUILD/shim-15.8/= -fno-stack-protector -fno-strict-aliasing -fpic -fshort-wchar -nostdinc -Os -Wall -Wextra -Wno-missing-field-initializers -Wno-empty-body -Wno-implicit-fallthrough -Wno-old-style-declaration -Wno-unused-but-set-variable -Wno-unused-parameter -Werror -I/usr/src/azl/BUILD/shim-15.8/Cryptlib/OpenSSL -I/usr/src/azl/BUILD/shim-15.8/Cryptlib -I/usr/src/azl/BUILD/shim-15.8/Cryptlib/OpenSSL/Include/ -I/usr/src/azl/BUILD/shim-15.8/Cryptlib/OpenSSL/crypto -I/usr/src/azl/BUILD/shim-15.8/Cryptlib/Include -I/usr/src/azl/BUILD/shim-15.8/gnu-efi/inc -I/usr/src/azl/BUILD/shim-15.8/gnu-efi/inc/aarch64 -I/usr/src/azl/BUILD/shim-15.8/gnu-efi/inc/protocol -I/usr/src/azl/BUILD/shim-15.8/Cryptlib/OpenSSL/crypto/asn1 -I/usr/src/azl/BUILD/shim-15.8/Cryptlib/OpenSSL/crypto/evp -I/usr/src/azl/BUILD/shim-15.8/Cryptlib/OpenSSL/crypto/modes -I/usr/src/azl/BUILD/shim-15.8/Cryptlib/OpenSSL/crypto/include -isystem /usr/src/azl/BUILD/shim-15.8/include/system -isystem /usr/lib/gcc/aarch64-unknown-linux-gnu/13.2.0/include -DL_ENDIAN -D_CRT_SECURE_NO_DEPRECATE -D_CRT_NONSTDC_NO_DEPRECATE -DOPENSSL_SMALL_FOOTPRINT -DPEDANTIC -DMDE_CPU_AARCH64   -c -o crypto/asn1/a_print.o /usr/src/azl/BUILD/shim-15.8/Cryptlib/OpenSSL/crypto/asn1/a_print.c
gcc -std=gnu11 -ggdb -ffreestanding -fmacro-prefix-map=/usr/src/azl/BUILD/shim-15.8/= -fno-stack-protector -fno-strict-aliasing -fpic -fshort-wchar -nostdinc -Os -Wall -Wextra -Wno-missing-field-initializers -Wno-empty-body -Wno-implicit-fallthrough -Wno-old-style-declaration -Wno-unused-but-set-variable -Wno-unused-parameter -Werror -I/usr/src/azl/BUILD/shim-15.8/Cryptlib/OpenSSL -I/usr/src/azl/BUILD/shim-15.8/Cryptlib -I/usr/src/azl/BUILD/shim-15.8/Cryptlib/OpenSSL/Include/ -I/usr/src/azl/BUILD/shim-15.8/Cryptlib/OpenSSL/crypto -I/usr/src/azl/BUILD/shim-15.8/Cryptlib/Include -I/usr/src/azl/BUILD/shim-15.8/gnu-efi/inc -I/usr/src/azl/BUILD/shim-15.8/gnu-efi/inc/aarch64 -I/usr/src/azl/BUILD/shim-15.8/gnu-efi/inc/protocol -I/usr/src/azl/BUILD/shim-15.8/Cryptlib/OpenSSL/crypto/asn1 -I/usr/src/azl/BUILD/shim-15.8/Cryptlib/OpenSSL/crypto/evp -I/usr/src/azl/BUILD/shim-15.8/Cryptlib/OpenSSL/crypto/modes -I/usr/src/azl/BUILD/shim-15.8/Cryptlib/OpenSSL/crypto/include -isystem /usr/src/azl/BUILD/shim-15.8/include/system -isystem /usr/lib/gcc/aarch64-unknown-linux-gnu/13.2.0/include -DL_ENDIAN -D_CRT_SECURE_NO_DEPRECATE -D_CRT_NONSTDC_NO_DEPRECATE -DOPENSSL_SMALL_FOOTPRINT -DPEDANTIC -DMDE_CPU_AARCH64   -c -o crypto/asn1/a_type.o /usr/src/azl/BUILD/shim-15.8/Cryptlib/OpenSSL/crypto/asn1/a_type.c
gcc -std=gnu11 -ggdb -ffreestanding -fmacro-prefix-map=/usr/src/azl/BUILD/shim-15.8/= -fno-stack-protector -fno-strict-aliasing -fpic -fshort-wchar -nostdinc -Os -Wall -Wextra -Wno-missing-field-initializers -Wno-empty-body -Wno-implicit-fallthrough -Wno-old-style-declaration -Wno-unused-but-set-variable -Wno-unused-parameter -Werror -I/usr/src/azl/BUILD/shim-15.8/Cryptlib/OpenSSL -I/usr/src/azl/BUILD/shim-15.8/Cryptlib -I/usr/src/azl/BUILD/shim-15.8/Cryptlib/OpenSSL/Include/ -I/usr/src/azl/BUILD/shim-15.8/Cryptlib/OpenSSL/crypto -I/usr/src/azl/BUILD/shim-15.8/Cryptlib/Include -I/usr/src/azl/BUILD/shim-15.8/gnu-efi/inc -I/usr/src/azl/BUILD/shim-15.8/gnu-efi/inc/aarch64 -I/usr/src/azl/BUILD/shim-15.8/gnu-efi/inc/protocol -I/usr/src/azl/BUILD/shim-15.8/Cryptlib/OpenSSL/crypto/asn1 -I/usr/src/azl/BUILD/shim-15.8/Cryptlib/OpenSSL/crypto/evp -I/usr/src/azl/BUILD/shim-15.8/Cryptlib/OpenSSL/crypto/modes -I/usr/src/azl/BUILD/shim-15.8/Cryptlib/OpenSSL/crypto/include -isystem /usr/src/azl/BUILD/shim-15.8/include/system -isystem /usr/lib/gcc/aarch64-unknown-linux-gnu/13.2.0/include -DL_ENDIAN -D_CRT_SECURE_NO_DEPRECATE -D_CRT_NONSTDC_NO_DEPRECATE -DOPENSSL_SMALL_FOOTPRINT -DPEDANTIC -DMDE_CPU_AARCH64   -c -o crypto/asn1/a_set.o /usr/src/azl/BUILD/shim-15.8/Cryptlib/OpenSSL/crypto/asn1/a_set.c
gcc -std=gnu11 -ggdb -ffreestanding -fmacro-prefix-map=/usr/src/azl/BUILD/shim-15.8/= -fno-stack-protector -fno-strict-aliasing -fpic -fshort-wchar -nostdinc -Os -Wall -Wextra -Wno-missing-field-initializers -Wno-empty-body -Wno-implicit-fallthrough -Wno-old-style-declaration -Wno-unused-but-set-variable -Wno-unused-parameter -Werror -I/usr/src/azl/BUILD/shim-15.8/Cryptlib/OpenSSL -I/usr/src/azl/BUILD/shim-15.8/Cryptlib -I/usr/src/azl/BUILD/shim-15.8/Cryptlib/OpenSSL/Include/ -I/usr/src/azl/BUILD/shim-15.8/Cryptlib/OpenSSL/crypto -I/usr/src/azl/BUILD/shim-15.8/Cryptlib/Include -I/usr/src/azl/BUILD/shim-15.8/gnu-efi/inc -I/usr/src/azl/BUILD/shim-15.8/gnu-efi/inc/aarch64 -I/usr/src/azl/BUILD/shim-15.8/gnu-efi/inc/protocol -I/usr/src/azl/BUILD/shim-15.8/Cryptlib/OpenSSL/crypto/asn1 -I/usr/src/azl/BUILD/shim-15.8/Cryptlib/OpenSSL/crypto/evp -I/usr/src/azl/BUILD/shim-15.8/Cryptlib/OpenSSL/crypto/modes -I/usr/src/azl/BUILD/shim-15.8/Cryptlib/OpenSSL/crypto/include -isystem /usr/src/azl/BUILD/shim-15.8/include/system -isystem /usr/lib/gcc/aarch64-unknown-linux-gnu/13.2.0/include -DL_ENDIAN -D_CRT_SECURE_NO_DEPRECATE -D_CRT_NONSTDC_NO_DEPRECATE -DOPENSSL_SMALL_FOOTPRINT -DPEDANTIC -DMDE_CPU_AARCH64   -c -o crypto/asn1/a_dup.o /usr/src/azl/BUILD/shim-15.8/Cryptlib/OpenSSL/crypto/asn1/a_dup.c
gcc -std=gnu11 -ggdb -ffreestanding -fmacro-prefix-map=/usr/src/azl/BUILD/shim-15.8/= -fno-stack-protector -fno-strict-aliasing -fpic -fshort-wchar -nostdinc -Os -Wall -Wextra -Wno-missing-field-initializers -Wno-empty-body -Wno-implicit-fallthrough -Wno-old-style-declaration -Wno-unused-but-set-variable -Wno-unused-parameter -Werror -I/usr/src/azl/BUILD/shim-15.8/Cryptlib/OpenSSL -I/usr/src/azl/BUILD/shim-15.8/Cryptlib -I/usr/src/azl/BUILD/shim-15.8/Cryptlib/OpenSSL/Include/ -I/usr/src/azl/BUILD/shim-15.8/Cryptlib/OpenSSL/crypto -I/usr/src/azl/BUILD/shim-15.8/Cryptlib/Include -I/usr/src/azl/BUILD/shim-15.8/gnu-efi/inc -I/usr/src/azl/BUILD/shim-15.8/gnu-efi/inc/aarch64 -I/usr/src/azl/BUILD/shim-15.8/gnu-efi/inc/protocol -I/usr/src/azl/BUILD/shim-15.8/Cryptlib/OpenSSL/crypto/asn1 -I/usr/src/azl/BUILD/shim-15.8/Cryptlib/OpenSSL/crypto/evp -I/usr/src/azl/BUILD/shim-15.8/Cryptlib/OpenSSL/crypto/modes -I/usr/src/azl/BUILD/shim-15.8/Cryptlib/OpenSSL/crypto/include -isystem /usr/src/azl/BUILD/shim-15.8/include/system -isystem /usr/lib/gcc/aarch64-unknown-linux-gnu/13.2.0/include -DL_ENDIAN -D_CRT_SECURE_NO_DEPRECATE -D_CRT_NONSTDC_NO_DEPRECATE -DOPENSSL_SMALL_FOOTPRINT -DPEDANTIC -DMDE_CPU_AARCH64   -c -o crypto/asn1/a_d2i_fp.o /usr/src/azl/BUILD/shim-15.8/Cryptlib/OpenSSL/crypto/asn1/a_d2i_fp.c
gcc -std=gnu11 -ggdb -ffreestanding -fmacro-prefix-map=/usr/src/azl/BUILD/shim-15.8/= -fno-stack-protector -fno-strict-aliasing -fpic -fshort-wchar -nostdinc -Os -Wall -Wextra -Wno-missing-field-initializers -Wno-empty-body -Wno-implicit-fallthrough -Wno-old-style-declaration -Wno-unused-but-set-variable -Wno-unused-parameter -Werror -I/usr/src/azl/BUILD/shim-15.8/Cryptlib/OpenSSL -I/usr/src/azl/BUILD/shim-15.8/Cryptlib -I/usr/src/azl/BUILD/shim-15.8/Cryptlib/OpenSSL/Include/ -I/usr/src/azl/BUILD/shim-15.8/Cryptlib/OpenSSL/crypto -I/usr/src/azl/BUILD/shim-15.8/Cryptlib/Include -I/usr/src/azl/BUILD/shim-15.8/gnu-efi/inc -I/usr/src/azl/BUILD/shim-15.8/gnu-efi/inc/aarch64 -I/usr/src/azl/BUILD/shim-15.8/gnu-efi/inc/protocol -I/usr/src/azl/BUILD/shim-15.8/Cryptlib/OpenSSL/crypto/asn1 -I/usr/src/azl/BUILD/shim-15.8/Cryptlib/OpenSSL/crypto/evp -I/usr/src/azl/BUILD/shim-15.8/Cryptlib/OpenSSL/crypto/modes -I/usr/src/azl/BUILD/shim-15.8/Cryptlib/OpenSSL/crypto/include -isystem /usr/src/azl/BUILD/shim-15.8/include/system -isystem /usr/lib/gcc/aarch64-unknown-linux-gnu/13.2.0/include -DL_ENDIAN -D_CRT_SECURE_NO_DEPRECATE -D_CRT_NONSTDC_NO_DEPRECATE -DOPENSSL_SMALL_FOOTPRINT -DPEDANTIC -DMDE_CPU_AARCH64   -c -o crypto/asn1/a_i2d_fp.o /usr/src/azl/BUILD/shim-15.8/Cryptlib/OpenSSL/crypto/asn1/a_i2d_fp.c
gcc -std=gnu11 -ggdb -ffreestanding -fmacro-prefix-map=/usr/src/azl/BUILD/shim-15.8/= -fno-stack-protector -fno-strict-aliasing -fpic -fshort-wchar -nostdinc -Os -Wall -Wextra -Wno-missing-field-initializers -Wno-empty-body -Wno-implicit-fallthrough -Wno-old-style-declaration -Wno-unused-but-set-variable -Wno-unused-parameter -Werror -I/usr/src/azl/BUILD/shim-15.8/Cryptlib/OpenSSL -I/usr/src/azl/BUILD/shim-15.8/Cryptlib -I/usr/src/azl/BUILD/shim-15.8/Cryptlib/OpenSSL/Include/ -I/usr/src/azl/BUILD/shim-15.8/Cryptlib/OpenSSL/crypto -I/usr/src/azl/BUILD/shim-15.8/Cryptlib/Include -I/usr/src/azl/BUILD/shim-15.8/gnu-efi/inc -I/usr/src/azl/BUILD/shim-15.8/gnu-efi/inc/aarch64 -I/usr/src/azl/BUILD/shim-15.8/gnu-efi/inc/protocol -I/usr/src/azl/BUILD/shim-15.8/Cryptlib/OpenSSL/crypto/asn1 -I/usr/src/azl/BUILD/shim-15.8/Cryptlib/OpenSSL/crypto/evp -I/usr/src/azl/BUILD/shim-15.8/Cryptlib/OpenSSL/crypto/modes -I/usr/src/azl/BUILD/shim-15.8/Cryptlib/OpenSSL/crypto/include -isystem /usr/src/azl/BUILD/shim-15.8/include/system -isystem /usr/lib/gcc/aarch64-unknown-linux-gnu/13.2.0/include -DL_ENDIAN -D_CRT_SECURE_NO_DEPRECATE -D_CRT_NONSTDC_NO_DEPRECATE -DOPENSSL_SMALL_FOOTPRINT -DPEDANTIC -DMDE_CPU_AARCH64   -c -o crypto/asn1/a_enum.o /usr/src/azl/BUILD/shim-15.8/Cryptlib/OpenSSL/crypto/asn1/a_enum.c
gcc -std=gnu11 -ggdb -ffreestanding -fmacro-prefix-map=/usr/src/azl/BUILD/shim-15.8/= -fno-stack-protector -fno-strict-aliasing -fpic -fshort-wchar -nostdinc -Os -Wall -Wextra -Wno-missing-field-initializers -Wno-empty-body -Wno-implicit-fallthrough -Wno-old-style-declaration -Wno-unused-but-set-variable -Wno-unused-parameter -Werror -I/usr/src/azl/BUILD/shim-15.8/Cryptlib/OpenSSL -I/usr/src/azl/BUILD/shim-15.8/Cryptlib -I/usr/src/azl/BUILD/shim-15.8/Cryptlib/OpenSSL/Include/ -I/usr/src/azl/BUILD/shim-15.8/Cryptlib/OpenSSL/crypto -I/usr/src/azl/BUILD/shim-15.8/Cryptlib/Include -I/usr/src/azl/BUILD/shim-15.8/gnu-efi/inc -I/usr/src/azl/BUILD/shim-15.8/gnu-efi/inc/aarch64 -I/usr/src/azl/BUILD/shim-15.8/gnu-efi/inc/protocol -I/usr/src/azl/BUILD/shim-15.8/Cryptlib/OpenSSL/crypto/asn1 -I/usr/src/azl/BUILD/shim-15.8/Cryptlib/OpenSSL/crypto/evp -I/usr/src/azl/BUILD/shim-15.8/Cryptlib/OpenSSL/crypto/modes -I/usr/src/azl/BUILD/shim-15.8/Cryptlib/OpenSSL/crypto/include -isystem /usr/src/azl/BUILD/shim-15.8/include/system -isystem /usr/lib/gcc/aarch64-unknown-linux-gnu/13.2.0/include -DL_ENDIAN -D_CRT_SECURE_NO_DEPRECATE -D_CRT_NONSTDC_NO_DEPRECATE -DOPENSSL_SMALL_FOOTPRINT -DPEDANTIC -DMDE_CPU_AARCH64   -c -o crypto/asn1/a_utf8.o /usr/src/azl/BUILD/shim-15.8/Cryptlib/OpenSSL/crypto/asn1/a_utf8.c
gcc -std=gnu11 -ggdb -ffreestanding -fmacro-prefix-map=/usr/src/azl/BUILD/shim-15.8/= -fno-stack-protector -fno-strict-aliasing -fpic -fshort-wchar -nostdinc -Os -Wall -Wextra -Wno-missing-field-initializers -Wno-empty-body -Wno-implicit-fallthrough -Wno-old-style-declaration -Wno-unused-but-set-variable -Wno-unused-parameter -Werror -I/usr/src/azl/BUILD/shim-15.8/Cryptlib/OpenSSL -I/usr/src/azl/BUILD/shim-15.8/Cryptlib -I/usr/src/azl/BUILD/shim-15.8/Cryptlib/OpenSSL/Include/ -I/usr/src/azl/BUILD/shim-15.8/Cryptlib/OpenSSL/crypto -I/usr/src/azl/BUILD/shim-15.8/Cryptlib/Include -I/usr/src/azl/BUILD/shim-15.8/gnu-efi/inc -I/usr/src/azl/BUILD/shim-15.8/gnu-efi/inc/aarch64 -I/usr/src/azl/BUILD/shim-15.8/gnu-efi/inc/protocol -I/usr/src/azl/BUILD/shim-15.8/Cryptlib/OpenSSL/crypto/asn1 -I/usr/src/azl/BUILD/shim-15.8/Cryptlib/OpenSSL/crypto/evp -I/usr/src/azl/BUILD/shim-15.8/Cryptlib/OpenSSL/crypto/modes -I/usr/src/azl/BUILD/shim-15.8/Cryptlib/OpenSSL/crypto/include -isystem /usr/src/azl/BUILD/shim-15.8/include/system -isystem /usr/lib/gcc/aarch64-unknown-linux-gnu/13.2.0/include -DL_ENDIAN -D_CRT_SECURE_NO_DEPRECATE -D_CRT_NONSTDC_NO_DEPRECATE -DOPENSSL_SMALL_FOOTPRINT -DPEDANTIC -DMDE_CPU_AARCH64   -c -o crypto/asn1/a_sign.o /usr/src/azl/BUILD/shim-15.8/Cryptlib/OpenSSL/crypto/asn1/a_sign.c
gcc -std=gnu11 -ggdb -ffreestanding -fmacro-prefix-map=/usr/src/azl/BUILD/shim-15.8/= -fno-stack-protector -fno-strict-aliasing -fpic -fshort-wchar -nostdinc -Os -Wall -Wextra -Wno-missing-field-initializers -Wno-empty-body -Wno-implicit-fallthrough -Wno-old-style-declaration -Wno-unused-but-set-variable -Wno-unused-parameter -Werror -I/usr/src/azl/BUILD/shim-15.8/Cryptlib/OpenSSL -I/usr/src/azl/BUILD/shim-15.8/Cryptlib -I/usr/src/azl/BUILD/shim-15.8/Cryptlib/OpenSSL/Include/ -I/usr/src/azl/BUILD/shim-15.8/Cryptlib/OpenSSL/crypto -I/usr/src/azl/BUILD/shim-15.8/Cryptlib/Include -I/usr/src/azl/BUILD/shim-15.8/gnu-efi/inc -I/usr/src/azl/BUILD/shim-15.8/gnu-efi/inc/aarch64 -I/usr/src/azl/BUILD/shim-15.8/gnu-efi/inc/protocol -I/usr/src/azl/BUILD/shim-15.8/Cryptlib/OpenSSL/crypto/asn1 -I/usr/src/azl/BUILD/shim-15.8/Cryptlib/OpenSSL/crypto/evp -I/usr/src/azl/BUILD/shim-15.8/Cryptlib/OpenSSL/crypto/modes -I/usr/src/azl/BUILD/shim-15.8/Cryptlib/OpenSSL/crypto/include -isystem /usr/src/azl/BUILD/shim-15.8/include/system -isystem /usr/lib/gcc/aarch64-unknown-linux-gnu/13.2.0/include -DL_ENDIAN -D_CRT_SECURE_NO_DEPRECATE -D_CRT_NONSTDC_NO_DEPRECATE -DOPENSSL_SMALL_FOOTPRINT -DPEDANTIC -DMDE_CPU_AARCH64   -c -o crypto/asn1/a_digest.o /usr/src/azl/BUILD/shim-15.8/Cryptlib/OpenSSL/crypto/asn1/a_digest.c
gcc -std=gnu11 -ggdb -ffreestanding -fmacro-prefix-map=/usr/src/azl/BUILD/shim-15.8/= -fno-stack-protector -fno-strict-aliasing -fpic -fshort-wchar -nostdinc -Os -Wall -Wextra -Wno-missing-field-initializers -Wno-empty-body -Wno-implicit-fallthrough -Wno-old-style-declaration -Wno-unused-but-set-variable -Wno-unused-parameter -Werror -I/usr/src/azl/BUILD/shim-15.8/Cryptlib/OpenSSL -I/usr/src/azl/BUILD/shim-15.8/Cryptlib -I/usr/src/azl/BUILD/shim-15.8/Cryptlib/OpenSSL/Include/ -I/usr/src/azl/BUILD/shim-15.8/Cryptlib/OpenSSL/crypto -I/usr/src/azl/BUILD/shim-15.8/Cryptlib/Include -I/usr/src/azl/BUILD/shim-15.8/gnu-efi/inc -I/usr/src/azl/BUILD/shim-15.8/gnu-efi/inc/aarch64 -I/usr/src/azl/BUILD/shim-15.8/gnu-efi/inc/protocol -I/usr/src/azl/BUILD/shim-15.8/Cryptlib/OpenSSL/crypto/asn1 -I/usr/src/azl/BUILD/shim-15.8/Cryptlib/OpenSSL/crypto/evp -I/usr/src/azl/BUILD/shim-15.8/Cryptlib/OpenSSL/crypto/modes -I/usr/src/azl/BUILD/shim-15.8/Cryptlib/OpenSSL/crypto/include -isystem /usr/src/azl/BUILD/shim-15.8/include/system -isystem /usr/lib/gcc/aarch64-unknown-linux-gnu/13.2.0/include -DL_ENDIAN -D_CRT_SECURE_NO_DEPRECATE -D_CRT_NONSTDC_NO_DEPRECATE -DOPENSSL_SMALL_FOOTPRINT -DPEDANTIC -DMDE_CPU_AARCH64   -c -o crypto/asn1/a_verify.o /usr/src/azl/BUILD/shim-15.8/Cryptlib/OpenSSL/crypto/asn1/a_verify.c
gcc -std=gnu11 -ggdb -ffreestanding -fmacro-prefix-map=/usr/src/azl/BUILD/shim-15.8/= -fno-stack-protector -fno-strict-aliasing -fpic -fshort-wchar -nostdinc -Os -Wall -Wextra -Wno-missing-field-initializers -Wno-empty-body -Wno-implicit-fallthrough -Wno-old-style-declaration -Wno-unused-but-set-variable -Wno-unused-parameter -Werror -I/usr/src/azl/BUILD/shim-15.8/Cryptlib/OpenSSL -I/usr/src/azl/BUILD/shim-15.8/Cryptlib -I/usr/src/azl/BUILD/shim-15.8/Cryptlib/OpenSSL/Include/ -I/usr/src/azl/BUILD/shim-15.8/Cryptlib/OpenSSL/crypto -I/usr/src/azl/BUILD/shim-15.8/Cryptlib/Include -I/usr/src/azl/BUILD/shim-15.8/gnu-efi/inc -I/usr/src/azl/BUILD/shim-15.8/gnu-efi/inc/aarch64 -I/usr/src/azl/BUILD/shim-15.8/gnu-efi/inc/protocol -I/usr/src/azl/BUILD/shim-15.8/Cryptlib/OpenSSL/crypto/asn1 -I/usr/src/azl/BUILD/shim-15.8/Cryptlib/OpenSSL/crypto/evp -I/usr/src/azl/BUILD/shim-15.8/Cryptlib/OpenSSL/crypto/modes -I/usr/src/azl/BUILD/shim-15.8/Cryptlib/OpenSSL/crypto/include -isystem /usr/src/azl/BUILD/shim-15.8/include/system -isystem /usr/lib/gcc/aarch64-unknown-linux-gnu/13.2.0/include -DL_ENDIAN -D_CRT_SECURE_NO_DEPRECATE -D_CRT_NONSTDC_NO_DEPRECATE -DOPENSSL_SMALL_FOOTPRINT -DPEDANTIC -DMDE_CPU_AARCH64   -c -o crypto/asn1/a_mbstr.o /usr/src/azl/BUILD/shim-15.8/Cryptlib/OpenSSL/crypto/asn1/a_mbstr.c
gcc -std=gnu11 -ggdb -ffreestanding -fmacro-prefix-map=/usr/src/azl/BUILD/shim-15.8/= -fno-stack-protector -fno-strict-aliasing -fpic -fshort-wchar -nostdinc -Os -Wall -Wextra -Wno-missing-field-initializers -Wno-empty-body -Wno-implicit-fallthrough -Wno-old-style-declaration -Wno-unused-but-set-variable -Wno-unused-parameter -Werror -I/usr/src/azl/BUILD/shim-15.8/Cryptlib/OpenSSL -I/usr/src/azl/BUILD/shim-15.8/Cryptlib -I/usr/src/azl/BUILD/shim-15.8/Cryptlib/OpenSSL/Include/ -I/usr/src/azl/BUILD/shim-15.8/Cryptlib/OpenSSL/crypto -I/usr/src/azl/BUILD/shim-15.8/Cryptlib/Include -I/usr/src/azl/BUILD/shim-15.8/gnu-efi/inc -I/usr/src/azl/BUILD/shim-15.8/gnu-efi/inc/aarch64 -I/usr/src/azl/BUILD/shim-15.8/gnu-efi/inc/protocol -I/usr/src/azl/BUILD/shim-15.8/Cryptlib/OpenSSL/crypto/asn1 -I/usr/src/azl/BUILD/shim-15.8/Cryptlib/OpenSSL/crypto/evp -I/usr/src/azl/BUILD/shim-15.8/Cryptlib/OpenSSL/crypto/modes -I/usr/src/azl/BUILD/shim-15.8/Cryptlib/OpenSSL/crypto/include -isystem /usr/src/azl/BUILD/shim-15.8/include/system -isystem /usr/lib/gcc/aarch64-unknown-linux-gnu/13.2.0/include -DL_ENDIAN -D_CRT_SECURE_NO_DEPRECATE -D_CRT_NONSTDC_NO_DEPRECATE -DOPENSSL_SMALL_FOOTPRINT -DPEDANTIC -DMDE_CPU_AARCH64   -c -o crypto/asn1/a_strex.o /usr/src/azl/BUILD/shim-15.8/Cryptlib/OpenSSL/crypto/asn1/a_strex.c
gcc -std=gnu11 -ggdb -ffreestanding -fmacro-prefix-map=/usr/src/azl/BUILD/shim-15.8/= -fno-stack-protector -fno-strict-aliasing -fpic -fshort-wchar -nostdinc -Os -Wall -Wextra -Wno-missing-field-initializers -Wno-empty-body -Wno-implicit-fallthrough -Wno-old-style-declaration -Wno-unused-but-set-variable -Wno-unused-parameter -Werror -I/usr/src/azl/BUILD/shim-15.8/Cryptlib/OpenSSL -I/usr/src/azl/BUILD/shim-15.8/Cryptlib -I/usr/src/azl/BUILD/shim-15.8/Cryptlib/OpenSSL/Include/ -I/usr/src/azl/BUILD/shim-15.8/Cryptlib/OpenSSL/crypto -I/usr/src/azl/BUILD/shim-15.8/Cryptlib/Include -I/usr/src/azl/BUILD/shim-15.8/gnu-efi/inc -I/usr/src/azl/BUILD/shim-15.8/gnu-efi/inc/aarch64 -I/usr/src/azl/BUILD/shim-15.8/gnu-efi/inc/protocol -I/usr/src/azl/BUILD/shim-15.8/Cryptlib/OpenSSL/crypto/asn1 -I/usr/src/azl/BUILD/shim-15.8/Cryptlib/OpenSSL/crypto/evp -I/usr/src/azl/BUILD/shim-15.8/Cryptlib/OpenSSL/crypto/modes -I/usr/src/azl/BUILD/shim-15.8/Cryptlib/OpenSSL/crypto/include -isystem /usr/src/azl/BUILD/shim-15.8/include/system -isystem /usr/lib/gcc/aarch64-unknown-linux-gnu/13.2.0/include -DL_ENDIAN -D_CRT_SECURE_NO_DEPRECATE -D_CRT_NONSTDC_NO_DEPRECATE -DOPENSSL_SMALL_FOOTPRINT -DPEDANTIC -DMDE_CPU_AARCH64   -c -o crypto/asn1/x_algor.o /usr/src/azl/BUILD/shim-15.8/Cryptlib/OpenSSL/crypto/asn1/x_algor.c
gcc -std=gnu11 -ggdb -ffreestanding -fmacro-prefix-map=/usr/src/azl/BUILD/shim-15.8/= -fno-stack-protector -fno-strict-aliasing -fpic -fshort-wchar -nostdinc -Os -Wall -Wextra -Wno-missing-field-initializers -Wno-empty-body -Wno-implicit-fallthrough -Wno-old-style-declaration -Wno-unused-but-set-variable -Wno-unused-parameter -Werror -I/usr/src/azl/BUILD/shim-15.8/Cryptlib/OpenSSL -I/usr/src/azl/BUILD/shim-15.8/Cryptlib -I/usr/src/azl/BUILD/shim-15.8/Cryptlib/OpenSSL/Include/ -I/usr/src/azl/BUILD/shim-15.8/Cryptlib/OpenSSL/crypto -I/usr/src/azl/BUILD/shim-15.8/Cryptlib/Include -I/usr/src/azl/BUILD/shim-15.8/gnu-efi/inc -I/usr/src/azl/BUILD/shim-15.8/gnu-efi/inc/aarch64 -I/usr/src/azl/BUILD/shim-15.8/gnu-efi/inc/protocol -I/usr/src/azl/BUILD/shim-15.8/Cryptlib/OpenSSL/crypto/asn1 -I/usr/src/azl/BUILD/shim-15.8/Cryptlib/OpenSSL/crypto/evp -I/usr/src/azl/BUILD/shim-15.8/Cryptlib/OpenSSL/crypto/modes -I/usr/src/azl/BUILD/shim-15.8/Cryptlib/OpenSSL/crypto/include -isystem /usr/src/azl/BUILD/shim-15.8/include/system -isystem /usr/lib/gcc/aarch64-unknown-linux-gnu/13.2.0/include -DL_ENDIAN -D_CRT_SECURE_NO_DEPRECATE -D_CRT_NONSTDC_NO_DEPRECATE -DOPENSSL_SMALL_FOOTPRINT -DPEDANTIC -DMDE_CPU_AARCH64   -c -o crypto/asn1/x_val.o /usr/src/azl/BUILD/shim-15.8/Cryptlib/OpenSSL/crypto/asn1/x_val.c
gcc -std=gnu11 -ggdb -ffreestanding -fmacro-prefix-map=/usr/src/azl/BUILD/shim-15.8/= -fno-stack-protector -fno-strict-aliasing -fpic -fshort-wchar -nostdinc -Os -Wall -Wextra -Wno-missing-field-initializers -Wno-empty-body -Wno-implicit-fallthrough -Wno-old-style-declaration -Wno-unused-but-set-variable -Wno-unused-parameter -Werror -I/usr/src/azl/BUILD/shim-15.8/Cryptlib/OpenSSL -I/usr/src/azl/BUILD/shim-15.8/Cryptlib -I/usr/src/azl/BUILD/shim-15.8/Cryptlib/OpenSSL/Include/ -I/usr/src/azl/BUILD/shim-15.8/Cryptlib/OpenSSL/crypto -I/usr/src/azl/BUILD/shim-15.8/Cryptlib/Include -I/usr/src/azl/BUILD/shim-15.8/gnu-efi/inc -I/usr/src/azl/BUILD/shim-15.8/gnu-efi/inc/aarch64 -I/usr/src/azl/BUILD/shim-15.8/gnu-efi/inc/protocol -I/usr/src/azl/BUILD/shim-15.8/Cryptlib/OpenSSL/crypto/asn1 -I/usr/src/azl/BUILD/shim-15.8/Cryptlib/OpenSSL/crypto/evp -I/usr/src/azl/BUILD/shim-15.8/Cryptlib/OpenSSL/crypto/modes -I/usr/src/azl/BUILD/shim-15.8/Cryptlib/OpenSSL/crypto/include -isystem /usr/src/azl/BUILD/shim-15.8/include/system -isystem /usr/lib/gcc/aarch64-unknown-linux-gnu/13.2.0/include -DL_ENDIAN -D_CRT_SECURE_NO_DEPRECATE -D_CRT_NONSTDC_NO_DEPRECATE -DOPENSSL_SMALL_FOOTPRINT -DPEDANTIC -DMDE_CPU_AARCH64   -c -o crypto/asn1/x_pubkey.o /usr/src/azl/BUILD/shim-15.8/Cryptlib/OpenSSL/crypto/asn1/x_pubkey.c
gcc -std=gnu11 -ggdb -ffreestanding -fmacro-prefix-map=/usr/src/azl/BUILD/shim-15.8/= -fno-stack-protector -fno-strict-aliasing -fpic -fshort-wchar -nostdinc -Os -Wall -Wextra -Wno-missing-field-initializers -Wno-empty-body -Wno-implicit-fallthrough -Wno-old-style-declaration -Wno-unused-but-set-variable -Wno-unused-parameter -Werror -I/usr/src/azl/BUILD/shim-15.8/Cryptlib/OpenSSL -I/usr/src/azl/BUILD/shim-15.8/Cryptlib -I/usr/src/azl/BUILD/shim-15.8/Cryptlib/OpenSSL/Include/ -I/usr/src/azl/BUILD/shim-15.8/Cryptlib/OpenSSL/crypto -I/usr/src/azl/BUILD/shim-15.8/Cryptlib/Include -I/usr/src/azl/BUILD/shim-15.8/gnu-efi/inc -I/usr/src/azl/BUILD/shim-15.8/gnu-efi/inc/aarch64 -I/usr/src/azl/BUILD/shim-15.8/gnu-efi/inc/protocol -I/usr/src/azl/BUILD/shim-15.8/Cryptlib/OpenSSL/crypto/asn1 -I/usr/src/azl/BUILD/shim-15.8/Cryptlib/OpenSSL/crypto/evp -I/usr/src/azl/BUILD/shim-15.8/Cryptlib/OpenSSL/crypto/modes -I/usr/src/azl/BUILD/shim-15.8/Cryptlib/OpenSSL/crypto/include -isystem /usr/src/azl/BUILD/shim-15.8/include/system -isystem /usr/lib/gcc/aarch64-unknown-linux-gnu/13.2.0/include -DL_ENDIAN -D_CRT_SECURE_NO_DEPRECATE -D_CRT_NONSTDC_NO_DEPRECATE -DOPENSSL_SMALL_FOOTPRINT -DPEDANTIC -DMDE_CPU_AARCH64   -c -o crypto/asn1/x_sig.o /usr/src/azl/BUILD/shim-15.8/Cryptlib/OpenSSL/crypto/asn1/x_sig.c
gcc -std=gnu11 -ggdb -ffreestanding -fmacro-prefix-map=/usr/src/azl/BUILD/shim-15.8/= -fno-stack-protector -fno-strict-aliasing -fpic -fshort-wchar -nostdinc -Os -Wall -Wextra -Wno-missing-field-initializers -Wno-empty-body -Wno-implicit-fallthrough -Wno-old-style-declaration -Wno-unused-but-set-variable -Wno-unused-parameter -Werror -I/usr/src/azl/BUILD/shim-15.8/Cryptlib/OpenSSL -I/usr/src/azl/BUILD/shim-15.8/Cryptlib -I/usr/src/azl/BUILD/shim-15.8/Cryptlib/OpenSSL/Include/ -I/usr/src/azl/BUILD/shim-15.8/Cryptlib/OpenSSL/crypto -I/usr/src/azl/BUILD/shim-15.8/Cryptlib/Include -I/usr/src/azl/BUILD/shim-15.8/gnu-efi/inc -I/usr/src/azl/BUILD/shim-15.8/gnu-efi/inc/aarch64 -I/usr/src/azl/BUILD/shim-15.8/gnu-efi/inc/protocol -I/usr/src/azl/BUILD/shim-15.8/Cryptlib/OpenSSL/crypto/asn1 -I/usr/src/azl/BUILD/shim-15.8/Cryptlib/OpenSSL/crypto/evp -I/usr/src/azl/BUILD/shim-15.8/Cryptlib/OpenSSL/crypto/modes -I/usr/src/azl/BUILD/shim-15.8/Cryptlib/OpenSSL/crypto/include -isystem /usr/src/azl/BUILD/shim-15.8/include/system -isystem /usr/lib/gcc/aarch64-unknown-linux-gnu/13.2.0/include -DL_ENDIAN -D_CRT_SECURE_NO_DEPRECATE -D_CRT_NONSTDC_NO_DEPRECATE -DOPENSSL_SMALL_FOOTPRINT -DPEDANTIC -DMDE_CPU_AARCH64   -c -o crypto/asn1/x_req.o /usr/src/azl/BUILD/shim-15.8/Cryptlib/OpenSSL/crypto/asn1/x_req.c
gcc -std=gnu11 -ggdb -ffreestanding -fmacro-prefix-map=/usr/src/azl/BUILD/shim-15.8/= -fno-stack-protector -fno-strict-aliasing -fpic -fshort-wchar -nostdinc -Os -Wall -Wextra -Wno-missing-field-initializers -Wno-empty-body -Wno-implicit-fallthrough -Wno-old-style-declaration -Wno-unused-but-set-variable -Wno-unused-parameter -Werror -I/usr/src/azl/BUILD/shim-15.8/Cryptlib/OpenSSL -I/usr/src/azl/BUILD/shim-15.8/Cryptlib -I/usr/src/azl/BUILD/shim-15.8/Cryptlib/OpenSSL/Include/ -I/usr/src/azl/BUILD/shim-15.8/Cryptlib/OpenSSL/crypto -I/usr/src/azl/BUILD/shim-15.8/Cryptlib/Include -I/usr/src/azl/BUILD/shim-15.8/gnu-efi/inc -I/usr/src/azl/BUILD/shim-15.8/gnu-efi/inc/aarch64 -I/usr/src/azl/BUILD/shim-15.8/gnu-efi/inc/protocol -I/usr/src/azl/BUILD/shim-15.8/Cryptlib/OpenSSL/crypto/asn1 -I/usr/src/azl/BUILD/shim-15.8/Cryptlib/OpenSSL/crypto/evp -I/usr/src/azl/BUILD/shim-15.8/Cryptlib/OpenSSL/crypto/modes -I/usr/src/azl/BUILD/shim-15.8/Cryptlib/OpenSSL/crypto/include -isystem /usr/src/azl/BUILD/shim-15.8/include/system -isystem /usr/lib/gcc/aarch64-unknown-linux-gnu/13.2.0/include -DL_ENDIAN -D_CRT_SECURE_NO_DEPRECATE -D_CRT_NONSTDC_NO_DEPRECATE -DOPENSSL_SMALL_FOOTPRINT -DPEDANTIC -DMDE_CPU_AARCH64   -c -o crypto/asn1/x_attrib.o /usr/src/azl/BUILD/shim-15.8/Cryptlib/OpenSSL/crypto/asn1/x_attrib.c
gcc -std=gnu11 -ggdb -ffreestanding -fmacro-prefix-map=/usr/src/azl/BUILD/shim-15.8/= -fno-stack-protector -fno-strict-aliasing -fpic -fshort-wchar -nostdinc -Os -Wall -Wextra -Wno-missing-field-initializers -Wno-empty-body -Wno-implicit-fallthrough -Wno-old-style-declaration -Wno-unused-but-set-variable -Wno-unused-parameter -Werror -I/usr/src/azl/BUILD/shim-15.8/Cryptlib/OpenSSL -I/usr/src/azl/BUILD/shim-15.8/Cryptlib -I/usr/src/azl/BUILD/shim-15.8/Cryptlib/OpenSSL/Include/ -I/usr/src/azl/BUILD/shim-15.8/Cryptlib/OpenSSL/crypto -I/usr/src/azl/BUILD/shim-15.8/Cryptlib/Include -I/usr/src/azl/BUILD/shim-15.8/gnu-efi/inc -I/usr/src/azl/BUILD/shim-15.8/gnu-efi/inc/aarch64 -I/usr/src/azl/BUILD/shim-15.8/gnu-efi/inc/protocol -I/usr/src/azl/BUILD/shim-15.8/Cryptlib/OpenSSL/crypto/asn1 -I/usr/src/azl/BUILD/shim-15.8/Cryptlib/OpenSSL/crypto/evp -I/usr/src/azl/BUILD/shim-15.8/Cryptlib/OpenSSL/crypto/modes -I/usr/src/azl/BUILD/shim-15.8/Cryptlib/OpenSSL/crypto/include -isystem /usr/src/azl/BUILD/shim-15.8/include/system -isystem /usr/lib/gcc/aarch64-unknown-linux-gnu/13.2.0/include -DL_ENDIAN -D_CRT_SECURE_NO_DEPRECATE -D_CRT_NONSTDC_NO_DEPRECATE -DOPENSSL_SMALL_FOOTPRINT -DPEDANTIC -DMDE_CPU_AARCH64   -c -o crypto/asn1/x_bignum.o /usr/src/azl/BUILD/shim-15.8/Cryptlib/OpenSSL/crypto/asn1/x_bignum.c
gcc -std=gnu11 -ggdb -ffreestanding -fmacro-prefix-map=/usr/src/azl/BUILD/shim-15.8/= -fno-stack-protector -fno-strict-aliasing -fpic -fshort-wchar -nostdinc -Os -Wall -Wextra -Wno-missing-field-initializers -Wno-empty-body -Wno-implicit-fallthrough -Wno-old-style-declaration -Wno-unused-but-set-variable -Wno-unused-parameter -Werror -I/usr/src/azl/BUILD/shim-15.8/Cryptlib/OpenSSL -I/usr/src/azl/BUILD/shim-15.8/Cryptlib -I/usr/src/azl/BUILD/shim-15.8/Cryptlib/OpenSSL/Include/ -I/usr/src/azl/BUILD/shim-15.8/Cryptlib/OpenSSL/crypto -I/usr/src/azl/BUILD/shim-15.8/Cryptlib/Include -I/usr/src/azl/BUILD/shim-15.8/gnu-efi/inc -I/usr/src/azl/BUILD/shim-15.8/gnu-efi/inc/aarch64 -I/usr/src/azl/BUILD/shim-15.8/gnu-efi/inc/protocol -I/usr/src/azl/BUILD/shim-15.8/Cryptlib/OpenSSL/crypto/asn1 -I/usr/src/azl/BUILD/shim-15.8/Cryptlib/OpenSSL/crypto/evp -I/usr/src/azl/BUILD/shim-15.8/Cryptlib/OpenSSL/crypto/modes -I/usr/src/azl/BUILD/shim-15.8/Cryptlib/OpenSSL/crypto/include -isystem /usr/src/azl/BUILD/shim-15.8/include/system -isystem /usr/lib/gcc/aarch64-unknown-linux-gnu/13.2.0/include -DL_ENDIAN -D_CRT_SECURE_NO_DEPRECATE -D_CRT_NONSTDC_NO_DEPRECATE -DOPENSSL_SMALL_FOOTPRINT -DPEDANTIC -DMDE_CPU_AARCH64   -c -o crypto/asn1/x_long.o /usr/src/azl/BUILD/shim-15.8/Cryptlib/OpenSSL/crypto/asn1/x_long.c
gcc -std=gnu11 -ggdb -ffreestanding -fmacro-prefix-map=/usr/src/azl/BUILD/shim-15.8/= -fno-stack-protector -fno-strict-aliasing -fpic -fshort-wchar -nostdinc -Os -Wall -Wextra -Wno-missing-field-initializers -Wno-empty-body -Wno-implicit-fallthrough -Wno-old-style-declaration -Wno-unused-but-set-variable -Wno-unused-parameter -Werror -I/usr/src/azl/BUILD/shim-15.8/Cryptlib/OpenSSL -I/usr/src/azl/BUILD/shim-15.8/Cryptlib -I/usr/src/azl/BUILD/shim-15.8/Cryptlib/OpenSSL/Include/ -I/usr/src/azl/BUILD/shim-15.8/Cryptlib/OpenSSL/crypto -I/usr/src/azl/BUILD/shim-15.8/Cryptlib/Include -I/usr/src/azl/BUILD/shim-15.8/gnu-efi/inc -I/usr/src/azl/BUILD/shim-15.8/gnu-efi/inc/aarch64 -I/usr/src/azl/BUILD/shim-15.8/gnu-efi/inc/protocol -I/usr/src/azl/BUILD/shim-15.8/Cryptlib/OpenSSL/crypto/asn1 -I/usr/src/azl/BUILD/shim-15.8/Cryptlib/OpenSSL/crypto/evp -I/usr/src/azl/BUILD/shim-15.8/Cryptlib/OpenSSL/crypto/modes -I/usr/src/azl/BUILD/shim-15.8/Cryptlib/OpenSSL/crypto/include -isystem /usr/src/azl/BUILD/shim-15.8/include/system -isystem /usr/lib/gcc/aarch64-unknown-linux-gnu/13.2.0/include -DL_ENDIAN -D_CRT_SECURE_NO_DEPRECATE -D_CRT_NONSTDC_NO_DEPRECATE -DOPENSSL_SMALL_FOOTPRINT -DPEDANTIC -DMDE_CPU_AARCH64   -c -o crypto/asn1/x_name.o /usr/src/azl/BUILD/shim-15.8/Cryptlib/OpenSSL/crypto/asn1/x_name.c
gcc -std=gnu11 -ggdb -ffreestanding -fmacro-prefix-map=/usr/src/azl/BUILD/shim-15.8/= -fno-stack-protector -fno-strict-aliasing -fpic -fshort-wchar -nostdinc -Os -Wall -Wextra -Wno-missing-field-initializers -Wno-empty-body -Wno-implicit-fallthrough -Wno-old-style-declaration -Wno-unused-but-set-variable -Wno-unused-parameter -Werror -I/usr/src/azl/BUILD/shim-15.8/Cryptlib/OpenSSL -I/usr/src/azl/BUILD/shim-15.8/Cryptlib -I/usr/src/azl/BUILD/shim-15.8/Cryptlib/OpenSSL/Include/ -I/usr/src/azl/BUILD/shim-15.8/Cryptlib/OpenSSL/crypto -I/usr/src/azl/BUILD/shim-15.8/Cryptlib/Include -I/usr/src/azl/BUILD/shim-15.8/gnu-efi/inc -I/usr/src/azl/BUILD/shim-15.8/gnu-efi/inc/aarch64 -I/usr/src/azl/BUILD/shim-15.8/gnu-efi/inc/protocol -I/usr/src/azl/BUILD/shim-15.8/Cryptlib/OpenSSL/crypto/asn1 -I/usr/src/azl/BUILD/shim-15.8/Cryptlib/OpenSSL/crypto/evp -I/usr/src/azl/BUILD/shim-15.8/Cryptlib/OpenSSL/crypto/modes -I/usr/src/azl/BUILD/shim-15.8/Cryptlib/OpenSSL/crypto/include -isystem /usr/src/azl/BUILD/shim-15.8/include/system -isystem /usr/lib/gcc/aarch64-unknown-linux-gnu/13.2.0/include -DL_ENDIAN -D_CRT_SECURE_NO_DEPRECATE -D_CRT_NONSTDC_NO_DEPRECATE -DOPENSSL_SMALL_FOOTPRINT -DPEDANTIC -DMDE_CPU_AARCH64   -c -o crypto/asn1/x_x509.o /usr/src/azl/BUILD/shim-15.8/Cryptlib/OpenSSL/crypto/asn1/x_x509.c
gcc -std=gnu11 -ggdb -ffreestanding -fmacro-prefix-map=/usr/src/azl/BUILD/shim-15.8/= -fno-stack-protector -fno-strict-aliasing -fpic -fshort-wchar -nostdinc -Os -Wall -Wextra -Wno-missing-field-initializers -Wno-empty-body -Wno-implicit-fallthrough -Wno-old-style-declaration -Wno-unused-but-set-variable -Wno-unused-parameter -Werror -I/usr/src/azl/BUILD/shim-15.8/Cryptlib/OpenSSL -I/usr/src/azl/BUILD/shim-15.8/Cryptlib -I/usr/src/azl/BUILD/shim-15.8/Cryptlib/OpenSSL/Include/ -I/usr/src/azl/BUILD/shim-15.8/Cryptlib/OpenSSL/crypto -I/usr/src/azl/BUILD/shim-15.8/Cryptlib/Include -I/usr/src/azl/BUILD/shim-15.8/gnu-efi/inc -I/usr/src/azl/BUILD/shim-15.8/gnu-efi/inc/aarch64 -I/usr/src/azl/BUILD/shim-15.8/gnu-efi/inc/protocol -I/usr/src/azl/BUILD/shim-15.8/Cryptlib/OpenSSL/crypto/asn1 -I/usr/src/azl/BUILD/shim-15.8/Cryptlib/OpenSSL/crypto/evp -I/usr/src/azl/BUILD/shim-15.8/Cryptlib/OpenSSL/crypto/modes -I/usr/src/azl/BUILD/shim-15.8/Cryptlib/OpenSSL/crypto/include -isystem /usr/src/azl/BUILD/shim-15.8/include/system -isystem /usr/lib/gcc/aarch64-unknown-linux-gnu/13.2.0/include -DL_ENDIAN -D_CRT_SECURE_NO_DEPRECATE -D_CRT_NONSTDC_NO_DEPRECATE -DOPENSSL_SMALL_FOOTPRINT -DPEDANTIC -DMDE_CPU_AARCH64   -c -o crypto/asn1/x_x509a.o /usr/src/azl/BUILD/shim-15.8/Cryptlib/OpenSSL/crypto/asn1/x_x509a.c
gcc -std=gnu11 -ggdb -ffreestanding -fmacro-prefix-map=/usr/src/azl/BUILD/shim-15.8/= -fno-stack-protector -fno-strict-aliasing -fpic -fshort-wchar -nostdinc -Os -Wall -Wextra -Wno-missing-field-initializers -Wno-empty-body -Wno-implicit-fallthrough -Wno-old-style-declaration -Wno-unused-but-set-variable -Wno-unused-parameter -Werror -I/usr/src/azl/BUILD/shim-15.8/Cryptlib/OpenSSL -I/usr/src/azl/BUILD/shim-15.8/Cryptlib -I/usr/src/azl/BUILD/shim-15.8/Cryptlib/OpenSSL/Include/ -I/usr/src/azl/BUILD/shim-15.8/Cryptlib/OpenSSL/crypto -I/usr/src/azl/BUILD/shim-15.8/Cryptlib/Include -I/usr/src/azl/BUILD/shim-15.8/gnu-efi/inc -I/usr/src/azl/BUILD/shim-15.8/gnu-efi/inc/aarch64 -I/usr/src/azl/BUILD/shim-15.8/gnu-efi/inc/protocol -I/usr/src/azl/BUILD/shim-15.8/Cryptlib/OpenSSL/crypto/asn1 -I/usr/src/azl/BUILD/shim-15.8/Cryptlib/OpenSSL/crypto/evp -I/usr/src/azl/BUILD/shim-15.8/Cryptlib/OpenSSL/crypto/modes -I/usr/src/azl/BUILD/shim-15.8/Cryptlib/OpenSSL/crypto/include -isystem /usr/src/azl/BUILD/shim-15.8/include/system -isystem /usr/lib/gcc/aarch64-unknown-linux-gnu/13.2.0/include -DL_ENDIAN -D_CRT_SECURE_NO_DEPRECATE -D_CRT_NONSTDC_NO_DEPRECATE -DOPENSSL_SMALL_FOOTPRINT -DPEDANTIC -DMDE_CPU_AARCH64   -c -o crypto/asn1/x_crl.o /usr/src/azl/BUILD/shim-15.8/Cryptlib/OpenSSL/crypto/asn1/x_crl.c
gcc -std=gnu11 -ggdb -ffreestanding -fmacro-prefix-map=/usr/src/azl/BUILD/shim-15.8/= -fno-stack-protector -fno-strict-aliasing -fpic -fshort-wchar -nostdinc -Os -Wall -Wextra -Wno-missing-field-initializers -Wno-empty-body -Wno-implicit-fallthrough -Wno-old-style-declaration -Wno-unused-but-set-variable -Wno-unused-parameter -Werror -I/usr/src/azl/BUILD/shim-15.8/Cryptlib/OpenSSL -I/usr/src/azl/BUILD/shim-15.8/Cryptlib -I/usr/src/azl/BUILD/shim-15.8/Cryptlib/OpenSSL/Include/ -I/usr/src/azl/BUILD/shim-15.8/Cryptlib/OpenSSL/crypto -I/usr/src/azl/BUILD/shim-15.8/Cryptlib/Include -I/usr/src/azl/BUILD/shim-15.8/gnu-efi/inc -I/usr/src/azl/BUILD/shim-15.8/gnu-efi/inc/aarch64 -I/usr/src/azl/BUILD/shim-15.8/gnu-efi/inc/protocol -I/usr/src/azl/BUILD/shim-15.8/Cryptlib/OpenSSL/crypto/asn1 -I/usr/src/azl/BUILD/shim-15.8/Cryptlib/OpenSSL/crypto/evp -I/usr/src/azl/BUILD/shim-15.8/Cryptlib/OpenSSL/crypto/modes -I/usr/src/azl/BUILD/shim-15.8/Cryptlib/OpenSSL/crypto/include -isystem /usr/src/azl/BUILD/shim-15.8/include/system -isystem /usr/lib/gcc/aarch64-unknown-linux-gnu/13.2.0/include -DL_ENDIAN -D_CRT_SECURE_NO_DEPRECATE -D_CRT_NONSTDC_NO_DEPRECATE -DOPENSSL_SMALL_FOOTPRINT -DPEDANTIC -DMDE_CPU_AARCH64   -c -o crypto/asn1/x_info.o /usr/src/azl/BUILD/shim-15.8/Cryptlib/OpenSSL/crypto/asn1/x_info.c
gcc -std=gnu11 -ggdb -ffreestanding -fmacro-prefix-map=/usr/src/azl/BUILD/shim-15.8/= -fno-stack-protector -fno-strict-aliasing -fpic -fshort-wchar -nostdinc -Os -Wall -Wextra -Wno-missing-field-initializers -Wno-empty-body -Wno-implicit-fallthrough -Wno-old-style-declaration -Wno-unused-but-set-variable -Wno-unused-parameter -Werror -I/usr/src/azl/BUILD/shim-15.8/Cryptlib/OpenSSL -I/usr/src/azl/BUILD/shim-15.8/Cryptlib -I/usr/src/azl/BUILD/shim-15.8/Cryptlib/OpenSSL/Include/ -I/usr/src/azl/BUILD/shim-15.8/Cryptlib/OpenSSL/crypto -I/usr/src/azl/BUILD/shim-15.8/Cryptlib/Include -I/usr/src/azl/BUILD/shim-15.8/gnu-efi/inc -I/usr/src/azl/BUILD/shim-15.8/gnu-efi/inc/aarch64 -I/usr/src/azl/BUILD/shim-15.8/gnu-efi/inc/protocol -I/usr/src/azl/BUILD/shim-15.8/Cryptlib/OpenSSL/crypto/asn1 -I/usr/src/azl/BUILD/shim-15.8/Cryptlib/OpenSSL/crypto/evp -I/usr/src/azl/BUILD/shim-15.8/Cryptlib/OpenSSL/crypto/modes -I/usr/src/azl/BUILD/shim-15.8/Cryptlib/OpenSSL/crypto/include -isystem /usr/src/azl/BUILD/shim-15.8/include/system -isystem /usr/lib/gcc/aarch64-unknown-linux-gnu/13.2.0/include -DL_ENDIAN -D_CRT_SECURE_NO_DEPRECATE -D_CRT_NONSTDC_NO_DEPRECATE -DOPENSSL_SMALL_FOOTPRINT -DPEDANTIC -DMDE_CPU_AARCH64   -c -o crypto/asn1/x_spki.o /usr/src/azl/BUILD/shim-15.8/Cryptlib/OpenSSL/crypto/asn1/x_spki.c
gcc -std=gnu11 -ggdb -ffreestanding -fmacro-prefix-map=/usr/src/azl/BUILD/shim-15.8/= -fno-stack-protector -fno-strict-aliasing -fpic -fshort-wchar -nostdinc -Os -Wall -Wextra -Wno-missing-field-initializers -Wno-empty-body -Wno-implicit-fallthrough -Wno-old-style-declaration -Wno-unused-but-set-variable -Wno-unused-parameter -Werror -I/usr/src/azl/BUILD/shim-15.8/Cryptlib/OpenSSL -I/usr/src/azl/BUILD/shim-15.8/Cryptlib -I/usr/src/azl/BUILD/shim-15.8/Cryptlib/OpenSSL/Include/ -I/usr/src/azl/BUILD/shim-15.8/Cryptlib/OpenSSL/crypto -I/usr/src/azl/BUILD/shim-15.8/Cryptlib/Include -I/usr/src/azl/BUILD/shim-15.8/gnu-efi/inc -I/usr/src/azl/BUILD/shim-15.8/gnu-efi/inc/aarch64 -I/usr/src/azl/BUILD/shim-15.8/gnu-efi/inc/protocol -I/usr/src/azl/BUILD/shim-15.8/Cryptlib/OpenSSL/crypto/asn1 -I/usr/src/azl/BUILD/shim-15.8/Cryptlib/OpenSSL/crypto/evp -I/usr/src/azl/BUILD/shim-15.8/Cryptlib/OpenSSL/crypto/modes -I/usr/src/azl/BUILD/shim-15.8/Cryptlib/OpenSSL/crypto/include -isystem /usr/src/azl/BUILD/shim-15.8/include/system -isystem /usr/lib/gcc/aarch64-unknown-linux-gnu/13.2.0/include -DL_ENDIAN -D_CRT_SECURE_NO_DEPRECATE -D_CRT_NONSTDC_NO_DEPRECATE -DOPENSSL_SMALL_FOOTPRINT -DPEDANTIC -DMDE_CPU_AARCH64   -c -o crypto/asn1/nsseq.o /usr/src/azl/BUILD/shim-15.8/Cryptlib/OpenSSL/crypto/asn1/nsseq.c
gcc -std=gnu11 -ggdb -ffreestanding -fmacro-prefix-map=/usr/src/azl/BUILD/shim-15.8/= -fno-stack-protector -fno-strict-aliasing -fpic -fshort-wchar -nostdinc -Os -Wall -Wextra -Wno-missing-field-initializers -Wno-empty-body -Wno-implicit-fallthrough -Wno-old-style-declaration -Wno-unused-but-set-variable -Wno-unused-parameter -Werror -I/usr/src/azl/BUILD/shim-15.8/Cryptlib/OpenSSL -I/usr/src/azl/BUILD/shim-15.8/Cryptlib -I/usr/src/azl/BUILD/shim-15.8/Cryptlib/OpenSSL/Include/ -I/usr/src/azl/BUILD/shim-15.8/Cryptlib/OpenSSL/crypto -I/usr/src/azl/BUILD/shim-15.8/Cryptlib/Include -I/usr/src/azl/BUILD/shim-15.8/gnu-efi/inc -I/usr/src/azl/BUILD/shim-15.8/gnu-efi/inc/aarch64 -I/usr/src/azl/BUILD/shim-15.8/gnu-efi/inc/protocol -I/usr/src/azl/BUILD/shim-15.8/Cryptlib/OpenSSL/crypto/asn1 -I/usr/src/azl/BUILD/shim-15.8/Cryptlib/OpenSSL/crypto/evp -I/usr/src/azl/BUILD/shim-15.8/Cryptlib/OpenSSL/crypto/modes -I/usr/src/azl/BUILD/shim-15.8/Cryptlib/OpenSSL/crypto/include -isystem /usr/src/azl/BUILD/shim-15.8/include/system -isystem /usr/lib/gcc/aarch64-unknown-linux-gnu/13.2.0/include -DL_ENDIAN -D_CRT_SECURE_NO_DEPRECATE -D_CRT_NONSTDC_NO_DEPRECATE -DOPENSSL_SMALL_FOOTPRINT -DPEDANTIC -DMDE_CPU_AARCH64   -c -o crypto/asn1/x_nx509.o /usr/src/azl/BUILD/shim-15.8/Cryptlib/OpenSSL/crypto/asn1/x_nx509.c
gcc -std=gnu11 -ggdb -ffreestanding -fmacro-prefix-map=/usr/src/azl/BUILD/shim-15.8/= -fno-stack-protector -fno-strict-aliasing -fpic -fshort-wchar -nostdinc -Os -Wall -Wextra -Wno-missing-field-initializers -Wno-empty-body -Wno-implicit-fallthrough -Wno-old-style-declaration -Wno-unused-but-set-variable -Wno-unused-parameter -Werror -I/usr/src/azl/BUILD/shim-15.8/Cryptlib/OpenSSL -I/usr/src/azl/BUILD/shim-15.8/Cryptlib -I/usr/src/azl/BUILD/shim-15.8/Cryptlib/OpenSSL/Include/ -I/usr/src/azl/BUILD/shim-15.8/Cryptlib/OpenSSL/crypto -I/usr/src/azl/BUILD/shim-15.8/Cryptlib/Include -I/usr/src/azl/BUILD/shim-15.8/gnu-efi/inc -I/usr/src/azl/BUILD/shim-15.8/gnu-efi/inc/aarch64 -I/usr/src/azl/BUILD/shim-15.8/gnu-efi/inc/protocol -I/usr/src/azl/BUILD/shim-15.8/Cryptlib/OpenSSL/crypto/asn1 -I/usr/src/azl/BUILD/shim-15.8/Cryptlib/OpenSSL/crypto/evp -I/usr/src/azl/BUILD/shim-15.8/Cryptlib/OpenSSL/crypto/modes -I/usr/src/azl/BUILD/shim-15.8/Cryptlib/OpenSSL/crypto/include -isystem /usr/src/azl/BUILD/shim-15.8/include/system -isystem /usr/lib/gcc/aarch64-unknown-linux-gnu/13.2.0/include -DL_ENDIAN -D_CRT_SECURE_NO_DEPRECATE -D_CRT_NONSTDC_NO_DEPRECATE -DOPENSSL_SMALL_FOOTPRINT -DPEDANTIC -DMDE_CPU_AARCH64   -c -o crypto/asn1/d2i_pu.o /usr/src/azl/BUILD/shim-15.8/Cryptlib/OpenSSL/crypto/asn1/d2i_pu.c
gcc -std=gnu11 -ggdb -ffreestanding -fmacro-prefix-map=/usr/src/azl/BUILD/shim-15.8/= -fno-stack-protector -fno-strict-aliasing -fpic -fshort-wchar -nostdinc -Os -Wall -Wextra -Wno-missing-field-initializers -Wno-empty-body -Wno-implicit-fallthrough -Wno-old-style-declaration -Wno-unused-but-set-variable -Wno-unused-parameter -Werror -I/usr/src/azl/BUILD/shim-15.8/Cryptlib/OpenSSL -I/usr/src/azl/BUILD/shim-15.8/Cryptlib -I/usr/src/azl/BUILD/shim-15.8/Cryptlib/OpenSSL/Include/ -I/usr/src/azl/BUILD/shim-15.8/Cryptlib/OpenSSL/crypto -I/usr/src/azl/BUILD/shim-15.8/Cryptlib/Include -I/usr/src/azl/BUILD/shim-15.8/gnu-efi/inc -I/usr/src/azl/BUILD/shim-15.8/gnu-efi/inc/aarch64 -I/usr/src/azl/BUILD/shim-15.8/gnu-efi/inc/protocol -I/usr/src/azl/BUILD/shim-15.8/Cryptlib/OpenSSL/crypto/asn1 -I/usr/src/azl/BUILD/shim-15.8/Cryptlib/OpenSSL/crypto/evp -I/usr/src/azl/BUILD/shim-15.8/Cryptlib/OpenSSL/crypto/modes -I/usr/src/azl/BUILD/shim-15.8/Cryptlib/OpenSSL/crypto/include -isystem /usr/src/azl/BUILD/shim-15.8/include/system -isystem /usr/lib/gcc/aarch64-unknown-linux-gnu/13.2.0/include -DL_ENDIAN -D_CRT_SECURE_NO_DEPRECATE -D_CRT_NONSTDC_NO_DEPRECATE -DOPENSSL_SMALL_FOOTPRINT -DPEDANTIC -DMDE_CPU_AARCH64   -c -o crypto/asn1/d2i_pr.o /usr/src/azl/BUILD/shim-15.8/Cryptlib/OpenSSL/crypto/asn1/d2i_pr.c
gcc -std=gnu11 -ggdb -ffreestanding -fmacro-prefix-map=/usr/src/azl/BUILD/shim-15.8/= -fno-stack-protector -fno-strict-aliasing -fpic -fshort-wchar -nostdinc -Os -Wall -Wextra -Wno-missing-field-initializers -Wno-empty-body -Wno-implicit-fallthrough -Wno-old-style-declaration -Wno-unused-but-set-variable -Wno-unused-parameter -Werror -I/usr/src/azl/BUILD/shim-15.8/Cryptlib/OpenSSL -I/usr/src/azl/BUILD/shim-15.8/Cryptlib -I/usr/src/azl/BUILD/shim-15.8/Cryptlib/OpenSSL/Include/ -I/usr/src/azl/BUILD/shim-15.8/Cryptlib/OpenSSL/crypto -I/usr/src/azl/BUILD/shim-15.8/Cryptlib/Include -I/usr/src/azl/BUILD/shim-15.8/gnu-efi/inc -I/usr/src/azl/BUILD/shim-15.8/gnu-efi/inc/aarch64 -I/usr/src/azl/BUILD/shim-15.8/gnu-efi/inc/protocol -I/usr/src/azl/BUILD/shim-15.8/Cryptlib/OpenSSL/crypto/asn1 -I/usr/src/azl/BUILD/shim-15.8/Cryptlib/OpenSSL/crypto/evp -I/usr/src/azl/BUILD/shim-15.8/Cryptlib/OpenSSL/crypto/modes -I/usr/src/azl/BUILD/shim-15.8/Cryptlib/OpenSSL/crypto/include -isystem /usr/src/azl/BUILD/shim-15.8/include/system -isystem /usr/lib/gcc/aarch64-unknown-linux-gnu/13.2.0/include -DL_ENDIAN -D_CRT_SECURE_NO_DEPRECATE -D_CRT_NONSTDC_NO_DEPRECATE -DOPENSSL_SMALL_FOOTPRINT -DPEDANTIC -DMDE_CPU_AARCH64   -c -o crypto/asn1/i2d_pu.o /usr/src/azl/BUILD/shim-15.8/Cryptlib/OpenSSL/crypto/asn1/i2d_pu.c
gcc -std=gnu11 -ggdb -ffreestanding -fmacro-prefix-map=/usr/src/azl/BUILD/shim-15.8/= -fno-stack-protector -fno-strict-aliasing -fpic -fshort-wchar -nostdinc -Os -Wall -Wextra -Wno-missing-field-initializers -Wno-empty-body -Wno-implicit-fallthrough -Wno-old-style-declaration -Wno-unused-but-set-variable -Wno-unused-parameter -Werror -I/usr/src/azl/BUILD/shim-15.8/Cryptlib/OpenSSL -I/usr/src/azl/BUILD/shim-15.8/Cryptlib -I/usr/src/azl/BUILD/shim-15.8/Cryptlib/OpenSSL/Include/ -I/usr/src/azl/BUILD/shim-15.8/Cryptlib/OpenSSL/crypto -I/usr/src/azl/BUILD/shim-15.8/Cryptlib/Include -I/usr/src/azl/BUILD/shim-15.8/gnu-efi/inc -I/usr/src/azl/BUILD/shim-15.8/gnu-efi/inc/aarch64 -I/usr/src/azl/BUILD/shim-15.8/gnu-efi/inc/protocol -I/usr/src/azl/BUILD/shim-15.8/Cryptlib/OpenSSL/crypto/asn1 -I/usr/src/azl/BUILD/shim-15.8/Cryptlib/OpenSSL/crypto/evp -I/usr/src/azl/BUILD/shim-15.8/Cryptlib/OpenSSL/crypto/modes -I/usr/src/azl/BUILD/shim-15.8/Cryptlib/OpenSSL/crypto/include -isystem /usr/src/azl/BUILD/shim-15.8/include/system -isystem /usr/lib/gcc/aarch64-unknown-linux-gnu/13.2.0/include -DL_ENDIAN -D_CRT_SECURE_NO_DEPRECATE -D_CRT_NONSTDC_NO_DEPRECATE -DOPENSSL_SMALL_FOOTPRINT -DPEDANTIC -DMDE_CPU_AARCH64   -c -o crypto/asn1/i2d_pr.o /usr/src/azl/BUILD/shim-15.8/Cryptlib/OpenSSL/crypto/asn1/i2d_pr.c
gcc -std=gnu11 -ggdb -ffreestanding -fmacro-prefix-map=/usr/src/azl/BUILD/shim-15.8/= -fno-stack-protector -fno-strict-aliasing -fpic -fshort-wchar -nostdinc -Os -Wall -Wextra -Wno-missing-field-initializers -Wno-empty-body -Wno-implicit-fallthrough -Wno-old-style-declaration -Wno-unused-but-set-variable -Wno-unused-parameter -Werror -I/usr/src/azl/BUILD/shim-15.8/Cryptlib/OpenSSL -I/usr/src/azl/BUILD/shim-15.8/Cryptlib -I/usr/src/azl/BUILD/shim-15.8/Cryptlib/OpenSSL/Include/ -I/usr/src/azl/BUILD/shim-15.8/Cryptlib/OpenSSL/crypto -I/usr/src/azl/BUILD/shim-15.8/Cryptlib/Include -I/usr/src/azl/BUILD/shim-15.8/gnu-efi/inc -I/usr/src/azl/BUILD/shim-15.8/gnu-efi/inc/aarch64 -I/usr/src/azl/BUILD/shim-15.8/gnu-efi/inc/protocol -I/usr/src/azl/BUILD/shim-15.8/Cryptlib/OpenSSL/crypto/asn1 -I/usr/src/azl/BUILD/shim-15.8/Cryptlib/OpenSSL/crypto/evp -I/usr/src/azl/BUILD/shim-15.8/Cryptlib/OpenSSL/crypto/modes -I/usr/src/azl/BUILD/shim-15.8/Cryptlib/OpenSSL/crypto/include -isystem /usr/src/azl/BUILD/shim-15.8/include/system -isystem /usr/lib/gcc/aarch64-unknown-linux-gnu/13.2.0/include -DL_ENDIAN -D_CRT_SECURE_NO_DEPRECATE -D_CRT_NONSTDC_NO_DEPRECATE -DOPENSSL_SMALL_FOOTPRINT -DPEDANTIC -DMDE_CPU_AARCH64   -c -o crypto/asn1/t_req.o /usr/src/azl/BUILD/shim-15.8/Cryptlib/OpenSSL/crypto/asn1/t_req.c
gcc -std=gnu11 -ggdb -ffreestanding -fmacro-prefix-map=/usr/src/azl/BUILD/shim-15.8/= -fno-stack-protector -fno-strict-aliasing -fpic -fshort-wchar -nostdinc -Os -Wall -Wextra -Wno-missing-field-initializers -Wno-empty-body -Wno-implicit-fallthrough -Wno-old-style-declaration -Wno-unused-but-set-variable -Wno-unused-parameter -Werror -I/usr/src/azl/BUILD/shim-15.8/Cryptlib/OpenSSL -I/usr/src/azl/BUILD/shim-15.8/Cryptlib -I/usr/src/azl/BUILD/shim-15.8/Cryptlib/OpenSSL/Include/ -I/usr/src/azl/BUILD/shim-15.8/Cryptlib/OpenSSL/crypto -I/usr/src/azl/BUILD/shim-15.8/Cryptlib/Include -I/usr/src/azl/BUILD/shim-15.8/gnu-efi/inc -I/usr/src/azl/BUILD/shim-15.8/gnu-efi/inc/aarch64 -I/usr/src/azl/BUILD/shim-15.8/gnu-efi/inc/protocol -I/usr/src/azl/BUILD/shim-15.8/Cryptlib/OpenSSL/crypto/asn1 -I/usr/src/azl/BUILD/shim-15.8/Cryptlib/OpenSSL/crypto/evp -I/usr/src/azl/BUILD/shim-15.8/Cryptlib/OpenSSL/crypto/modes -I/usr/src/azl/BUILD/shim-15.8/Cryptlib/OpenSSL/crypto/include -isystem /usr/src/azl/BUILD/shim-15.8/include/system -isystem /usr/lib/gcc/aarch64-unknown-linux-gnu/13.2.0/include -DL_ENDIAN -D_CRT_SECURE_NO_DEPRECATE -D_CRT_NONSTDC_NO_DEPRECATE -DOPENSSL_SMALL_FOOTPRINT -DPEDANTIC -DMDE_CPU_AARCH64   -c -o crypto/asn1/t_x509.o /usr/src/azl/BUILD/shim-15.8/Cryptlib/OpenSSL/crypto/asn1/t_x509.c
gcc -std=gnu11 -ggdb -ffreestanding -fmacro-prefix-map=/usr/src/azl/BUILD/shim-15.8/= -fno-stack-protector -fno-strict-aliasing -fpic -fshort-wchar -nostdinc -Os -Wall -Wextra -Wno-missing-field-initializers -Wno-empty-body -Wno-implicit-fallthrough -Wno-old-style-declaration -Wno-unused-but-set-variable -Wno-unused-parameter -Werror -I/usr/src/azl/BUILD/shim-15.8/Cryptlib/OpenSSL -I/usr/src/azl/BUILD/shim-15.8/Cryptlib -I/usr/src/azl/BUILD/shim-15.8/Cryptlib/OpenSSL/Include/ -I/usr/src/azl/BUILD/shim-15.8/Cryptlib/OpenSSL/crypto -I/usr/src/azl/BUILD/shim-15.8/Cryptlib/Include -I/usr/src/azl/BUILD/shim-15.8/gnu-efi/inc -I/usr/src/azl/BUILD/shim-15.8/gnu-efi/inc/aarch64 -I/usr/src/azl/BUILD/shim-15.8/gnu-efi/inc/protocol -I/usr/src/azl/BUILD/shim-15.8/Cryptlib/OpenSSL/crypto/asn1 -I/usr/src/azl/BUILD/shim-15.8/Cryptlib/OpenSSL/crypto/evp -I/usr/src/azl/BUILD/shim-15.8/Cryptlib/OpenSSL/crypto/modes -I/usr/src/azl/BUILD/shim-15.8/Cryptlib/OpenSSL/crypto/include -isystem /usr/src/azl/BUILD/shim-15.8/include/system -isystem /usr/lib/gcc/aarch64-unknown-linux-gnu/13.2.0/include -DL_ENDIAN -D_CRT_SECURE_NO_DEPRECATE -D_CRT_NONSTDC_NO_DEPRECATE -DOPENSSL_SMALL_FOOTPRINT -DPEDANTIC -DMDE_CPU_AARCH64   -c -o crypto/asn1/t_x509a.o /usr/src/azl/BUILD/shim-15.8/Cryptlib/OpenSSL/crypto/asn1/t_x509a.c
gcc -std=gnu11 -ggdb -ffreestanding -fmacro-prefix-map=/usr/src/azl/BUILD/shim-15.8/= -fno-stack-protector -fno-strict-aliasing -fpic -fshort-wchar -nostdinc -Os -Wall -Wextra -Wno-missing-field-initializers -Wno-empty-body -Wno-implicit-fallthrough -Wno-old-style-declaration -Wno-unused-but-set-variable -Wno-unused-parameter -Werror -I/usr/src/azl/BUILD/shim-15.8/Cryptlib/OpenSSL -I/usr/src/azl/BUILD/shim-15.8/Cryptlib -I/usr/src/azl/BUILD/shim-15.8/Cryptlib/OpenSSL/Include/ -I/usr/src/azl/BUILD/shim-15.8/Cryptlib/OpenSSL/crypto -I/usr/src/azl/BUILD/shim-15.8/Cryptlib/Include -I/usr/src/azl/BUILD/shim-15.8/gnu-efi/inc -I/usr/src/azl/BUILD/shim-15.8/gnu-efi/inc/aarch64 -I/usr/src/azl/BUILD/shim-15.8/gnu-efi/inc/protocol -I/usr/src/azl/BUILD/shim-15.8/Cryptlib/OpenSSL/crypto/asn1 -I/usr/src/azl/BUILD/shim-15.8/Cryptlib/OpenSSL/crypto/evp -I/usr/src/azl/BUILD/shim-15.8/Cryptlib/OpenSSL/crypto/modes -I/usr/src/azl/BUILD/shim-15.8/Cryptlib/OpenSSL/crypto/include -isystem /usr/src/azl/BUILD/shim-15.8/include/system -isystem /usr/lib/gcc/aarch64-unknown-linux-gnu/13.2.0/include -DL_ENDIAN -D_CRT_SECURE_NO_DEPRECATE -D_CRT_NONSTDC_NO_DEPRECATE -DOPENSSL_SMALL_FOOTPRINT -DPEDANTIC -DMDE_CPU_AARCH64   -c -o crypto/asn1/t_crl.o /usr/src/azl/BUILD/shim-15.8/Cryptlib/OpenSSL/crypto/asn1/t_crl.c
gcc -std=gnu11 -ggdb -ffreestanding -fmacro-prefix-map=/usr/src/azl/BUILD/shim-15.8/= -fno-stack-protector -fno-strict-aliasing -fpic -fshort-wchar -nostdinc -Os -Wall -Wextra -Wno-missing-field-initializers -Wno-empty-body -Wno-implicit-fallthrough -Wno-old-style-declaration -Wno-unused-but-set-variable -Wno-unused-parameter -Werror -I/usr/src/azl/BUILD/shim-15.8/Cryptlib/OpenSSL -I/usr/src/azl/BUILD/shim-15.8/Cryptlib -I/usr/src/azl/BUILD/shim-15.8/Cryptlib/OpenSSL/Include/ -I/usr/src/azl/BUILD/shim-15.8/Cryptlib/OpenSSL/crypto -I/usr/src/azl/BUILD/shim-15.8/Cryptlib/Include -I/usr/src/azl/BUILD/shim-15.8/gnu-efi/inc -I/usr/src/azl/BUILD/shim-15.8/gnu-efi/inc/aarch64 -I/usr/src/azl/BUILD/shim-15.8/gnu-efi/inc/protocol -I/usr/src/azl/BUILD/shim-15.8/Cryptlib/OpenSSL/crypto/asn1 -I/usr/src/azl/BUILD/shim-15.8/Cryptlib/OpenSSL/crypto/evp -I/usr/src/azl/BUILD/shim-15.8/Cryptlib/OpenSSL/crypto/modes -I/usr/src/azl/BUILD/shim-15.8/Cryptlib/OpenSSL/crypto/include -isystem /usr/src/azl/BUILD/shim-15.8/include/system -isystem /usr/lib/gcc/aarch64-unknown-linux-gnu/13.2.0/include -DL_ENDIAN -D_CRT_SECURE_NO_DEPRECATE -D_CRT_NONSTDC_NO_DEPRECATE -DOPENSSL_SMALL_FOOTPRINT -DPEDANTIC -DMDE_CPU_AARCH64   -c -o crypto/asn1/t_pkey.o /usr/src/azl/BUILD/shim-15.8/Cryptlib/OpenSSL/crypto/asn1/t_pkey.c
gcc -std=gnu11 -ggdb -ffreestanding -fmacro-prefix-map=/usr/src/azl/BUILD/shim-15.8/= -fno-stack-protector -fno-strict-aliasing -fpic -fshort-wchar -nostdinc -Os -Wall -Wextra -Wno-missing-field-initializers -Wno-empty-body -Wno-implicit-fallthrough -Wno-old-style-declaration -Wno-unused-but-set-variable -Wno-unused-parameter -Werror -I/usr/src/azl/BUILD/shim-15.8/Cryptlib/OpenSSL -I/usr/src/azl/BUILD/shim-15.8/Cryptlib -I/usr/src/azl/BUILD/shim-15.8/Cryptlib/OpenSSL/Include/ -I/usr/src/azl/BUILD/shim-15.8/Cryptlib/OpenSSL/crypto -I/usr/src/azl/BUILD/shim-15.8/Cryptlib/Include -I/usr/src/azl/BUILD/shim-15.8/gnu-efi/inc -I/usr/src/azl/BUILD/shim-15.8/gnu-efi/inc/aarch64 -I/usr/src/azl/BUILD/shim-15.8/gnu-efi/inc/protocol -I/usr/src/azl/BUILD/shim-15.8/Cryptlib/OpenSSL/crypto/asn1 -I/usr/src/azl/BUILD/shim-15.8/Cryptlib/OpenSSL/crypto/evp -I/usr/src/azl/BUILD/shim-15.8/Cryptlib/OpenSSL/crypto/modes -I/usr/src/azl/BUILD/shim-15.8/Cryptlib/OpenSSL/crypto/include -isystem /usr/src/azl/BUILD/shim-15.8/include/system -isystem /usr/lib/gcc/aarch64-unknown-linux-gnu/13.2.0/include -DL_ENDIAN -D_CRT_SECURE_NO_DEPRECATE -D_CRT_NONSTDC_NO_DEPRECATE -DOPENSSL_SMALL_FOOTPRINT -DPEDANTIC -DMDE_CPU_AARCH64   -c -o crypto/asn1/t_spki.o /usr/src/azl/BUILD/shim-15.8/Cryptlib/OpenSSL/crypto/asn1/t_spki.c
gcc -std=gnu11 -ggdb -ffreestanding -fmacro-prefix-map=/usr/src/azl/BUILD/shim-15.8/= -fno-stack-protector -fno-strict-aliasing -fpic -fshort-wchar -nostdinc -Os -Wall -Wextra -Wno-missing-field-initializers -Wno-empty-body -Wno-implicit-fallthrough -Wno-old-style-declaration -Wno-unused-but-set-variable -Wno-unused-parameter -Werror -I/usr/src/azl/BUILD/shim-15.8/Cryptlib/OpenSSL -I/usr/src/azl/BUILD/shim-15.8/Cryptlib -I/usr/src/azl/BUILD/shim-15.8/Cryptlib/OpenSSL/Include/ -I/usr/src/azl/BUILD/shim-15.8/Cryptlib/OpenSSL/crypto -I/usr/src/azl/BUILD/shim-15.8/Cryptlib/Include -I/usr/src/azl/BUILD/shim-15.8/gnu-efi/inc -I/usr/src/azl/BUILD/shim-15.8/gnu-efi/inc/aarch64 -I/usr/src/azl/BUILD/shim-15.8/gnu-efi/inc/protocol -I/usr/src/azl/BUILD/shim-15.8/Cryptlib/OpenSSL/crypto/asn1 -I/usr/src/azl/BUILD/shim-15.8/Cryptlib/OpenSSL/crypto/evp -I/usr/src/azl/BUILD/shim-15.8/Cryptlib/OpenSSL/crypto/modes -I/usr/src/azl/BUILD/shim-15.8/Cryptlib/OpenSSL/crypto/include -isystem /usr/src/azl/BUILD/shim-15.8/include/system -isystem /usr/lib/gcc/aarch64-unknown-linux-gnu/13.2.0/include -DL_ENDIAN -D_CRT_SECURE_NO_DEPRECATE -D_CRT_NONSTDC_NO_DEPRECATE -DOPENSSL_SMALL_FOOTPRINT -DPEDANTIC -DMDE_CPU_AARCH64   -c -o crypto/asn1/t_bitst.o /usr/src/azl/BUILD/shim-15.8/Cryptlib/OpenSSL/crypto/asn1/t_bitst.c
gcc -std=gnu11 -ggdb -ffreestanding -fmacro-prefix-map=/usr/src/azl/BUILD/shim-15.8/= -fno-stack-protector -fno-strict-aliasing -fpic -fshort-wchar -nostdinc -Os -Wall -Wextra -Wno-missing-field-initializers -Wno-empty-body -Wno-implicit-fallthrough -Wno-old-style-declaration -Wno-unused-but-set-variable -Wno-unused-parameter -Werror -I/usr/src/azl/BUILD/shim-15.8/Cryptlib/OpenSSL -I/usr/src/azl/BUILD/shim-15.8/Cryptlib -I/usr/src/azl/BUILD/shim-15.8/Cryptlib/OpenSSL/Include/ -I/usr/src/azl/BUILD/shim-15.8/Cryptlib/OpenSSL/crypto -I/usr/src/azl/BUILD/shim-15.8/Cryptlib/Include -I/usr/src/azl/BUILD/shim-15.8/gnu-efi/inc -I/usr/src/azl/BUILD/shim-15.8/gnu-efi/inc/aarch64 -I/usr/src/azl/BUILD/shim-15.8/gnu-efi/inc/protocol -I/usr/src/azl/BUILD/shim-15.8/Cryptlib/OpenSSL/crypto/asn1 -I/usr/src/azl/BUILD/shim-15.8/Cryptlib/OpenSSL/crypto/evp -I/usr/src/azl/BUILD/shim-15.8/Cryptlib/OpenSSL/crypto/modes -I/usr/src/azl/BUILD/shim-15.8/Cryptlib/OpenSSL/crypto/include -isystem /usr/src/azl/BUILD/shim-15.8/include/system -isystem /usr/lib/gcc/aarch64-unknown-linux-gnu/13.2.0/include -DL_ENDIAN -D_CRT_SECURE_NO_DEPRECATE -D_CRT_NONSTDC_NO_DEPRECATE -DOPENSSL_SMALL_FOOTPRINT -DPEDANTIC -DMDE_CPU_AARCH64   -c -o crypto/asn1/tasn_new.o /usr/src/azl/BUILD/shim-15.8/Cryptlib/OpenSSL/crypto/asn1/tasn_new.c
gcc -std=gnu11 -ggdb -ffreestanding -fmacro-prefix-map=/usr/src/azl/BUILD/shim-15.8/= -fno-stack-protector -fno-strict-aliasing -fpic -fshort-wchar -nostdinc -Os -Wall -Wextra -Wno-missing-field-initializers -Wno-empty-body -Wno-implicit-fallthrough -Wno-old-style-declaration -Wno-unused-but-set-variable -Wno-unused-parameter -Werror -I/usr/src/azl/BUILD/shim-15.8/Cryptlib/OpenSSL -I/usr/src/azl/BUILD/shim-15.8/Cryptlib -I/usr/src/azl/BUILD/shim-15.8/Cryptlib/OpenSSL/Include/ -I/usr/src/azl/BUILD/shim-15.8/Cryptlib/OpenSSL/crypto -I/usr/src/azl/BUILD/shim-15.8/Cryptlib/Include -I/usr/src/azl/BUILD/shim-15.8/gnu-efi/inc -I/usr/src/azl/BUILD/shim-15.8/gnu-efi/inc/aarch64 -I/usr/src/azl/BUILD/shim-15.8/gnu-efi/inc/protocol -I/usr/src/azl/BUILD/shim-15.8/Cryptlib/OpenSSL/crypto/asn1 -I/usr/src/azl/BUILD/shim-15.8/Cryptlib/OpenSSL/crypto/evp -I/usr/src/azl/BUILD/shim-15.8/Cryptlib/OpenSSL/crypto/modes -I/usr/src/azl/BUILD/shim-15.8/Cryptlib/OpenSSL/crypto/include -isystem /usr/src/azl/BUILD/shim-15.8/include/system -isystem /usr/lib/gcc/aarch64-unknown-linux-gnu/13.2.0/include -DL_ENDIAN -D_CRT_SECURE_NO_DEPRECATE -D_CRT_NONSTDC_NO_DEPRECATE -DOPENSSL_SMALL_FOOTPRINT -DPEDANTIC -DMDE_CPU_AARCH64   -c -o crypto/asn1/tasn_fre.o /usr/src/azl/BUILD/shim-15.8/Cryptlib/OpenSSL/crypto/asn1/tasn_fre.c
gcc -std=gnu11 -ggdb -ffreestanding -fmacro-prefix-map=/usr/src/azl/BUILD/shim-15.8/= -fno-stack-protector -fno-strict-aliasing -fpic -fshort-wchar -nostdinc -Os -Wall -Wextra -Wno-missing-field-initializers -Wno-empty-body -Wno-implicit-fallthrough -Wno-old-style-declaration -Wno-unused-but-set-variable -Wno-unused-parameter -Werror -I/usr/src/azl/BUILD/shim-15.8/Cryptlib/OpenSSL -I/usr/src/azl/BUILD/shim-15.8/Cryptlib -I/usr/src/azl/BUILD/shim-15.8/Cryptlib/OpenSSL/Include/ -I/usr/src/azl/BUILD/shim-15.8/Cryptlib/OpenSSL/crypto -I/usr/src/azl/BUILD/shim-15.8/Cryptlib/Include -I/usr/src/azl/BUILD/shim-15.8/gnu-efi/inc -I/usr/src/azl/BUILD/shim-15.8/gnu-efi/inc/aarch64 -I/usr/src/azl/BUILD/shim-15.8/gnu-efi/inc/protocol -I/usr/src/azl/BUILD/shim-15.8/Cryptlib/OpenSSL/crypto/asn1 -I/usr/src/azl/BUILD/shim-15.8/Cryptlib/OpenSSL/crypto/evp -I/usr/src/azl/BUILD/shim-15.8/Cryptlib/OpenSSL/crypto/modes -I/usr/src/azl/BUILD/shim-15.8/Cryptlib/OpenSSL/crypto/include -isystem /usr/src/azl/BUILD/shim-15.8/include/system -isystem /usr/lib/gcc/aarch64-unknown-linux-gnu/13.2.0/include -DL_ENDIAN -D_CRT_SECURE_NO_DEPRECATE -D_CRT_NONSTDC_NO_DEPRECATE -DOPENSSL_SMALL_FOOTPRINT -DPEDANTIC -DMDE_CPU_AARCH64   -c -o crypto/asn1/tasn_enc.o /usr/src/azl/BUILD/shim-15.8/Cryptlib/OpenSSL/crypto/asn1/tasn_enc.c
gcc -std=gnu11 -ggdb -ffreestanding -fmacro-prefix-map=/usr/src/azl/BUILD/shim-15.8/= -fno-stack-protector -fno-strict-aliasing -fpic -fshort-wchar -nostdinc -Os -Wall -Wextra -Wno-missing-field-initializers -Wno-empty-body -Wno-implicit-fallthrough -Wno-old-style-declaration -Wno-unused-but-set-variable -Wno-unused-parameter -Werror -I/usr/src/azl/BUILD/shim-15.8/Cryptlib/OpenSSL -I/usr/src/azl/BUILD/shim-15.8/Cryptlib -I/usr/src/azl/BUILD/shim-15.8/Cryptlib/OpenSSL/Include/ -I/usr/src/azl/BUILD/shim-15.8/Cryptlib/OpenSSL/crypto -I/usr/src/azl/BUILD/shim-15.8/Cryptlib/Include -I/usr/src/azl/BUILD/shim-15.8/gnu-efi/inc -I/usr/src/azl/BUILD/shim-15.8/gnu-efi/inc/aarch64 -I/usr/src/azl/BUILD/shim-15.8/gnu-efi/inc/protocol -I/usr/src/azl/BUILD/shim-15.8/Cryptlib/OpenSSL/crypto/asn1 -I/usr/src/azl/BUILD/shim-15.8/Cryptlib/OpenSSL/crypto/evp -I/usr/src/azl/BUILD/shim-15.8/Cryptlib/OpenSSL/crypto/modes -I/usr/src/azl/BUILD/shim-15.8/Cryptlib/OpenSSL/crypto/include -isystem /usr/src/azl/BUILD/shim-15.8/include/system -isystem /usr/lib/gcc/aarch64-unknown-linux-gnu/13.2.0/include -DL_ENDIAN -D_CRT_SECURE_NO_DEPRECATE -D_CRT_NONSTDC_NO_DEPRECATE -DOPENSSL_SMALL_FOOTPRINT -DPEDANTIC -DMDE_CPU_AARCH64   -c -o crypto/asn1/tasn_dec.o /usr/src/azl/BUILD/shim-15.8/Cryptlib/OpenSSL/crypto/asn1/tasn_dec.c
gcc -std=gnu11 -ggdb -ffreestanding -fmacro-prefix-map=/usr/src/azl/BUILD/shim-15.8/= -fno-stack-protector -fno-strict-aliasing -fpic -fshort-wchar -nostdinc -Os -Wall -Wextra -Wno-missing-field-initializers -Wno-empty-body -Wno-implicit-fallthrough -Wno-old-style-declaration -Wno-unused-but-set-variable -Wno-unused-parameter -Werror -I/usr/src/azl/BUILD/shim-15.8/Cryptlib/OpenSSL -I/usr/src/azl/BUILD/shim-15.8/Cryptlib -I/usr/src/azl/BUILD/shim-15.8/Cryptlib/OpenSSL/Include/ -I/usr/src/azl/BUILD/shim-15.8/Cryptlib/OpenSSL/crypto -I/usr/src/azl/BUILD/shim-15.8/Cryptlib/Include -I/usr/src/azl/BUILD/shim-15.8/gnu-efi/inc -I/usr/src/azl/BUILD/shim-15.8/gnu-efi/inc/aarch64 -I/usr/src/azl/BUILD/shim-15.8/gnu-efi/inc/protocol -I/usr/src/azl/BUILD/shim-15.8/Cryptlib/OpenSSL/crypto/asn1 -I/usr/src/azl/BUILD/shim-15.8/Cryptlib/OpenSSL/crypto/evp -I/usr/src/azl/BUILD/shim-15.8/Cryptlib/OpenSSL/crypto/modes -I/usr/src/azl/BUILD/shim-15.8/Cryptlib/OpenSSL/crypto/include -isystem /usr/src/azl/BUILD/shim-15.8/include/system -isystem /usr/lib/gcc/aarch64-unknown-linux-gnu/13.2.0/include -DL_ENDIAN -D_CRT_SECURE_NO_DEPRECATE -D_CRT_NONSTDC_NO_DEPRECATE -DOPENSSL_SMALL_FOOTPRINT -DPEDANTIC -DMDE_CPU_AARCH64   -c -o crypto/asn1/tasn_utl.o /usr/src/azl/BUILD/shim-15.8/Cryptlib/OpenSSL/crypto/asn1/tasn_utl.c
gcc -std=gnu11 -ggdb -ffreestanding -fmacro-prefix-map=/usr/src/azl/BUILD/shim-15.8/= -fno-stack-protector -fno-strict-aliasing -fpic -fshort-wchar -nostdinc -Os -Wall -Wextra -Wno-missing-field-initializers -Wno-empty-body -Wno-implicit-fallthrough -Wno-old-style-declaration -Wno-unused-but-set-variable -Wno-unused-parameter -Werror -I/usr/src/azl/BUILD/shim-15.8/Cryptlib/OpenSSL -I/usr/src/azl/BUILD/shim-15.8/Cryptlib -I/usr/src/azl/BUILD/shim-15.8/Cryptlib/OpenSSL/Include/ -I/usr/src/azl/BUILD/shim-15.8/Cryptlib/OpenSSL/crypto -I/usr/src/azl/BUILD/shim-15.8/Cryptlib/Include -I/usr/src/azl/BUILD/shim-15.8/gnu-efi/inc -I/usr/src/azl/BUILD/shim-15.8/gnu-efi/inc/aarch64 -I/usr/src/azl/BUILD/shim-15.8/gnu-efi/inc/protocol -I/usr/src/azl/BUILD/shim-15.8/Cryptlib/OpenSSL/crypto/asn1 -I/usr/src/azl/BUILD/shim-15.8/Cryptlib/OpenSSL/crypto/evp -I/usr/src/azl/BUILD/shim-15.8/Cryptlib/OpenSSL/crypto/modes -I/usr/src/azl/BUILD/shim-15.8/Cryptlib/OpenSSL/crypto/include -isystem /usr/src/azl/BUILD/shim-15.8/include/system -isystem /usr/lib/gcc/aarch64-unknown-linux-gnu/13.2.0/include -DL_ENDIAN -D_CRT_SECURE_NO_DEPRECATE -D_CRT_NONSTDC_NO_DEPRECATE -DOPENSSL_SMALL_FOOTPRINT -DPEDANTIC -DMDE_CPU_AARCH64   -c -o crypto/asn1/tasn_typ.o /usr/src/azl/BUILD/shim-15.8/Cryptlib/OpenSSL/crypto/asn1/tasn_typ.c
gcc -std=gnu11 -ggdb -ffreestanding -fmacro-prefix-map=/usr/src/azl/BUILD/shim-15.8/= -fno-stack-protector -fno-strict-aliasing -fpic -fshort-wchar -nostdinc -Os -Wall -Wextra -Wno-missing-field-initializers -Wno-empty-body -Wno-implicit-fallthrough -Wno-old-style-declaration -Wno-unused-but-set-variable -Wno-unused-parameter -Werror -I/usr/src/azl/BUILD/shim-15.8/Cryptlib/OpenSSL -I/usr/src/azl/BUILD/shim-15.8/Cryptlib -I/usr/src/azl/BUILD/shim-15.8/Cryptlib/OpenSSL/Include/ -I/usr/src/azl/BUILD/shim-15.8/Cryptlib/OpenSSL/crypto -I/usr/src/azl/BUILD/shim-15.8/Cryptlib/Include -I/usr/src/azl/BUILD/shim-15.8/gnu-efi/inc -I/usr/src/azl/BUILD/shim-15.8/gnu-efi/inc/aarch64 -I/usr/src/azl/BUILD/shim-15.8/gnu-efi/inc/protocol -I/usr/src/azl/BUILD/shim-15.8/Cryptlib/OpenSSL/crypto/asn1 -I/usr/src/azl/BUILD/shim-15.8/Cryptlib/OpenSSL/crypto/evp -I/usr/src/azl/BUILD/shim-15.8/Cryptlib/OpenSSL/crypto/modes -I/usr/src/azl/BUILD/shim-15.8/Cryptlib/OpenSSL/crypto/include -isystem /usr/src/azl/BUILD/shim-15.8/include/system -isystem /usr/lib/gcc/aarch64-unknown-linux-gnu/13.2.0/include -DL_ENDIAN -D_CRT_SECURE_NO_DEPRECATE -D_CRT_NONSTDC_NO_DEPRECATE -DOPENSSL_SMALL_FOOTPRINT -DPEDANTIC -DMDE_CPU_AARCH64   -c -o crypto/asn1/tasn_prn.o /usr/src/azl/BUILD/shim-15.8/Cryptlib/OpenSSL/crypto/asn1/tasn_prn.c
gcc -std=gnu11 -ggdb -ffreestanding -fmacro-prefix-map=/usr/src/azl/BUILD/shim-15.8/= -fno-stack-protector -fno-strict-aliasing -fpic -fshort-wchar -nostdinc -Os -Wall -Wextra -Wno-missing-field-initializers -Wno-empty-body -Wno-implicit-fallthrough -Wno-old-style-declaration -Wno-unused-but-set-variable -Wno-unused-parameter -Werror -I/usr/src/azl/BUILD/shim-15.8/Cryptlib/OpenSSL -I/usr/src/azl/BUILD/shim-15.8/Cryptlib -I/usr/src/azl/BUILD/shim-15.8/Cryptlib/OpenSSL/Include/ -I/usr/src/azl/BUILD/shim-15.8/Cryptlib/OpenSSL/crypto -I/usr/src/azl/BUILD/shim-15.8/Cryptlib/Include -I/usr/src/azl/BUILD/shim-15.8/gnu-efi/inc -I/usr/src/azl/BUILD/shim-15.8/gnu-efi/inc/aarch64 -I/usr/src/azl/BUILD/shim-15.8/gnu-efi/inc/protocol -I/usr/src/azl/BUILD/shim-15.8/Cryptlib/OpenSSL/crypto/asn1 -I/usr/src/azl/BUILD/shim-15.8/Cryptlib/OpenSSL/crypto/evp -I/usr/src/azl/BUILD/shim-15.8/Cryptlib/OpenSSL/crypto/modes -I/usr/src/azl/BUILD/shim-15.8/Cryptlib/OpenSSL/crypto/include -isystem /usr/src/azl/BUILD/shim-15.8/include/system -isystem /usr/lib/gcc/aarch64-unknown-linux-gnu/13.2.0/include -DL_ENDIAN -D_CRT_SECURE_NO_DEPRECATE -D_CRT_NONSTDC_NO_DEPRECATE -DOPENSSL_SMALL_FOOTPRINT -DPEDANTIC -DMDE_CPU_AARCH64   -c -o crypto/asn1/ameth_lib.o /usr/src/azl/BUILD/shim-15.8/Cryptlib/OpenSSL/crypto/asn1/ameth_lib.c
gcc -std=gnu11 -ggdb -ffreestanding -fmacro-prefix-map=/usr/src/azl/BUILD/shim-15.8/= -fno-stack-protector -fno-strict-aliasing -fpic -fshort-wchar -nostdinc -Os -Wall -Wextra -Wno-missing-field-initializers -Wno-empty-body -Wno-implicit-fallthrough -Wno-old-style-declaration -Wno-unused-but-set-variable -Wno-unused-parameter -Werror -I/usr/src/azl/BUILD/shim-15.8/Cryptlib/OpenSSL -I/usr/src/azl/BUILD/shim-15.8/Cryptlib -I/usr/src/azl/BUILD/shim-15.8/Cryptlib/OpenSSL/Include/ -I/usr/src/azl/BUILD/shim-15.8/Cryptlib/OpenSSL/crypto -I/usr/src/azl/BUILD/shim-15.8/Cryptlib/Include -I/usr/src/azl/BUILD/shim-15.8/gnu-efi/inc -I/usr/src/azl/BUILD/shim-15.8/gnu-efi/inc/aarch64 -I/usr/src/azl/BUILD/shim-15.8/gnu-efi/inc/protocol -I/usr/src/azl/BUILD/shim-15.8/Cryptlib/OpenSSL/crypto/asn1 -I/usr/src/azl/BUILD/shim-15.8/Cryptlib/OpenSSL/crypto/evp -I/usr/src/azl/BUILD/shim-15.8/Cryptlib/OpenSSL/crypto/modes -I/usr/src/azl/BUILD/shim-15.8/Cryptlib/OpenSSL/crypto/include -isystem /usr/src/azl/BUILD/shim-15.8/include/system -isystem /usr/lib/gcc/aarch64-unknown-linux-gnu/13.2.0/include -DL_ENDIAN -D_CRT_SECURE_NO_DEPRECATE -D_CRT_NONSTDC_NO_DEPRECATE -DOPENSSL_SMALL_FOOTPRINT -DPEDANTIC -DMDE_CPU_AARCH64   -c -o crypto/asn1/f_int.o /usr/src/azl/BUILD/shim-15.8/Cryptlib/OpenSSL/crypto/asn1/f_int.c
gcc -std=gnu11 -ggdb -ffreestanding -fmacro-prefix-map=/usr/src/azl/BUILD/shim-15.8/= -fno-stack-protector -fno-strict-aliasing -fpic -fshort-wchar -nostdinc -Os -Wall -Wextra -Wno-missing-field-initializers -Wno-empty-body -Wno-implicit-fallthrough -Wno-old-style-declaration -Wno-unused-but-set-variable -Wno-unused-parameter -Werror -I/usr/src/azl/BUILD/shim-15.8/Cryptlib/OpenSSL -I/usr/src/azl/BUILD/shim-15.8/Cryptlib -I/usr/src/azl/BUILD/shim-15.8/Cryptlib/OpenSSL/Include/ -I/usr/src/azl/BUILD/shim-15.8/Cryptlib/OpenSSL/crypto -I/usr/src/azl/BUILD/shim-15.8/Cryptlib/Include -I/usr/src/azl/BUILD/shim-15.8/gnu-efi/inc -I/usr/src/azl/BUILD/shim-15.8/gnu-efi/inc/aarch64 -I/usr/src/azl/BUILD/shim-15.8/gnu-efi/inc/protocol -I/usr/src/azl/BUILD/shim-15.8/Cryptlib/OpenSSL/crypto/asn1 -I/usr/src/azl/BUILD/shim-15.8/Cryptlib/OpenSSL/crypto/evp -I/usr/src/azl/BUILD/shim-15.8/Cryptlib/OpenSSL/crypto/modes -I/usr/src/azl/BUILD/shim-15.8/Cryptlib/OpenSSL/crypto/include -isystem /usr/src/azl/BUILD/shim-15.8/include/system -isystem /usr/lib/gcc/aarch64-unknown-linux-gnu/13.2.0/include -DL_ENDIAN -D_CRT_SECURE_NO_DEPRECATE -D_CRT_NONSTDC_NO_DEPRECATE -DOPENSSL_SMALL_FOOTPRINT -DPEDANTIC -DMDE_CPU_AARCH64   -c -o crypto/asn1/f_string.o /usr/src/azl/BUILD/shim-15.8/Cryptlib/OpenSSL/crypto/asn1/f_string.c
gcc -std=gnu11 -ggdb -ffreestanding -fmacro-prefix-map=/usr/src/azl/BUILD/shim-15.8/= -fno-stack-protector -fno-strict-aliasing -fpic -fshort-wchar -nostdinc -Os -Wall -Wextra -Wno-missing-field-initializers -Wno-empty-body -Wno-implicit-fallthrough -Wno-old-style-declaration -Wno-unused-but-set-variable -Wno-unused-parameter -Werror -I/usr/src/azl/BUILD/shim-15.8/Cryptlib/OpenSSL -I/usr/src/azl/BUILD/shim-15.8/Cryptlib -I/usr/src/azl/BUILD/shim-15.8/Cryptlib/OpenSSL/Include/ -I/usr/src/azl/BUILD/shim-15.8/Cryptlib/OpenSSL/crypto -I/usr/src/azl/BUILD/shim-15.8/Cryptlib/Include -I/usr/src/azl/BUILD/shim-15.8/gnu-efi/inc -I/usr/src/azl/BUILD/shim-15.8/gnu-efi/inc/aarch64 -I/usr/src/azl/BUILD/shim-15.8/gnu-efi/inc/protocol -I/usr/src/azl/BUILD/shim-15.8/Cryptlib/OpenSSL/crypto/asn1 -I/usr/src/azl/BUILD/shim-15.8/Cryptlib/OpenSSL/crypto/evp -I/usr/src/azl/BUILD/shim-15.8/Cryptlib/OpenSSL/crypto/modes -I/usr/src/azl/BUILD/shim-15.8/Cryptlib/OpenSSL/crypto/include -isystem /usr/src/azl/BUILD/shim-15.8/include/system -isystem /usr/lib/gcc/aarch64-unknown-linux-gnu/13.2.0/include -DL_ENDIAN -D_CRT_SECURE_NO_DEPRECATE -D_CRT_NONSTDC_NO_DEPRECATE -DOPENSSL_SMALL_FOOTPRINT -DPEDANTIC -DMDE_CPU_AARCH64   -c -o crypto/asn1/n_pkey.o /usr/src/azl/BUILD/shim-15.8/Cryptlib/OpenSSL/crypto/asn1/n_pkey.c
gcc -std=gnu11 -ggdb -ffreestanding -fmacro-prefix-map=/usr/src/azl/BUILD/shim-15.8/= -fno-stack-protector -fno-strict-aliasing -fpic -fshort-wchar -nostdinc -Os -Wall -Wextra -Wno-missing-field-initializers -Wno-empty-body -Wno-implicit-fallthrough -Wno-old-style-declaration -Wno-unused-but-set-variable -Wno-unused-parameter -Werror -I/usr/src/azl/BUILD/shim-15.8/Cryptlib/OpenSSL -I/usr/src/azl/BUILD/shim-15.8/Cryptlib -I/usr/src/azl/BUILD/shim-15.8/Cryptlib/OpenSSL/Include/ -I/usr/src/azl/BUILD/shim-15.8/Cryptlib/OpenSSL/crypto -I/usr/src/azl/BUILD/shim-15.8/Cryptlib/Include -I/usr/src/azl/BUILD/shim-15.8/gnu-efi/inc -I/usr/src/azl/BUILD/shim-15.8/gnu-efi/inc/aarch64 -I/usr/src/azl/BUILD/shim-15.8/gnu-efi/inc/protocol -I/usr/src/azl/BUILD/shim-15.8/Cryptlib/OpenSSL/crypto/asn1 -I/usr/src/azl/BUILD/shim-15.8/Cryptlib/OpenSSL/crypto/evp -I/usr/src/azl/BUILD/shim-15.8/Cryptlib/OpenSSL/crypto/modes -I/usr/src/azl/BUILD/shim-15.8/Cryptlib/OpenSSL/crypto/include -isystem /usr/src/azl/BUILD/shim-15.8/include/system -isystem /usr/lib/gcc/aarch64-unknown-linux-gnu/13.2.0/include -DL_ENDIAN -D_CRT_SECURE_NO_DEPRECATE -D_CRT_NONSTDC_NO_DEPRECATE -DOPENSSL_SMALL_FOOTPRINT -DPEDANTIC -DMDE_CPU_AARCH64   -c -o crypto/asn1/f_enum.o /usr/src/azl/BUILD/shim-15.8/Cryptlib/OpenSSL/crypto/asn1/f_enum.c
gcc -std=gnu11 -ggdb -ffreestanding -fmacro-prefix-map=/usr/src/azl/BUILD/shim-15.8/= -fno-stack-protector -fno-strict-aliasing -fpic -fshort-wchar -nostdinc -Os -Wall -Wextra -Wno-missing-field-initializers -Wno-empty-body -Wno-implicit-fallthrough -Wno-old-style-declaration -Wno-unused-but-set-variable -Wno-unused-parameter -Werror -I/usr/src/azl/BUILD/shim-15.8/Cryptlib/OpenSSL -I/usr/src/azl/BUILD/shim-15.8/Cryptlib -I/usr/src/azl/BUILD/shim-15.8/Cryptlib/OpenSSL/Include/ -I/usr/src/azl/BUILD/shim-15.8/Cryptlib/OpenSSL/crypto -I/usr/src/azl/BUILD/shim-15.8/Cryptlib/Include -I/usr/src/azl/BUILD/shim-15.8/gnu-efi/inc -I/usr/src/azl/BUILD/shim-15.8/gnu-efi/inc/aarch64 -I/usr/src/azl/BUILD/shim-15.8/gnu-efi/inc/protocol -I/usr/src/azl/BUILD/shim-15.8/Cryptlib/OpenSSL/crypto/asn1 -I/usr/src/azl/BUILD/shim-15.8/Cryptlib/OpenSSL/crypto/evp -I/usr/src/azl/BUILD/shim-15.8/Cryptlib/OpenSSL/crypto/modes -I/usr/src/azl/BUILD/shim-15.8/Cryptlib/OpenSSL/crypto/include -isystem /usr/src/azl/BUILD/shim-15.8/include/system -isystem /usr/lib/gcc/aarch64-unknown-linux-gnu/13.2.0/include -DL_ENDIAN -D_CRT_SECURE_NO_DEPRECATE -D_CRT_NONSTDC_NO_DEPRECATE -DOPENSSL_SMALL_FOOTPRINT -DPEDANTIC -DMDE_CPU_AARCH64   -c -o crypto/asn1/x_pkey.o /usr/src/azl/BUILD/shim-15.8/Cryptlib/OpenSSL/crypto/asn1/x_pkey.c
gcc -std=gnu11 -ggdb -ffreestanding -fmacro-prefix-map=/usr/src/azl/BUILD/shim-15.8/= -fno-stack-protector -fno-strict-aliasing -fpic -fshort-wchar -nostdinc -Os -Wall -Wextra -Wno-missing-field-initializers -Wno-empty-body -Wno-implicit-fallthrough -Wno-old-style-declaration -Wno-unused-but-set-variable -Wno-unused-parameter -Werror -I/usr/src/azl/BUILD/shim-15.8/Cryptlib/OpenSSL -I/usr/src/azl/BUILD/shim-15.8/Cryptlib -I/usr/src/azl/BUILD/shim-15.8/Cryptlib/OpenSSL/Include/ -I/usr/src/azl/BUILD/shim-15.8/Cryptlib/OpenSSL/crypto -I/usr/src/azl/BUILD/shim-15.8/Cryptlib/Include -I/usr/src/azl/BUILD/shim-15.8/gnu-efi/inc -I/usr/src/azl/BUILD/shim-15.8/gnu-efi/inc/aarch64 -I/usr/src/azl/BUILD/shim-15.8/gnu-efi/inc/protocol -I/usr/src/azl/BUILD/shim-15.8/Cryptlib/OpenSSL/crypto/asn1 -I/usr/src/azl/BUILD/shim-15.8/Cryptlib/OpenSSL/crypto/evp -I/usr/src/azl/BUILD/shim-15.8/Cryptlib/OpenSSL/crypto/modes -I/usr/src/azl/BUILD/shim-15.8/Cryptlib/OpenSSL/crypto/include -isystem /usr/src/azl/BUILD/shim-15.8/include/system -isystem /usr/lib/gcc/aarch64-unknown-linux-gnu/13.2.0/include -DL_ENDIAN -D_CRT_SECURE_NO_DEPRECATE -D_CRT_NONSTDC_NO_DEPRECATE -DOPENSSL_SMALL_FOOTPRINT -DPEDANTIC -DMDE_CPU_AARCH64   -c -o crypto/asn1/a_bool.o /usr/src/azl/BUILD/shim-15.8/Cryptlib/OpenSSL/crypto/asn1/a_bool.c
gcc -std=gnu11 -ggdb -ffreestanding -fmacro-prefix-map=/usr/src/azl/BUILD/shim-15.8/= -fno-stack-protector -fno-strict-aliasing -fpic -fshort-wchar -nostdinc -Os -Wall -Wextra -Wno-missing-field-initializers -Wno-empty-body -Wno-implicit-fallthrough -Wno-old-style-declaration -Wno-unused-but-set-variable -Wno-unused-parameter -Werror -I/usr/src/azl/BUILD/shim-15.8/Cryptlib/OpenSSL -I/usr/src/azl/BUILD/shim-15.8/Cryptlib -I/usr/src/azl/BUILD/shim-15.8/Cryptlib/OpenSSL/Include/ -I/usr/src/azl/BUILD/shim-15.8/Cryptlib/OpenSSL/crypto -I/usr/src/azl/BUILD/shim-15.8/Cryptlib/Include -I/usr/src/azl/BUILD/shim-15.8/gnu-efi/inc -I/usr/src/azl/BUILD/shim-15.8/gnu-efi/inc/aarch64 -I/usr/src/azl/BUILD/shim-15.8/gnu-efi/inc/protocol -I/usr/src/azl/BUILD/shim-15.8/Cryptlib/OpenSSL/crypto/asn1 -I/usr/src/azl/BUILD/shim-15.8/Cryptlib/OpenSSL/crypto/evp -I/usr/src/azl/BUILD/shim-15.8/Cryptlib/OpenSSL/crypto/modes -I/usr/src/azl/BUILD/shim-15.8/Cryptlib/OpenSSL/crypto/include -isystem /usr/src/azl/BUILD/shim-15.8/include/system -isystem /usr/lib/gcc/aarch64-unknown-linux-gnu/13.2.0/include -DL_ENDIAN -D_CRT_SECURE_NO_DEPRECATE -D_CRT_NONSTDC_NO_DEPRECATE -DOPENSSL_SMALL_FOOTPRINT -DPEDANTIC -DMDE_CPU_AARCH64   -c -o crypto/asn1/x_exten.o /usr/src/azl/BUILD/shim-15.8/Cryptlib/OpenSSL/crypto/asn1/x_exten.c
gcc -std=gnu11 -ggdb -ffreestanding -fmacro-prefix-map=/usr/src/azl/BUILD/shim-15.8/= -fno-stack-protector -fno-strict-aliasing -fpic -fshort-wchar -nostdinc -Os -Wall -Wextra -Wno-missing-field-initializers -Wno-empty-body -Wno-implicit-fallthrough -Wno-old-style-declaration -Wno-unused-but-set-variable -Wno-unused-parameter -Werror -I/usr/src/azl/BUILD/shim-15.8/Cryptlib/OpenSSL -I/usr/src/azl/BUILD/shim-15.8/Cryptlib -I/usr/src/azl/BUILD/shim-15.8/Cryptlib/OpenSSL/Include/ -I/usr/src/azl/BUILD/shim-15.8/Cryptlib/OpenSSL/crypto -I/usr/src/azl/BUILD/shim-15.8/Cryptlib/Include -I/usr/src/azl/BUILD/shim-15.8/gnu-efi/inc -I/usr/src/azl/BUILD/shim-15.8/gnu-efi/inc/aarch64 -I/usr/src/azl/BUILD/shim-15.8/gnu-efi/inc/protocol -I/usr/src/azl/BUILD/shim-15.8/Cryptlib/OpenSSL/crypto/asn1 -I/usr/src/azl/BUILD/shim-15.8/Cryptlib/OpenSSL/crypto/evp -I/usr/src/azl/BUILD/shim-15.8/Cryptlib/OpenSSL/crypto/modes -I/usr/src/azl/BUILD/shim-15.8/Cryptlib/OpenSSL/crypto/include -isystem /usr/src/azl/BUILD/shim-15.8/include/system -isystem /usr/lib/gcc/aarch64-unknown-linux-gnu/13.2.0/include -DL_ENDIAN -D_CRT_SECURE_NO_DEPRECATE -D_CRT_NONSTDC_NO_DEPRECATE -DOPENSSL_SMALL_FOOTPRINT -DPEDANTIC -DMDE_CPU_AARCH64   -c -o crypto/asn1/bio_asn1.o /usr/src/azl/BUILD/shim-15.8/Cryptlib/OpenSSL/crypto/asn1/bio_asn1.c
gcc -std=gnu11 -ggdb -ffreestanding -fmacro-prefix-map=/usr/src/azl/BUILD/shim-15.8/= -fno-stack-protector -fno-strict-aliasing -fpic -fshort-wchar -nostdinc -Os -Wall -Wextra -Wno-missing-field-initializers -Wno-empty-body -Wno-implicit-fallthrough -Wno-old-style-declaration -Wno-unused-but-set-variable -Wno-unused-parameter -Werror -I/usr/src/azl/BUILD/shim-15.8/Cryptlib/OpenSSL -I/usr/src/azl/BUILD/shim-15.8/Cryptlib -I/usr/src/azl/BUILD/shim-15.8/Cryptlib/OpenSSL/Include/ -I/usr/src/azl/BUILD/shim-15.8/Cryptlib/OpenSSL/crypto -I/usr/src/azl/BUILD/shim-15.8/Cryptlib/Include -I/usr/src/azl/BUILD/shim-15.8/gnu-efi/inc -I/usr/src/azl/BUILD/shim-15.8/gnu-efi/inc/aarch64 -I/usr/src/azl/BUILD/shim-15.8/gnu-efi/inc/protocol -I/usr/src/azl/BUILD/shim-15.8/Cryptlib/OpenSSL/crypto/asn1 -I/usr/src/azl/BUILD/shim-15.8/Cryptlib/OpenSSL/crypto/evp -I/usr/src/azl/BUILD/shim-15.8/Cryptlib/OpenSSL/crypto/modes -I/usr/src/azl/BUILD/shim-15.8/Cryptlib/OpenSSL/crypto/include -isystem /usr/src/azl/BUILD/shim-15.8/include/system -isystem /usr/lib/gcc/aarch64-unknown-linux-gnu/13.2.0/include -DL_ENDIAN -D_CRT_SECURE_NO_DEPRECATE -D_CRT_NONSTDC_NO_DEPRECATE -DOPENSSL_SMALL_FOOTPRINT -DPEDANTIC -DMDE_CPU_AARCH64   -c -o crypto/asn1/bio_ndef.o /usr/src/azl/BUILD/shim-15.8/Cryptlib/OpenSSL/crypto/asn1/bio_ndef.c
gcc -std=gnu11 -ggdb -ffreestanding -fmacro-prefix-map=/usr/src/azl/BUILD/shim-15.8/= -fno-stack-protector -fno-strict-aliasing -fpic -fshort-wchar -nostdinc -Os -Wall -Wextra -Wno-missing-field-initializers -Wno-empty-body -Wno-implicit-fallthrough -Wno-old-style-declaration -Wno-unused-but-set-variable -Wno-unused-parameter -Werror -I/usr/src/azl/BUILD/shim-15.8/Cryptlib/OpenSSL -I/usr/src/azl/BUILD/shim-15.8/Cryptlib -I/usr/src/azl/BUILD/shim-15.8/Cryptlib/OpenSSL/Include/ -I/usr/src/azl/BUILD/shim-15.8/Cryptlib/OpenSSL/crypto -I/usr/src/azl/BUILD/shim-15.8/Cryptlib/Include -I/usr/src/azl/BUILD/shim-15.8/gnu-efi/inc -I/usr/src/azl/BUILD/shim-15.8/gnu-efi/inc/aarch64 -I/usr/src/azl/BUILD/shim-15.8/gnu-efi/inc/protocol -I/usr/src/azl/BUILD/shim-15.8/Cryptlib/OpenSSL/crypto/asn1 -I/usr/src/azl/BUILD/shim-15.8/Cryptlib/OpenSSL/crypto/evp -I/usr/src/azl/BUILD/shim-15.8/Cryptlib/OpenSSL/crypto/modes -I/usr/src/azl/BUILD/shim-15.8/Cryptlib/OpenSSL/crypto/include -isystem /usr/src/azl/BUILD/shim-15.8/include/system -isystem /usr/lib/gcc/aarch64-unknown-linux-gnu/13.2.0/include -DL_ENDIAN -D_CRT_SECURE_NO_DEPRECATE -D_CRT_NONSTDC_NO_DEPRECATE -DOPENSSL_SMALL_FOOTPRINT -DPEDANTIC -DMDE_CPU_AARCH64   -c -o crypto/asn1/asn_mime.o /usr/src/azl/BUILD/shim-15.8/Cryptlib/OpenSSL/crypto/asn1/asn_mime.c
gcc -std=gnu11 -ggdb -ffreestanding -fmacro-prefix-map=/usr/src/azl/BUILD/shim-15.8/= -fno-stack-protector -fno-strict-aliasing -fpic -fshort-wchar -nostdinc -Os -Wall -Wextra -Wno-missing-field-initializers -Wno-empty-body -Wno-implicit-fallthrough -Wno-old-style-declaration -Wno-unused-but-set-variable -Wno-unused-parameter -Werror -I/usr/src/azl/BUILD/shim-15.8/Cryptlib/OpenSSL -I/usr/src/azl/BUILD/shim-15.8/Cryptlib -I/usr/src/azl/BUILD/shim-15.8/Cryptlib/OpenSSL/Include/ -I/usr/src/azl/BUILD/shim-15.8/Cryptlib/OpenSSL/crypto -I/usr/src/azl/BUILD/shim-15.8/Cryptlib/Include -I/usr/src/azl/BUILD/shim-15.8/gnu-efi/inc -I/usr/src/azl/BUILD/shim-15.8/gnu-efi/inc/aarch64 -I/usr/src/azl/BUILD/shim-15.8/gnu-efi/inc/protocol -I/usr/src/azl/BUILD/shim-15.8/Cryptlib/OpenSSL/crypto/asn1 -I/usr/src/azl/BUILD/shim-15.8/Cryptlib/OpenSSL/crypto/evp -I/usr/src/azl/BUILD/shim-15.8/Cryptlib/OpenSSL/crypto/modes -I/usr/src/azl/BUILD/shim-15.8/Cryptlib/OpenSSL/crypto/include -isystem /usr/src/azl/BUILD/shim-15.8/include/system -isystem /usr/lib/gcc/aarch64-unknown-linux-gnu/13.2.0/include -DL_ENDIAN -D_CRT_SECURE_NO_DEPRECATE -D_CRT_NONSTDC_NO_DEPRECATE -DOPENSSL_SMALL_FOOTPRINT -DPEDANTIC -DMDE_CPU_AARCH64   -c -o crypto/asn1/asn1_gen.o /usr/src/azl/BUILD/shim-15.8/Cryptlib/OpenSSL/crypto/asn1/asn1_gen.c
gcc -std=gnu11 -ggdb -ffreestanding -fmacro-prefix-map=/usr/src/azl/BUILD/shim-15.8/= -fno-stack-protector -fno-strict-aliasing -fpic -fshort-wchar -nostdinc -Os -Wall -Wextra -Wno-missing-field-initializers -Wno-empty-body -Wno-implicit-fallthrough -Wno-old-style-declaration -Wno-unused-but-set-variable -Wno-unused-parameter -Werror -I/usr/src/azl/BUILD/shim-15.8/Cryptlib/OpenSSL -I/usr/src/azl/BUILD/shim-15.8/Cryptlib -I/usr/src/azl/BUILD/shim-15.8/Cryptlib/OpenSSL/Include/ -I/usr/src/azl/BUILD/shim-15.8/Cryptlib/OpenSSL/crypto -I/usr/src/azl/BUILD/shim-15.8/Cryptlib/Include -I/usr/src/azl/BUILD/shim-15.8/gnu-efi/inc -I/usr/src/azl/BUILD/shim-15.8/gnu-efi/inc/aarch64 -I/usr/src/azl/BUILD/shim-15.8/gnu-efi/inc/protocol -I/usr/src/azl/BUILD/shim-15.8/Cryptlib/OpenSSL/crypto/asn1 -I/usr/src/azl/BUILD/shim-15.8/Cryptlib/OpenSSL/crypto/evp -I/usr/src/azl/BUILD/shim-15.8/Cryptlib/OpenSSL/crypto/modes -I/usr/src/azl/BUILD/shim-15.8/Cryptlib/OpenSSL/crypto/include -isystem /usr/src/azl/BUILD/shim-15.8/include/system -isystem /usr/lib/gcc/aarch64-unknown-linux-gnu/13.2.0/include -DL_ENDIAN -D_CRT_SECURE_NO_DEPRECATE -D_CRT_NONSTDC_NO_DEPRECATE -DOPENSSL_SMALL_FOOTPRINT -DPEDANTIC -DMDE_CPU_AARCH64   -c -o crypto/asn1/asn1_par.o /usr/src/azl/BUILD/shim-15.8/Cryptlib/OpenSSL/crypto/asn1/asn1_par.c
gcc -std=gnu11 -ggdb -ffreestanding -fmacro-prefix-map=/usr/src/azl/BUILD/shim-15.8/= -fno-stack-protector -fno-strict-aliasing -fpic -fshort-wchar -nostdinc -Os -Wall -Wextra -Wno-missing-field-initializers -Wno-empty-body -Wno-implicit-fallthrough -Wno-old-style-declaration -Wno-unused-but-set-variable -Wno-unused-parameter -Werror -I/usr/src/azl/BUILD/shim-15.8/Cryptlib/OpenSSL -I/usr/src/azl/BUILD/shim-15.8/Cryptlib -I/usr/src/azl/BUILD/shim-15.8/Cryptlib/OpenSSL/Include/ -I/usr/src/azl/BUILD/shim-15.8/Cryptlib/OpenSSL/crypto -I/usr/src/azl/BUILD/shim-15.8/Cryptlib/Include -I/usr/src/azl/BUILD/shim-15.8/gnu-efi/inc -I/usr/src/azl/BUILD/shim-15.8/gnu-efi/inc/aarch64 -I/usr/src/azl/BUILD/shim-15.8/gnu-efi/inc/protocol -I/usr/src/azl/BUILD/shim-15.8/Cryptlib/OpenSSL/crypto/asn1 -I/usr/src/azl/BUILD/shim-15.8/Cryptlib/OpenSSL/crypto/evp -I/usr/src/azl/BUILD/shim-15.8/Cryptlib/OpenSSL/crypto/modes -I/usr/src/azl/BUILD/shim-15.8/Cryptlib/OpenSSL/crypto/include -isystem /usr/src/azl/BUILD/shim-15.8/include/system -isystem /usr/lib/gcc/aarch64-unknown-linux-gnu/13.2.0/include -DL_ENDIAN -D_CRT_SECURE_NO_DEPRECATE -D_CRT_NONSTDC_NO_DEPRECATE -DOPENSSL_SMALL_FOOTPRINT -DPEDANTIC -DMDE_CPU_AARCH64   -c -o crypto/asn1/asn1_lib.o /usr/src/azl/BUILD/shim-15.8/Cryptlib/OpenSSL/crypto/asn1/asn1_lib.c
gcc -std=gnu11 -ggdb -ffreestanding -fmacro-prefix-map=/usr/src/azl/BUILD/shim-15.8/= -fno-stack-protector -fno-strict-aliasing -fpic -fshort-wchar -nostdinc -Os -Wall -Wextra -Wno-missing-field-initializers -Wno-empty-body -Wno-implicit-fallthrough -Wno-old-style-declaration -Wno-unused-but-set-variable -Wno-unused-parameter -Werror -I/usr/src/azl/BUILD/shim-15.8/Cryptlib/OpenSSL -I/usr/src/azl/BUILD/shim-15.8/Cryptlib -I/usr/src/azl/BUILD/shim-15.8/Cryptlib/OpenSSL/Include/ -I/usr/src/azl/BUILD/shim-15.8/Cryptlib/OpenSSL/crypto -I/usr/src/azl/BUILD/shim-15.8/Cryptlib/Include -I/usr/src/azl/BUILD/shim-15.8/gnu-efi/inc -I/usr/src/azl/BUILD/shim-15.8/gnu-efi/inc/aarch64 -I/usr/src/azl/BUILD/shim-15.8/gnu-efi/inc/protocol -I/usr/src/azl/BUILD/shim-15.8/Cryptlib/OpenSSL/crypto/asn1 -I/usr/src/azl/BUILD/shim-15.8/Cryptlib/OpenSSL/crypto/evp -I/usr/src/azl/BUILD/shim-15.8/Cryptlib/OpenSSL/crypto/modes -I/usr/src/azl/BUILD/shim-15.8/Cryptlib/OpenSSL/crypto/include -isystem /usr/src/azl/BUILD/shim-15.8/include/system -isystem /usr/lib/gcc/aarch64-unknown-linux-gnu/13.2.0/include -DL_ENDIAN -D_CRT_SECURE_NO_DEPRECATE -D_CRT_NONSTDC_NO_DEPRECATE -DOPENSSL_SMALL_FOOTPRINT -DPEDANTIC -DMDE_CPU_AARCH64   -c -o crypto/asn1/asn1_err.o /usr/src/azl/BUILD/shim-15.8/Cryptlib/OpenSSL/crypto/asn1/asn1_err.c
gcc -std=gnu11 -ggdb -ffreestanding -fmacro-prefix-map=/usr/src/azl/BUILD/shim-15.8/= -fno-stack-protector -fno-strict-aliasing -fpic -fshort-wchar -nostdinc -Os -Wall -Wextra -Wno-missing-field-initializers -Wno-empty-body -Wno-implicit-fallthrough -Wno-old-style-declaration -Wno-unused-but-set-variable -Wno-unused-parameter -Werror -I/usr/src/azl/BUILD/shim-15.8/Cryptlib/OpenSSL -I/usr/src/azl/BUILD/shim-15.8/Cryptlib -I/usr/src/azl/BUILD/shim-15.8/Cryptlib/OpenSSL/Include/ -I/usr/src/azl/BUILD/shim-15.8/Cryptlib/OpenSSL/crypto -I/usr/src/azl/BUILD/shim-15.8/Cryptlib/Include -I/usr/src/azl/BUILD/shim-15.8/gnu-efi/inc -I/usr/src/azl/BUILD/shim-15.8/gnu-efi/inc/aarch64 -I/usr/src/azl/BUILD/shim-15.8/gnu-efi/inc/protocol -I/usr/src/azl/BUILD/shim-15.8/Cryptlib/OpenSSL/crypto/asn1 -I/usr/src/azl/BUILD/shim-15.8/Cryptlib/OpenSSL/crypto/evp -I/usr/src/azl/BUILD/shim-15.8/Cryptlib/OpenSSL/crypto/modes -I/usr/src/azl/BUILD/shim-15.8/Cryptlib/OpenSSL/crypto/include -isystem /usr/src/azl/BUILD/shim-15.8/include/system -isystem /usr/lib/gcc/aarch64-unknown-linux-gnu/13.2.0/include -DL_ENDIAN -D_CRT_SECURE_NO_DEPRECATE -D_CRT_NONSTDC_NO_DEPRECATE -DOPENSSL_SMALL_FOOTPRINT -DPEDANTIC -DMDE_CPU_AARCH64   -c -o crypto/asn1/a_bytes.o /usr/src/azl/BUILD/shim-15.8/Cryptlib/OpenSSL/crypto/asn1/a_bytes.c
gcc -std=gnu11 -ggdb -ffreestanding -fmacro-prefix-map=/usr/src/azl/BUILD/shim-15.8/= -fno-stack-protector -fno-strict-aliasing -fpic -fshort-wchar -nostdinc -Os -Wall -Wextra -Wno-missing-field-initializers -Wno-empty-body -Wno-implicit-fallthrough -Wno-old-style-declaration -Wno-unused-but-set-variable -Wno-unused-parameter -Werror -I/usr/src/azl/BUILD/shim-15.8/Cryptlib/OpenSSL -I/usr/src/azl/BUILD/shim-15.8/Cryptlib -I/usr/src/azl/BUILD/shim-15.8/Cryptlib/OpenSSL/Include/ -I/usr/src/azl/BUILD/shim-15.8/Cryptlib/OpenSSL/crypto -I/usr/src/azl/BUILD/shim-15.8/Cryptlib/Include -I/usr/src/azl/BUILD/shim-15.8/gnu-efi/inc -I/usr/src/azl/BUILD/shim-15.8/gnu-efi/inc/aarch64 -I/usr/src/azl/BUILD/shim-15.8/gnu-efi/inc/protocol -I/usr/src/azl/BUILD/shim-15.8/Cryptlib/OpenSSL/crypto/asn1 -I/usr/src/azl/BUILD/shim-15.8/Cryptlib/OpenSSL/crypto/evp -I/usr/src/azl/BUILD/shim-15.8/Cryptlib/OpenSSL/crypto/modes -I/usr/src/azl/BUILD/shim-15.8/Cryptlib/OpenSSL/crypto/include -isystem /usr/src/azl/BUILD/shim-15.8/include/system -isystem /usr/lib/gcc/aarch64-unknown-linux-gnu/13.2.0/include -DL_ENDIAN -D_CRT_SECURE_NO_DEPRECATE -D_CRT_NONSTDC_NO_DEPRECATE -DOPENSSL_SMALL_FOOTPRINT -DPEDANTIC -DMDE_CPU_AARCH64   -c -o crypto/asn1/a_strnid.o /usr/src/azl/BUILD/shim-15.8/Cryptlib/OpenSSL/crypto/asn1/a_strnid.c
gcc -std=gnu11 -ggdb -ffreestanding -fmacro-prefix-map=/usr/src/azl/BUILD/shim-15.8/= -fno-stack-protector -fno-strict-aliasing -fpic -fshort-wchar -nostdinc -Os -Wall -Wextra -Wno-missing-field-initializers -Wno-empty-body -Wno-implicit-fallthrough -Wno-old-style-declaration -Wno-unused-but-set-variable -Wno-unused-parameter -Werror -I/usr/src/azl/BUILD/shim-15.8/Cryptlib/OpenSSL -I/usr/src/azl/BUILD/shim-15.8/Cryptlib -I/usr/src/azl/BUILD/shim-15.8/Cryptlib/OpenSSL/Include/ -I/usr/src/azl/BUILD/shim-15.8/Cryptlib/OpenSSL/crypto -I/usr/src/azl/BUILD/shim-15.8/Cryptlib/Include -I/usr/src/azl/BUILD/shim-15.8/gnu-efi/inc -I/usr/src/azl/BUILD/shim-15.8/gnu-efi/inc/aarch64 -I/usr/src/azl/BUILD/shim-15.8/gnu-efi/inc/protocol -I/usr/src/azl/BUILD/shim-15.8/Cryptlib/OpenSSL/crypto/asn1 -I/usr/src/azl/BUILD/shim-15.8/Cryptlib/OpenSSL/crypto/evp -I/usr/src/azl/BUILD/shim-15.8/Cryptlib/OpenSSL/crypto/modes -I/usr/src/azl/BUILD/shim-15.8/Cryptlib/OpenSSL/crypto/include -isystem /usr/src/azl/BUILD/shim-15.8/include/system -isystem /usr/lib/gcc/aarch64-unknown-linux-gnu/13.2.0/include -DL_ENDIAN -D_CRT_SECURE_NO_DEPRECATE -D_CRT_NONSTDC_NO_DEPRECATE -DOPENSSL_SMALL_FOOTPRINT -DPEDANTIC -DMDE_CPU_AARCH64   -c -o crypto/asn1/evp_asn1.o /usr/src/azl/BUILD/shim-15.8/Cryptlib/OpenSSL/crypto/asn1/evp_asn1.c
gcc -std=gnu11 -ggdb -ffreestanding -fmacro-prefix-map=/usr/src/azl/BUILD/shim-15.8/= -fno-stack-protector -fno-strict-aliasing -fpic -fshort-wchar -nostdinc -Os -Wall -Wextra -Wno-missing-field-initializers -Wno-empty-body -Wno-implicit-fallthrough -Wno-old-style-declaration -Wno-unused-but-set-variable -Wno-unused-parameter -Werror -I/usr/src/azl/BUILD/shim-15.8/Cryptlib/OpenSSL -I/usr/src/azl/BUILD/shim-15.8/Cryptlib -I/usr/src/azl/BUILD/shim-15.8/Cryptlib/OpenSSL/Include/ -I/usr/src/azl/BUILD/shim-15.8/Cryptlib/OpenSSL/crypto -I/usr/src/azl/BUILD/shim-15.8/Cryptlib/Include -I/usr/src/azl/BUILD/shim-15.8/gnu-efi/inc -I/usr/src/azl/BUILD/shim-15.8/gnu-efi/inc/aarch64 -I/usr/src/azl/BUILD/shim-15.8/gnu-efi/inc/protocol -I/usr/src/azl/BUILD/shim-15.8/Cryptlib/OpenSSL/crypto/asn1 -I/usr/src/azl/BUILD/shim-15.8/Cryptlib/OpenSSL/crypto/evp -I/usr/src/azl/BUILD/shim-15.8/Cryptlib/OpenSSL/crypto/modes -I/usr/src/azl/BUILD/shim-15.8/Cryptlib/OpenSSL/crypto/include -isystem /usr/src/azl/BUILD/shim-15.8/include/system -isystem /usr/lib/gcc/aarch64-unknown-linux-gnu/13.2.0/include -DL_ENDIAN -D_CRT_SECURE_NO_DEPRECATE -D_CRT_NONSTDC_NO_DEPRECATE -DOPENSSL_SMALL_FOOTPRINT -DPEDANTIC -DMDE_CPU_AARCH64   -c -o crypto/asn1/asn_pack.o /usr/src/azl/BUILD/shim-15.8/Cryptlib/OpenSSL/crypto/asn1/asn_pack.c
gcc -std=gnu11 -ggdb -ffreestanding -fmacro-prefix-map=/usr/src/azl/BUILD/shim-15.8/= -fno-stack-protector -fno-strict-aliasing -fpic -fshort-wchar -nostdinc -Os -Wall -Wextra -Wno-missing-field-initializers -Wno-empty-body -Wno-implicit-fallthrough -Wno-old-style-declaration -Wno-unused-but-set-variable -Wno-unused-parameter -Werror -I/usr/src/azl/BUILD/shim-15.8/Cryptlib/OpenSSL -I/usr/src/azl/BUILD/shim-15.8/Cryptlib -I/usr/src/azl/BUILD/shim-15.8/Cryptlib/OpenSSL/Include/ -I/usr/src/azl/BUILD/shim-15.8/Cryptlib/OpenSSL/crypto -I/usr/src/azl/BUILD/shim-15.8/Cryptlib/Include -I/usr/src/azl/BUILD/shim-15.8/gnu-efi/inc -I/usr/src/azl/BUILD/shim-15.8/gnu-efi/inc/aarch64 -I/usr/src/azl/BUILD/shim-15.8/gnu-efi/inc/protocol -I/usr/src/azl/BUILD/shim-15.8/Cryptlib/OpenSSL/crypto/asn1 -I/usr/src/azl/BUILD/shim-15.8/Cryptlib/OpenSSL/crypto/evp -I/usr/src/azl/BUILD/shim-15.8/Cryptlib/OpenSSL/crypto/modes -I/usr/src/azl/BUILD/shim-15.8/Cryptlib/OpenSSL/crypto/include -isystem /usr/src/azl/BUILD/shim-15.8/include/system -isystem /usr/lib/gcc/aarch64-unknown-linux-gnu/13.2.0/include -DL_ENDIAN -D_CRT_SECURE_NO_DEPRECATE -D_CRT_NONSTDC_NO_DEPRECATE -DOPENSSL_SMALL_FOOTPRINT -DPEDANTIC -DMDE_CPU_AARCH64   -c -o crypto/asn1/p5_pbe.o /usr/src/azl/BUILD/shim-15.8/Cryptlib/OpenSSL/crypto/asn1/p5_pbe.c
gcc -std=gnu11 -ggdb -ffreestanding -fmacro-prefix-map=/usr/src/azl/BUILD/shim-15.8/= -fno-stack-protector -fno-strict-aliasing -fpic -fshort-wchar -nostdinc -Os -Wall -Wextra -Wno-missing-field-initializers -Wno-empty-body -Wno-implicit-fallthrough -Wno-old-style-declaration -Wno-unused-but-set-variable -Wno-unused-parameter -Werror -I/usr/src/azl/BUILD/shim-15.8/Cryptlib/OpenSSL -I/usr/src/azl/BUILD/shim-15.8/Cryptlib -I/usr/src/azl/BUILD/shim-15.8/Cryptlib/OpenSSL/Include/ -I/usr/src/azl/BUILD/shim-15.8/Cryptlib/OpenSSL/crypto -I/usr/src/azl/BUILD/shim-15.8/Cryptlib/Include -I/usr/src/azl/BUILD/shim-15.8/gnu-efi/inc -I/usr/src/azl/BUILD/shim-15.8/gnu-efi/inc/aarch64 -I/usr/src/azl/BUILD/shim-15.8/gnu-efi/inc/protocol -I/usr/src/azl/BUILD/shim-15.8/Cryptlib/OpenSSL/crypto/asn1 -I/usr/src/azl/BUILD/shim-15.8/Cryptlib/OpenSSL/crypto/evp -I/usr/src/azl/BUILD/shim-15.8/Cryptlib/OpenSSL/crypto/modes -I/usr/src/azl/BUILD/shim-15.8/Cryptlib/OpenSSL/crypto/include -isystem /usr/src/azl/BUILD/shim-15.8/include/system -isystem /usr/lib/gcc/aarch64-unknown-linux-gnu/13.2.0/include -DL_ENDIAN -D_CRT_SECURE_NO_DEPRECATE -D_CRT_NONSTDC_NO_DEPRECATE -DOPENSSL_SMALL_FOOTPRINT -DPEDANTIC -DMDE_CPU_AARCH64   -c -o crypto/asn1/p5_pbev2.o /usr/src/azl/BUILD/shim-15.8/Cryptlib/OpenSSL/crypto/asn1/p5_pbev2.c
gcc -std=gnu11 -ggdb -ffreestanding -fmacro-prefix-map=/usr/src/azl/BUILD/shim-15.8/= -fno-stack-protector -fno-strict-aliasing -fpic -fshort-wchar -nostdinc -Os -Wall -Wextra -Wno-missing-field-initializers -Wno-empty-body -Wno-implicit-fallthrough -Wno-old-style-declaration -Wno-unused-but-set-variable -Wno-unused-parameter -Werror -I/usr/src/azl/BUILD/shim-15.8/Cryptlib/OpenSSL -I/usr/src/azl/BUILD/shim-15.8/Cryptlib -I/usr/src/azl/BUILD/shim-15.8/Cryptlib/OpenSSL/Include/ -I/usr/src/azl/BUILD/shim-15.8/Cryptlib/OpenSSL/crypto -I/usr/src/azl/BUILD/shim-15.8/Cryptlib/Include -I/usr/src/azl/BUILD/shim-15.8/gnu-efi/inc -I/usr/src/azl/BUILD/shim-15.8/gnu-efi/inc/aarch64 -I/usr/src/azl/BUILD/shim-15.8/gnu-efi/inc/protocol -I/usr/src/azl/BUILD/shim-15.8/Cryptlib/OpenSSL/crypto/asn1 -I/usr/src/azl/BUILD/shim-15.8/Cryptlib/OpenSSL/crypto/evp -I/usr/src/azl/BUILD/shim-15.8/Cryptlib/OpenSSL/crypto/modes -I/usr/src/azl/BUILD/shim-15.8/Cryptlib/OpenSSL/crypto/include -isystem /usr/src/azl/BUILD/shim-15.8/include/system -isystem /usr/lib/gcc/aarch64-unknown-linux-gnu/13.2.0/include -DL_ENDIAN -D_CRT_SECURE_NO_DEPRECATE -D_CRT_NONSTDC_NO_DEPRECATE -DOPENSSL_SMALL_FOOTPRINT -DPEDANTIC -DMDE_CPU_AARCH64   -c -o crypto/asn1/p8_pkey.o /usr/src/azl/BUILD/shim-15.8/Cryptlib/OpenSSL/crypto/asn1/p8_pkey.c
gcc -std=gnu11 -ggdb -ffreestanding -fmacro-prefix-map=/usr/src/azl/BUILD/shim-15.8/= -fno-stack-protector -fno-strict-aliasing -fpic -fshort-wchar -nostdinc -Os -Wall -Wextra -Wno-missing-field-initializers -Wno-empty-body -Wno-implicit-fallthrough -Wno-old-style-declaration -Wno-unused-but-set-variable -Wno-unused-parameter -Werror -I/usr/src/azl/BUILD/shim-15.8/Cryptlib/OpenSSL -I/usr/src/azl/BUILD/shim-15.8/Cryptlib -I/usr/src/azl/BUILD/shim-15.8/Cryptlib/OpenSSL/Include/ -I/usr/src/azl/BUILD/shim-15.8/Cryptlib/OpenSSL/crypto -I/usr/src/azl/BUILD/shim-15.8/Cryptlib/Include -I/usr/src/azl/BUILD/shim-15.8/gnu-efi/inc -I/usr/src/azl/BUILD/shim-15.8/gnu-efi/inc/aarch64 -I/usr/src/azl/BUILD/shim-15.8/gnu-efi/inc/protocol -I/usr/src/azl/BUILD/shim-15.8/Cryptlib/OpenSSL/crypto/asn1 -I/usr/src/azl/BUILD/shim-15.8/Cryptlib/OpenSSL/crypto/evp -I/usr/src/azl/BUILD/shim-15.8/Cryptlib/OpenSSL/crypto/modes -I/usr/src/azl/BUILD/shim-15.8/Cryptlib/OpenSSL/crypto/include -isystem /usr/src/azl/BUILD/shim-15.8/include/system -isystem /usr/lib/gcc/aarch64-unknown-linux-gnu/13.2.0/include -DL_ENDIAN -D_CRT_SECURE_NO_DEPRECATE -D_CRT_NONSTDC_NO_DEPRECATE -DOPENSSL_SMALL_FOOTPRINT -DPEDANTIC -DMDE_CPU_AARCH64   -c -o crypto/asn1/asn_moid.o /usr/src/azl/BUILD/shim-15.8/Cryptlib/OpenSSL/crypto/asn1/asn_moid.c
gcc -std=gnu11 -ggdb -ffreestanding -fmacro-prefix-map=/usr/src/azl/BUILD/shim-15.8/= -fno-stack-protector -fno-strict-aliasing -fpic -fshort-wchar -nostdinc -Os -Wall -Wextra -Wno-missing-field-initializers -Wno-empty-body -Wno-implicit-fallthrough -Wno-old-style-declaration -Wno-unused-but-set-variable -Wno-unused-parameter -Werror -I/usr/src/azl/BUILD/shim-15.8/Cryptlib/OpenSSL -I/usr/src/azl/BUILD/shim-15.8/Cryptlib -I/usr/src/azl/BUILD/shim-15.8/Cryptlib/OpenSSL/Include/ -I/usr/src/azl/BUILD/shim-15.8/Cryptlib/OpenSSL/crypto -I/usr/src/azl/BUILD/shim-15.8/Cryptlib/Include -I/usr/src/azl/BUILD/shim-15.8/gnu-efi/inc -I/usr/src/azl/BUILD/shim-15.8/gnu-efi/inc/aarch64 -I/usr/src/azl/BUILD/shim-15.8/gnu-efi/inc/protocol -I/usr/src/azl/BUILD/shim-15.8/Cryptlib/OpenSSL/crypto/asn1 -I/usr/src/azl/BUILD/shim-15.8/Cryptlib/OpenSSL/crypto/evp -I/usr/src/azl/BUILD/shim-15.8/Cryptlib/OpenSSL/crypto/modes -I/usr/src/azl/BUILD/shim-15.8/Cryptlib/OpenSSL/crypto/include -isystem /usr/src/azl/BUILD/shim-15.8/include/system -isystem /usr/lib/gcc/aarch64-unknown-linux-gnu/13.2.0/include -DL_ENDIAN -D_CRT_SECURE_NO_DEPRECATE -D_CRT_NONSTDC_NO_DEPRECATE -DOPENSSL_SMALL_FOOTPRINT -DPEDANTIC -DMDE_CPU_AARCH64   -c -o crypto/pem/pem_sign.o /usr/src/azl/BUILD/shim-15.8/Cryptlib/OpenSSL/crypto/pem/pem_sign.c
gcc -std=gnu11 -ggdb -ffreestanding -fmacro-prefix-map=/usr/src/azl/BUILD/shim-15.8/= -fno-stack-protector -fno-strict-aliasing -fpic -fshort-wchar -nostdinc -Os -Wall -Wextra -Wno-missing-field-initializers -Wno-empty-body -Wno-implicit-fallthrough -Wno-old-style-declaration -Wno-unused-but-set-variable -Wno-unused-parameter -Werror -I/usr/src/azl/BUILD/shim-15.8/Cryptlib/OpenSSL -I/usr/src/azl/BUILD/shim-15.8/Cryptlib -I/usr/src/azl/BUILD/shim-15.8/Cryptlib/OpenSSL/Include/ -I/usr/src/azl/BUILD/shim-15.8/Cryptlib/OpenSSL/crypto -I/usr/src/azl/BUILD/shim-15.8/Cryptlib/Include -I/usr/src/azl/BUILD/shim-15.8/gnu-efi/inc -I/usr/src/azl/BUILD/shim-15.8/gnu-efi/inc/aarch64 -I/usr/src/azl/BUILD/shim-15.8/gnu-efi/inc/protocol -I/usr/src/azl/BUILD/shim-15.8/Cryptlib/OpenSSL/crypto/asn1 -I/usr/src/azl/BUILD/shim-15.8/Cryptlib/OpenSSL/crypto/evp -I/usr/src/azl/BUILD/shim-15.8/Cryptlib/OpenSSL/crypto/modes -I/usr/src/azl/BUILD/shim-15.8/Cryptlib/OpenSSL/crypto/include -isystem /usr/src/azl/BUILD/shim-15.8/include/system -isystem /usr/lib/gcc/aarch64-unknown-linux-gnu/13.2.0/include -DL_ENDIAN -D_CRT_SECURE_NO_DEPRECATE -D_CRT_NONSTDC_NO_DEPRECATE -DOPENSSL_SMALL_FOOTPRINT -DPEDANTIC -DMDE_CPU_AARCH64   -c -o crypto/pem/pem_seal.o /usr/src/azl/BUILD/shim-15.8/Cryptlib/OpenSSL/crypto/pem/pem_seal.c
gcc -std=gnu11 -ggdb -ffreestanding -fmacro-prefix-map=/usr/src/azl/BUILD/shim-15.8/= -fno-stack-protector -fno-strict-aliasing -fpic -fshort-wchar -nostdinc -Os -Wall -Wextra -Wno-missing-field-initializers -Wno-empty-body -Wno-implicit-fallthrough -Wno-old-style-declaration -Wno-unused-but-set-variable -Wno-unused-parameter -Werror -I/usr/src/azl/BUILD/shim-15.8/Cryptlib/OpenSSL -I/usr/src/azl/BUILD/shim-15.8/Cryptlib -I/usr/src/azl/BUILD/shim-15.8/Cryptlib/OpenSSL/Include/ -I/usr/src/azl/BUILD/shim-15.8/Cryptlib/OpenSSL/crypto -I/usr/src/azl/BUILD/shim-15.8/Cryptlib/Include -I/usr/src/azl/BUILD/shim-15.8/gnu-efi/inc -I/usr/src/azl/BUILD/shim-15.8/gnu-efi/inc/aarch64 -I/usr/src/azl/BUILD/shim-15.8/gnu-efi/inc/protocol -I/usr/src/azl/BUILD/shim-15.8/Cryptlib/OpenSSL/crypto/asn1 -I/usr/src/azl/BUILD/shim-15.8/Cryptlib/OpenSSL/crypto/evp -I/usr/src/azl/BUILD/shim-15.8/Cryptlib/OpenSSL/crypto/modes -I/usr/src/azl/BUILD/shim-15.8/Cryptlib/OpenSSL/crypto/include -isystem /usr/src/azl/BUILD/shim-15.8/include/system -isystem /usr/lib/gcc/aarch64-unknown-linux-gnu/13.2.0/include -DL_ENDIAN -D_CRT_SECURE_NO_DEPRECATE -D_CRT_NONSTDC_NO_DEPRECATE -DOPENSSL_SMALL_FOOTPRINT -DPEDANTIC -DMDE_CPU_AARCH64   -c -o crypto/pem/pem_info.o /usr/src/azl/BUILD/shim-15.8/Cryptlib/OpenSSL/crypto/pem/pem_info.c
gcc -std=gnu11 -ggdb -ffreestanding -fmacro-prefix-map=/usr/src/azl/BUILD/shim-15.8/= -fno-stack-protector -fno-strict-aliasing -fpic -fshort-wchar -nostdinc -Os -Wall -Wextra -Wno-missing-field-initializers -Wno-empty-body -Wno-implicit-fallthrough -Wno-old-style-declaration -Wno-unused-but-set-variable -Wno-unused-parameter -Werror -I/usr/src/azl/BUILD/shim-15.8/Cryptlib/OpenSSL -I/usr/src/azl/BUILD/shim-15.8/Cryptlib -I/usr/src/azl/BUILD/shim-15.8/Cryptlib/OpenSSL/Include/ -I/usr/src/azl/BUILD/shim-15.8/Cryptlib/OpenSSL/crypto -I/usr/src/azl/BUILD/shim-15.8/Cryptlib/Include -I/usr/src/azl/BUILD/shim-15.8/gnu-efi/inc -I/usr/src/azl/BUILD/shim-15.8/gnu-efi/inc/aarch64 -I/usr/src/azl/BUILD/shim-15.8/gnu-efi/inc/protocol -I/usr/src/azl/BUILD/shim-15.8/Cryptlib/OpenSSL/crypto/asn1 -I/usr/src/azl/BUILD/shim-15.8/Cryptlib/OpenSSL/crypto/evp -I/usr/src/azl/BUILD/shim-15.8/Cryptlib/OpenSSL/crypto/modes -I/usr/src/azl/BUILD/shim-15.8/Cryptlib/OpenSSL/crypto/include -isystem /usr/src/azl/BUILD/shim-15.8/include/system -isystem /usr/lib/gcc/aarch64-unknown-linux-gnu/13.2.0/include -DL_ENDIAN -D_CRT_SECURE_NO_DEPRECATE -D_CRT_NONSTDC_NO_DEPRECATE -DOPENSSL_SMALL_FOOTPRINT -DPEDANTIC -DMDE_CPU_AARCH64   -c -o crypto/pem/pem_lib.o /usr/src/azl/BUILD/shim-15.8/Cryptlib/OpenSSL/crypto/pem/pem_lib.c
gcc -std=gnu11 -ggdb -ffreestanding -fmacro-prefix-map=/usr/src/azl/BUILD/shim-15.8/= -fno-stack-protector -fno-strict-aliasing -fpic -fshort-wchar -nostdinc -Os -Wall -Wextra -Wno-missing-field-initializers -Wno-empty-body -Wno-implicit-fallthrough -Wno-old-style-declaration -Wno-unused-but-set-variable -Wno-unused-parameter -Werror -I/usr/src/azl/BUILD/shim-15.8/Cryptlib/OpenSSL -I/usr/src/azl/BUILD/shim-15.8/Cryptlib -I/usr/src/azl/BUILD/shim-15.8/Cryptlib/OpenSSL/Include/ -I/usr/src/azl/BUILD/shim-15.8/Cryptlib/OpenSSL/crypto -I/usr/src/azl/BUILD/shim-15.8/Cryptlib/Include -I/usr/src/azl/BUILD/shim-15.8/gnu-efi/inc -I/usr/src/azl/BUILD/shim-15.8/gnu-efi/inc/aarch64 -I/usr/src/azl/BUILD/shim-15.8/gnu-efi/inc/protocol -I/usr/src/azl/BUILD/shim-15.8/Cryptlib/OpenSSL/crypto/asn1 -I/usr/src/azl/BUILD/shim-15.8/Cryptlib/OpenSSL/crypto/evp -I/usr/src/azl/BUILD/shim-15.8/Cryptlib/OpenSSL/crypto/modes -I/usr/src/azl/BUILD/shim-15.8/Cryptlib/OpenSSL/crypto/include -isystem /usr/src/azl/BUILD/shim-15.8/include/system -isystem /usr/lib/gcc/aarch64-unknown-linux-gnu/13.2.0/include -DL_ENDIAN -D_CRT_SECURE_NO_DEPRECATE -D_CRT_NONSTDC_NO_DEPRECATE -DOPENSSL_SMALL_FOOTPRINT -DPEDANTIC -DMDE_CPU_AARCH64   -c -o crypto/pem/pem_all.o /usr/src/azl/BUILD/shim-15.8/Cryptlib/OpenSSL/crypto/pem/pem_all.c
gcc -std=gnu11 -ggdb -ffreestanding -fmacro-prefix-map=/usr/src/azl/BUILD/shim-15.8/= -fno-stack-protector -fno-strict-aliasing -fpic -fshort-wchar -nostdinc -Os -Wall -Wextra -Wno-missing-field-initializers -Wno-empty-body -Wno-implicit-fallthrough -Wno-old-style-declaration -Wno-unused-but-set-variable -Wno-unused-parameter -Werror -I/usr/src/azl/BUILD/shim-15.8/Cryptlib/OpenSSL -I/usr/src/azl/BUILD/shim-15.8/Cryptlib -I/usr/src/azl/BUILD/shim-15.8/Cryptlib/OpenSSL/Include/ -I/usr/src/azl/BUILD/shim-15.8/Cryptlib/OpenSSL/crypto -I/usr/src/azl/BUILD/shim-15.8/Cryptlib/Include -I/usr/src/azl/BUILD/shim-15.8/gnu-efi/inc -I/usr/src/azl/BUILD/shim-15.8/gnu-efi/inc/aarch64 -I/usr/src/azl/BUILD/shim-15.8/gnu-efi/inc/protocol -I/usr/src/azl/BUILD/shim-15.8/Cryptlib/OpenSSL/crypto/asn1 -I/usr/src/azl/BUILD/shim-15.8/Cryptlib/OpenSSL/crypto/evp -I/usr/src/azl/BUILD/shim-15.8/Cryptlib/OpenSSL/crypto/modes -I/usr/src/azl/BUILD/shim-15.8/Cryptlib/OpenSSL/crypto/include -isystem /usr/src/azl/BUILD/shim-15.8/include/system -isystem /usr/lib/gcc/aarch64-unknown-linux-gnu/13.2.0/include -DL_ENDIAN -D_CRT_SECURE_NO_DEPRECATE -D_CRT_NONSTDC_NO_DEPRECATE -DOPENSSL_SMALL_FOOTPRINT -DPEDANTIC -DMDE_CPU_AARCH64   -c -o crypto/pem/pem_err.o /usr/src/azl/BUILD/shim-15.8/Cryptlib/OpenSSL/crypto/pem/pem_err.c
gcc -std=gnu11 -ggdb -ffreestanding -fmacro-prefix-map=/usr/src/azl/BUILD/shim-15.8/= -fno-stack-protector -fno-strict-aliasing -fpic -fshort-wchar -nostdinc -Os -Wall -Wextra -Wno-missing-field-initializers -Wno-empty-body -Wno-implicit-fallthrough -Wno-old-style-declaration -Wno-unused-but-set-variable -Wno-unused-parameter -Werror -I/usr/src/azl/BUILD/shim-15.8/Cryptlib/OpenSSL -I/usr/src/azl/BUILD/shim-15.8/Cryptlib -I/usr/src/azl/BUILD/shim-15.8/Cryptlib/OpenSSL/Include/ -I/usr/src/azl/BUILD/shim-15.8/Cryptlib/OpenSSL/crypto -I/usr/src/azl/BUILD/shim-15.8/Cryptlib/Include -I/usr/src/azl/BUILD/shim-15.8/gnu-efi/inc -I/usr/src/azl/BUILD/shim-15.8/gnu-efi/inc/aarch64 -I/usr/src/azl/BUILD/shim-15.8/gnu-efi/inc/protocol -I/usr/src/azl/BUILD/shim-15.8/Cryptlib/OpenSSL/crypto/asn1 -I/usr/src/azl/BUILD/shim-15.8/Cryptlib/OpenSSL/crypto/evp -I/usr/src/azl/BUILD/shim-15.8/Cryptlib/OpenSSL/crypto/modes -I/usr/src/azl/BUILD/shim-15.8/Cryptlib/OpenSSL/crypto/include -isystem /usr/src/azl/BUILD/shim-15.8/include/system -isystem /usr/lib/gcc/aarch64-unknown-linux-gnu/13.2.0/include -DL_ENDIAN -D_CRT_SECURE_NO_DEPRECATE -D_CRT_NONSTDC_NO_DEPRECATE -DOPENSSL_SMALL_FOOTPRINT -DPEDANTIC -DMDE_CPU_AARCH64   -c -o crypto/pem/pem_x509.o /usr/src/azl/BUILD/shim-15.8/Cryptlib/OpenSSL/crypto/pem/pem_x509.c
gcc -std=gnu11 -ggdb -ffreestanding -fmacro-prefix-map=/usr/src/azl/BUILD/shim-15.8/= -fno-stack-protector -fno-strict-aliasing -fpic -fshort-wchar -nostdinc -Os -Wall -Wextra -Wno-missing-field-initializers -Wno-empty-body -Wno-implicit-fallthrough -Wno-old-style-declaration -Wno-unused-but-set-variable -Wno-unused-parameter -Werror -I/usr/src/azl/BUILD/shim-15.8/Cryptlib/OpenSSL -I/usr/src/azl/BUILD/shim-15.8/Cryptlib -I/usr/src/azl/BUILD/shim-15.8/Cryptlib/OpenSSL/Include/ -I/usr/src/azl/BUILD/shim-15.8/Cryptlib/OpenSSL/crypto -I/usr/src/azl/BUILD/shim-15.8/Cryptlib/Include -I/usr/src/azl/BUILD/shim-15.8/gnu-efi/inc -I/usr/src/azl/BUILD/shim-15.8/gnu-efi/inc/aarch64 -I/usr/src/azl/BUILD/shim-15.8/gnu-efi/inc/protocol -I/usr/src/azl/BUILD/shim-15.8/Cryptlib/OpenSSL/crypto/asn1 -I/usr/src/azl/BUILD/shim-15.8/Cryptlib/OpenSSL/crypto/evp -I/usr/src/azl/BUILD/shim-15.8/Cryptlib/OpenSSL/crypto/modes -I/usr/src/azl/BUILD/shim-15.8/Cryptlib/OpenSSL/crypto/include -isystem /usr/src/azl/BUILD/shim-15.8/include/system -isystem /usr/lib/gcc/aarch64-unknown-linux-gnu/13.2.0/include -DL_ENDIAN -D_CRT_SECURE_NO_DEPRECATE -D_CRT_NONSTDC_NO_DEPRECATE -DOPENSSL_SMALL_FOOTPRINT -DPEDANTIC -DMDE_CPU_AARCH64   -c -o crypto/pem/pem_xaux.o /usr/src/azl/BUILD/shim-15.8/Cryptlib/OpenSSL/crypto/pem/pem_xaux.c
gcc -std=gnu11 -ggdb -ffreestanding -fmacro-prefix-map=/usr/src/azl/BUILD/shim-15.8/= -fno-stack-protector -fno-strict-aliasing -fpic -fshort-wchar -nostdinc -Os -Wall -Wextra -Wno-missing-field-initializers -Wno-empty-body -Wno-implicit-fallthrough -Wno-old-style-declaration -Wno-unused-but-set-variable -Wno-unused-parameter -Werror -I/usr/src/azl/BUILD/shim-15.8/Cryptlib/OpenSSL -I/usr/src/azl/BUILD/shim-15.8/Cryptlib -I/usr/src/azl/BUILD/shim-15.8/Cryptlib/OpenSSL/Include/ -I/usr/src/azl/BUILD/shim-15.8/Cryptlib/OpenSSL/crypto -I/usr/src/azl/BUILD/shim-15.8/Cryptlib/Include -I/usr/src/azl/BUILD/shim-15.8/gnu-efi/inc -I/usr/src/azl/BUILD/shim-15.8/gnu-efi/inc/aarch64 -I/usr/src/azl/BUILD/shim-15.8/gnu-efi/inc/protocol -I/usr/src/azl/BUILD/shim-15.8/Cryptlib/OpenSSL/crypto/asn1 -I/usr/src/azl/BUILD/shim-15.8/Cryptlib/OpenSSL/crypto/evp -I/usr/src/azl/BUILD/shim-15.8/Cryptlib/OpenSSL/crypto/modes -I/usr/src/azl/BUILD/shim-15.8/Cryptlib/OpenSSL/crypto/include -isystem /usr/src/azl/BUILD/shim-15.8/include/system -isystem /usr/lib/gcc/aarch64-unknown-linux-gnu/13.2.0/include -DL_ENDIAN -D_CRT_SECURE_NO_DEPRECATE -D_CRT_NONSTDC_NO_DEPRECATE -DOPENSSL_SMALL_FOOTPRINT -DPEDANTIC -DMDE_CPU_AARCH64   -c -o crypto/pem/pem_oth.o /usr/src/azl/BUILD/shim-15.8/Cryptlib/OpenSSL/crypto/pem/pem_oth.c
gcc -std=gnu11 -ggdb -ffreestanding -fmacro-prefix-map=/usr/src/azl/BUILD/shim-15.8/= -fno-stack-protector -fno-strict-aliasing -fpic -fshort-wchar -nostdinc -Os -Wall -Wextra -Wno-missing-field-initializers -Wno-empty-body -Wno-implicit-fallthrough -Wno-old-style-declaration -Wno-unused-but-set-variable -Wno-unused-parameter -Werror -I/usr/src/azl/BUILD/shim-15.8/Cryptlib/OpenSSL -I/usr/src/azl/BUILD/shim-15.8/Cryptlib -I/usr/src/azl/BUILD/shim-15.8/Cryptlib/OpenSSL/Include/ -I/usr/src/azl/BUILD/shim-15.8/Cryptlib/OpenSSL/crypto -I/usr/src/azl/BUILD/shim-15.8/Cryptlib/Include -I/usr/src/azl/BUILD/shim-15.8/gnu-efi/inc -I/usr/src/azl/BUILD/shim-15.8/gnu-efi/inc/aarch64 -I/usr/src/azl/BUILD/shim-15.8/gnu-efi/inc/protocol -I/usr/src/azl/BUILD/shim-15.8/Cryptlib/OpenSSL/crypto/asn1 -I/usr/src/azl/BUILD/shim-15.8/Cryptlib/OpenSSL/crypto/evp -I/usr/src/azl/BUILD/shim-15.8/Cryptlib/OpenSSL/crypto/modes -I/usr/src/azl/BUILD/shim-15.8/Cryptlib/OpenSSL/crypto/include -isystem /usr/src/azl/BUILD/shim-15.8/include/system -isystem /usr/lib/gcc/aarch64-unknown-linux-gnu/13.2.0/include -DL_ENDIAN -D_CRT_SECURE_NO_DEPRECATE -D_CRT_NONSTDC_NO_DEPRECATE -DOPENSSL_SMALL_FOOTPRINT -DPEDANTIC -DMDE_CPU_AARCH64   -c -o crypto/pem/pem_pk8.o /usr/src/azl/BUILD/shim-15.8/Cryptlib/OpenSSL/crypto/pem/pem_pk8.c
gcc -std=gnu11 -ggdb -ffreestanding -fmacro-prefix-map=/usr/src/azl/BUILD/shim-15.8/= -fno-stack-protector -fno-strict-aliasing -fpic -fshort-wchar -nostdinc -Os -Wall -Wextra -Wno-missing-field-initializers -Wno-empty-body -Wno-implicit-fallthrough -Wno-old-style-declaration -Wno-unused-but-set-variable -Wno-unused-parameter -Werror -I/usr/src/azl/BUILD/shim-15.8/Cryptlib/OpenSSL -I/usr/src/azl/BUILD/shim-15.8/Cryptlib -I/usr/src/azl/BUILD/shim-15.8/Cryptlib/OpenSSL/Include/ -I/usr/src/azl/BUILD/shim-15.8/Cryptlib/OpenSSL/crypto -I/usr/src/azl/BUILD/shim-15.8/Cryptlib/Include -I/usr/src/azl/BUILD/shim-15.8/gnu-efi/inc -I/usr/src/azl/BUILD/shim-15.8/gnu-efi/inc/aarch64 -I/usr/src/azl/BUILD/shim-15.8/gnu-efi/inc/protocol -I/usr/src/azl/BUILD/shim-15.8/Cryptlib/OpenSSL/crypto/asn1 -I/usr/src/azl/BUILD/shim-15.8/Cryptlib/OpenSSL/crypto/evp -I/usr/src/azl/BUILD/shim-15.8/Cryptlib/OpenSSL/crypto/modes -I/usr/src/azl/BUILD/shim-15.8/Cryptlib/OpenSSL/crypto/include -isystem /usr/src/azl/BUILD/shim-15.8/include/system -isystem /usr/lib/gcc/aarch64-unknown-linux-gnu/13.2.0/include -DL_ENDIAN -D_CRT_SECURE_NO_DEPRECATE -D_CRT_NONSTDC_NO_DEPRECATE -DOPENSSL_SMALL_FOOTPRINT -DPEDANTIC -DMDE_CPU_AARCH64   -c -o crypto/pem/pem_pkey.o /usr/src/azl/BUILD/shim-15.8/Cryptlib/OpenSSL/crypto/pem/pem_pkey.c
gcc -std=gnu11 -ggdb -ffreestanding -fmacro-prefix-map=/usr/src/azl/BUILD/shim-15.8/= -fno-stack-protector -fno-strict-aliasing -fpic -fshort-wchar -nostdinc -Os -Wall -Wextra -Wno-missing-field-initializers -Wno-empty-body -Wno-implicit-fallthrough -Wno-old-style-declaration -Wno-unused-but-set-variable -Wno-unused-parameter -Werror -I/usr/src/azl/BUILD/shim-15.8/Cryptlib/OpenSSL -I/usr/src/azl/BUILD/shim-15.8/Cryptlib -I/usr/src/azl/BUILD/shim-15.8/Cryptlib/OpenSSL/Include/ -I/usr/src/azl/BUILD/shim-15.8/Cryptlib/OpenSSL/crypto -I/usr/src/azl/BUILD/shim-15.8/Cryptlib/Include -I/usr/src/azl/BUILD/shim-15.8/gnu-efi/inc -I/usr/src/azl/BUILD/shim-15.8/gnu-efi/inc/aarch64 -I/usr/src/azl/BUILD/shim-15.8/gnu-efi/inc/protocol -I/usr/src/azl/BUILD/shim-15.8/Cryptlib/OpenSSL/crypto/asn1 -I/usr/src/azl/BUILD/shim-15.8/Cryptlib/OpenSSL/crypto/evp -I/usr/src/azl/BUILD/shim-15.8/Cryptlib/OpenSSL/crypto/modes -I/usr/src/azl/BUILD/shim-15.8/Cryptlib/OpenSSL/crypto/include -isystem /usr/src/azl/BUILD/shim-15.8/include/system -isystem /usr/lib/gcc/aarch64-unknown-linux-gnu/13.2.0/include -DL_ENDIAN -D_CRT_SECURE_NO_DEPRECATE -D_CRT_NONSTDC_NO_DEPRECATE -DOPENSSL_SMALL_FOOTPRINT -DPEDANTIC -DMDE_CPU_AARCH64   -c -o crypto/pem/pvkfmt.o /usr/src/azl/BUILD/shim-15.8/Cryptlib/OpenSSL/crypto/pem/pvkfmt.c
gcc -std=gnu11 -ggdb -ffreestanding -fmacro-prefix-map=/usr/src/azl/BUILD/shim-15.8/= -fno-stack-protector -fno-strict-aliasing -fpic -fshort-wchar -nostdinc -Os -Wall -Wextra -Wno-missing-field-initializers -Wno-empty-body -Wno-implicit-fallthrough -Wno-old-style-declaration -Wno-unused-but-set-variable -Wno-unused-parameter -Werror -I/usr/src/azl/BUILD/shim-15.8/Cryptlib/OpenSSL -I/usr/src/azl/BUILD/shim-15.8/Cryptlib -I/usr/src/azl/BUILD/shim-15.8/Cryptlib/OpenSSL/Include/ -I/usr/src/azl/BUILD/shim-15.8/Cryptlib/OpenSSL/crypto -I/usr/src/azl/BUILD/shim-15.8/Cryptlib/Include -I/usr/src/azl/BUILD/shim-15.8/gnu-efi/inc -I/usr/src/azl/BUILD/shim-15.8/gnu-efi/inc/aarch64 -I/usr/src/azl/BUILD/shim-15.8/gnu-efi/inc/protocol -I/usr/src/azl/BUILD/shim-15.8/Cryptlib/OpenSSL/crypto/asn1 -I/usr/src/azl/BUILD/shim-15.8/Cryptlib/OpenSSL/crypto/evp -I/usr/src/azl/BUILD/shim-15.8/Cryptlib/OpenSSL/crypto/modes -I/usr/src/azl/BUILD/shim-15.8/Cryptlib/OpenSSL/crypto/include -isystem /usr/src/azl/BUILD/shim-15.8/include/system -isystem /usr/lib/gcc/aarch64-unknown-linux-gnu/13.2.0/include -DL_ENDIAN -D_CRT_SECURE_NO_DEPRECATE -D_CRT_NONSTDC_NO_DEPRECATE -DOPENSSL_SMALL_FOOTPRINT -DPEDANTIC -DMDE_CPU_AARCH64   -c -o crypto/x509/x509_def.o /usr/src/azl/BUILD/shim-15.8/Cryptlib/OpenSSL/crypto/x509/x509_def.c
gcc -std=gnu11 -ggdb -ffreestanding -fmacro-prefix-map=/usr/src/azl/BUILD/shim-15.8/= -fno-stack-protector -fno-strict-aliasing -fpic -fshort-wchar -nostdinc -Os -Wall -Wextra -Wno-missing-field-initializers -Wno-empty-body -Wno-implicit-fallthrough -Wno-old-style-declaration -Wno-unused-but-set-variable -Wno-unused-parameter -Werror -I/usr/src/azl/BUILD/shim-15.8/Cryptlib/OpenSSL -I/usr/src/azl/BUILD/shim-15.8/Cryptlib -I/usr/src/azl/BUILD/shim-15.8/Cryptlib/OpenSSL/Include/ -I/usr/src/azl/BUILD/shim-15.8/Cryptlib/OpenSSL/crypto -I/usr/src/azl/BUILD/shim-15.8/Cryptlib/Include -I/usr/src/azl/BUILD/shim-15.8/gnu-efi/inc -I/usr/src/azl/BUILD/shim-15.8/gnu-efi/inc/aarch64 -I/usr/src/azl/BUILD/shim-15.8/gnu-efi/inc/protocol -I/usr/src/azl/BUILD/shim-15.8/Cryptlib/OpenSSL/crypto/asn1 -I/usr/src/azl/BUILD/shim-15.8/Cryptlib/OpenSSL/crypto/evp -I/usr/src/azl/BUILD/shim-15.8/Cryptlib/OpenSSL/crypto/modes -I/usr/src/azl/BUILD/shim-15.8/Cryptlib/OpenSSL/crypto/include -isystem /usr/src/azl/BUILD/shim-15.8/include/system -isystem /usr/lib/gcc/aarch64-unknown-linux-gnu/13.2.0/include -DL_ENDIAN -D_CRT_SECURE_NO_DEPRECATE -D_CRT_NONSTDC_NO_DEPRECATE -DOPENSSL_SMALL_FOOTPRINT -DPEDANTIC -DMDE_CPU_AARCH64   -c -o crypto/x509/x509_d2.o /usr/src/azl/BUILD/shim-15.8/Cryptlib/OpenSSL/crypto/x509/x509_d2.c
gcc -std=gnu11 -ggdb -ffreestanding -fmacro-prefix-map=/usr/src/azl/BUILD/shim-15.8/= -fno-stack-protector -fno-strict-aliasing -fpic -fshort-wchar -nostdinc -Os -Wall -Wextra -Wno-missing-field-initializers -Wno-empty-body -Wno-implicit-fallthrough -Wno-old-style-declaration -Wno-unused-but-set-variable -Wno-unused-parameter -Werror -I/usr/src/azl/BUILD/shim-15.8/Cryptlib/OpenSSL -I/usr/src/azl/BUILD/shim-15.8/Cryptlib -I/usr/src/azl/BUILD/shim-15.8/Cryptlib/OpenSSL/Include/ -I/usr/src/azl/BUILD/shim-15.8/Cryptlib/OpenSSL/crypto -I/usr/src/azl/BUILD/shim-15.8/Cryptlib/Include -I/usr/src/azl/BUILD/shim-15.8/gnu-efi/inc -I/usr/src/azl/BUILD/shim-15.8/gnu-efi/inc/aarch64 -I/usr/src/azl/BUILD/shim-15.8/gnu-efi/inc/protocol -I/usr/src/azl/BUILD/shim-15.8/Cryptlib/OpenSSL/crypto/asn1 -I/usr/src/azl/BUILD/shim-15.8/Cryptlib/OpenSSL/crypto/evp -I/usr/src/azl/BUILD/shim-15.8/Cryptlib/OpenSSL/crypto/modes -I/usr/src/azl/BUILD/shim-15.8/Cryptlib/OpenSSL/crypto/include -isystem /usr/src/azl/BUILD/shim-15.8/include/system -isystem /usr/lib/gcc/aarch64-unknown-linux-gnu/13.2.0/include -DL_ENDIAN -D_CRT_SECURE_NO_DEPRECATE -D_CRT_NONSTDC_NO_DEPRECATE -DOPENSSL_SMALL_FOOTPRINT -DPEDANTIC -DMDE_CPU_AARCH64   -c -o crypto/x509/x509_r2x.o /usr/src/azl/BUILD/shim-15.8/Cryptlib/OpenSSL/crypto/x509/x509_r2x.c
gcc -std=gnu11 -ggdb -ffreestanding -fmacro-prefix-map=/usr/src/azl/BUILD/shim-15.8/= -fno-stack-protector -fno-strict-aliasing -fpic -fshort-wchar -nostdinc -Os -Wall -Wextra -Wno-missing-field-initializers -Wno-empty-body -Wno-implicit-fallthrough -Wno-old-style-declaration -Wno-unused-but-set-variable -Wno-unused-parameter -Werror -I/usr/src/azl/BUILD/shim-15.8/Cryptlib/OpenSSL -I/usr/src/azl/BUILD/shim-15.8/Cryptlib -I/usr/src/azl/BUILD/shim-15.8/Cryptlib/OpenSSL/Include/ -I/usr/src/azl/BUILD/shim-15.8/Cryptlib/OpenSSL/crypto -I/usr/src/azl/BUILD/shim-15.8/Cryptlib/Include -I/usr/src/azl/BUILD/shim-15.8/gnu-efi/inc -I/usr/src/azl/BUILD/shim-15.8/gnu-efi/inc/aarch64 -I/usr/src/azl/BUILD/shim-15.8/gnu-efi/inc/protocol -I/usr/src/azl/BUILD/shim-15.8/Cryptlib/OpenSSL/crypto/asn1 -I/usr/src/azl/BUILD/shim-15.8/Cryptlib/OpenSSL/crypto/evp -I/usr/src/azl/BUILD/shim-15.8/Cryptlib/OpenSSL/crypto/modes -I/usr/src/azl/BUILD/shim-15.8/Cryptlib/OpenSSL/crypto/include -isystem /usr/src/azl/BUILD/shim-15.8/include/system -isystem /usr/lib/gcc/aarch64-unknown-linux-gnu/13.2.0/include -DL_ENDIAN -D_CRT_SECURE_NO_DEPRECATE -D_CRT_NONSTDC_NO_DEPRECATE -DOPENSSL_SMALL_FOOTPRINT -DPEDANTIC -DMDE_CPU_AARCH64   -c -o crypto/x509/x509_cmp.o /usr/src/azl/BUILD/shim-15.8/Cryptlib/OpenSSL/crypto/x509/x509_cmp.c
gcc -std=gnu11 -ggdb -ffreestanding -fmacro-prefix-map=/usr/src/azl/BUILD/shim-15.8/= -fno-stack-protector -fno-strict-aliasing -fpic -fshort-wchar -nostdinc -Os -Wall -Wextra -Wno-missing-field-initializers -Wno-empty-body -Wno-implicit-fallthrough -Wno-old-style-declaration -Wno-unused-but-set-variable -Wno-unused-parameter -Werror -I/usr/src/azl/BUILD/shim-15.8/Cryptlib/OpenSSL -I/usr/src/azl/BUILD/shim-15.8/Cryptlib -I/usr/src/azl/BUILD/shim-15.8/Cryptlib/OpenSSL/Include/ -I/usr/src/azl/BUILD/shim-15.8/Cryptlib/OpenSSL/crypto -I/usr/src/azl/BUILD/shim-15.8/Cryptlib/Include -I/usr/src/azl/BUILD/shim-15.8/gnu-efi/inc -I/usr/src/azl/BUILD/shim-15.8/gnu-efi/inc/aarch64 -I/usr/src/azl/BUILD/shim-15.8/gnu-efi/inc/protocol -I/usr/src/azl/BUILD/shim-15.8/Cryptlib/OpenSSL/crypto/asn1 -I/usr/src/azl/BUILD/shim-15.8/Cryptlib/OpenSSL/crypto/evp -I/usr/src/azl/BUILD/shim-15.8/Cryptlib/OpenSSL/crypto/modes -I/usr/src/azl/BUILD/shim-15.8/Cryptlib/OpenSSL/crypto/include -isystem /usr/src/azl/BUILD/shim-15.8/include/system -isystem /usr/lib/gcc/aarch64-unknown-linux-gnu/13.2.0/include -DL_ENDIAN -D_CRT_SECURE_NO_DEPRECATE -D_CRT_NONSTDC_NO_DEPRECATE -DOPENSSL_SMALL_FOOTPRINT -DPEDANTIC -DMDE_CPU_AARCH64   -c -o crypto/x509/x509_obj.o /usr/src/azl/BUILD/shim-15.8/Cryptlib/OpenSSL/crypto/x509/x509_obj.c
gcc -std=gnu11 -ggdb -ffreestanding -fmacro-prefix-map=/usr/src/azl/BUILD/shim-15.8/= -fno-stack-protector -fno-strict-aliasing -fpic -fshort-wchar -nostdinc -Os -Wall -Wextra -Wno-missing-field-initializers -Wno-empty-body -Wno-implicit-fallthrough -Wno-old-style-declaration -Wno-unused-but-set-variable -Wno-unused-parameter -Werror -I/usr/src/azl/BUILD/shim-15.8/Cryptlib/OpenSSL -I/usr/src/azl/BUILD/shim-15.8/Cryptlib -I/usr/src/azl/BUILD/shim-15.8/Cryptlib/OpenSSL/Include/ -I/usr/src/azl/BUILD/shim-15.8/Cryptlib/OpenSSL/crypto -I/usr/src/azl/BUILD/shim-15.8/Cryptlib/Include -I/usr/src/azl/BUILD/shim-15.8/gnu-efi/inc -I/usr/src/azl/BUILD/shim-15.8/gnu-efi/inc/aarch64 -I/usr/src/azl/BUILD/shim-15.8/gnu-efi/inc/protocol -I/usr/src/azl/BUILD/shim-15.8/Cryptlib/OpenSSL/crypto/asn1 -I/usr/src/azl/BUILD/shim-15.8/Cryptlib/OpenSSL/crypto/evp -I/usr/src/azl/BUILD/shim-15.8/Cryptlib/OpenSSL/crypto/modes -I/usr/src/azl/BUILD/shim-15.8/Cryptlib/OpenSSL/crypto/include -isystem /usr/src/azl/BUILD/shim-15.8/include/system -isystem /usr/lib/gcc/aarch64-unknown-linux-gnu/13.2.0/include -DL_ENDIAN -D_CRT_SECURE_NO_DEPRECATE -D_CRT_NONSTDC_NO_DEPRECATE -DOPENSSL_SMALL_FOOTPRINT -DPEDANTIC -DMDE_CPU_AARCH64   -c -o crypto/x509/x509_req.o /usr/src/azl/BUILD/shim-15.8/Cryptlib/OpenSSL/crypto/x509/x509_req.c
gcc -std=gnu11 -ggdb -ffreestanding -fmacro-prefix-map=/usr/src/azl/BUILD/shim-15.8/= -fno-stack-protector -fno-strict-aliasing -fpic -fshort-wchar -nostdinc -Os -Wall -Wextra -Wno-missing-field-initializers -Wno-empty-body -Wno-implicit-fallthrough -Wno-old-style-declaration -Wno-unused-but-set-variable -Wno-unused-parameter -Werror -I/usr/src/azl/BUILD/shim-15.8/Cryptlib/OpenSSL -I/usr/src/azl/BUILD/shim-15.8/Cryptlib -I/usr/src/azl/BUILD/shim-15.8/Cryptlib/OpenSSL/Include/ -I/usr/src/azl/BUILD/shim-15.8/Cryptlib/OpenSSL/crypto -I/usr/src/azl/BUILD/shim-15.8/Cryptlib/Include -I/usr/src/azl/BUILD/shim-15.8/gnu-efi/inc -I/usr/src/azl/BUILD/shim-15.8/gnu-efi/inc/aarch64 -I/usr/src/azl/BUILD/shim-15.8/gnu-efi/inc/protocol -I/usr/src/azl/BUILD/shim-15.8/Cryptlib/OpenSSL/crypto/asn1 -I/usr/src/azl/BUILD/shim-15.8/Cryptlib/OpenSSL/crypto/evp -I/usr/src/azl/BUILD/shim-15.8/Cryptlib/OpenSSL/crypto/modes -I/usr/src/azl/BUILD/shim-15.8/Cryptlib/OpenSSL/crypto/include -isystem /usr/src/azl/BUILD/shim-15.8/include/system -isystem /usr/lib/gcc/aarch64-unknown-linux-gnu/13.2.0/include -DL_ENDIAN -D_CRT_SECURE_NO_DEPRECATE -D_CRT_NONSTDC_NO_DEPRECATE -DOPENSSL_SMALL_FOOTPRINT -DPEDANTIC -DMDE_CPU_AARCH64   -c -o crypto/x509/x509spki.o /usr/src/azl/BUILD/shim-15.8/Cryptlib/OpenSSL/crypto/x509/x509spki.c
gcc -std=gnu11 -ggdb -ffreestanding -fmacro-prefix-map=/usr/src/azl/BUILD/shim-15.8/= -fno-stack-protector -fno-strict-aliasing -fpic -fshort-wchar -nostdinc -Os -Wall -Wextra -Wno-missing-field-initializers -Wno-empty-body -Wno-implicit-fallthrough -Wno-old-style-declaration -Wno-unused-but-set-variable -Wno-unused-parameter -Werror -I/usr/src/azl/BUILD/shim-15.8/Cryptlib/OpenSSL -I/usr/src/azl/BUILD/shim-15.8/Cryptlib -I/usr/src/azl/BUILD/shim-15.8/Cryptlib/OpenSSL/Include/ -I/usr/src/azl/BUILD/shim-15.8/Cryptlib/OpenSSL/crypto -I/usr/src/azl/BUILD/shim-15.8/Cryptlib/Include -I/usr/src/azl/BUILD/shim-15.8/gnu-efi/inc -I/usr/src/azl/BUILD/shim-15.8/gnu-efi/inc/aarch64 -I/usr/src/azl/BUILD/shim-15.8/gnu-efi/inc/protocol -I/usr/src/azl/BUILD/shim-15.8/Cryptlib/OpenSSL/crypto/asn1 -I/usr/src/azl/BUILD/shim-15.8/Cryptlib/OpenSSL/crypto/evp -I/usr/src/azl/BUILD/shim-15.8/Cryptlib/OpenSSL/crypto/modes -I/usr/src/azl/BUILD/shim-15.8/Cryptlib/OpenSSL/crypto/include -isystem /usr/src/azl/BUILD/shim-15.8/include/system -isystem /usr/lib/gcc/aarch64-unknown-linux-gnu/13.2.0/include -DL_ENDIAN -D_CRT_SECURE_NO_DEPRECATE -D_CRT_NONSTDC_NO_DEPRECATE -DOPENSSL_SMALL_FOOTPRINT -DPEDANTIC -DMDE_CPU_AARCH64   -c -o crypto/x509/x509_vfy.o /usr/src/azl/BUILD/shim-15.8/Cryptlib/OpenSSL/crypto/x509/x509_vfy.c
gcc -std=gnu11 -ggdb -ffreestanding -fmacro-prefix-map=/usr/src/azl/BUILD/shim-15.8/= -fno-stack-protector -fno-strict-aliasing -fpic -fshort-wchar -nostdinc -Os -Wall -Wextra -Wno-missing-field-initializers -Wno-empty-body -Wno-implicit-fallthrough -Wno-old-style-declaration -Wno-unused-but-set-variable -Wno-unused-parameter -Werror -I/usr/src/azl/BUILD/shim-15.8/Cryptlib/OpenSSL -I/usr/src/azl/BUILD/shim-15.8/Cryptlib -I/usr/src/azl/BUILD/shim-15.8/Cryptlib/OpenSSL/Include/ -I/usr/src/azl/BUILD/shim-15.8/Cryptlib/OpenSSL/crypto -I/usr/src/azl/BUILD/shim-15.8/Cryptlib/Include -I/usr/src/azl/BUILD/shim-15.8/gnu-efi/inc -I/usr/src/azl/BUILD/shim-15.8/gnu-efi/inc/aarch64 -I/usr/src/azl/BUILD/shim-15.8/gnu-efi/inc/protocol -I/usr/src/azl/BUILD/shim-15.8/Cryptlib/OpenSSL/crypto/asn1 -I/usr/src/azl/BUILD/shim-15.8/Cryptlib/OpenSSL/crypto/evp -I/usr/src/azl/BUILD/shim-15.8/Cryptlib/OpenSSL/crypto/modes -I/usr/src/azl/BUILD/shim-15.8/Cryptlib/OpenSSL/crypto/include -isystem /usr/src/azl/BUILD/shim-15.8/include/system -isystem /usr/lib/gcc/aarch64-unknown-linux-gnu/13.2.0/include -DL_ENDIAN -D_CRT_SECURE_NO_DEPRECATE -D_CRT_NONSTDC_NO_DEPRECATE -DOPENSSL_SMALL_FOOTPRINT -DPEDANTIC -DMDE_CPU_AARCH64   -c -o crypto/x509/x509_set.o /usr/src/azl/BUILD/shim-15.8/Cryptlib/OpenSSL/crypto/x509/x509_set.c
gcc -std=gnu11 -ggdb -ffreestanding -fmacro-prefix-map=/usr/src/azl/BUILD/shim-15.8/= -fno-stack-protector -fno-strict-aliasing -fpic -fshort-wchar -nostdinc -Os -Wall -Wextra -Wno-missing-field-initializers -Wno-empty-body -Wno-implicit-fallthrough -Wno-old-style-declaration -Wno-unused-but-set-variable -Wno-unused-parameter -Werror -I/usr/src/azl/BUILD/shim-15.8/Cryptlib/OpenSSL -I/usr/src/azl/BUILD/shim-15.8/Cryptlib -I/usr/src/azl/BUILD/shim-15.8/Cryptlib/OpenSSL/Include/ -I/usr/src/azl/BUILD/shim-15.8/Cryptlib/OpenSSL/crypto -I/usr/src/azl/BUILD/shim-15.8/Cryptlib/Include -I/usr/src/azl/BUILD/shim-15.8/gnu-efi/inc -I/usr/src/azl/BUILD/shim-15.8/gnu-efi/inc/aarch64 -I/usr/src/azl/BUILD/shim-15.8/gnu-efi/inc/protocol -I/usr/src/azl/BUILD/shim-15.8/Cryptlib/OpenSSL/crypto/asn1 -I/usr/src/azl/BUILD/shim-15.8/Cryptlib/OpenSSL/crypto/evp -I/usr/src/azl/BUILD/shim-15.8/Cryptlib/OpenSSL/crypto/modes -I/usr/src/azl/BUILD/shim-15.8/Cryptlib/OpenSSL/crypto/include -isystem /usr/src/azl/BUILD/shim-15.8/include/system -isystem /usr/lib/gcc/aarch64-unknown-linux-gnu/13.2.0/include -DL_ENDIAN -D_CRT_SECURE_NO_DEPRECATE -D_CRT_NONSTDC_NO_DEPRECATE -DOPENSSL_SMALL_FOOTPRINT -DPEDANTIC -DMDE_CPU_AARCH64   -c -o crypto/x509/x509cset.o /usr/src/azl/BUILD/shim-15.8/Cryptlib/OpenSSL/crypto/x509/x509cset.c
gcc -std=gnu11 -ggdb -ffreestanding -fmacro-prefix-map=/usr/src/azl/BUILD/shim-15.8/= -fno-stack-protector -fno-strict-aliasing -fpic -fshort-wchar -nostdinc -Os -Wall -Wextra -Wno-missing-field-initializers -Wno-empty-body -Wno-implicit-fallthrough -Wno-old-style-declaration -Wno-unused-but-set-variable -Wno-unused-parameter -Werror -I/usr/src/azl/BUILD/shim-15.8/Cryptlib/OpenSSL -I/usr/src/azl/BUILD/shim-15.8/Cryptlib -I/usr/src/azl/BUILD/shim-15.8/Cryptlib/OpenSSL/Include/ -I/usr/src/azl/BUILD/shim-15.8/Cryptlib/OpenSSL/crypto -I/usr/src/azl/BUILD/shim-15.8/Cryptlib/Include -I/usr/src/azl/BUILD/shim-15.8/gnu-efi/inc -I/usr/src/azl/BUILD/shim-15.8/gnu-efi/inc/aarch64 -I/usr/src/azl/BUILD/shim-15.8/gnu-efi/inc/protocol -I/usr/src/azl/BUILD/shim-15.8/Cryptlib/OpenSSL/crypto/asn1 -I/usr/src/azl/BUILD/shim-15.8/Cryptlib/OpenSSL/crypto/evp -I/usr/src/azl/BUILD/shim-15.8/Cryptlib/OpenSSL/crypto/modes -I/usr/src/azl/BUILD/shim-15.8/Cryptlib/OpenSSL/crypto/include -isystem /usr/src/azl/BUILD/shim-15.8/include/system -isystem /usr/lib/gcc/aarch64-unknown-linux-gnu/13.2.0/include -DL_ENDIAN -D_CRT_SECURE_NO_DEPRECATE -D_CRT_NONSTDC_NO_DEPRECATE -DOPENSSL_SMALL_FOOTPRINT -DPEDANTIC -DMDE_CPU_AARCH64   -c -o crypto/x509/x509rset.o /usr/src/azl/BUILD/shim-15.8/Cryptlib/OpenSSL/crypto/x509/x509rset.c
gcc -std=gnu11 -ggdb -ffreestanding -fmacro-prefix-map=/usr/src/azl/BUILD/shim-15.8/= -fno-stack-protector -fno-strict-aliasing -fpic -fshort-wchar -nostdinc -Os -Wall -Wextra -Wno-missing-field-initializers -Wno-empty-body -Wno-implicit-fallthrough -Wno-old-style-declaration -Wno-unused-but-set-variable -Wno-unused-parameter -Werror -I/usr/src/azl/BUILD/shim-15.8/Cryptlib/OpenSSL -I/usr/src/azl/BUILD/shim-15.8/Cryptlib -I/usr/src/azl/BUILD/shim-15.8/Cryptlib/OpenSSL/Include/ -I/usr/src/azl/BUILD/shim-15.8/Cryptlib/OpenSSL/crypto -I/usr/src/azl/BUILD/shim-15.8/Cryptlib/Include -I/usr/src/azl/BUILD/shim-15.8/gnu-efi/inc -I/usr/src/azl/BUILD/shim-15.8/gnu-efi/inc/aarch64 -I/usr/src/azl/BUILD/shim-15.8/gnu-efi/inc/protocol -I/usr/src/azl/BUILD/shim-15.8/Cryptlib/OpenSSL/crypto/asn1 -I/usr/src/azl/BUILD/shim-15.8/Cryptlib/OpenSSL/crypto/evp -I/usr/src/azl/BUILD/shim-15.8/Cryptlib/OpenSSL/crypto/modes -I/usr/src/azl/BUILD/shim-15.8/Cryptlib/OpenSSL/crypto/include -isystem /usr/src/azl/BUILD/shim-15.8/include/system -isystem /usr/lib/gcc/aarch64-unknown-linux-gnu/13.2.0/include -DL_ENDIAN -D_CRT_SECURE_NO_DEPRECATE -D_CRT_NONSTDC_NO_DEPRECATE -DOPENSSL_SMALL_FOOTPRINT -DPEDANTIC -DMDE_CPU_AARCH64   -c -o crypto/x509/x509_err.o /usr/src/azl/BUILD/shim-15.8/Cryptlib/OpenSSL/crypto/x509/x509_err.c
gcc -std=gnu11 -ggdb -ffreestanding -fmacro-prefix-map=/usr/src/azl/BUILD/shim-15.8/= -fno-stack-protector -fno-strict-aliasing -fpic -fshort-wchar -nostdinc -Os -Wall -Wextra -Wno-missing-field-initializers -Wno-empty-body -Wno-implicit-fallthrough -Wno-old-style-declaration -Wno-unused-but-set-variable -Wno-unused-parameter -Werror -I/usr/src/azl/BUILD/shim-15.8/Cryptlib/OpenSSL -I/usr/src/azl/BUILD/shim-15.8/Cryptlib -I/usr/src/azl/BUILD/shim-15.8/Cryptlib/OpenSSL/Include/ -I/usr/src/azl/BUILD/shim-15.8/Cryptlib/OpenSSL/crypto -I/usr/src/azl/BUILD/shim-15.8/Cryptlib/Include -I/usr/src/azl/BUILD/shim-15.8/gnu-efi/inc -I/usr/src/azl/BUILD/shim-15.8/gnu-efi/inc/aarch64 -I/usr/src/azl/BUILD/shim-15.8/gnu-efi/inc/protocol -I/usr/src/azl/BUILD/shim-15.8/Cryptlib/OpenSSL/crypto/asn1 -I/usr/src/azl/BUILD/shim-15.8/Cryptlib/OpenSSL/crypto/evp -I/usr/src/azl/BUILD/shim-15.8/Cryptlib/OpenSSL/crypto/modes -I/usr/src/azl/BUILD/shim-15.8/Cryptlib/OpenSSL/crypto/include -isystem /usr/src/azl/BUILD/shim-15.8/include/system -isystem /usr/lib/gcc/aarch64-unknown-linux-gnu/13.2.0/include -DL_ENDIAN -D_CRT_SECURE_NO_DEPRECATE -D_CRT_NONSTDC_NO_DEPRECATE -DOPENSSL_SMALL_FOOTPRINT -DPEDANTIC -DMDE_CPU_AARCH64   -c -o crypto/x509/x509name.o /usr/src/azl/BUILD/shim-15.8/Cryptlib/OpenSSL/crypto/x509/x509name.c
gcc -std=gnu11 -ggdb -ffreestanding -fmacro-prefix-map=/usr/src/azl/BUILD/shim-15.8/= -fno-stack-protector -fno-strict-aliasing -fpic -fshort-wchar -nostdinc -Os -Wall -Wextra -Wno-missing-field-initializers -Wno-empty-body -Wno-implicit-fallthrough -Wno-old-style-declaration -Wno-unused-but-set-variable -Wno-unused-parameter -Werror -I/usr/src/azl/BUILD/shim-15.8/Cryptlib/OpenSSL -I/usr/src/azl/BUILD/shim-15.8/Cryptlib -I/usr/src/azl/BUILD/shim-15.8/Cryptlib/OpenSSL/Include/ -I/usr/src/azl/BUILD/shim-15.8/Cryptlib/OpenSSL/crypto -I/usr/src/azl/BUILD/shim-15.8/Cryptlib/Include -I/usr/src/azl/BUILD/shim-15.8/gnu-efi/inc -I/usr/src/azl/BUILD/shim-15.8/gnu-efi/inc/aarch64 -I/usr/src/azl/BUILD/shim-15.8/gnu-efi/inc/protocol -I/usr/src/azl/BUILD/shim-15.8/Cryptlib/OpenSSL/crypto/asn1 -I/usr/src/azl/BUILD/shim-15.8/Cryptlib/OpenSSL/crypto/evp -I/usr/src/azl/BUILD/shim-15.8/Cryptlib/OpenSSL/crypto/modes -I/usr/src/azl/BUILD/shim-15.8/Cryptlib/OpenSSL/crypto/include -isystem /usr/src/azl/BUILD/shim-15.8/include/system -isystem /usr/lib/gcc/aarch64-unknown-linux-gnu/13.2.0/include -DL_ENDIAN -D_CRT_SECURE_NO_DEPRECATE -D_CRT_NONSTDC_NO_DEPRECATE -DOPENSSL_SMALL_FOOTPRINT -DPEDANTIC -DMDE_CPU_AARCH64   -c -o crypto/x509/x509_v3.o /usr/src/azl/BUILD/shim-15.8/Cryptlib/OpenSSL/crypto/x509/x509_v3.c
gcc -std=gnu11 -ggdb -ffreestanding -fmacro-prefix-map=/usr/src/azl/BUILD/shim-15.8/= -fno-stack-protector -fno-strict-aliasing -fpic -fshort-wchar -nostdinc -Os -Wall -Wextra -Wno-missing-field-initializers -Wno-empty-body -Wno-implicit-fallthrough -Wno-old-style-declaration -Wno-unused-but-set-variable -Wno-unused-parameter -Werror -I/usr/src/azl/BUILD/shim-15.8/Cryptlib/OpenSSL -I/usr/src/azl/BUILD/shim-15.8/Cryptlib -I/usr/src/azl/BUILD/shim-15.8/Cryptlib/OpenSSL/Include/ -I/usr/src/azl/BUILD/shim-15.8/Cryptlib/OpenSSL/crypto -I/usr/src/azl/BUILD/shim-15.8/Cryptlib/Include -I/usr/src/azl/BUILD/shim-15.8/gnu-efi/inc -I/usr/src/azl/BUILD/shim-15.8/gnu-efi/inc/aarch64 -I/usr/src/azl/BUILD/shim-15.8/gnu-efi/inc/protocol -I/usr/src/azl/BUILD/shim-15.8/Cryptlib/OpenSSL/crypto/asn1 -I/usr/src/azl/BUILD/shim-15.8/Cryptlib/OpenSSL/crypto/evp -I/usr/src/azl/BUILD/shim-15.8/Cryptlib/OpenSSL/crypto/modes -I/usr/src/azl/BUILD/shim-15.8/Cryptlib/OpenSSL/crypto/include -isystem /usr/src/azl/BUILD/shim-15.8/include/system -isystem /usr/lib/gcc/aarch64-unknown-linux-gnu/13.2.0/include -DL_ENDIAN -D_CRT_SECURE_NO_DEPRECATE -D_CRT_NONSTDC_NO_DEPRECATE -DOPENSSL_SMALL_FOOTPRINT -DPEDANTIC -DMDE_CPU_AARCH64   -c -o crypto/x509/x509_ext.o /usr/src/azl/BUILD/shim-15.8/Cryptlib/OpenSSL/crypto/x509/x509_ext.c
gcc -std=gnu11 -ggdb -ffreestanding -fmacro-prefix-map=/usr/src/azl/BUILD/shim-15.8/= -fno-stack-protector -fno-strict-aliasing -fpic -fshort-wchar -nostdinc -Os -Wall -Wextra -Wno-missing-field-initializers -Wno-empty-body -Wno-implicit-fallthrough -Wno-old-style-declaration -Wno-unused-but-set-variable -Wno-unused-parameter -Werror -I/usr/src/azl/BUILD/shim-15.8/Cryptlib/OpenSSL -I/usr/src/azl/BUILD/shim-15.8/Cryptlib -I/usr/src/azl/BUILD/shim-15.8/Cryptlib/OpenSSL/Include/ -I/usr/src/azl/BUILD/shim-15.8/Cryptlib/OpenSSL/crypto -I/usr/src/azl/BUILD/shim-15.8/Cryptlib/Include -I/usr/src/azl/BUILD/shim-15.8/gnu-efi/inc -I/usr/src/azl/BUILD/shim-15.8/gnu-efi/inc/aarch64 -I/usr/src/azl/BUILD/shim-15.8/gnu-efi/inc/protocol -I/usr/src/azl/BUILD/shim-15.8/Cryptlib/OpenSSL/crypto/asn1 -I/usr/src/azl/BUILD/shim-15.8/Cryptlib/OpenSSL/crypto/evp -I/usr/src/azl/BUILD/shim-15.8/Cryptlib/OpenSSL/crypto/modes -I/usr/src/azl/BUILD/shim-15.8/Cryptlib/OpenSSL/crypto/include -isystem /usr/src/azl/BUILD/shim-15.8/include/system -isystem /usr/lib/gcc/aarch64-unknown-linux-gnu/13.2.0/include -DL_ENDIAN -D_CRT_SECURE_NO_DEPRECATE -D_CRT_NONSTDC_NO_DEPRECATE -DOPENSSL_SMALL_FOOTPRINT -DPEDANTIC -DMDE_CPU_AARCH64   -c -o crypto/x509/x509_att.o /usr/src/azl/BUILD/shim-15.8/Cryptlib/OpenSSL/crypto/x509/x509_att.c
gcc -std=gnu11 -ggdb -ffreestanding -fmacro-prefix-map=/usr/src/azl/BUILD/shim-15.8/= -fno-stack-protector -fno-strict-aliasing -fpic -fshort-wchar -nostdinc -Os -Wall -Wextra -Wno-missing-field-initializers -Wno-empty-body -Wno-implicit-fallthrough -Wno-old-style-declaration -Wno-unused-but-set-variable -Wno-unused-parameter -Werror -I/usr/src/azl/BUILD/shim-15.8/Cryptlib/OpenSSL -I/usr/src/azl/BUILD/shim-15.8/Cryptlib -I/usr/src/azl/BUILD/shim-15.8/Cryptlib/OpenSSL/Include/ -I/usr/src/azl/BUILD/shim-15.8/Cryptlib/OpenSSL/crypto -I/usr/src/azl/BUILD/shim-15.8/Cryptlib/Include -I/usr/src/azl/BUILD/shim-15.8/gnu-efi/inc -I/usr/src/azl/BUILD/shim-15.8/gnu-efi/inc/aarch64 -I/usr/src/azl/BUILD/shim-15.8/gnu-efi/inc/protocol -I/usr/src/azl/BUILD/shim-15.8/Cryptlib/OpenSSL/crypto/asn1 -I/usr/src/azl/BUILD/shim-15.8/Cryptlib/OpenSSL/crypto/evp -I/usr/src/azl/BUILD/shim-15.8/Cryptlib/OpenSSL/crypto/modes -I/usr/src/azl/BUILD/shim-15.8/Cryptlib/OpenSSL/crypto/include -isystem /usr/src/azl/BUILD/shim-15.8/include/system -isystem /usr/lib/gcc/aarch64-unknown-linux-gnu/13.2.0/include -DL_ENDIAN -D_CRT_SECURE_NO_DEPRECATE -D_CRT_NONSTDC_NO_DEPRECATE -DOPENSSL_SMALL_FOOTPRINT -DPEDANTIC -DMDE_CPU_AARCH64   -c -o crypto/x509/x509type.o /usr/src/azl/BUILD/shim-15.8/Cryptlib/OpenSSL/crypto/x509/x509type.c
gcc -std=gnu11 -ggdb -ffreestanding -fmacro-prefix-map=/usr/src/azl/BUILD/shim-15.8/= -fno-stack-protector -fno-strict-aliasing -fpic -fshort-wchar -nostdinc -Os -Wall -Wextra -Wno-missing-field-initializers -Wno-empty-body -Wno-implicit-fallthrough -Wno-old-style-declaration -Wno-unused-but-set-variable -Wno-unused-parameter -Werror -I/usr/src/azl/BUILD/shim-15.8/Cryptlib/OpenSSL -I/usr/src/azl/BUILD/shim-15.8/Cryptlib -I/usr/src/azl/BUILD/shim-15.8/Cryptlib/OpenSSL/Include/ -I/usr/src/azl/BUILD/shim-15.8/Cryptlib/OpenSSL/crypto -I/usr/src/azl/BUILD/shim-15.8/Cryptlib/Include -I/usr/src/azl/BUILD/shim-15.8/gnu-efi/inc -I/usr/src/azl/BUILD/shim-15.8/gnu-efi/inc/aarch64 -I/usr/src/azl/BUILD/shim-15.8/gnu-efi/inc/protocol -I/usr/src/azl/BUILD/shim-15.8/Cryptlib/OpenSSL/crypto/asn1 -I/usr/src/azl/BUILD/shim-15.8/Cryptlib/OpenSSL/crypto/evp -I/usr/src/azl/BUILD/shim-15.8/Cryptlib/OpenSSL/crypto/modes -I/usr/src/azl/BUILD/shim-15.8/Cryptlib/OpenSSL/crypto/include -isystem /usr/src/azl/BUILD/shim-15.8/include/system -isystem /usr/lib/gcc/aarch64-unknown-linux-gnu/13.2.0/include -DL_ENDIAN -D_CRT_SECURE_NO_DEPRECATE -D_CRT_NONSTDC_NO_DEPRECATE -DOPENSSL_SMALL_FOOTPRINT -DPEDANTIC -DMDE_CPU_AARCH64   -c -o crypto/x509/x509_lu.o /usr/src/azl/BUILD/shim-15.8/Cryptlib/OpenSSL/crypto/x509/x509_lu.c
gcc -std=gnu11 -ggdb -ffreestanding -fmacro-prefix-map=/usr/src/azl/BUILD/shim-15.8/= -fno-stack-protector -fno-strict-aliasing -fpic -fshort-wchar -nostdinc -Os -Wall -Wextra -Wno-missing-field-initializers -Wno-empty-body -Wno-implicit-fallthrough -Wno-old-style-declaration -Wno-unused-but-set-variable -Wno-unused-parameter -Werror -I/usr/src/azl/BUILD/shim-15.8/Cryptlib/OpenSSL -I/usr/src/azl/BUILD/shim-15.8/Cryptlib -I/usr/src/azl/BUILD/shim-15.8/Cryptlib/OpenSSL/Include/ -I/usr/src/azl/BUILD/shim-15.8/Cryptlib/OpenSSL/crypto -I/usr/src/azl/BUILD/shim-15.8/Cryptlib/Include -I/usr/src/azl/BUILD/shim-15.8/gnu-efi/inc -I/usr/src/azl/BUILD/shim-15.8/gnu-efi/inc/aarch64 -I/usr/src/azl/BUILD/shim-15.8/gnu-efi/inc/protocol -I/usr/src/azl/BUILD/shim-15.8/Cryptlib/OpenSSL/crypto/asn1 -I/usr/src/azl/BUILD/shim-15.8/Cryptlib/OpenSSL/crypto/evp -I/usr/src/azl/BUILD/shim-15.8/Cryptlib/OpenSSL/crypto/modes -I/usr/src/azl/BUILD/shim-15.8/Cryptlib/OpenSSL/crypto/include -isystem /usr/src/azl/BUILD/shim-15.8/include/system -isystem /usr/lib/gcc/aarch64-unknown-linux-gnu/13.2.0/include -DL_ENDIAN -D_CRT_SECURE_NO_DEPRECATE -D_CRT_NONSTDC_NO_DEPRECATE -DOPENSSL_SMALL_FOOTPRINT -DPEDANTIC -DMDE_CPU_AARCH64   -c -o crypto/x509/x_all.o /usr/src/azl/BUILD/shim-15.8/Cryptlib/OpenSSL/crypto/x509/x_all.c
gcc -std=gnu11 -ggdb -ffreestanding -fmacro-prefix-map=/usr/src/azl/BUILD/shim-15.8/= -fno-stack-protector -fno-strict-aliasing -fpic -fshort-wchar -nostdinc -Os -Wall -Wextra -Wno-missing-field-initializers -Wno-empty-body -Wno-implicit-fallthrough -Wno-old-style-declaration -Wno-unused-but-set-variable -Wno-unused-parameter -Werror -I/usr/src/azl/BUILD/shim-15.8/Cryptlib/OpenSSL -I/usr/src/azl/BUILD/shim-15.8/Cryptlib -I/usr/src/azl/BUILD/shim-15.8/Cryptlib/OpenSSL/Include/ -I/usr/src/azl/BUILD/shim-15.8/Cryptlib/OpenSSL/crypto -I/usr/src/azl/BUILD/shim-15.8/Cryptlib/Include -I/usr/src/azl/BUILD/shim-15.8/gnu-efi/inc -I/usr/src/azl/BUILD/shim-15.8/gnu-efi/inc/aarch64 -I/usr/src/azl/BUILD/shim-15.8/gnu-efi/inc/protocol -I/usr/src/azl/BUILD/shim-15.8/Cryptlib/OpenSSL/crypto/asn1 -I/usr/src/azl/BUILD/shim-15.8/Cryptlib/OpenSSL/crypto/evp -I/usr/src/azl/BUILD/shim-15.8/Cryptlib/OpenSSL/crypto/modes -I/usr/src/azl/BUILD/shim-15.8/Cryptlib/OpenSSL/crypto/include -isystem /usr/src/azl/BUILD/shim-15.8/include/system -isystem /usr/lib/gcc/aarch64-unknown-linux-gnu/13.2.0/include -DL_ENDIAN -D_CRT_SECURE_NO_DEPRECATE -D_CRT_NONSTDC_NO_DEPRECATE -DOPENSSL_SMALL_FOOTPRINT -DPEDANTIC -DMDE_CPU_AARCH64   -c -o crypto/x509/x509_txt.o /usr/src/azl/BUILD/shim-15.8/Cryptlib/OpenSSL/crypto/x509/x509_txt.c
gcc -std=gnu11 -ggdb -ffreestanding -fmacro-prefix-map=/usr/src/azl/BUILD/shim-15.8/= -fno-stack-protector -fno-strict-aliasing -fpic -fshort-wchar -nostdinc -Os -Wall -Wextra -Wno-missing-field-initializers -Wno-empty-body -Wno-implicit-fallthrough -Wno-old-style-declaration -Wno-unused-but-set-variable -Wno-unused-parameter -Werror -I/usr/src/azl/BUILD/shim-15.8/Cryptlib/OpenSSL -I/usr/src/azl/BUILD/shim-15.8/Cryptlib -I/usr/src/azl/BUILD/shim-15.8/Cryptlib/OpenSSL/Include/ -I/usr/src/azl/BUILD/shim-15.8/Cryptlib/OpenSSL/crypto -I/usr/src/azl/BUILD/shim-15.8/Cryptlib/Include -I/usr/src/azl/BUILD/shim-15.8/gnu-efi/inc -I/usr/src/azl/BUILD/shim-15.8/gnu-efi/inc/aarch64 -I/usr/src/azl/BUILD/shim-15.8/gnu-efi/inc/protocol -I/usr/src/azl/BUILD/shim-15.8/Cryptlib/OpenSSL/crypto/asn1 -I/usr/src/azl/BUILD/shim-15.8/Cryptlib/OpenSSL/crypto/evp -I/usr/src/azl/BUILD/shim-15.8/Cryptlib/OpenSSL/crypto/modes -I/usr/src/azl/BUILD/shim-15.8/Cryptlib/OpenSSL/crypto/include -isystem /usr/src/azl/BUILD/shim-15.8/include/system -isystem /usr/lib/gcc/aarch64-unknown-linux-gnu/13.2.0/include -DL_ENDIAN -D_CRT_SECURE_NO_DEPRECATE -D_CRT_NONSTDC_NO_DEPRECATE -DOPENSSL_SMALL_FOOTPRINT -DPEDANTIC -DMDE_CPU_AARCH64   -c -o crypto/x509/x509_trs.o /usr/src/azl/BUILD/shim-15.8/Cryptlib/OpenSSL/crypto/x509/x509_trs.c
gcc -std=gnu11 -ggdb -ffreestanding -fmacro-prefix-map=/usr/src/azl/BUILD/shim-15.8/= -fno-stack-protector -fno-strict-aliasing -fpic -fshort-wchar -nostdinc -Os -Wall -Wextra -Wno-missing-field-initializers -Wno-empty-body -Wno-implicit-fallthrough -Wno-old-style-declaration -Wno-unused-but-set-variable -Wno-unused-parameter -Werror -I/usr/src/azl/BUILD/shim-15.8/Cryptlib/OpenSSL -I/usr/src/azl/BUILD/shim-15.8/Cryptlib -I/usr/src/azl/BUILD/shim-15.8/Cryptlib/OpenSSL/Include/ -I/usr/src/azl/BUILD/shim-15.8/Cryptlib/OpenSSL/crypto -I/usr/src/azl/BUILD/shim-15.8/Cryptlib/Include -I/usr/src/azl/BUILD/shim-15.8/gnu-efi/inc -I/usr/src/azl/BUILD/shim-15.8/gnu-efi/inc/aarch64 -I/usr/src/azl/BUILD/shim-15.8/gnu-efi/inc/protocol -I/usr/src/azl/BUILD/shim-15.8/Cryptlib/OpenSSL/crypto/asn1 -I/usr/src/azl/BUILD/shim-15.8/Cryptlib/OpenSSL/crypto/evp -I/usr/src/azl/BUILD/shim-15.8/Cryptlib/OpenSSL/crypto/modes -I/usr/src/azl/BUILD/shim-15.8/Cryptlib/OpenSSL/crypto/include -isystem /usr/src/azl/BUILD/shim-15.8/include/system -isystem /usr/lib/gcc/aarch64-unknown-linux-gnu/13.2.0/include -DL_ENDIAN -D_CRT_SECURE_NO_DEPRECATE -D_CRT_NONSTDC_NO_DEPRECATE -DOPENSSL_SMALL_FOOTPRINT -DPEDANTIC -DMDE_CPU_AARCH64   -c -o crypto/x509/x509_vpm.o /usr/src/azl/BUILD/shim-15.8/Cryptlib/OpenSSL/crypto/x509/x509_vpm.c
gcc -std=gnu11 -ggdb -ffreestanding -fmacro-prefix-map=/usr/src/azl/BUILD/shim-15.8/= -fno-stack-protector -fno-strict-aliasing -fpic -fshort-wchar -nostdinc -Os -Wall -Wextra -Wno-missing-field-initializers -Wno-empty-body -Wno-implicit-fallthrough -Wno-old-style-declaration -Wno-unused-but-set-variable -Wno-unused-parameter -Werror -I/usr/src/azl/BUILD/shim-15.8/Cryptlib/OpenSSL -I/usr/src/azl/BUILD/shim-15.8/Cryptlib -I/usr/src/azl/BUILD/shim-15.8/Cryptlib/OpenSSL/Include/ -I/usr/src/azl/BUILD/shim-15.8/Cryptlib/OpenSSL/crypto -I/usr/src/azl/BUILD/shim-15.8/Cryptlib/Include -I/usr/src/azl/BUILD/shim-15.8/gnu-efi/inc -I/usr/src/azl/BUILD/shim-15.8/gnu-efi/inc/aarch64 -I/usr/src/azl/BUILD/shim-15.8/gnu-efi/inc/protocol -I/usr/src/azl/BUILD/shim-15.8/Cryptlib/OpenSSL/crypto/asn1 -I/usr/src/azl/BUILD/shim-15.8/Cryptlib/OpenSSL/crypto/evp -I/usr/src/azl/BUILD/shim-15.8/Cryptlib/OpenSSL/crypto/modes -I/usr/src/azl/BUILD/shim-15.8/Cryptlib/OpenSSL/crypto/include -isystem /usr/src/azl/BUILD/shim-15.8/include/system -isystem /usr/lib/gcc/aarch64-unknown-linux-gnu/13.2.0/include -DL_ENDIAN -D_CRT_SECURE_NO_DEPRECATE -D_CRT_NONSTDC_NO_DEPRECATE -DOPENSSL_SMALL_FOOTPRINT -DPEDANTIC -DMDE_CPU_AARCH64   -c -o crypto/x509v3/v3_bcons.o /usr/src/azl/BUILD/shim-15.8/Cryptlib/OpenSSL/crypto/x509v3/v3_bcons.c
gcc -std=gnu11 -ggdb -ffreestanding -fmacro-prefix-map=/usr/src/azl/BUILD/shim-15.8/= -fno-stack-protector -fno-strict-aliasing -fpic -fshort-wchar -nostdinc -Os -Wall -Wextra -Wno-missing-field-initializers -Wno-empty-body -Wno-implicit-fallthrough -Wno-old-style-declaration -Wno-unused-but-set-variable -Wno-unused-parameter -Werror -I/usr/src/azl/BUILD/shim-15.8/Cryptlib/OpenSSL -I/usr/src/azl/BUILD/shim-15.8/Cryptlib -I/usr/src/azl/BUILD/shim-15.8/Cryptlib/OpenSSL/Include/ -I/usr/src/azl/BUILD/shim-15.8/Cryptlib/OpenSSL/crypto -I/usr/src/azl/BUILD/shim-15.8/Cryptlib/Include -I/usr/src/azl/BUILD/shim-15.8/gnu-efi/inc -I/usr/src/azl/BUILD/shim-15.8/gnu-efi/inc/aarch64 -I/usr/src/azl/BUILD/shim-15.8/gnu-efi/inc/protocol -I/usr/src/azl/BUILD/shim-15.8/Cryptlib/OpenSSL/crypto/asn1 -I/usr/src/azl/BUILD/shim-15.8/Cryptlib/OpenSSL/crypto/evp -I/usr/src/azl/BUILD/shim-15.8/Cryptlib/OpenSSL/crypto/modes -I/usr/src/azl/BUILD/shim-15.8/Cryptlib/OpenSSL/crypto/include -isystem /usr/src/azl/BUILD/shim-15.8/include/system -isystem /usr/lib/gcc/aarch64-unknown-linux-gnu/13.2.0/include -DL_ENDIAN -D_CRT_SECURE_NO_DEPRECATE -D_CRT_NONSTDC_NO_DEPRECATE -DOPENSSL_SMALL_FOOTPRINT -DPEDANTIC -DMDE_CPU_AARCH64   -c -o crypto/x509v3/v3_bitst.o /usr/src/azl/BUILD/shim-15.8/Cryptlib/OpenSSL/crypto/x509v3/v3_bitst.c
gcc -std=gnu11 -ggdb -ffreestanding -fmacro-prefix-map=/usr/src/azl/BUILD/shim-15.8/= -fno-stack-protector -fno-strict-aliasing -fpic -fshort-wchar -nostdinc -Os -Wall -Wextra -Wno-missing-field-initializers -Wno-empty-body -Wno-implicit-fallthrough -Wno-old-style-declaration -Wno-unused-but-set-variable -Wno-unused-parameter -Werror -I/usr/src/azl/BUILD/shim-15.8/Cryptlib/OpenSSL -I/usr/src/azl/BUILD/shim-15.8/Cryptlib -I/usr/src/azl/BUILD/shim-15.8/Cryptlib/OpenSSL/Include/ -I/usr/src/azl/BUILD/shim-15.8/Cryptlib/OpenSSL/crypto -I/usr/src/azl/BUILD/shim-15.8/Cryptlib/Include -I/usr/src/azl/BUILD/shim-15.8/gnu-efi/inc -I/usr/src/azl/BUILD/shim-15.8/gnu-efi/inc/aarch64 -I/usr/src/azl/BUILD/shim-15.8/gnu-efi/inc/protocol -I/usr/src/azl/BUILD/shim-15.8/Cryptlib/OpenSSL/crypto/asn1 -I/usr/src/azl/BUILD/shim-15.8/Cryptlib/OpenSSL/crypto/evp -I/usr/src/azl/BUILD/shim-15.8/Cryptlib/OpenSSL/crypto/modes -I/usr/src/azl/BUILD/shim-15.8/Cryptlib/OpenSSL/crypto/include -isystem /usr/src/azl/BUILD/shim-15.8/include/system -isystem /usr/lib/gcc/aarch64-unknown-linux-gnu/13.2.0/include -DL_ENDIAN -D_CRT_SECURE_NO_DEPRECATE -D_CRT_NONSTDC_NO_DEPRECATE -DOPENSSL_SMALL_FOOTPRINT -DPEDANTIC -DMDE_CPU_AARCH64   -c -o crypto/x509v3/v3_conf.o /usr/src/azl/BUILD/shim-15.8/Cryptlib/OpenSSL/crypto/x509v3/v3_conf.c
gcc -std=gnu11 -ggdb -ffreestanding -fmacro-prefix-map=/usr/src/azl/BUILD/shim-15.8/= -fno-stack-protector -fno-strict-aliasing -fpic -fshort-wchar -nostdinc -Os -Wall -Wextra -Wno-missing-field-initializers -Wno-empty-body -Wno-implicit-fallthrough -Wno-old-style-declaration -Wno-unused-but-set-variable -Wno-unused-parameter -Werror -I/usr/src/azl/BUILD/shim-15.8/Cryptlib/OpenSSL -I/usr/src/azl/BUILD/shim-15.8/Cryptlib -I/usr/src/azl/BUILD/shim-15.8/Cryptlib/OpenSSL/Include/ -I/usr/src/azl/BUILD/shim-15.8/Cryptlib/OpenSSL/crypto -I/usr/src/azl/BUILD/shim-15.8/Cryptlib/Include -I/usr/src/azl/BUILD/shim-15.8/gnu-efi/inc -I/usr/src/azl/BUILD/shim-15.8/gnu-efi/inc/aarch64 -I/usr/src/azl/BUILD/shim-15.8/gnu-efi/inc/protocol -I/usr/src/azl/BUILD/shim-15.8/Cryptlib/OpenSSL/crypto/asn1 -I/usr/src/azl/BUILD/shim-15.8/Cryptlib/OpenSSL/crypto/evp -I/usr/src/azl/BUILD/shim-15.8/Cryptlib/OpenSSL/crypto/modes -I/usr/src/azl/BUILD/shim-15.8/Cryptlib/OpenSSL/crypto/include -isystem /usr/src/azl/BUILD/shim-15.8/include/system -isystem /usr/lib/gcc/aarch64-unknown-linux-gnu/13.2.0/include -DL_ENDIAN -D_CRT_SECURE_NO_DEPRECATE -D_CRT_NONSTDC_NO_DEPRECATE -DOPENSSL_SMALL_FOOTPRINT -DPEDANTIC -DMDE_CPU_AARCH64   -c -o crypto/x509v3/v3_extku.o /usr/src/azl/BUILD/shim-15.8/Cryptlib/OpenSSL/crypto/x509v3/v3_extku.c
gcc -std=gnu11 -ggdb -ffreestanding -fmacro-prefix-map=/usr/src/azl/BUILD/shim-15.8/= -fno-stack-protector -fno-strict-aliasing -fpic -fshort-wchar -nostdinc -Os -Wall -Wextra -Wno-missing-field-initializers -Wno-empty-body -Wno-implicit-fallthrough -Wno-old-style-declaration -Wno-unused-but-set-variable -Wno-unused-parameter -Werror -I/usr/src/azl/BUILD/shim-15.8/Cryptlib/OpenSSL -I/usr/src/azl/BUILD/shim-15.8/Cryptlib -I/usr/src/azl/BUILD/shim-15.8/Cryptlib/OpenSSL/Include/ -I/usr/src/azl/BUILD/shim-15.8/Cryptlib/OpenSSL/crypto -I/usr/src/azl/BUILD/shim-15.8/Cryptlib/Include -I/usr/src/azl/BUILD/shim-15.8/gnu-efi/inc -I/usr/src/azl/BUILD/shim-15.8/gnu-efi/inc/aarch64 -I/usr/src/azl/BUILD/shim-15.8/gnu-efi/inc/protocol -I/usr/src/azl/BUILD/shim-15.8/Cryptlib/OpenSSL/crypto/asn1 -I/usr/src/azl/BUILD/shim-15.8/Cryptlib/OpenSSL/crypto/evp -I/usr/src/azl/BUILD/shim-15.8/Cryptlib/OpenSSL/crypto/modes -I/usr/src/azl/BUILD/shim-15.8/Cryptlib/OpenSSL/crypto/include -isystem /usr/src/azl/BUILD/shim-15.8/include/system -isystem /usr/lib/gcc/aarch64-unknown-linux-gnu/13.2.0/include -DL_ENDIAN -D_CRT_SECURE_NO_DEPRECATE -D_CRT_NONSTDC_NO_DEPRECATE -DOPENSSL_SMALL_FOOTPRINT -DPEDANTIC -DMDE_CPU_AARCH64   -c -o crypto/x509v3/v3_ia5.o /usr/src/azl/BUILD/shim-15.8/Cryptlib/OpenSSL/crypto/x509v3/v3_ia5.c
gcc -std=gnu11 -ggdb -ffreestanding -fmacro-prefix-map=/usr/src/azl/BUILD/shim-15.8/= -fno-stack-protector -fno-strict-aliasing -fpic -fshort-wchar -nostdinc -Os -Wall -Wextra -Wno-missing-field-initializers -Wno-empty-body -Wno-implicit-fallthrough -Wno-old-style-declaration -Wno-unused-but-set-variable -Wno-unused-parameter -Werror -I/usr/src/azl/BUILD/shim-15.8/Cryptlib/OpenSSL -I/usr/src/azl/BUILD/shim-15.8/Cryptlib -I/usr/src/azl/BUILD/shim-15.8/Cryptlib/OpenSSL/Include/ -I/usr/src/azl/BUILD/shim-15.8/Cryptlib/OpenSSL/crypto -I/usr/src/azl/BUILD/shim-15.8/Cryptlib/Include -I/usr/src/azl/BUILD/shim-15.8/gnu-efi/inc -I/usr/src/azl/BUILD/shim-15.8/gnu-efi/inc/aarch64 -I/usr/src/azl/BUILD/shim-15.8/gnu-efi/inc/protocol -I/usr/src/azl/BUILD/shim-15.8/Cryptlib/OpenSSL/crypto/asn1 -I/usr/src/azl/BUILD/shim-15.8/Cryptlib/OpenSSL/crypto/evp -I/usr/src/azl/BUILD/shim-15.8/Cryptlib/OpenSSL/crypto/modes -I/usr/src/azl/BUILD/shim-15.8/Cryptlib/OpenSSL/crypto/include -isystem /usr/src/azl/BUILD/shim-15.8/include/system -isystem /usr/lib/gcc/aarch64-unknown-linux-gnu/13.2.0/include -DL_ENDIAN -D_CRT_SECURE_NO_DEPRECATE -D_CRT_NONSTDC_NO_DEPRECATE -DOPENSSL_SMALL_FOOTPRINT -DPEDANTIC -DMDE_CPU_AARCH64   -c -o crypto/x509v3/v3_lib.o /usr/src/azl/BUILD/shim-15.8/Cryptlib/OpenSSL/crypto/x509v3/v3_lib.c
gcc -std=gnu11 -ggdb -ffreestanding -fmacro-prefix-map=/usr/src/azl/BUILD/shim-15.8/= -fno-stack-protector -fno-strict-aliasing -fpic -fshort-wchar -nostdinc -Os -Wall -Wextra -Wno-missing-field-initializers -Wno-empty-body -Wno-implicit-fallthrough -Wno-old-style-declaration -Wno-unused-but-set-variable -Wno-unused-parameter -Werror -I/usr/src/azl/BUILD/shim-15.8/Cryptlib/OpenSSL -I/usr/src/azl/BUILD/shim-15.8/Cryptlib -I/usr/src/azl/BUILD/shim-15.8/Cryptlib/OpenSSL/Include/ -I/usr/src/azl/BUILD/shim-15.8/Cryptlib/OpenSSL/crypto -I/usr/src/azl/BUILD/shim-15.8/Cryptlib/Include -I/usr/src/azl/BUILD/shim-15.8/gnu-efi/inc -I/usr/src/azl/BUILD/shim-15.8/gnu-efi/inc/aarch64 -I/usr/src/azl/BUILD/shim-15.8/gnu-efi/inc/protocol -I/usr/src/azl/BUILD/shim-15.8/Cryptlib/OpenSSL/crypto/asn1 -I/usr/src/azl/BUILD/shim-15.8/Cryptlib/OpenSSL/crypto/evp -I/usr/src/azl/BUILD/shim-15.8/Cryptlib/OpenSSL/crypto/modes -I/usr/src/azl/BUILD/shim-15.8/Cryptlib/OpenSSL/crypto/include -isystem /usr/src/azl/BUILD/shim-15.8/include/system -isystem /usr/lib/gcc/aarch64-unknown-linux-gnu/13.2.0/include -DL_ENDIAN -D_CRT_SECURE_NO_DEPRECATE -D_CRT_NONSTDC_NO_DEPRECATE -DOPENSSL_SMALL_FOOTPRINT -DPEDANTIC -DMDE_CPU_AARCH64   -c -o crypto/x509v3/v3_prn.o /usr/src/azl/BUILD/shim-15.8/Cryptlib/OpenSSL/crypto/x509v3/v3_prn.c
gcc -std=gnu11 -ggdb -ffreestanding -fmacro-prefix-map=/usr/src/azl/BUILD/shim-15.8/= -fno-stack-protector -fno-strict-aliasing -fpic -fshort-wchar -nostdinc -Os -Wall -Wextra -Wno-missing-field-initializers -Wno-empty-body -Wno-implicit-fallthrough -Wno-old-style-declaration -Wno-unused-but-set-variable -Wno-unused-parameter -Werror -I/usr/src/azl/BUILD/shim-15.8/Cryptlib/OpenSSL -I/usr/src/azl/BUILD/shim-15.8/Cryptlib -I/usr/src/azl/BUILD/shim-15.8/Cryptlib/OpenSSL/Include/ -I/usr/src/azl/BUILD/shim-15.8/Cryptlib/OpenSSL/crypto -I/usr/src/azl/BUILD/shim-15.8/Cryptlib/Include -I/usr/src/azl/BUILD/shim-15.8/gnu-efi/inc -I/usr/src/azl/BUILD/shim-15.8/gnu-efi/inc/aarch64 -I/usr/src/azl/BUILD/shim-15.8/gnu-efi/inc/protocol -I/usr/src/azl/BUILD/shim-15.8/Cryptlib/OpenSSL/crypto/asn1 -I/usr/src/azl/BUILD/shim-15.8/Cryptlib/OpenSSL/crypto/evp -I/usr/src/azl/BUILD/shim-15.8/Cryptlib/OpenSSL/crypto/modes -I/usr/src/azl/BUILD/shim-15.8/Cryptlib/OpenSSL/crypto/include -isystem /usr/src/azl/BUILD/shim-15.8/include/system -isystem /usr/lib/gcc/aarch64-unknown-linux-gnu/13.2.0/include -DL_ENDIAN -D_CRT_SECURE_NO_DEPRECATE -D_CRT_NONSTDC_NO_DEPRECATE -DOPENSSL_SMALL_FOOTPRINT -DPEDANTIC -DMDE_CPU_AARCH64   -c -o crypto/x509v3/v3_utl.o /usr/src/azl/BUILD/shim-15.8/Cryptlib/OpenSSL/crypto/x509v3/v3_utl.c
gcc -std=gnu11 -ggdb -ffreestanding -fmacro-prefix-map=/usr/src/azl/BUILD/shim-15.8/= -fno-stack-protector -fno-strict-aliasing -fpic -fshort-wchar -nostdinc -Os -Wall -Wextra -Wno-missing-field-initializers -Wno-empty-body -Wno-implicit-fallthrough -Wno-old-style-declaration -Wno-unused-but-set-variable -Wno-unused-parameter -Werror -I/usr/src/azl/BUILD/shim-15.8/Cryptlib/OpenSSL -I/usr/src/azl/BUILD/shim-15.8/Cryptlib -I/usr/src/azl/BUILD/shim-15.8/Cryptlib/OpenSSL/Include/ -I/usr/src/azl/BUILD/shim-15.8/Cryptlib/OpenSSL/crypto -I/usr/src/azl/BUILD/shim-15.8/Cryptlib/Include -I/usr/src/azl/BUILD/shim-15.8/gnu-efi/inc -I/usr/src/azl/BUILD/shim-15.8/gnu-efi/inc/aarch64 -I/usr/src/azl/BUILD/shim-15.8/gnu-efi/inc/protocol -I/usr/src/azl/BUILD/shim-15.8/Cryptlib/OpenSSL/crypto/asn1 -I/usr/src/azl/BUILD/shim-15.8/Cryptlib/OpenSSL/crypto/evp -I/usr/src/azl/BUILD/shim-15.8/Cryptlib/OpenSSL/crypto/modes -I/usr/src/azl/BUILD/shim-15.8/Cryptlib/OpenSSL/crypto/include -isystem /usr/src/azl/BUILD/shim-15.8/include/system -isystem /usr/lib/gcc/aarch64-unknown-linux-gnu/13.2.0/include -DL_ENDIAN -D_CRT_SECURE_NO_DEPRECATE -D_CRT_NONSTDC_NO_DEPRECATE -DOPENSSL_SMALL_FOOTPRINT -DPEDANTIC -DMDE_CPU_AARCH64   -c -o crypto/x509v3/v3err.o /usr/src/azl/BUILD/shim-15.8/Cryptlib/OpenSSL/crypto/x509v3/v3err.c
gcc -std=gnu11 -ggdb -ffreestanding -fmacro-prefix-map=/usr/src/azl/BUILD/shim-15.8/= -fno-stack-protector -fno-strict-aliasing -fpic -fshort-wchar -nostdinc -Os -Wall -Wextra -Wno-missing-field-initializers -Wno-empty-body -Wno-implicit-fallthrough -Wno-old-style-declaration -Wno-unused-but-set-variable -Wno-unused-parameter -Werror -I/usr/src/azl/BUILD/shim-15.8/Cryptlib/OpenSSL -I/usr/src/azl/BUILD/shim-15.8/Cryptlib -I/usr/src/azl/BUILD/shim-15.8/Cryptlib/OpenSSL/Include/ -I/usr/src/azl/BUILD/shim-15.8/Cryptlib/OpenSSL/crypto -I/usr/src/azl/BUILD/shim-15.8/Cryptlib/Include -I/usr/src/azl/BUILD/shim-15.8/gnu-efi/inc -I/usr/src/azl/BUILD/shim-15.8/gnu-efi/inc/aarch64 -I/usr/src/azl/BUILD/shim-15.8/gnu-efi/inc/protocol -I/usr/src/azl/BUILD/shim-15.8/Cryptlib/OpenSSL/crypto/asn1 -I/usr/src/azl/BUILD/shim-15.8/Cryptlib/OpenSSL/crypto/evp -I/usr/src/azl/BUILD/shim-15.8/Cryptlib/OpenSSL/crypto/modes -I/usr/src/azl/BUILD/shim-15.8/Cryptlib/OpenSSL/crypto/include -isystem /usr/src/azl/BUILD/shim-15.8/include/system -isystem /usr/lib/gcc/aarch64-unknown-linux-gnu/13.2.0/include -DL_ENDIAN -D_CRT_SECURE_NO_DEPRECATE -D_CRT_NONSTDC_NO_DEPRECATE -DOPENSSL_SMALL_FOOTPRINT -DPEDANTIC -DMDE_CPU_AARCH64   -c -o crypto/x509v3/v3_genn.o /usr/src/azl/BUILD/shim-15.8/Cryptlib/OpenSSL/crypto/x509v3/v3_genn.c
gcc -std=gnu11 -ggdb -ffreestanding -fmacro-prefix-map=/usr/src/azl/BUILD/shim-15.8/= -fno-stack-protector -fno-strict-aliasing -fpic -fshort-wchar -nostdinc -Os -Wall -Wextra -Wno-missing-field-initializers -Wno-empty-body -Wno-implicit-fallthrough -Wno-old-style-declaration -Wno-unused-but-set-variable -Wno-unused-parameter -Werror -I/usr/src/azl/BUILD/shim-15.8/Cryptlib/OpenSSL -I/usr/src/azl/BUILD/shim-15.8/Cryptlib -I/usr/src/azl/BUILD/shim-15.8/Cryptlib/OpenSSL/Include/ -I/usr/src/azl/BUILD/shim-15.8/Cryptlib/OpenSSL/crypto -I/usr/src/azl/BUILD/shim-15.8/Cryptlib/Include -I/usr/src/azl/BUILD/shim-15.8/gnu-efi/inc -I/usr/src/azl/BUILD/shim-15.8/gnu-efi/inc/aarch64 -I/usr/src/azl/BUILD/shim-15.8/gnu-efi/inc/protocol -I/usr/src/azl/BUILD/shim-15.8/Cryptlib/OpenSSL/crypto/asn1 -I/usr/src/azl/BUILD/shim-15.8/Cryptlib/OpenSSL/crypto/evp -I/usr/src/azl/BUILD/shim-15.8/Cryptlib/OpenSSL/crypto/modes -I/usr/src/azl/BUILD/shim-15.8/Cryptlib/OpenSSL/crypto/include -isystem /usr/src/azl/BUILD/shim-15.8/include/system -isystem /usr/lib/gcc/aarch64-unknown-linux-gnu/13.2.0/include -DL_ENDIAN -D_CRT_SECURE_NO_DEPRECATE -D_CRT_NONSTDC_NO_DEPRECATE -DOPENSSL_SMALL_FOOTPRINT -DPEDANTIC -DMDE_CPU_AARCH64   -c -o crypto/x509v3/v3_alt.o /usr/src/azl/BUILD/shim-15.8/Cryptlib/OpenSSL/crypto/x509v3/v3_alt.c
gcc -std=gnu11 -ggdb -ffreestanding -fmacro-prefix-map=/usr/src/azl/BUILD/shim-15.8/= -fno-stack-protector -fno-strict-aliasing -fpic -fshort-wchar -nostdinc -Os -Wall -Wextra -Wno-missing-field-initializers -Wno-empty-body -Wno-implicit-fallthrough -Wno-old-style-declaration -Wno-unused-but-set-variable -Wno-unused-parameter -Werror -I/usr/src/azl/BUILD/shim-15.8/Cryptlib/OpenSSL -I/usr/src/azl/BUILD/shim-15.8/Cryptlib -I/usr/src/azl/BUILD/shim-15.8/Cryptlib/OpenSSL/Include/ -I/usr/src/azl/BUILD/shim-15.8/Cryptlib/OpenSSL/crypto -I/usr/src/azl/BUILD/shim-15.8/Cryptlib/Include -I/usr/src/azl/BUILD/shim-15.8/gnu-efi/inc -I/usr/src/azl/BUILD/shim-15.8/gnu-efi/inc/aarch64 -I/usr/src/azl/BUILD/shim-15.8/gnu-efi/inc/protocol -I/usr/src/azl/BUILD/shim-15.8/Cryptlib/OpenSSL/crypto/asn1 -I/usr/src/azl/BUILD/shim-15.8/Cryptlib/OpenSSL/crypto/evp -I/usr/src/azl/BUILD/shim-15.8/Cryptlib/OpenSSL/crypto/modes -I/usr/src/azl/BUILD/shim-15.8/Cryptlib/OpenSSL/crypto/include -isystem /usr/src/azl/BUILD/shim-15.8/include/system -isystem /usr/lib/gcc/aarch64-unknown-linux-gnu/13.2.0/include -DL_ENDIAN -D_CRT_SECURE_NO_DEPRECATE -D_CRT_NONSTDC_NO_DEPRECATE -DOPENSSL_SMALL_FOOTPRINT -DPEDANTIC -DMDE_CPU_AARCH64   -c -o crypto/x509v3/v3_skey.o /usr/src/azl/BUILD/shim-15.8/Cryptlib/OpenSSL/crypto/x509v3/v3_skey.c
gcc -std=gnu11 -ggdb -ffreestanding -fmacro-prefix-map=/usr/src/azl/BUILD/shim-15.8/= -fno-stack-protector -fno-strict-aliasing -fpic -fshort-wchar -nostdinc -Os -Wall -Wextra -Wno-missing-field-initializers -Wno-empty-body -Wno-implicit-fallthrough -Wno-old-style-declaration -Wno-unused-but-set-variable -Wno-unused-parameter -Werror -I/usr/src/azl/BUILD/shim-15.8/Cryptlib/OpenSSL -I/usr/src/azl/BUILD/shim-15.8/Cryptlib -I/usr/src/azl/BUILD/shim-15.8/Cryptlib/OpenSSL/Include/ -I/usr/src/azl/BUILD/shim-15.8/Cryptlib/OpenSSL/crypto -I/usr/src/azl/BUILD/shim-15.8/Cryptlib/Include -I/usr/src/azl/BUILD/shim-15.8/gnu-efi/inc -I/usr/src/azl/BUILD/shim-15.8/gnu-efi/inc/aarch64 -I/usr/src/azl/BUILD/shim-15.8/gnu-efi/inc/protocol -I/usr/src/azl/BUILD/shim-15.8/Cryptlib/OpenSSL/crypto/asn1 -I/usr/src/azl/BUILD/shim-15.8/Cryptlib/OpenSSL/crypto/evp -I/usr/src/azl/BUILD/shim-15.8/Cryptlib/OpenSSL/crypto/modes -I/usr/src/azl/BUILD/shim-15.8/Cryptlib/OpenSSL/crypto/include -isystem /usr/src/azl/BUILD/shim-15.8/include/system -isystem /usr/lib/gcc/aarch64-unknown-linux-gnu/13.2.0/include -DL_ENDIAN -D_CRT_SECURE_NO_DEPRECATE -D_CRT_NONSTDC_NO_DEPRECATE -DOPENSSL_SMALL_FOOTPRINT -DPEDANTIC -DMDE_CPU_AARCH64   -c -o crypto/x509v3/v3_akey.o /usr/src/azl/BUILD/shim-15.8/Cryptlib/OpenSSL/crypto/x509v3/v3_akey.c
gcc -std=gnu11 -ggdb -ffreestanding -fmacro-prefix-map=/usr/src/azl/BUILD/shim-15.8/= -fno-stack-protector -fno-strict-aliasing -fpic -fshort-wchar -nostdinc -Os -Wall -Wextra -Wno-missing-field-initializers -Wno-empty-body -Wno-implicit-fallthrough -Wno-old-style-declaration -Wno-unused-but-set-variable -Wno-unused-parameter -Werror -I/usr/src/azl/BUILD/shim-15.8/Cryptlib/OpenSSL -I/usr/src/azl/BUILD/shim-15.8/Cryptlib -I/usr/src/azl/BUILD/shim-15.8/Cryptlib/OpenSSL/Include/ -I/usr/src/azl/BUILD/shim-15.8/Cryptlib/OpenSSL/crypto -I/usr/src/azl/BUILD/shim-15.8/Cryptlib/Include -I/usr/src/azl/BUILD/shim-15.8/gnu-efi/inc -I/usr/src/azl/BUILD/shim-15.8/gnu-efi/inc/aarch64 -I/usr/src/azl/BUILD/shim-15.8/gnu-efi/inc/protocol -I/usr/src/azl/BUILD/shim-15.8/Cryptlib/OpenSSL/crypto/asn1 -I/usr/src/azl/BUILD/shim-15.8/Cryptlib/OpenSSL/crypto/evp -I/usr/src/azl/BUILD/shim-15.8/Cryptlib/OpenSSL/crypto/modes -I/usr/src/azl/BUILD/shim-15.8/Cryptlib/OpenSSL/crypto/include -isystem /usr/src/azl/BUILD/shim-15.8/include/system -isystem /usr/lib/gcc/aarch64-unknown-linux-gnu/13.2.0/include -DL_ENDIAN -D_CRT_SECURE_NO_DEPRECATE -D_CRT_NONSTDC_NO_DEPRECATE -DOPENSSL_SMALL_FOOTPRINT -DPEDANTIC -DMDE_CPU_AARCH64   -c -o crypto/x509v3/v3_pku.o /usr/src/azl/BUILD/shim-15.8/Cryptlib/OpenSSL/crypto/x509v3/v3_pku.c
gcc -std=gnu11 -ggdb -ffreestanding -fmacro-prefix-map=/usr/src/azl/BUILD/shim-15.8/= -fno-stack-protector -fno-strict-aliasing -fpic -fshort-wchar -nostdinc -Os -Wall -Wextra -Wno-missing-field-initializers -Wno-empty-body -Wno-implicit-fallthrough -Wno-old-style-declaration -Wno-unused-but-set-variable -Wno-unused-parameter -Werror -I/usr/src/azl/BUILD/shim-15.8/Cryptlib/OpenSSL -I/usr/src/azl/BUILD/shim-15.8/Cryptlib -I/usr/src/azl/BUILD/shim-15.8/Cryptlib/OpenSSL/Include/ -I/usr/src/azl/BUILD/shim-15.8/Cryptlib/OpenSSL/crypto -I/usr/src/azl/BUILD/shim-15.8/Cryptlib/Include -I/usr/src/azl/BUILD/shim-15.8/gnu-efi/inc -I/usr/src/azl/BUILD/shim-15.8/gnu-efi/inc/aarch64 -I/usr/src/azl/BUILD/shim-15.8/gnu-efi/inc/protocol -I/usr/src/azl/BUILD/shim-15.8/Cryptlib/OpenSSL/crypto/asn1 -I/usr/src/azl/BUILD/shim-15.8/Cryptlib/OpenSSL/crypto/evp -I/usr/src/azl/BUILD/shim-15.8/Cryptlib/OpenSSL/crypto/modes -I/usr/src/azl/BUILD/shim-15.8/Cryptlib/OpenSSL/crypto/include -isystem /usr/src/azl/BUILD/shim-15.8/include/system -isystem /usr/lib/gcc/aarch64-unknown-linux-gnu/13.2.0/include -DL_ENDIAN -D_CRT_SECURE_NO_DEPRECATE -D_CRT_NONSTDC_NO_DEPRECATE -DOPENSSL_SMALL_FOOTPRINT -DPEDANTIC -DMDE_CPU_AARCH64   -c -o crypto/x509v3/v3_int.o /usr/src/azl/BUILD/shim-15.8/Cryptlib/OpenSSL/crypto/x509v3/v3_int.c
gcc -std=gnu11 -ggdb -ffreestanding -fmacro-prefix-map=/usr/src/azl/BUILD/shim-15.8/= -fno-stack-protector -fno-strict-aliasing -fpic -fshort-wchar -nostdinc -Os -Wall -Wextra -Wno-missing-field-initializers -Wno-empty-body -Wno-implicit-fallthrough -Wno-old-style-declaration -Wno-unused-but-set-variable -Wno-unused-parameter -Werror -I/usr/src/azl/BUILD/shim-15.8/Cryptlib/OpenSSL -I/usr/src/azl/BUILD/shim-15.8/Cryptlib -I/usr/src/azl/BUILD/shim-15.8/Cryptlib/OpenSSL/Include/ -I/usr/src/azl/BUILD/shim-15.8/Cryptlib/OpenSSL/crypto -I/usr/src/azl/BUILD/shim-15.8/Cryptlib/Include -I/usr/src/azl/BUILD/shim-15.8/gnu-efi/inc -I/usr/src/azl/BUILD/shim-15.8/gnu-efi/inc/aarch64 -I/usr/src/azl/BUILD/shim-15.8/gnu-efi/inc/protocol -I/usr/src/azl/BUILD/shim-15.8/Cryptlib/OpenSSL/crypto/asn1 -I/usr/src/azl/BUILD/shim-15.8/Cryptlib/OpenSSL/crypto/evp -I/usr/src/azl/BUILD/shim-15.8/Cryptlib/OpenSSL/crypto/modes -I/usr/src/azl/BUILD/shim-15.8/Cryptlib/OpenSSL/crypto/include -isystem /usr/src/azl/BUILD/shim-15.8/include/system -isystem /usr/lib/gcc/aarch64-unknown-linux-gnu/13.2.0/include -DL_ENDIAN -D_CRT_SECURE_NO_DEPRECATE -D_CRT_NONSTDC_NO_DEPRECATE -DOPENSSL_SMALL_FOOTPRINT -DPEDANTIC -DMDE_CPU_AARCH64   -c -o crypto/x509v3/v3_enum.o /usr/src/azl/BUILD/shim-15.8/Cryptlib/OpenSSL/crypto/x509v3/v3_enum.c
gcc -std=gnu11 -ggdb -ffreestanding -fmacro-prefix-map=/usr/src/azl/BUILD/shim-15.8/= -fno-stack-protector -fno-strict-aliasing -fpic -fshort-wchar -nostdinc -Os -Wall -Wextra -Wno-missing-field-initializers -Wno-empty-body -Wno-implicit-fallthrough -Wno-old-style-declaration -Wno-unused-but-set-variable -Wno-unused-parameter -Werror -I/usr/src/azl/BUILD/shim-15.8/Cryptlib/OpenSSL -I/usr/src/azl/BUILD/shim-15.8/Cryptlib -I/usr/src/azl/BUILD/shim-15.8/Cryptlib/OpenSSL/Include/ -I/usr/src/azl/BUILD/shim-15.8/Cryptlib/OpenSSL/crypto -I/usr/src/azl/BUILD/shim-15.8/Cryptlib/Include -I/usr/src/azl/BUILD/shim-15.8/gnu-efi/inc -I/usr/src/azl/BUILD/shim-15.8/gnu-efi/inc/aarch64 -I/usr/src/azl/BUILD/shim-15.8/gnu-efi/inc/protocol -I/usr/src/azl/BUILD/shim-15.8/Cryptlib/OpenSSL/crypto/asn1 -I/usr/src/azl/BUILD/shim-15.8/Cryptlib/OpenSSL/crypto/evp -I/usr/src/azl/BUILD/shim-15.8/Cryptlib/OpenSSL/crypto/modes -I/usr/src/azl/BUILD/shim-15.8/Cryptlib/OpenSSL/crypto/include -isystem /usr/src/azl/BUILD/shim-15.8/include/system -isystem /usr/lib/gcc/aarch64-unknown-linux-gnu/13.2.0/include -DL_ENDIAN -D_CRT_SECURE_NO_DEPRECATE -D_CRT_NONSTDC_NO_DEPRECATE -DOPENSSL_SMALL_FOOTPRINT -DPEDANTIC -DMDE_CPU_AARCH64   -c -o crypto/x509v3/v3_sxnet.o /usr/src/azl/BUILD/shim-15.8/Cryptlib/OpenSSL/crypto/x509v3/v3_sxnet.c
gcc -std=gnu11 -ggdb -ffreestanding -fmacro-prefix-map=/usr/src/azl/BUILD/shim-15.8/= -fno-stack-protector -fno-strict-aliasing -fpic -fshort-wchar -nostdinc -Os -Wall -Wextra -Wno-missing-field-initializers -Wno-empty-body -Wno-implicit-fallthrough -Wno-old-style-declaration -Wno-unused-but-set-variable -Wno-unused-parameter -Werror -I/usr/src/azl/BUILD/shim-15.8/Cryptlib/OpenSSL -I/usr/src/azl/BUILD/shim-15.8/Cryptlib -I/usr/src/azl/BUILD/shim-15.8/Cryptlib/OpenSSL/Include/ -I/usr/src/azl/BUILD/shim-15.8/Cryptlib/OpenSSL/crypto -I/usr/src/azl/BUILD/shim-15.8/Cryptlib/Include -I/usr/src/azl/BUILD/shim-15.8/gnu-efi/inc -I/usr/src/azl/BUILD/shim-15.8/gnu-efi/inc/aarch64 -I/usr/src/azl/BUILD/shim-15.8/gnu-efi/inc/protocol -I/usr/src/azl/BUILD/shim-15.8/Cryptlib/OpenSSL/crypto/asn1 -I/usr/src/azl/BUILD/shim-15.8/Cryptlib/OpenSSL/crypto/evp -I/usr/src/azl/BUILD/shim-15.8/Cryptlib/OpenSSL/crypto/modes -I/usr/src/azl/BUILD/shim-15.8/Cryptlib/OpenSSL/crypto/include -isystem /usr/src/azl/BUILD/shim-15.8/include/system -isystem /usr/lib/gcc/aarch64-unknown-linux-gnu/13.2.0/include -DL_ENDIAN -D_CRT_SECURE_NO_DEPRECATE -D_CRT_NONSTDC_NO_DEPRECATE -DOPENSSL_SMALL_FOOTPRINT -DPEDANTIC -DMDE_CPU_AARCH64   -c -o crypto/x509v3/v3_cpols.o /usr/src/azl/BUILD/shim-15.8/Cryptlib/OpenSSL/crypto/x509v3/v3_cpols.c
gcc -std=gnu11 -ggdb -ffreestanding -fmacro-prefix-map=/usr/src/azl/BUILD/shim-15.8/= -fno-stack-protector -fno-strict-aliasing -fpic -fshort-wchar -nostdinc -Os -Wall -Wextra -Wno-missing-field-initializers -Wno-empty-body -Wno-implicit-fallthrough -Wno-old-style-declaration -Wno-unused-but-set-variable -Wno-unused-parameter -Werror -I/usr/src/azl/BUILD/shim-15.8/Cryptlib/OpenSSL -I/usr/src/azl/BUILD/shim-15.8/Cryptlib -I/usr/src/azl/BUILD/shim-15.8/Cryptlib/OpenSSL/Include/ -I/usr/src/azl/BUILD/shim-15.8/Cryptlib/OpenSSL/crypto -I/usr/src/azl/BUILD/shim-15.8/Cryptlib/Include -I/usr/src/azl/BUILD/shim-15.8/gnu-efi/inc -I/usr/src/azl/BUILD/shim-15.8/gnu-efi/inc/aarch64 -I/usr/src/azl/BUILD/shim-15.8/gnu-efi/inc/protocol -I/usr/src/azl/BUILD/shim-15.8/Cryptlib/OpenSSL/crypto/asn1 -I/usr/src/azl/BUILD/shim-15.8/Cryptlib/OpenSSL/crypto/evp -I/usr/src/azl/BUILD/shim-15.8/Cryptlib/OpenSSL/crypto/modes -I/usr/src/azl/BUILD/shim-15.8/Cryptlib/OpenSSL/crypto/include -isystem /usr/src/azl/BUILD/shim-15.8/include/system -isystem /usr/lib/gcc/aarch64-unknown-linux-gnu/13.2.0/include -DL_ENDIAN -D_CRT_SECURE_NO_DEPRECATE -D_CRT_NONSTDC_NO_DEPRECATE -DOPENSSL_SMALL_FOOTPRINT -DPEDANTIC -DMDE_CPU_AARCH64   -c -o crypto/x509v3/v3_crld.o /usr/src/azl/BUILD/shim-15.8/Cryptlib/OpenSSL/crypto/x509v3/v3_crld.c
gcc -std=gnu11 -ggdb -ffreestanding -fmacro-prefix-map=/usr/src/azl/BUILD/shim-15.8/= -fno-stack-protector -fno-strict-aliasing -fpic -fshort-wchar -nostdinc -Os -Wall -Wextra -Wno-missing-field-initializers -Wno-empty-body -Wno-implicit-fallthrough -Wno-old-style-declaration -Wno-unused-but-set-variable -Wno-unused-parameter -Werror -I/usr/src/azl/BUILD/shim-15.8/Cryptlib/OpenSSL -I/usr/src/azl/BUILD/shim-15.8/Cryptlib -I/usr/src/azl/BUILD/shim-15.8/Cryptlib/OpenSSL/Include/ -I/usr/src/azl/BUILD/shim-15.8/Cryptlib/OpenSSL/crypto -I/usr/src/azl/BUILD/shim-15.8/Cryptlib/Include -I/usr/src/azl/BUILD/shim-15.8/gnu-efi/inc -I/usr/src/azl/BUILD/shim-15.8/gnu-efi/inc/aarch64 -I/usr/src/azl/BUILD/shim-15.8/gnu-efi/inc/protocol -I/usr/src/azl/BUILD/shim-15.8/Cryptlib/OpenSSL/crypto/asn1 -I/usr/src/azl/BUILD/shim-15.8/Cryptlib/OpenSSL/crypto/evp -I/usr/src/azl/BUILD/shim-15.8/Cryptlib/OpenSSL/crypto/modes -I/usr/src/azl/BUILD/shim-15.8/Cryptlib/OpenSSL/crypto/include -isystem /usr/src/azl/BUILD/shim-15.8/include/system -isystem /usr/lib/gcc/aarch64-unknown-linux-gnu/13.2.0/include -DL_ENDIAN -D_CRT_SECURE_NO_DEPRECATE -D_CRT_NONSTDC_NO_DEPRECATE -DOPENSSL_SMALL_FOOTPRINT -DPEDANTIC -DMDE_CPU_AARCH64   -c -o crypto/x509v3/v3_purp.o /usr/src/azl/BUILD/shim-15.8/Cryptlib/OpenSSL/crypto/x509v3/v3_purp.c
gcc -std=gnu11 -ggdb -ffreestanding -fmacro-prefix-map=/usr/src/azl/BUILD/shim-15.8/= -fno-stack-protector -fno-strict-aliasing -fpic -fshort-wchar -nostdinc -Os -Wall -Wextra -Wno-missing-field-initializers -Wno-empty-body -Wno-implicit-fallthrough -Wno-old-style-declaration -Wno-unused-but-set-variable -Wno-unused-parameter -Werror -I/usr/src/azl/BUILD/shim-15.8/Cryptlib/OpenSSL -I/usr/src/azl/BUILD/shim-15.8/Cryptlib -I/usr/src/azl/BUILD/shim-15.8/Cryptlib/OpenSSL/Include/ -I/usr/src/azl/BUILD/shim-15.8/Cryptlib/OpenSSL/crypto -I/usr/src/azl/BUILD/shim-15.8/Cryptlib/Include -I/usr/src/azl/BUILD/shim-15.8/gnu-efi/inc -I/usr/src/azl/BUILD/shim-15.8/gnu-efi/inc/aarch64 -I/usr/src/azl/BUILD/shim-15.8/gnu-efi/inc/protocol -I/usr/src/azl/BUILD/shim-15.8/Cryptlib/OpenSSL/crypto/asn1 -I/usr/src/azl/BUILD/shim-15.8/Cryptlib/OpenSSL/crypto/evp -I/usr/src/azl/BUILD/shim-15.8/Cryptlib/OpenSSL/crypto/modes -I/usr/src/azl/BUILD/shim-15.8/Cryptlib/OpenSSL/crypto/include -isystem /usr/src/azl/BUILD/shim-15.8/include/system -isystem /usr/lib/gcc/aarch64-unknown-linux-gnu/13.2.0/include -DL_ENDIAN -D_CRT_SECURE_NO_DEPRECATE -D_CRT_NONSTDC_NO_DEPRECATE -DOPENSSL_SMALL_FOOTPRINT -DPEDANTIC -DMDE_CPU_AARCH64   -c -o crypto/x509v3/v3_info.o /usr/src/azl/BUILD/shim-15.8/Cryptlib/OpenSSL/crypto/x509v3/v3_info.c
gcc -std=gnu11 -ggdb -ffreestanding -fmacro-prefix-map=/usr/src/azl/BUILD/shim-15.8/= -fno-stack-protector -fno-strict-aliasing -fpic -fshort-wchar -nostdinc -Os -Wall -Wextra -Wno-missing-field-initializers -Wno-empty-body -Wno-implicit-fallthrough -Wno-old-style-declaration -Wno-unused-but-set-variable -Wno-unused-parameter -Werror -I/usr/src/azl/BUILD/shim-15.8/Cryptlib/OpenSSL -I/usr/src/azl/BUILD/shim-15.8/Cryptlib -I/usr/src/azl/BUILD/shim-15.8/Cryptlib/OpenSSL/Include/ -I/usr/src/azl/BUILD/shim-15.8/Cryptlib/OpenSSL/crypto -I/usr/src/azl/BUILD/shim-15.8/Cryptlib/Include -I/usr/src/azl/BUILD/shim-15.8/gnu-efi/inc -I/usr/src/azl/BUILD/shim-15.8/gnu-efi/inc/aarch64 -I/usr/src/azl/BUILD/shim-15.8/gnu-efi/inc/protocol -I/usr/src/azl/BUILD/shim-15.8/Cryptlib/OpenSSL/crypto/asn1 -I/usr/src/azl/BUILD/shim-15.8/Cryptlib/OpenSSL/crypto/evp -I/usr/src/azl/BUILD/shim-15.8/Cryptlib/OpenSSL/crypto/modes -I/usr/src/azl/BUILD/shim-15.8/Cryptlib/OpenSSL/crypto/include -isystem /usr/src/azl/BUILD/shim-15.8/include/system -isystem /usr/lib/gcc/aarch64-unknown-linux-gnu/13.2.0/include -DL_ENDIAN -D_CRT_SECURE_NO_DEPRECATE -D_CRT_NONSTDC_NO_DEPRECATE -DOPENSSL_SMALL_FOOTPRINT -DPEDANTIC -DMDE_CPU_AARCH64   -c -o crypto/x509v3/v3_ocsp.o /usr/src/azl/BUILD/shim-15.8/Cryptlib/OpenSSL/crypto/x509v3/v3_ocsp.c
gcc -std=gnu11 -ggdb -ffreestanding -fmacro-prefix-map=/usr/src/azl/BUILD/shim-15.8/= -fno-stack-protector -fno-strict-aliasing -fpic -fshort-wchar -nostdinc -Os -Wall -Wextra -Wno-missing-field-initializers -Wno-empty-body -Wno-implicit-fallthrough -Wno-old-style-declaration -Wno-unused-but-set-variable -Wno-unused-parameter -Werror -I/usr/src/azl/BUILD/shim-15.8/Cryptlib/OpenSSL -I/usr/src/azl/BUILD/shim-15.8/Cryptlib -I/usr/src/azl/BUILD/shim-15.8/Cryptlib/OpenSSL/Include/ -I/usr/src/azl/BUILD/shim-15.8/Cryptlib/OpenSSL/crypto -I/usr/src/azl/BUILD/shim-15.8/Cryptlib/Include -I/usr/src/azl/BUILD/shim-15.8/gnu-efi/inc -I/usr/src/azl/BUILD/shim-15.8/gnu-efi/inc/aarch64 -I/usr/src/azl/BUILD/shim-15.8/gnu-efi/inc/protocol -I/usr/src/azl/BUILD/shim-15.8/Cryptlib/OpenSSL/crypto/asn1 -I/usr/src/azl/BUILD/shim-15.8/Cryptlib/OpenSSL/crypto/evp -I/usr/src/azl/BUILD/shim-15.8/Cryptlib/OpenSSL/crypto/modes -I/usr/src/azl/BUILD/shim-15.8/Cryptlib/OpenSSL/crypto/include -isystem /usr/src/azl/BUILD/shim-15.8/include/system -isystem /usr/lib/gcc/aarch64-unknown-linux-gnu/13.2.0/include -DL_ENDIAN -D_CRT_SECURE_NO_DEPRECATE -D_CRT_NONSTDC_NO_DEPRECATE -DOPENSSL_SMALL_FOOTPRINT -DPEDANTIC -DMDE_CPU_AARCH64   -c -o crypto/x509v3/v3_akeya.o /usr/src/azl/BUILD/shim-15.8/Cryptlib/OpenSSL/crypto/x509v3/v3_akeya.c
gcc -std=gnu11 -ggdb -ffreestanding -fmacro-prefix-map=/usr/src/azl/BUILD/shim-15.8/= -fno-stack-protector -fno-strict-aliasing -fpic -fshort-wchar -nostdinc -Os -Wall -Wextra -Wno-missing-field-initializers -Wno-empty-body -Wno-implicit-fallthrough -Wno-old-style-declaration -Wno-unused-but-set-variable -Wno-unused-parameter -Werror -I/usr/src/azl/BUILD/shim-15.8/Cryptlib/OpenSSL -I/usr/src/azl/BUILD/shim-15.8/Cryptlib -I/usr/src/azl/BUILD/shim-15.8/Cryptlib/OpenSSL/Include/ -I/usr/src/azl/BUILD/shim-15.8/Cryptlib/OpenSSL/crypto -I/usr/src/azl/BUILD/shim-15.8/Cryptlib/Include -I/usr/src/azl/BUILD/shim-15.8/gnu-efi/inc -I/usr/src/azl/BUILD/shim-15.8/gnu-efi/inc/aarch64 -I/usr/src/azl/BUILD/shim-15.8/gnu-efi/inc/protocol -I/usr/src/azl/BUILD/shim-15.8/Cryptlib/OpenSSL/crypto/asn1 -I/usr/src/azl/BUILD/shim-15.8/Cryptlib/OpenSSL/crypto/evp -I/usr/src/azl/BUILD/shim-15.8/Cryptlib/OpenSSL/crypto/modes -I/usr/src/azl/BUILD/shim-15.8/Cryptlib/OpenSSL/crypto/include -isystem /usr/src/azl/BUILD/shim-15.8/include/system -isystem /usr/lib/gcc/aarch64-unknown-linux-gnu/13.2.0/include -DL_ENDIAN -D_CRT_SECURE_NO_DEPRECATE -D_CRT_NONSTDC_NO_DEPRECATE -DOPENSSL_SMALL_FOOTPRINT -DPEDANTIC -DMDE_CPU_AARCH64   -c -o crypto/x509v3/v3_pmaps.o /usr/src/azl/BUILD/shim-15.8/Cryptlib/OpenSSL/crypto/x509v3/v3_pmaps.c
gcc -std=gnu11 -ggdb -ffreestanding -fmacro-prefix-map=/usr/src/azl/BUILD/shim-15.8/= -fno-stack-protector -fno-strict-aliasing -fpic -fshort-wchar -nostdinc -Os -Wall -Wextra -Wno-missing-field-initializers -Wno-empty-body -Wno-implicit-fallthrough -Wno-old-style-declaration -Wno-unused-but-set-variable -Wno-unused-parameter -Werror -I/usr/src/azl/BUILD/shim-15.8/Cryptlib/OpenSSL -I/usr/src/azl/BUILD/shim-15.8/Cryptlib -I/usr/src/azl/BUILD/shim-15.8/Cryptlib/OpenSSL/Include/ -I/usr/src/azl/BUILD/shim-15.8/Cryptlib/OpenSSL/crypto -I/usr/src/azl/BUILD/shim-15.8/Cryptlib/Include -I/usr/src/azl/BUILD/shim-15.8/gnu-efi/inc -I/usr/src/azl/BUILD/shim-15.8/gnu-efi/inc/aarch64 -I/usr/src/azl/BUILD/shim-15.8/gnu-efi/inc/protocol -I/usr/src/azl/BUILD/shim-15.8/Cryptlib/OpenSSL/crypto/asn1 -I/usr/src/azl/BUILD/shim-15.8/Cryptlib/OpenSSL/crypto/evp -I/usr/src/azl/BUILD/shim-15.8/Cryptlib/OpenSSL/crypto/modes -I/usr/src/azl/BUILD/shim-15.8/Cryptlib/OpenSSL/crypto/include -isystem /usr/src/azl/BUILD/shim-15.8/include/system -isystem /usr/lib/gcc/aarch64-unknown-linux-gnu/13.2.0/include -DL_ENDIAN -D_CRT_SECURE_NO_DEPRECATE -D_CRT_NONSTDC_NO_DEPRECATE -DOPENSSL_SMALL_FOOTPRINT -DPEDANTIC -DMDE_CPU_AARCH64   -c -o crypto/x509v3/v3_pcons.o /usr/src/azl/BUILD/shim-15.8/Cryptlib/OpenSSL/crypto/x509v3/v3_pcons.c
gcc -std=gnu11 -ggdb -ffreestanding -fmacro-prefix-map=/usr/src/azl/BUILD/shim-15.8/= -fno-stack-protector -fno-strict-aliasing -fpic -fshort-wchar -nostdinc -Os -Wall -Wextra -Wno-missing-field-initializers -Wno-empty-body -Wno-implicit-fallthrough -Wno-old-style-declaration -Wno-unused-but-set-variable -Wno-unused-parameter -Werror -I/usr/src/azl/BUILD/shim-15.8/Cryptlib/OpenSSL -I/usr/src/azl/BUILD/shim-15.8/Cryptlib -I/usr/src/azl/BUILD/shim-15.8/Cryptlib/OpenSSL/Include/ -I/usr/src/azl/BUILD/shim-15.8/Cryptlib/OpenSSL/crypto -I/usr/src/azl/BUILD/shim-15.8/Cryptlib/Include -I/usr/src/azl/BUILD/shim-15.8/gnu-efi/inc -I/usr/src/azl/BUILD/shim-15.8/gnu-efi/inc/aarch64 -I/usr/src/azl/BUILD/shim-15.8/gnu-efi/inc/protocol -I/usr/src/azl/BUILD/shim-15.8/Cryptlib/OpenSSL/crypto/asn1 -I/usr/src/azl/BUILD/shim-15.8/Cryptlib/OpenSSL/crypto/evp -I/usr/src/azl/BUILD/shim-15.8/Cryptlib/OpenSSL/crypto/modes -I/usr/src/azl/BUILD/shim-15.8/Cryptlib/OpenSSL/crypto/include -isystem /usr/src/azl/BUILD/shim-15.8/include/system -isystem /usr/lib/gcc/aarch64-unknown-linux-gnu/13.2.0/include -DL_ENDIAN -D_CRT_SECURE_NO_DEPRECATE -D_CRT_NONSTDC_NO_DEPRECATE -DOPENSSL_SMALL_FOOTPRINT -DPEDANTIC -DMDE_CPU_AARCH64   -c -o crypto/x509v3/v3_ncons.o /usr/src/azl/BUILD/shim-15.8/Cryptlib/OpenSSL/crypto/x509v3/v3_ncons.c
gcc -std=gnu11 -ggdb -ffreestanding -fmacro-prefix-map=/usr/src/azl/BUILD/shim-15.8/= -fno-stack-protector -fno-strict-aliasing -fpic -fshort-wchar -nostdinc -Os -Wall -Wextra -Wno-missing-field-initializers -Wno-empty-body -Wno-implicit-fallthrough -Wno-old-style-declaration -Wno-unused-but-set-variable -Wno-unused-parameter -Werror -I/usr/src/azl/BUILD/shim-15.8/Cryptlib/OpenSSL -I/usr/src/azl/BUILD/shim-15.8/Cryptlib -I/usr/src/azl/BUILD/shim-15.8/Cryptlib/OpenSSL/Include/ -I/usr/src/azl/BUILD/shim-15.8/Cryptlib/OpenSSL/crypto -I/usr/src/azl/BUILD/shim-15.8/Cryptlib/Include -I/usr/src/azl/BUILD/shim-15.8/gnu-efi/inc -I/usr/src/azl/BUILD/shim-15.8/gnu-efi/inc/aarch64 -I/usr/src/azl/BUILD/shim-15.8/gnu-efi/inc/protocol -I/usr/src/azl/BUILD/shim-15.8/Cryptlib/OpenSSL/crypto/asn1 -I/usr/src/azl/BUILD/shim-15.8/Cryptlib/OpenSSL/crypto/evp -I/usr/src/azl/BUILD/shim-15.8/Cryptlib/OpenSSL/crypto/modes -I/usr/src/azl/BUILD/shim-15.8/Cryptlib/OpenSSL/crypto/include -isystem /usr/src/azl/BUILD/shim-15.8/include/system -isystem /usr/lib/gcc/aarch64-unknown-linux-gnu/13.2.0/include -DL_ENDIAN -D_CRT_SECURE_NO_DEPRECATE -D_CRT_NONSTDC_NO_DEPRECATE -DOPENSSL_SMALL_FOOTPRINT -DPEDANTIC -DMDE_CPU_AARCH64   -c -o crypto/x509v3/v3_pcia.o /usr/src/azl/BUILD/shim-15.8/Cryptlib/OpenSSL/crypto/x509v3/v3_pcia.c
gcc -std=gnu11 -ggdb -ffreestanding -fmacro-prefix-map=/usr/src/azl/BUILD/shim-15.8/= -fno-stack-protector -fno-strict-aliasing -fpic -fshort-wchar -nostdinc -Os -Wall -Wextra -Wno-missing-field-initializers -Wno-empty-body -Wno-implicit-fallthrough -Wno-old-style-declaration -Wno-unused-but-set-variable -Wno-unused-parameter -Werror -I/usr/src/azl/BUILD/shim-15.8/Cryptlib/OpenSSL -I/usr/src/azl/BUILD/shim-15.8/Cryptlib -I/usr/src/azl/BUILD/shim-15.8/Cryptlib/OpenSSL/Include/ -I/usr/src/azl/BUILD/shim-15.8/Cryptlib/OpenSSL/crypto -I/usr/src/azl/BUILD/shim-15.8/Cryptlib/Include -I/usr/src/azl/BUILD/shim-15.8/gnu-efi/inc -I/usr/src/azl/BUILD/shim-15.8/gnu-efi/inc/aarch64 -I/usr/src/azl/BUILD/shim-15.8/gnu-efi/inc/protocol -I/usr/src/azl/BUILD/shim-15.8/Cryptlib/OpenSSL/crypto/asn1 -I/usr/src/azl/BUILD/shim-15.8/Cryptlib/OpenSSL/crypto/evp -I/usr/src/azl/BUILD/shim-15.8/Cryptlib/OpenSSL/crypto/modes -I/usr/src/azl/BUILD/shim-15.8/Cryptlib/OpenSSL/crypto/include -isystem /usr/src/azl/BUILD/shim-15.8/include/system -isystem /usr/lib/gcc/aarch64-unknown-linux-gnu/13.2.0/include -DL_ENDIAN -D_CRT_SECURE_NO_DEPRECATE -D_CRT_NONSTDC_NO_DEPRECATE -DOPENSSL_SMALL_FOOTPRINT -DPEDANTIC -DMDE_CPU_AARCH64   -c -o crypto/x509v3/v3_pci.o /usr/src/azl/BUILD/shim-15.8/Cryptlib/OpenSSL/crypto/x509v3/v3_pci.c
gcc -std=gnu11 -ggdb -ffreestanding -fmacro-prefix-map=/usr/src/azl/BUILD/shim-15.8/= -fno-stack-protector -fno-strict-aliasing -fpic -fshort-wchar -nostdinc -Os -Wall -Wextra -Wno-missing-field-initializers -Wno-empty-body -Wno-implicit-fallthrough -Wno-old-style-declaration -Wno-unused-but-set-variable -Wno-unused-parameter -Werror -I/usr/src/azl/BUILD/shim-15.8/Cryptlib/OpenSSL -I/usr/src/azl/BUILD/shim-15.8/Cryptlib -I/usr/src/azl/BUILD/shim-15.8/Cryptlib/OpenSSL/Include/ -I/usr/src/azl/BUILD/shim-15.8/Cryptlib/OpenSSL/crypto -I/usr/src/azl/BUILD/shim-15.8/Cryptlib/Include -I/usr/src/azl/BUILD/shim-15.8/gnu-efi/inc -I/usr/src/azl/BUILD/shim-15.8/gnu-efi/inc/aarch64 -I/usr/src/azl/BUILD/shim-15.8/gnu-efi/inc/protocol -I/usr/src/azl/BUILD/shim-15.8/Cryptlib/OpenSSL/crypto/asn1 -I/usr/src/azl/BUILD/shim-15.8/Cryptlib/OpenSSL/crypto/evp -I/usr/src/azl/BUILD/shim-15.8/Cryptlib/OpenSSL/crypto/modes -I/usr/src/azl/BUILD/shim-15.8/Cryptlib/OpenSSL/crypto/include -isystem /usr/src/azl/BUILD/shim-15.8/include/system -isystem /usr/lib/gcc/aarch64-unknown-linux-gnu/13.2.0/include -DL_ENDIAN -D_CRT_SECURE_NO_DEPRECATE -D_CRT_NONSTDC_NO_DEPRECATE -DOPENSSL_SMALL_FOOTPRINT -DPEDANTIC -DMDE_CPU_AARCH64   -c -o crypto/x509v3/pcy_cache.o /usr/src/azl/BUILD/shim-15.8/Cryptlib/OpenSSL/crypto/x509v3/pcy_cache.c
gcc -std=gnu11 -ggdb -ffreestanding -fmacro-prefix-map=/usr/src/azl/BUILD/shim-15.8/= -fno-stack-protector -fno-strict-aliasing -fpic -fshort-wchar -nostdinc -Os -Wall -Wextra -Wno-missing-field-initializers -Wno-empty-body -Wno-implicit-fallthrough -Wno-old-style-declaration -Wno-unused-but-set-variable -Wno-unused-parameter -Werror -I/usr/src/azl/BUILD/shim-15.8/Cryptlib/OpenSSL -I/usr/src/azl/BUILD/shim-15.8/Cryptlib -I/usr/src/azl/BUILD/shim-15.8/Cryptlib/OpenSSL/Include/ -I/usr/src/azl/BUILD/shim-15.8/Cryptlib/OpenSSL/crypto -I/usr/src/azl/BUILD/shim-15.8/Cryptlib/Include -I/usr/src/azl/BUILD/shim-15.8/gnu-efi/inc -I/usr/src/azl/BUILD/shim-15.8/gnu-efi/inc/aarch64 -I/usr/src/azl/BUILD/shim-15.8/gnu-efi/inc/protocol -I/usr/src/azl/BUILD/shim-15.8/Cryptlib/OpenSSL/crypto/asn1 -I/usr/src/azl/BUILD/shim-15.8/Cryptlib/OpenSSL/crypto/evp -I/usr/src/azl/BUILD/shim-15.8/Cryptlib/OpenSSL/crypto/modes -I/usr/src/azl/BUILD/shim-15.8/Cryptlib/OpenSSL/crypto/include -isystem /usr/src/azl/BUILD/shim-15.8/include/system -isystem /usr/lib/gcc/aarch64-unknown-linux-gnu/13.2.0/include -DL_ENDIAN -D_CRT_SECURE_NO_DEPRECATE -D_CRT_NONSTDC_NO_DEPRECATE -DOPENSSL_SMALL_FOOTPRINT -DPEDANTIC -DMDE_CPU_AARCH64   -c -o crypto/x509v3/pcy_node.o /usr/src/azl/BUILD/shim-15.8/Cryptlib/OpenSSL/crypto/x509v3/pcy_node.c
gcc -std=gnu11 -ggdb -ffreestanding -fmacro-prefix-map=/usr/src/azl/BUILD/shim-15.8/= -fno-stack-protector -fno-strict-aliasing -fpic -fshort-wchar -nostdinc -Os -Wall -Wextra -Wno-missing-field-initializers -Wno-empty-body -Wno-implicit-fallthrough -Wno-old-style-declaration -Wno-unused-but-set-variable -Wno-unused-parameter -Werror -I/usr/src/azl/BUILD/shim-15.8/Cryptlib/OpenSSL -I/usr/src/azl/BUILD/shim-15.8/Cryptlib -I/usr/src/azl/BUILD/shim-15.8/Cryptlib/OpenSSL/Include/ -I/usr/src/azl/BUILD/shim-15.8/Cryptlib/OpenSSL/crypto -I/usr/src/azl/BUILD/shim-15.8/Cryptlib/Include -I/usr/src/azl/BUILD/shim-15.8/gnu-efi/inc -I/usr/src/azl/BUILD/shim-15.8/gnu-efi/inc/aarch64 -I/usr/src/azl/BUILD/shim-15.8/gnu-efi/inc/protocol -I/usr/src/azl/BUILD/shim-15.8/Cryptlib/OpenSSL/crypto/asn1 -I/usr/src/azl/BUILD/shim-15.8/Cryptlib/OpenSSL/crypto/evp -I/usr/src/azl/BUILD/shim-15.8/Cryptlib/OpenSSL/crypto/modes -I/usr/src/azl/BUILD/shim-15.8/Cryptlib/OpenSSL/crypto/include -isystem /usr/src/azl/BUILD/shim-15.8/include/system -isystem /usr/lib/gcc/aarch64-unknown-linux-gnu/13.2.0/include -DL_ENDIAN -D_CRT_SECURE_NO_DEPRECATE -D_CRT_NONSTDC_NO_DEPRECATE -DOPENSSL_SMALL_FOOTPRINT -DPEDANTIC -DMDE_CPU_AARCH64   -c -o crypto/x509v3/pcy_data.o /usr/src/azl/BUILD/shim-15.8/Cryptlib/OpenSSL/crypto/x509v3/pcy_data.c
gcc -std=gnu11 -ggdb -ffreestanding -fmacro-prefix-map=/usr/src/azl/BUILD/shim-15.8/= -fno-stack-protector -fno-strict-aliasing -fpic -fshort-wchar -nostdinc -Os -Wall -Wextra -Wno-missing-field-initializers -Wno-empty-body -Wno-implicit-fallthrough -Wno-old-style-declaration -Wno-unused-but-set-variable -Wno-unused-parameter -Werror -I/usr/src/azl/BUILD/shim-15.8/Cryptlib/OpenSSL -I/usr/src/azl/BUILD/shim-15.8/Cryptlib -I/usr/src/azl/BUILD/shim-15.8/Cryptlib/OpenSSL/Include/ -I/usr/src/azl/BUILD/shim-15.8/Cryptlib/OpenSSL/crypto -I/usr/src/azl/BUILD/shim-15.8/Cryptlib/Include -I/usr/src/azl/BUILD/shim-15.8/gnu-efi/inc -I/usr/src/azl/BUILD/shim-15.8/gnu-efi/inc/aarch64 -I/usr/src/azl/BUILD/shim-15.8/gnu-efi/inc/protocol -I/usr/src/azl/BUILD/shim-15.8/Cryptlib/OpenSSL/crypto/asn1 -I/usr/src/azl/BUILD/shim-15.8/Cryptlib/OpenSSL/crypto/evp -I/usr/src/azl/BUILD/shim-15.8/Cryptlib/OpenSSL/crypto/modes -I/usr/src/azl/BUILD/shim-15.8/Cryptlib/OpenSSL/crypto/include -isystem /usr/src/azl/BUILD/shim-15.8/include/system -isystem /usr/lib/gcc/aarch64-unknown-linux-gnu/13.2.0/include -DL_ENDIAN -D_CRT_SECURE_NO_DEPRECATE -D_CRT_NONSTDC_NO_DEPRECATE -DOPENSSL_SMALL_FOOTPRINT -DPEDANTIC -DMDE_CPU_AARCH64   -c -o crypto/x509v3/pcy_map.o /usr/src/azl/BUILD/shim-15.8/Cryptlib/OpenSSL/crypto/x509v3/pcy_map.c
gcc -std=gnu11 -ggdb -ffreestanding -fmacro-prefix-map=/usr/src/azl/BUILD/shim-15.8/= -fno-stack-protector -fno-strict-aliasing -fpic -fshort-wchar -nostdinc -Os -Wall -Wextra -Wno-missing-field-initializers -Wno-empty-body -Wno-implicit-fallthrough -Wno-old-style-declaration -Wno-unused-but-set-variable -Wno-unused-parameter -Werror -I/usr/src/azl/BUILD/shim-15.8/Cryptlib/OpenSSL -I/usr/src/azl/BUILD/shim-15.8/Cryptlib -I/usr/src/azl/BUILD/shim-15.8/Cryptlib/OpenSSL/Include/ -I/usr/src/azl/BUILD/shim-15.8/Cryptlib/OpenSSL/crypto -I/usr/src/azl/BUILD/shim-15.8/Cryptlib/Include -I/usr/src/azl/BUILD/shim-15.8/gnu-efi/inc -I/usr/src/azl/BUILD/shim-15.8/gnu-efi/inc/aarch64 -I/usr/src/azl/BUILD/shim-15.8/gnu-efi/inc/protocol -I/usr/src/azl/BUILD/shim-15.8/Cryptlib/OpenSSL/crypto/asn1 -I/usr/src/azl/BUILD/shim-15.8/Cryptlib/OpenSSL/crypto/evp -I/usr/src/azl/BUILD/shim-15.8/Cryptlib/OpenSSL/crypto/modes -I/usr/src/azl/BUILD/shim-15.8/Cryptlib/OpenSSL/crypto/include -isystem /usr/src/azl/BUILD/shim-15.8/include/system -isystem /usr/lib/gcc/aarch64-unknown-linux-gnu/13.2.0/include -DL_ENDIAN -D_CRT_SECURE_NO_DEPRECATE -D_CRT_NONSTDC_NO_DEPRECATE -DOPENSSL_SMALL_FOOTPRINT -DPEDANTIC -DMDE_CPU_AARCH64   -c -o crypto/x509v3/pcy_tree.o /usr/src/azl/BUILD/shim-15.8/Cryptlib/OpenSSL/crypto/x509v3/pcy_tree.c
gcc -std=gnu11 -ggdb -ffreestanding -fmacro-prefix-map=/usr/src/azl/BUILD/shim-15.8/= -fno-stack-protector -fno-strict-aliasing -fpic -fshort-wchar -nostdinc -Os -Wall -Wextra -Wno-missing-field-initializers -Wno-empty-body -Wno-implicit-fallthrough -Wno-old-style-declaration -Wno-unused-but-set-variable -Wno-unused-parameter -Werror -I/usr/src/azl/BUILD/shim-15.8/Cryptlib/OpenSSL -I/usr/src/azl/BUILD/shim-15.8/Cryptlib -I/usr/src/azl/BUILD/shim-15.8/Cryptlib/OpenSSL/Include/ -I/usr/src/azl/BUILD/shim-15.8/Cryptlib/OpenSSL/crypto -I/usr/src/azl/BUILD/shim-15.8/Cryptlib/Include -I/usr/src/azl/BUILD/shim-15.8/gnu-efi/inc -I/usr/src/azl/BUILD/shim-15.8/gnu-efi/inc/aarch64 -I/usr/src/azl/BUILD/shim-15.8/gnu-efi/inc/protocol -I/usr/src/azl/BUILD/shim-15.8/Cryptlib/OpenSSL/crypto/asn1 -I/usr/src/azl/BUILD/shim-15.8/Cryptlib/OpenSSL/crypto/evp -I/usr/src/azl/BUILD/shim-15.8/Cryptlib/OpenSSL/crypto/modes -I/usr/src/azl/BUILD/shim-15.8/Cryptlib/OpenSSL/crypto/include -isystem /usr/src/azl/BUILD/shim-15.8/include/system -isystem /usr/lib/gcc/aarch64-unknown-linux-gnu/13.2.0/include -DL_ENDIAN -D_CRT_SECURE_NO_DEPRECATE -D_CRT_NONSTDC_NO_DEPRECATE -DOPENSSL_SMALL_FOOTPRINT -DPEDANTIC -DMDE_CPU_AARCH64   -c -o crypto/x509v3/pcy_lib.o /usr/src/azl/BUILD/shim-15.8/Cryptlib/OpenSSL/crypto/x509v3/pcy_lib.c
gcc -std=gnu11 -ggdb -ffreestanding -fmacro-prefix-map=/usr/src/azl/BUILD/shim-15.8/= -fno-stack-protector -fno-strict-aliasing -fpic -fshort-wchar -nostdinc -Os -Wall -Wextra -Wno-missing-field-initializers -Wno-empty-body -Wno-implicit-fallthrough -Wno-old-style-declaration -Wno-unused-but-set-variable -Wno-unused-parameter -Werror -I/usr/src/azl/BUILD/shim-15.8/Cryptlib/OpenSSL -I/usr/src/azl/BUILD/shim-15.8/Cryptlib -I/usr/src/azl/BUILD/shim-15.8/Cryptlib/OpenSSL/Include/ -I/usr/src/azl/BUILD/shim-15.8/Cryptlib/OpenSSL/crypto -I/usr/src/azl/BUILD/shim-15.8/Cryptlib/Include -I/usr/src/azl/BUILD/shim-15.8/gnu-efi/inc -I/usr/src/azl/BUILD/shim-15.8/gnu-efi/inc/aarch64 -I/usr/src/azl/BUILD/shim-15.8/gnu-efi/inc/protocol -I/usr/src/azl/BUILD/shim-15.8/Cryptlib/OpenSSL/crypto/asn1 -I/usr/src/azl/BUILD/shim-15.8/Cryptlib/OpenSSL/crypto/evp -I/usr/src/azl/BUILD/shim-15.8/Cryptlib/OpenSSL/crypto/modes -I/usr/src/azl/BUILD/shim-15.8/Cryptlib/OpenSSL/crypto/include -isystem /usr/src/azl/BUILD/shim-15.8/include/system -isystem /usr/lib/gcc/aarch64-unknown-linux-gnu/13.2.0/include -DL_ENDIAN -D_CRT_SECURE_NO_DEPRECATE -D_CRT_NONSTDC_NO_DEPRECATE -DOPENSSL_SMALL_FOOTPRINT -DPEDANTIC -DMDE_CPU_AARCH64   -c -o crypto/x509v3/v3_asid.o /usr/src/azl/BUILD/shim-15.8/Cryptlib/OpenSSL/crypto/x509v3/v3_asid.c
gcc -std=gnu11 -ggdb -ffreestanding -fmacro-prefix-map=/usr/src/azl/BUILD/shim-15.8/= -fno-stack-protector -fno-strict-aliasing -fpic -fshort-wchar -nostdinc -Os -Wall -Wextra -Wno-missing-field-initializers -Wno-empty-body -Wno-implicit-fallthrough -Wno-old-style-declaration -Wno-unused-but-set-variable -Wno-unused-parameter -Werror -I/usr/src/azl/BUILD/shim-15.8/Cryptlib/OpenSSL -I/usr/src/azl/BUILD/shim-15.8/Cryptlib -I/usr/src/azl/BUILD/shim-15.8/Cryptlib/OpenSSL/Include/ -I/usr/src/azl/BUILD/shim-15.8/Cryptlib/OpenSSL/crypto -I/usr/src/azl/BUILD/shim-15.8/Cryptlib/Include -I/usr/src/azl/BUILD/shim-15.8/gnu-efi/inc -I/usr/src/azl/BUILD/shim-15.8/gnu-efi/inc/aarch64 -I/usr/src/azl/BUILD/shim-15.8/gnu-efi/inc/protocol -I/usr/src/azl/BUILD/shim-15.8/Cryptlib/OpenSSL/crypto/asn1 -I/usr/src/azl/BUILD/shim-15.8/Cryptlib/OpenSSL/crypto/evp -I/usr/src/azl/BUILD/shim-15.8/Cryptlib/OpenSSL/crypto/modes -I/usr/src/azl/BUILD/shim-15.8/Cryptlib/OpenSSL/crypto/include -isystem /usr/src/azl/BUILD/shim-15.8/include/system -isystem /usr/lib/gcc/aarch64-unknown-linux-gnu/13.2.0/include -DL_ENDIAN -D_CRT_SECURE_NO_DEPRECATE -D_CRT_NONSTDC_NO_DEPRECATE -DOPENSSL_SMALL_FOOTPRINT -DPEDANTIC -DMDE_CPU_AARCH64   -c -o crypto/x509v3/v3_addr.o /usr/src/azl/BUILD/shim-15.8/Cryptlib/OpenSSL/crypto/x509v3/v3_addr.c
gcc -std=gnu11 -ggdb -ffreestanding -fmacro-prefix-map=/usr/src/azl/BUILD/shim-15.8/= -fno-stack-protector -fno-strict-aliasing -fpic -fshort-wchar -nostdinc -Os -Wall -Wextra -Wno-missing-field-initializers -Wno-empty-body -Wno-implicit-fallthrough -Wno-old-style-declaration -Wno-unused-but-set-variable -Wno-unused-parameter -Werror -I/usr/src/azl/BUILD/shim-15.8/Cryptlib/OpenSSL -I/usr/src/azl/BUILD/shim-15.8/Cryptlib -I/usr/src/azl/BUILD/shim-15.8/Cryptlib/OpenSSL/Include/ -I/usr/src/azl/BUILD/shim-15.8/Cryptlib/OpenSSL/crypto -I/usr/src/azl/BUILD/shim-15.8/Cryptlib/Include -I/usr/src/azl/BUILD/shim-15.8/gnu-efi/inc -I/usr/src/azl/BUILD/shim-15.8/gnu-efi/inc/aarch64 -I/usr/src/azl/BUILD/shim-15.8/gnu-efi/inc/protocol -I/usr/src/azl/BUILD/shim-15.8/Cryptlib/OpenSSL/crypto/asn1 -I/usr/src/azl/BUILD/shim-15.8/Cryptlib/OpenSSL/crypto/evp -I/usr/src/azl/BUILD/shim-15.8/Cryptlib/OpenSSL/crypto/modes -I/usr/src/azl/BUILD/shim-15.8/Cryptlib/OpenSSL/crypto/include -isystem /usr/src/azl/BUILD/shim-15.8/include/system -isystem /usr/lib/gcc/aarch64-unknown-linux-gnu/13.2.0/include -DL_ENDIAN -D_CRT_SECURE_NO_DEPRECATE -D_CRT_NONSTDC_NO_DEPRECATE -DOPENSSL_SMALL_FOOTPRINT -DPEDANTIC -DMDE_CPU_AARCH64   -c -o crypto/conf/conf_err.o /usr/src/azl/BUILD/shim-15.8/Cryptlib/OpenSSL/crypto/conf/conf_err.c
gcc -std=gnu11 -ggdb -ffreestanding -fmacro-prefix-map=/usr/src/azl/BUILD/shim-15.8/= -fno-stack-protector -fno-strict-aliasing -fpic -fshort-wchar -nostdinc -Os -Wall -Wextra -Wno-missing-field-initializers -Wno-empty-body -Wno-implicit-fallthrough -Wno-old-style-declaration -Wno-unused-but-set-variable -Wno-unused-parameter -Werror -I/usr/src/azl/BUILD/shim-15.8/Cryptlib/OpenSSL -I/usr/src/azl/BUILD/shim-15.8/Cryptlib -I/usr/src/azl/BUILD/shim-15.8/Cryptlib/OpenSSL/Include/ -I/usr/src/azl/BUILD/shim-15.8/Cryptlib/OpenSSL/crypto -I/usr/src/azl/BUILD/shim-15.8/Cryptlib/Include -I/usr/src/azl/BUILD/shim-15.8/gnu-efi/inc -I/usr/src/azl/BUILD/shim-15.8/gnu-efi/inc/aarch64 -I/usr/src/azl/BUILD/shim-15.8/gnu-efi/inc/protocol -I/usr/src/azl/BUILD/shim-15.8/Cryptlib/OpenSSL/crypto/asn1 -I/usr/src/azl/BUILD/shim-15.8/Cryptlib/OpenSSL/crypto/evp -I/usr/src/azl/BUILD/shim-15.8/Cryptlib/OpenSSL/crypto/modes -I/usr/src/azl/BUILD/shim-15.8/Cryptlib/OpenSSL/crypto/include -isystem /usr/src/azl/BUILD/shim-15.8/include/system -isystem /usr/lib/gcc/aarch64-unknown-linux-gnu/13.2.0/include -DL_ENDIAN -D_CRT_SECURE_NO_DEPRECATE -D_CRT_NONSTDC_NO_DEPRECATE -DOPENSSL_SMALL_FOOTPRINT -DPEDANTIC -DMDE_CPU_AARCH64   -c -o crypto/conf/conf_lib.o /usr/src/azl/BUILD/shim-15.8/Cryptlib/OpenSSL/crypto/conf/conf_lib.c
gcc -std=gnu11 -ggdb -ffreestanding -fmacro-prefix-map=/usr/src/azl/BUILD/shim-15.8/= -fno-stack-protector -fno-strict-aliasing -fpic -fshort-wchar -nostdinc -Os -Wall -Wextra -Wno-missing-field-initializers -Wno-empty-body -Wno-implicit-fallthrough -Wno-old-style-declaration -Wno-unused-but-set-variable -Wno-unused-parameter -Werror -I/usr/src/azl/BUILD/shim-15.8/Cryptlib/OpenSSL -I/usr/src/azl/BUILD/shim-15.8/Cryptlib -I/usr/src/azl/BUILD/shim-15.8/Cryptlib/OpenSSL/Include/ -I/usr/src/azl/BUILD/shim-15.8/Cryptlib/OpenSSL/crypto -I/usr/src/azl/BUILD/shim-15.8/Cryptlib/Include -I/usr/src/azl/BUILD/shim-15.8/gnu-efi/inc -I/usr/src/azl/BUILD/shim-15.8/gnu-efi/inc/aarch64 -I/usr/src/azl/BUILD/shim-15.8/gnu-efi/inc/protocol -I/usr/src/azl/BUILD/shim-15.8/Cryptlib/OpenSSL/crypto/asn1 -I/usr/src/azl/BUILD/shim-15.8/Cryptlib/OpenSSL/crypto/evp -I/usr/src/azl/BUILD/shim-15.8/Cryptlib/OpenSSL/crypto/modes -I/usr/src/azl/BUILD/shim-15.8/Cryptlib/OpenSSL/crypto/include -isystem /usr/src/azl/BUILD/shim-15.8/include/system -isystem /usr/lib/gcc/aarch64-unknown-linux-gnu/13.2.0/include -DL_ENDIAN -D_CRT_SECURE_NO_DEPRECATE -D_CRT_NONSTDC_NO_DEPRECATE -DOPENSSL_SMALL_FOOTPRINT -DPEDANTIC -DMDE_CPU_AARCH64   -c -o crypto/conf/conf_api.o /usr/src/azl/BUILD/shim-15.8/Cryptlib/OpenSSL/crypto/conf/conf_api.c
gcc -std=gnu11 -ggdb -ffreestanding -fmacro-prefix-map=/usr/src/azl/BUILD/shim-15.8/= -fno-stack-protector -fno-strict-aliasing -fpic -fshort-wchar -nostdinc -Os -Wall -Wextra -Wno-missing-field-initializers -Wno-empty-body -Wno-implicit-fallthrough -Wno-old-style-declaration -Wno-unused-but-set-variable -Wno-unused-parameter -Werror -I/usr/src/azl/BUILD/shim-15.8/Cryptlib/OpenSSL -I/usr/src/azl/BUILD/shim-15.8/Cryptlib -I/usr/src/azl/BUILD/shim-15.8/Cryptlib/OpenSSL/Include/ -I/usr/src/azl/BUILD/shim-15.8/Cryptlib/OpenSSL/crypto -I/usr/src/azl/BUILD/shim-15.8/Cryptlib/Include -I/usr/src/azl/BUILD/shim-15.8/gnu-efi/inc -I/usr/src/azl/BUILD/shim-15.8/gnu-efi/inc/aarch64 -I/usr/src/azl/BUILD/shim-15.8/gnu-efi/inc/protocol -I/usr/src/azl/BUILD/shim-15.8/Cryptlib/OpenSSL/crypto/asn1 -I/usr/src/azl/BUILD/shim-15.8/Cryptlib/OpenSSL/crypto/evp -I/usr/src/azl/BUILD/shim-15.8/Cryptlib/OpenSSL/crypto/modes -I/usr/src/azl/BUILD/shim-15.8/Cryptlib/OpenSSL/crypto/include -isystem /usr/src/azl/BUILD/shim-15.8/include/system -isystem /usr/lib/gcc/aarch64-unknown-linux-gnu/13.2.0/include -DL_ENDIAN -D_CRT_SECURE_NO_DEPRECATE -D_CRT_NONSTDC_NO_DEPRECATE -DOPENSSL_SMALL_FOOTPRINT -DPEDANTIC -DMDE_CPU_AARCH64   -c -o crypto/conf/conf_def.o /usr/src/azl/BUILD/shim-15.8/Cryptlib/OpenSSL/crypto/conf/conf_def.c
gcc -std=gnu11 -ggdb -ffreestanding -fmacro-prefix-map=/usr/src/azl/BUILD/shim-15.8/= -fno-stack-protector -fno-strict-aliasing -fpic -fshort-wchar -nostdinc -Os -Wall -Wextra -Wno-missing-field-initializers -Wno-empty-body -Wno-implicit-fallthrough -Wno-old-style-declaration -Wno-unused-but-set-variable -Wno-unused-parameter -Werror -I/usr/src/azl/BUILD/shim-15.8/Cryptlib/OpenSSL -I/usr/src/azl/BUILD/shim-15.8/Cryptlib -I/usr/src/azl/BUILD/shim-15.8/Cryptlib/OpenSSL/Include/ -I/usr/src/azl/BUILD/shim-15.8/Cryptlib/OpenSSL/crypto -I/usr/src/azl/BUILD/shim-15.8/Cryptlib/Include -I/usr/src/azl/BUILD/shim-15.8/gnu-efi/inc -I/usr/src/azl/BUILD/shim-15.8/gnu-efi/inc/aarch64 -I/usr/src/azl/BUILD/shim-15.8/gnu-efi/inc/protocol -I/usr/src/azl/BUILD/shim-15.8/Cryptlib/OpenSSL/crypto/asn1 -I/usr/src/azl/BUILD/shim-15.8/Cryptlib/OpenSSL/crypto/evp -I/usr/src/azl/BUILD/shim-15.8/Cryptlib/OpenSSL/crypto/modes -I/usr/src/azl/BUILD/shim-15.8/Cryptlib/OpenSSL/crypto/include -isystem /usr/src/azl/BUILD/shim-15.8/include/system -isystem /usr/lib/gcc/aarch64-unknown-linux-gnu/13.2.0/include -DL_ENDIAN -D_CRT_SECURE_NO_DEPRECATE -D_CRT_NONSTDC_NO_DEPRECATE -DOPENSSL_SMALL_FOOTPRINT -DPEDANTIC -DMDE_CPU_AARCH64   -c -o crypto/conf/conf_mod.o /usr/src/azl/BUILD/shim-15.8/Cryptlib/OpenSSL/crypto/conf/conf_mod.c
gcc -std=gnu11 -ggdb -ffreestanding -fmacro-prefix-map=/usr/src/azl/BUILD/shim-15.8/= -fno-stack-protector -fno-strict-aliasing -fpic -fshort-wchar -nostdinc -Os -Wall -Wextra -Wno-missing-field-initializers -Wno-empty-body -Wno-implicit-fallthrough -Wno-old-style-declaration -Wno-unused-but-set-variable -Wno-unused-parameter -Werror -I/usr/src/azl/BUILD/shim-15.8/Cryptlib/OpenSSL -I/usr/src/azl/BUILD/shim-15.8/Cryptlib -I/usr/src/azl/BUILD/shim-15.8/Cryptlib/OpenSSL/Include/ -I/usr/src/azl/BUILD/shim-15.8/Cryptlib/OpenSSL/crypto -I/usr/src/azl/BUILD/shim-15.8/Cryptlib/Include -I/usr/src/azl/BUILD/shim-15.8/gnu-efi/inc -I/usr/src/azl/BUILD/shim-15.8/gnu-efi/inc/aarch64 -I/usr/src/azl/BUILD/shim-15.8/gnu-efi/inc/protocol -I/usr/src/azl/BUILD/shim-15.8/Cryptlib/OpenSSL/crypto/asn1 -I/usr/src/azl/BUILD/shim-15.8/Cryptlib/OpenSSL/crypto/evp -I/usr/src/azl/BUILD/shim-15.8/Cryptlib/OpenSSL/crypto/modes -I/usr/src/azl/BUILD/shim-15.8/Cryptlib/OpenSSL/crypto/include -isystem /usr/src/azl/BUILD/shim-15.8/include/system -isystem /usr/lib/gcc/aarch64-unknown-linux-gnu/13.2.0/include -DL_ENDIAN -D_CRT_SECURE_NO_DEPRECATE -D_CRT_NONSTDC_NO_DEPRECATE -DOPENSSL_SMALL_FOOTPRINT -DPEDANTIC -DMDE_CPU_AARCH64   -c -o crypto/conf/conf_mall.o /usr/src/azl/BUILD/shim-15.8/Cryptlib/OpenSSL/crypto/conf/conf_mall.c
gcc -std=gnu11 -ggdb -ffreestanding -fmacro-prefix-map=/usr/src/azl/BUILD/shim-15.8/= -fno-stack-protector -fno-strict-aliasing -fpic -fshort-wchar -nostdinc -Os -Wall -Wextra -Wno-missing-field-initializers -Wno-empty-body -Wno-implicit-fallthrough -Wno-old-style-declaration -Wno-unused-but-set-variable -Wno-unused-parameter -Werror -I/usr/src/azl/BUILD/shim-15.8/Cryptlib/OpenSSL -I/usr/src/azl/BUILD/shim-15.8/Cryptlib -I/usr/src/azl/BUILD/shim-15.8/Cryptlib/OpenSSL/Include/ -I/usr/src/azl/BUILD/shim-15.8/Cryptlib/OpenSSL/crypto -I/usr/src/azl/BUILD/shim-15.8/Cryptlib/Include -I/usr/src/azl/BUILD/shim-15.8/gnu-efi/inc -I/usr/src/azl/BUILD/shim-15.8/gnu-efi/inc/aarch64 -I/usr/src/azl/BUILD/shim-15.8/gnu-efi/inc/protocol -I/usr/src/azl/BUILD/shim-15.8/Cryptlib/OpenSSL/crypto/asn1 -I/usr/src/azl/BUILD/shim-15.8/Cryptlib/OpenSSL/crypto/evp -I/usr/src/azl/BUILD/shim-15.8/Cryptlib/OpenSSL/crypto/modes -I/usr/src/azl/BUILD/shim-15.8/Cryptlib/OpenSSL/crypto/include -isystem /usr/src/azl/BUILD/shim-15.8/include/system -isystem /usr/lib/gcc/aarch64-unknown-linux-gnu/13.2.0/include -DL_ENDIAN -D_CRT_SECURE_NO_DEPRECATE -D_CRT_NONSTDC_NO_DEPRECATE -DOPENSSL_SMALL_FOOTPRINT -DPEDANTIC -DMDE_CPU_AARCH64   -c -o crypto/conf/conf_sap.o /usr/src/azl/BUILD/shim-15.8/Cryptlib/OpenSSL/crypto/conf/conf_sap.c
gcc -std=gnu11 -ggdb -ffreestanding -fmacro-prefix-map=/usr/src/azl/BUILD/shim-15.8/= -fno-stack-protector -fno-strict-aliasing -fpic -fshort-wchar -nostdinc -Os -Wall -Wextra -Wno-missing-field-initializers -Wno-empty-body -Wno-implicit-fallthrough -Wno-old-style-declaration -Wno-unused-but-set-variable -Wno-unused-parameter -Werror -I/usr/src/azl/BUILD/shim-15.8/Cryptlib/OpenSSL -I/usr/src/azl/BUILD/shim-15.8/Cryptlib -I/usr/src/azl/BUILD/shim-15.8/Cryptlib/OpenSSL/Include/ -I/usr/src/azl/BUILD/shim-15.8/Cryptlib/OpenSSL/crypto -I/usr/src/azl/BUILD/shim-15.8/Cryptlib/Include -I/usr/src/azl/BUILD/shim-15.8/gnu-efi/inc -I/usr/src/azl/BUILD/shim-15.8/gnu-efi/inc/aarch64 -I/usr/src/azl/BUILD/shim-15.8/gnu-efi/inc/protocol -I/usr/src/azl/BUILD/shim-15.8/Cryptlib/OpenSSL/crypto/asn1 -I/usr/src/azl/BUILD/shim-15.8/Cryptlib/OpenSSL/crypto/evp -I/usr/src/azl/BUILD/shim-15.8/Cryptlib/OpenSSL/crypto/modes -I/usr/src/azl/BUILD/shim-15.8/Cryptlib/OpenSSL/crypto/include -isystem /usr/src/azl/BUILD/shim-15.8/include/system -isystem /usr/lib/gcc/aarch64-unknown-linux-gnu/13.2.0/include -DL_ENDIAN -D_CRT_SECURE_NO_DEPRECATE -D_CRT_NONSTDC_NO_DEPRECATE -DOPENSSL_SMALL_FOOTPRINT -DPEDANTIC -DMDE_CPU_AARCH64   -c -o crypto/txt_db/txt_db.o /usr/src/azl/BUILD/shim-15.8/Cryptlib/OpenSSL/crypto/txt_db/txt_db.c
gcc -std=gnu11 -ggdb -ffreestanding -fmacro-prefix-map=/usr/src/azl/BUILD/shim-15.8/= -fno-stack-protector -fno-strict-aliasing -fpic -fshort-wchar -nostdinc -Os -Wall -Wextra -Wno-missing-field-initializers -Wno-empty-body -Wno-implicit-fallthrough -Wno-old-style-declaration -Wno-unused-but-set-variable -Wno-unused-parameter -Werror -I/usr/src/azl/BUILD/shim-15.8/Cryptlib/OpenSSL -I/usr/src/azl/BUILD/shim-15.8/Cryptlib -I/usr/src/azl/BUILD/shim-15.8/Cryptlib/OpenSSL/Include/ -I/usr/src/azl/BUILD/shim-15.8/Cryptlib/OpenSSL/crypto -I/usr/src/azl/BUILD/shim-15.8/Cryptlib/Include -I/usr/src/azl/BUILD/shim-15.8/gnu-efi/inc -I/usr/src/azl/BUILD/shim-15.8/gnu-efi/inc/aarch64 -I/usr/src/azl/BUILD/shim-15.8/gnu-efi/inc/protocol -I/usr/src/azl/BUILD/shim-15.8/Cryptlib/OpenSSL/crypto/asn1 -I/usr/src/azl/BUILD/shim-15.8/Cryptlib/OpenSSL/crypto/evp -I/usr/src/azl/BUILD/shim-15.8/Cryptlib/OpenSSL/crypto/modes -I/usr/src/azl/BUILD/shim-15.8/Cryptlib/OpenSSL/crypto/include -isystem /usr/src/azl/BUILD/shim-15.8/include/system -isystem /usr/lib/gcc/aarch64-unknown-linux-gnu/13.2.0/include -DL_ENDIAN -D_CRT_SECURE_NO_DEPRECATE -D_CRT_NONSTDC_NO_DEPRECATE -DOPENSSL_SMALL_FOOTPRINT -DPEDANTIC -DMDE_CPU_AARCH64   -c -o crypto/pkcs7/pk7_asn1.o /usr/src/azl/BUILD/shim-15.8/Cryptlib/OpenSSL/crypto/pkcs7/pk7_asn1.c
gcc -std=gnu11 -ggdb -ffreestanding -fmacro-prefix-map=/usr/src/azl/BUILD/shim-15.8/= -fno-stack-protector -fno-strict-aliasing -fpic -fshort-wchar -nostdinc -Os -Wall -Wextra -Wno-missing-field-initializers -Wno-empty-body -Wno-implicit-fallthrough -Wno-old-style-declaration -Wno-unused-but-set-variable -Wno-unused-parameter -Werror -I/usr/src/azl/BUILD/shim-15.8/Cryptlib/OpenSSL -I/usr/src/azl/BUILD/shim-15.8/Cryptlib -I/usr/src/azl/BUILD/shim-15.8/Cryptlib/OpenSSL/Include/ -I/usr/src/azl/BUILD/shim-15.8/Cryptlib/OpenSSL/crypto -I/usr/src/azl/BUILD/shim-15.8/Cryptlib/Include -I/usr/src/azl/BUILD/shim-15.8/gnu-efi/inc -I/usr/src/azl/BUILD/shim-15.8/gnu-efi/inc/aarch64 -I/usr/src/azl/BUILD/shim-15.8/gnu-efi/inc/protocol -I/usr/src/azl/BUILD/shim-15.8/Cryptlib/OpenSSL/crypto/asn1 -I/usr/src/azl/BUILD/shim-15.8/Cryptlib/OpenSSL/crypto/evp -I/usr/src/azl/BUILD/shim-15.8/Cryptlib/OpenSSL/crypto/modes -I/usr/src/azl/BUILD/shim-15.8/Cryptlib/OpenSSL/crypto/include -isystem /usr/src/azl/BUILD/shim-15.8/include/system -isystem /usr/lib/gcc/aarch64-unknown-linux-gnu/13.2.0/include -DL_ENDIAN -D_CRT_SECURE_NO_DEPRECATE -D_CRT_NONSTDC_NO_DEPRECATE -DOPENSSL_SMALL_FOOTPRINT -DPEDANTIC -DMDE_CPU_AARCH64   -c -o crypto/pkcs7/pk7_lib.o /usr/src/azl/BUILD/shim-15.8/Cryptlib/OpenSSL/crypto/pkcs7/pk7_lib.c
gcc -std=gnu11 -ggdb -ffreestanding -fmacro-prefix-map=/usr/src/azl/BUILD/shim-15.8/= -fno-stack-protector -fno-strict-aliasing -fpic -fshort-wchar -nostdinc -Os -Wall -Wextra -Wno-missing-field-initializers -Wno-empty-body -Wno-implicit-fallthrough -Wno-old-style-declaration -Wno-unused-but-set-variable -Wno-unused-parameter -Werror -I/usr/src/azl/BUILD/shim-15.8/Cryptlib/OpenSSL -I/usr/src/azl/BUILD/shim-15.8/Cryptlib -I/usr/src/azl/BUILD/shim-15.8/Cryptlib/OpenSSL/Include/ -I/usr/src/azl/BUILD/shim-15.8/Cryptlib/OpenSSL/crypto -I/usr/src/azl/BUILD/shim-15.8/Cryptlib/Include -I/usr/src/azl/BUILD/shim-15.8/gnu-efi/inc -I/usr/src/azl/BUILD/shim-15.8/gnu-efi/inc/aarch64 -I/usr/src/azl/BUILD/shim-15.8/gnu-efi/inc/protocol -I/usr/src/azl/BUILD/shim-15.8/Cryptlib/OpenSSL/crypto/asn1 -I/usr/src/azl/BUILD/shim-15.8/Cryptlib/OpenSSL/crypto/evp -I/usr/src/azl/BUILD/shim-15.8/Cryptlib/OpenSSL/crypto/modes -I/usr/src/azl/BUILD/shim-15.8/Cryptlib/OpenSSL/crypto/include -isystem /usr/src/azl/BUILD/shim-15.8/include/system -isystem /usr/lib/gcc/aarch64-unknown-linux-gnu/13.2.0/include -DL_ENDIAN -D_CRT_SECURE_NO_DEPRECATE -D_CRT_NONSTDC_NO_DEPRECATE -DOPENSSL_SMALL_FOOTPRINT -DPEDANTIC -DMDE_CPU_AARCH64   -c -o crypto/pkcs7/pkcs7err.o /usr/src/azl/BUILD/shim-15.8/Cryptlib/OpenSSL/crypto/pkcs7/pkcs7err.c
gcc -std=gnu11 -ggdb -ffreestanding -fmacro-prefix-map=/usr/src/azl/BUILD/shim-15.8/= -fno-stack-protector -fno-strict-aliasing -fpic -fshort-wchar -nostdinc -Os -Wall -Wextra -Wno-missing-field-initializers -Wno-empty-body -Wno-implicit-fallthrough -Wno-old-style-declaration -Wno-unused-but-set-variable -Wno-unused-parameter -Werror -I/usr/src/azl/BUILD/shim-15.8/Cryptlib/OpenSSL -I/usr/src/azl/BUILD/shim-15.8/Cryptlib -I/usr/src/azl/BUILD/shim-15.8/Cryptlib/OpenSSL/Include/ -I/usr/src/azl/BUILD/shim-15.8/Cryptlib/OpenSSL/crypto -I/usr/src/azl/BUILD/shim-15.8/Cryptlib/Include -I/usr/src/azl/BUILD/shim-15.8/gnu-efi/inc -I/usr/src/azl/BUILD/shim-15.8/gnu-efi/inc/aarch64 -I/usr/src/azl/BUILD/shim-15.8/gnu-efi/inc/protocol -I/usr/src/azl/BUILD/shim-15.8/Cryptlib/OpenSSL/crypto/asn1 -I/usr/src/azl/BUILD/shim-15.8/Cryptlib/OpenSSL/crypto/evp -I/usr/src/azl/BUILD/shim-15.8/Cryptlib/OpenSSL/crypto/modes -I/usr/src/azl/BUILD/shim-15.8/Cryptlib/OpenSSL/crypto/include -isystem /usr/src/azl/BUILD/shim-15.8/include/system -isystem /usr/lib/gcc/aarch64-unknown-linux-gnu/13.2.0/include -DL_ENDIAN -D_CRT_SECURE_NO_DEPRECATE -D_CRT_NONSTDC_NO_DEPRECATE -DOPENSSL_SMALL_FOOTPRINT -DPEDANTIC -DMDE_CPU_AARCH64   -c -o crypto/pkcs7/pk7_doit.o /usr/src/azl/BUILD/shim-15.8/Cryptlib/OpenSSL/crypto/pkcs7/pk7_doit.c
gcc -std=gnu11 -ggdb -ffreestanding -fmacro-prefix-map=/usr/src/azl/BUILD/shim-15.8/= -fno-stack-protector -fno-strict-aliasing -fpic -fshort-wchar -nostdinc -Os -Wall -Wextra -Wno-missing-field-initializers -Wno-empty-body -Wno-implicit-fallthrough -Wno-old-style-declaration -Wno-unused-but-set-variable -Wno-unused-parameter -Werror -I/usr/src/azl/BUILD/shim-15.8/Cryptlib/OpenSSL -I/usr/src/azl/BUILD/shim-15.8/Cryptlib -I/usr/src/azl/BUILD/shim-15.8/Cryptlib/OpenSSL/Include/ -I/usr/src/azl/BUILD/shim-15.8/Cryptlib/OpenSSL/crypto -I/usr/src/azl/BUILD/shim-15.8/Cryptlib/Include -I/usr/src/azl/BUILD/shim-15.8/gnu-efi/inc -I/usr/src/azl/BUILD/shim-15.8/gnu-efi/inc/aarch64 -I/usr/src/azl/BUILD/shim-15.8/gnu-efi/inc/protocol -I/usr/src/azl/BUILD/shim-15.8/Cryptlib/OpenSSL/crypto/asn1 -I/usr/src/azl/BUILD/shim-15.8/Cryptlib/OpenSSL/crypto/evp -I/usr/src/azl/BUILD/shim-15.8/Cryptlib/OpenSSL/crypto/modes -I/usr/src/azl/BUILD/shim-15.8/Cryptlib/OpenSSL/crypto/include -isystem /usr/src/azl/BUILD/shim-15.8/include/system -isystem /usr/lib/gcc/aarch64-unknown-linux-gnu/13.2.0/include -DL_ENDIAN -D_CRT_SECURE_NO_DEPRECATE -D_CRT_NONSTDC_NO_DEPRECATE -DOPENSSL_SMALL_FOOTPRINT -DPEDANTIC -DMDE_CPU_AARCH64   -c -o crypto/pkcs7/pk7_smime.o /usr/src/azl/BUILD/shim-15.8/Cryptlib/OpenSSL/crypto/pkcs7/pk7_smime.c
gcc -std=gnu11 -ggdb -ffreestanding -fmacro-prefix-map=/usr/src/azl/BUILD/shim-15.8/= -fno-stack-protector -fno-strict-aliasing -fpic -fshort-wchar -nostdinc -Os -Wall -Wextra -Wno-missing-field-initializers -Wno-empty-body -Wno-implicit-fallthrough -Wno-old-style-declaration -Wno-unused-but-set-variable -Wno-unused-parameter -Werror -I/usr/src/azl/BUILD/shim-15.8/Cryptlib/OpenSSL -I/usr/src/azl/BUILD/shim-15.8/Cryptlib -I/usr/src/azl/BUILD/shim-15.8/Cryptlib/OpenSSL/Include/ -I/usr/src/azl/BUILD/shim-15.8/Cryptlib/OpenSSL/crypto -I/usr/src/azl/BUILD/shim-15.8/Cryptlib/Include -I/usr/src/azl/BUILD/shim-15.8/gnu-efi/inc -I/usr/src/azl/BUILD/shim-15.8/gnu-efi/inc/aarch64 -I/usr/src/azl/BUILD/shim-15.8/gnu-efi/inc/protocol -I/usr/src/azl/BUILD/shim-15.8/Cryptlib/OpenSSL/crypto/asn1 -I/usr/src/azl/BUILD/shim-15.8/Cryptlib/OpenSSL/crypto/evp -I/usr/src/azl/BUILD/shim-15.8/Cryptlib/OpenSSL/crypto/modes -I/usr/src/azl/BUILD/shim-15.8/Cryptlib/OpenSSL/crypto/include -isystem /usr/src/azl/BUILD/shim-15.8/include/system -isystem /usr/lib/gcc/aarch64-unknown-linux-gnu/13.2.0/include -DL_ENDIAN -D_CRT_SECURE_NO_DEPRECATE -D_CRT_NONSTDC_NO_DEPRECATE -DOPENSSL_SMALL_FOOTPRINT -DPEDANTIC -DMDE_CPU_AARCH64   -c -o crypto/pkcs7/pk7_attr.o /usr/src/azl/BUILD/shim-15.8/Cryptlib/OpenSSL/crypto/pkcs7/pk7_attr.c
gcc -std=gnu11 -ggdb -ffreestanding -fmacro-prefix-map=/usr/src/azl/BUILD/shim-15.8/= -fno-stack-protector -fno-strict-aliasing -fpic -fshort-wchar -nostdinc -Os -Wall -Wextra -Wno-missing-field-initializers -Wno-empty-body -Wno-implicit-fallthrough -Wno-old-style-declaration -Wno-unused-but-set-variable -Wno-unused-parameter -Werror -I/usr/src/azl/BUILD/shim-15.8/Cryptlib/OpenSSL -I/usr/src/azl/BUILD/shim-15.8/Cryptlib -I/usr/src/azl/BUILD/shim-15.8/Cryptlib/OpenSSL/Include/ -I/usr/src/azl/BUILD/shim-15.8/Cryptlib/OpenSSL/crypto -I/usr/src/azl/BUILD/shim-15.8/Cryptlib/Include -I/usr/src/azl/BUILD/shim-15.8/gnu-efi/inc -I/usr/src/azl/BUILD/shim-15.8/gnu-efi/inc/aarch64 -I/usr/src/azl/BUILD/shim-15.8/gnu-efi/inc/protocol -I/usr/src/azl/BUILD/shim-15.8/Cryptlib/OpenSSL/crypto/asn1 -I/usr/src/azl/BUILD/shim-15.8/Cryptlib/OpenSSL/crypto/evp -I/usr/src/azl/BUILD/shim-15.8/Cryptlib/OpenSSL/crypto/modes -I/usr/src/azl/BUILD/shim-15.8/Cryptlib/OpenSSL/crypto/include -isystem /usr/src/azl/BUILD/shim-15.8/include/system -isystem /usr/lib/gcc/aarch64-unknown-linux-gnu/13.2.0/include -DL_ENDIAN -D_CRT_SECURE_NO_DEPRECATE -D_CRT_NONSTDC_NO_DEPRECATE -DOPENSSL_SMALL_FOOTPRINT -DPEDANTIC -DMDE_CPU_AARCH64   -c -o crypto/pkcs7/pk7_mime.o /usr/src/azl/BUILD/shim-15.8/Cryptlib/OpenSSL/crypto/pkcs7/pk7_mime.c
gcc -std=gnu11 -ggdb -ffreestanding -fmacro-prefix-map=/usr/src/azl/BUILD/shim-15.8/= -fno-stack-protector -fno-strict-aliasing -fpic -fshort-wchar -nostdinc -Os -Wall -Wextra -Wno-missing-field-initializers -Wno-empty-body -Wno-implicit-fallthrough -Wno-old-style-declaration -Wno-unused-but-set-variable -Wno-unused-parameter -Werror -I/usr/src/azl/BUILD/shim-15.8/Cryptlib/OpenSSL -I/usr/src/azl/BUILD/shim-15.8/Cryptlib -I/usr/src/azl/BUILD/shim-15.8/Cryptlib/OpenSSL/Include/ -I/usr/src/azl/BUILD/shim-15.8/Cryptlib/OpenSSL/crypto -I/usr/src/azl/BUILD/shim-15.8/Cryptlib/Include -I/usr/src/azl/BUILD/shim-15.8/gnu-efi/inc -I/usr/src/azl/BUILD/shim-15.8/gnu-efi/inc/aarch64 -I/usr/src/azl/BUILD/shim-15.8/gnu-efi/inc/protocol -I/usr/src/azl/BUILD/shim-15.8/Cryptlib/OpenSSL/crypto/asn1 -I/usr/src/azl/BUILD/shim-15.8/Cryptlib/OpenSSL/crypto/evp -I/usr/src/azl/BUILD/shim-15.8/Cryptlib/OpenSSL/crypto/modes -I/usr/src/azl/BUILD/shim-15.8/Cryptlib/OpenSSL/crypto/include -isystem /usr/src/azl/BUILD/shim-15.8/include/system -isystem /usr/lib/gcc/aarch64-unknown-linux-gnu/13.2.0/include -DL_ENDIAN -D_CRT_SECURE_NO_DEPRECATE -D_CRT_NONSTDC_NO_DEPRECATE -DOPENSSL_SMALL_FOOTPRINT -DPEDANTIC -DMDE_CPU_AARCH64   -c -o crypto/pkcs7/bio_pk7.o /usr/src/azl/BUILD/shim-15.8/Cryptlib/OpenSSL/crypto/pkcs7/bio_pk7.c
gcc -std=gnu11 -ggdb -ffreestanding -fmacro-prefix-map=/usr/src/azl/BUILD/shim-15.8/= -fno-stack-protector -fno-strict-aliasing -fpic -fshort-wchar -nostdinc -Os -Wall -Wextra -Wno-missing-field-initializers -Wno-empty-body -Wno-implicit-fallthrough -Wno-old-style-declaration -Wno-unused-but-set-variable -Wno-unused-parameter -Werror -I/usr/src/azl/BUILD/shim-15.8/Cryptlib/OpenSSL -I/usr/src/azl/BUILD/shim-15.8/Cryptlib -I/usr/src/azl/BUILD/shim-15.8/Cryptlib/OpenSSL/Include/ -I/usr/src/azl/BUILD/shim-15.8/Cryptlib/OpenSSL/crypto -I/usr/src/azl/BUILD/shim-15.8/Cryptlib/Include -I/usr/src/azl/BUILD/shim-15.8/gnu-efi/inc -I/usr/src/azl/BUILD/shim-15.8/gnu-efi/inc/aarch64 -I/usr/src/azl/BUILD/shim-15.8/gnu-efi/inc/protocol -I/usr/src/azl/BUILD/shim-15.8/Cryptlib/OpenSSL/crypto/asn1 -I/usr/src/azl/BUILD/shim-15.8/Cryptlib/OpenSSL/crypto/evp -I/usr/src/azl/BUILD/shim-15.8/Cryptlib/OpenSSL/crypto/modes -I/usr/src/azl/BUILD/shim-15.8/Cryptlib/OpenSSL/crypto/include -isystem /usr/src/azl/BUILD/shim-15.8/include/system -isystem /usr/lib/gcc/aarch64-unknown-linux-gnu/13.2.0/include -DL_ENDIAN -D_CRT_SECURE_NO_DEPRECATE -D_CRT_NONSTDC_NO_DEPRECATE -DOPENSSL_SMALL_FOOTPRINT -DPEDANTIC -DMDE_CPU_AARCH64   -c -o crypto/pkcs12/p12_add.o /usr/src/azl/BUILD/shim-15.8/Cryptlib/OpenSSL/crypto/pkcs12/p12_add.c
gcc -std=gnu11 -ggdb -ffreestanding -fmacro-prefix-map=/usr/src/azl/BUILD/shim-15.8/= -fno-stack-protector -fno-strict-aliasing -fpic -fshort-wchar -nostdinc -Os -Wall -Wextra -Wno-missing-field-initializers -Wno-empty-body -Wno-implicit-fallthrough -Wno-old-style-declaration -Wno-unused-but-set-variable -Wno-unused-parameter -Werror -I/usr/src/azl/BUILD/shim-15.8/Cryptlib/OpenSSL -I/usr/src/azl/BUILD/shim-15.8/Cryptlib -I/usr/src/azl/BUILD/shim-15.8/Cryptlib/OpenSSL/Include/ -I/usr/src/azl/BUILD/shim-15.8/Cryptlib/OpenSSL/crypto -I/usr/src/azl/BUILD/shim-15.8/Cryptlib/Include -I/usr/src/azl/BUILD/shim-15.8/gnu-efi/inc -I/usr/src/azl/BUILD/shim-15.8/gnu-efi/inc/aarch64 -I/usr/src/azl/BUILD/shim-15.8/gnu-efi/inc/protocol -I/usr/src/azl/BUILD/shim-15.8/Cryptlib/OpenSSL/crypto/asn1 -I/usr/src/azl/BUILD/shim-15.8/Cryptlib/OpenSSL/crypto/evp -I/usr/src/azl/BUILD/shim-15.8/Cryptlib/OpenSSL/crypto/modes -I/usr/src/azl/BUILD/shim-15.8/Cryptlib/OpenSSL/crypto/include -isystem /usr/src/azl/BUILD/shim-15.8/include/system -isystem /usr/lib/gcc/aarch64-unknown-linux-gnu/13.2.0/include -DL_ENDIAN -D_CRT_SECURE_NO_DEPRECATE -D_CRT_NONSTDC_NO_DEPRECATE -DOPENSSL_SMALL_FOOTPRINT -DPEDANTIC -DMDE_CPU_AARCH64   -c -o crypto/pkcs12/p12_asn.o /usr/src/azl/BUILD/shim-15.8/Cryptlib/OpenSSL/crypto/pkcs12/p12_asn.c
gcc -std=gnu11 -ggdb -ffreestanding -fmacro-prefix-map=/usr/src/azl/BUILD/shim-15.8/= -fno-stack-protector -fno-strict-aliasing -fpic -fshort-wchar -nostdinc -Os -Wall -Wextra -Wno-missing-field-initializers -Wno-empty-body -Wno-implicit-fallthrough -Wno-old-style-declaration -Wno-unused-but-set-variable -Wno-unused-parameter -Werror -I/usr/src/azl/BUILD/shim-15.8/Cryptlib/OpenSSL -I/usr/src/azl/BUILD/shim-15.8/Cryptlib -I/usr/src/azl/BUILD/shim-15.8/Cryptlib/OpenSSL/Include/ -I/usr/src/azl/BUILD/shim-15.8/Cryptlib/OpenSSL/crypto -I/usr/src/azl/BUILD/shim-15.8/Cryptlib/Include -I/usr/src/azl/BUILD/shim-15.8/gnu-efi/inc -I/usr/src/azl/BUILD/shim-15.8/gnu-efi/inc/aarch64 -I/usr/src/azl/BUILD/shim-15.8/gnu-efi/inc/protocol -I/usr/src/azl/BUILD/shim-15.8/Cryptlib/OpenSSL/crypto/asn1 -I/usr/src/azl/BUILD/shim-15.8/Cryptlib/OpenSSL/crypto/evp -I/usr/src/azl/BUILD/shim-15.8/Cryptlib/OpenSSL/crypto/modes -I/usr/src/azl/BUILD/shim-15.8/Cryptlib/OpenSSL/crypto/include -isystem /usr/src/azl/BUILD/shim-15.8/include/system -isystem /usr/lib/gcc/aarch64-unknown-linux-gnu/13.2.0/include -DL_ENDIAN -D_CRT_SECURE_NO_DEPRECATE -D_CRT_NONSTDC_NO_DEPRECATE -DOPENSSL_SMALL_FOOTPRINT -DPEDANTIC -DMDE_CPU_AARCH64   -c -o crypto/pkcs12/p12_attr.o /usr/src/azl/BUILD/shim-15.8/Cryptlib/OpenSSL/crypto/pkcs12/p12_attr.c
gcc -std=gnu11 -ggdb -ffreestanding -fmacro-prefix-map=/usr/src/azl/BUILD/shim-15.8/= -fno-stack-protector -fno-strict-aliasing -fpic -fshort-wchar -nostdinc -Os -Wall -Wextra -Wno-missing-field-initializers -Wno-empty-body -Wno-implicit-fallthrough -Wno-old-style-declaration -Wno-unused-but-set-variable -Wno-unused-parameter -Werror -I/usr/src/azl/BUILD/shim-15.8/Cryptlib/OpenSSL -I/usr/src/azl/BUILD/shim-15.8/Cryptlib -I/usr/src/azl/BUILD/shim-15.8/Cryptlib/OpenSSL/Include/ -I/usr/src/azl/BUILD/shim-15.8/Cryptlib/OpenSSL/crypto -I/usr/src/azl/BUILD/shim-15.8/Cryptlib/Include -I/usr/src/azl/BUILD/shim-15.8/gnu-efi/inc -I/usr/src/azl/BUILD/shim-15.8/gnu-efi/inc/aarch64 -I/usr/src/azl/BUILD/shim-15.8/gnu-efi/inc/protocol -I/usr/src/azl/BUILD/shim-15.8/Cryptlib/OpenSSL/crypto/asn1 -I/usr/src/azl/BUILD/shim-15.8/Cryptlib/OpenSSL/crypto/evp -I/usr/src/azl/BUILD/shim-15.8/Cryptlib/OpenSSL/crypto/modes -I/usr/src/azl/BUILD/shim-15.8/Cryptlib/OpenSSL/crypto/include -isystem /usr/src/azl/BUILD/shim-15.8/include/system -isystem /usr/lib/gcc/aarch64-unknown-linux-gnu/13.2.0/include -DL_ENDIAN -D_CRT_SECURE_NO_DEPRECATE -D_CRT_NONSTDC_NO_DEPRECATE -DOPENSSL_SMALL_FOOTPRINT -DPEDANTIC -DMDE_CPU_AARCH64   -c -o crypto/pkcs12/p12_crpt.o /usr/src/azl/BUILD/shim-15.8/Cryptlib/OpenSSL/crypto/pkcs12/p12_crpt.c
gcc -std=gnu11 -ggdb -ffreestanding -fmacro-prefix-map=/usr/src/azl/BUILD/shim-15.8/= -fno-stack-protector -fno-strict-aliasing -fpic -fshort-wchar -nostdinc -Os -Wall -Wextra -Wno-missing-field-initializers -Wno-empty-body -Wno-implicit-fallthrough -Wno-old-style-declaration -Wno-unused-but-set-variable -Wno-unused-parameter -Werror -I/usr/src/azl/BUILD/shim-15.8/Cryptlib/OpenSSL -I/usr/src/azl/BUILD/shim-15.8/Cryptlib -I/usr/src/azl/BUILD/shim-15.8/Cryptlib/OpenSSL/Include/ -I/usr/src/azl/BUILD/shim-15.8/Cryptlib/OpenSSL/crypto -I/usr/src/azl/BUILD/shim-15.8/Cryptlib/Include -I/usr/src/azl/BUILD/shim-15.8/gnu-efi/inc -I/usr/src/azl/BUILD/shim-15.8/gnu-efi/inc/aarch64 -I/usr/src/azl/BUILD/shim-15.8/gnu-efi/inc/protocol -I/usr/src/azl/BUILD/shim-15.8/Cryptlib/OpenSSL/crypto/asn1 -I/usr/src/azl/BUILD/shim-15.8/Cryptlib/OpenSSL/crypto/evp -I/usr/src/azl/BUILD/shim-15.8/Cryptlib/OpenSSL/crypto/modes -I/usr/src/azl/BUILD/shim-15.8/Cryptlib/OpenSSL/crypto/include -isystem /usr/src/azl/BUILD/shim-15.8/include/system -isystem /usr/lib/gcc/aarch64-unknown-linux-gnu/13.2.0/include -DL_ENDIAN -D_CRT_SECURE_NO_DEPRECATE -D_CRT_NONSTDC_NO_DEPRECATE -DOPENSSL_SMALL_FOOTPRINT -DPEDANTIC -DMDE_CPU_AARCH64   -c -o crypto/pkcs12/p12_crt.o /usr/src/azl/BUILD/shim-15.8/Cryptlib/OpenSSL/crypto/pkcs12/p12_crt.c
gcc -std=gnu11 -ggdb -ffreestanding -fmacro-prefix-map=/usr/src/azl/BUILD/shim-15.8/= -fno-stack-protector -fno-strict-aliasing -fpic -fshort-wchar -nostdinc -Os -Wall -Wextra -Wno-missing-field-initializers -Wno-empty-body -Wno-implicit-fallthrough -Wno-old-style-declaration -Wno-unused-but-set-variable -Wno-unused-parameter -Werror -I/usr/src/azl/BUILD/shim-15.8/Cryptlib/OpenSSL -I/usr/src/azl/BUILD/shim-15.8/Cryptlib -I/usr/src/azl/BUILD/shim-15.8/Cryptlib/OpenSSL/Include/ -I/usr/src/azl/BUILD/shim-15.8/Cryptlib/OpenSSL/crypto -I/usr/src/azl/BUILD/shim-15.8/Cryptlib/Include -I/usr/src/azl/BUILD/shim-15.8/gnu-efi/inc -I/usr/src/azl/BUILD/shim-15.8/gnu-efi/inc/aarch64 -I/usr/src/azl/BUILD/shim-15.8/gnu-efi/inc/protocol -I/usr/src/azl/BUILD/shim-15.8/Cryptlib/OpenSSL/crypto/asn1 -I/usr/src/azl/BUILD/shim-15.8/Cryptlib/OpenSSL/crypto/evp -I/usr/src/azl/BUILD/shim-15.8/Cryptlib/OpenSSL/crypto/modes -I/usr/src/azl/BUILD/shim-15.8/Cryptlib/OpenSSL/crypto/include -isystem /usr/src/azl/BUILD/shim-15.8/include/system -isystem /usr/lib/gcc/aarch64-unknown-linux-gnu/13.2.0/include -DL_ENDIAN -D_CRT_SECURE_NO_DEPRECATE -D_CRT_NONSTDC_NO_DEPRECATE -DOPENSSL_SMALL_FOOTPRINT -DPEDANTIC -DMDE_CPU_AARCH64   -c -o crypto/pkcs12/p12_decr.o /usr/src/azl/BUILD/shim-15.8/Cryptlib/OpenSSL/crypto/pkcs12/p12_decr.c
gcc -std=gnu11 -ggdb -ffreestanding -fmacro-prefix-map=/usr/src/azl/BUILD/shim-15.8/= -fno-stack-protector -fno-strict-aliasing -fpic -fshort-wchar -nostdinc -Os -Wall -Wextra -Wno-missing-field-initializers -Wno-empty-body -Wno-implicit-fallthrough -Wno-old-style-declaration -Wno-unused-but-set-variable -Wno-unused-parameter -Werror -I/usr/src/azl/BUILD/shim-15.8/Cryptlib/OpenSSL -I/usr/src/azl/BUILD/shim-15.8/Cryptlib -I/usr/src/azl/BUILD/shim-15.8/Cryptlib/OpenSSL/Include/ -I/usr/src/azl/BUILD/shim-15.8/Cryptlib/OpenSSL/crypto -I/usr/src/azl/BUILD/shim-15.8/Cryptlib/Include -I/usr/src/azl/BUILD/shim-15.8/gnu-efi/inc -I/usr/src/azl/BUILD/shim-15.8/gnu-efi/inc/aarch64 -I/usr/src/azl/BUILD/shim-15.8/gnu-efi/inc/protocol -I/usr/src/azl/BUILD/shim-15.8/Cryptlib/OpenSSL/crypto/asn1 -I/usr/src/azl/BUILD/shim-15.8/Cryptlib/OpenSSL/crypto/evp -I/usr/src/azl/BUILD/shim-15.8/Cryptlib/OpenSSL/crypto/modes -I/usr/src/azl/BUILD/shim-15.8/Cryptlib/OpenSSL/crypto/include -isystem /usr/src/azl/BUILD/shim-15.8/include/system -isystem /usr/lib/gcc/aarch64-unknown-linux-gnu/13.2.0/include -DL_ENDIAN -D_CRT_SECURE_NO_DEPRECATE -D_CRT_NONSTDC_NO_DEPRECATE -DOPENSSL_SMALL_FOOTPRINT -DPEDANTIC -DMDE_CPU_AARCH64   -c -o crypto/pkcs12/p12_init.o /usr/src/azl/BUILD/shim-15.8/Cryptlib/OpenSSL/crypto/pkcs12/p12_init.c
gcc -std=gnu11 -ggdb -ffreestanding -fmacro-prefix-map=/usr/src/azl/BUILD/shim-15.8/= -fno-stack-protector -fno-strict-aliasing -fpic -fshort-wchar -nostdinc -Os -Wall -Wextra -Wno-missing-field-initializers -Wno-empty-body -Wno-implicit-fallthrough -Wno-old-style-declaration -Wno-unused-but-set-variable -Wno-unused-parameter -Werror -I/usr/src/azl/BUILD/shim-15.8/Cryptlib/OpenSSL -I/usr/src/azl/BUILD/shim-15.8/Cryptlib -I/usr/src/azl/BUILD/shim-15.8/Cryptlib/OpenSSL/Include/ -I/usr/src/azl/BUILD/shim-15.8/Cryptlib/OpenSSL/crypto -I/usr/src/azl/BUILD/shim-15.8/Cryptlib/Include -I/usr/src/azl/BUILD/shim-15.8/gnu-efi/inc -I/usr/src/azl/BUILD/shim-15.8/gnu-efi/inc/aarch64 -I/usr/src/azl/BUILD/shim-15.8/gnu-efi/inc/protocol -I/usr/src/azl/BUILD/shim-15.8/Cryptlib/OpenSSL/crypto/asn1 -I/usr/src/azl/BUILD/shim-15.8/Cryptlib/OpenSSL/crypto/evp -I/usr/src/azl/BUILD/shim-15.8/Cryptlib/OpenSSL/crypto/modes -I/usr/src/azl/BUILD/shim-15.8/Cryptlib/OpenSSL/crypto/include -isystem /usr/src/azl/BUILD/shim-15.8/include/system -isystem /usr/lib/gcc/aarch64-unknown-linux-gnu/13.2.0/include -DL_ENDIAN -D_CRT_SECURE_NO_DEPRECATE -D_CRT_NONSTDC_NO_DEPRECATE -DOPENSSL_SMALL_FOOTPRINT -DPEDANTIC -DMDE_CPU_AARCH64   -c -o crypto/pkcs12/p12_key.o /usr/src/azl/BUILD/shim-15.8/Cryptlib/OpenSSL/crypto/pkcs12/p12_key.c
gcc -std=gnu11 -ggdb -ffreestanding -fmacro-prefix-map=/usr/src/azl/BUILD/shim-15.8/= -fno-stack-protector -fno-strict-aliasing -fpic -fshort-wchar -nostdinc -Os -Wall -Wextra -Wno-missing-field-initializers -Wno-empty-body -Wno-implicit-fallthrough -Wno-old-style-declaration -Wno-unused-but-set-variable -Wno-unused-parameter -Werror -I/usr/src/azl/BUILD/shim-15.8/Cryptlib/OpenSSL -I/usr/src/azl/BUILD/shim-15.8/Cryptlib -I/usr/src/azl/BUILD/shim-15.8/Cryptlib/OpenSSL/Include/ -I/usr/src/azl/BUILD/shim-15.8/Cryptlib/OpenSSL/crypto -I/usr/src/azl/BUILD/shim-15.8/Cryptlib/Include -I/usr/src/azl/BUILD/shim-15.8/gnu-efi/inc -I/usr/src/azl/BUILD/shim-15.8/gnu-efi/inc/aarch64 -I/usr/src/azl/BUILD/shim-15.8/gnu-efi/inc/protocol -I/usr/src/azl/BUILD/shim-15.8/Cryptlib/OpenSSL/crypto/asn1 -I/usr/src/azl/BUILD/shim-15.8/Cryptlib/OpenSSL/crypto/evp -I/usr/src/azl/BUILD/shim-15.8/Cryptlib/OpenSSL/crypto/modes -I/usr/src/azl/BUILD/shim-15.8/Cryptlib/OpenSSL/crypto/include -isystem /usr/src/azl/BUILD/shim-15.8/include/system -isystem /usr/lib/gcc/aarch64-unknown-linux-gnu/13.2.0/include -DL_ENDIAN -D_CRT_SECURE_NO_DEPRECATE -D_CRT_NONSTDC_NO_DEPRECATE -DOPENSSL_SMALL_FOOTPRINT -DPEDANTIC -DMDE_CPU_AARCH64   -c -o crypto/pkcs12/p12_kiss.o /usr/src/azl/BUILD/shim-15.8/Cryptlib/OpenSSL/crypto/pkcs12/p12_kiss.c
gcc -std=gnu11 -ggdb -ffreestanding -fmacro-prefix-map=/usr/src/azl/BUILD/shim-15.8/= -fno-stack-protector -fno-strict-aliasing -fpic -fshort-wchar -nostdinc -Os -Wall -Wextra -Wno-missing-field-initializers -Wno-empty-body -Wno-implicit-fallthrough -Wno-old-style-declaration -Wno-unused-but-set-variable -Wno-unused-parameter -Werror -I/usr/src/azl/BUILD/shim-15.8/Cryptlib/OpenSSL -I/usr/src/azl/BUILD/shim-15.8/Cryptlib -I/usr/src/azl/BUILD/shim-15.8/Cryptlib/OpenSSL/Include/ -I/usr/src/azl/BUILD/shim-15.8/Cryptlib/OpenSSL/crypto -I/usr/src/azl/BUILD/shim-15.8/Cryptlib/Include -I/usr/src/azl/BUILD/shim-15.8/gnu-efi/inc -I/usr/src/azl/BUILD/shim-15.8/gnu-efi/inc/aarch64 -I/usr/src/azl/BUILD/shim-15.8/gnu-efi/inc/protocol -I/usr/src/azl/BUILD/shim-15.8/Cryptlib/OpenSSL/crypto/asn1 -I/usr/src/azl/BUILD/shim-15.8/Cryptlib/OpenSSL/crypto/evp -I/usr/src/azl/BUILD/shim-15.8/Cryptlib/OpenSSL/crypto/modes -I/usr/src/azl/BUILD/shim-15.8/Cryptlib/OpenSSL/crypto/include -isystem /usr/src/azl/BUILD/shim-15.8/include/system -isystem /usr/lib/gcc/aarch64-unknown-linux-gnu/13.2.0/include -DL_ENDIAN -D_CRT_SECURE_NO_DEPRECATE -D_CRT_NONSTDC_NO_DEPRECATE -DOPENSSL_SMALL_FOOTPRINT -DPEDANTIC -DMDE_CPU_AARCH64   -c -o crypto/pkcs12/p12_mutl.o /usr/src/azl/BUILD/shim-15.8/Cryptlib/OpenSSL/crypto/pkcs12/p12_mutl.c
gcc -std=gnu11 -ggdb -ffreestanding -fmacro-prefix-map=/usr/src/azl/BUILD/shim-15.8/= -fno-stack-protector -fno-strict-aliasing -fpic -fshort-wchar -nostdinc -Os -Wall -Wextra -Wno-missing-field-initializers -Wno-empty-body -Wno-implicit-fallthrough -Wno-old-style-declaration -Wno-unused-but-set-variable -Wno-unused-parameter -Werror -I/usr/src/azl/BUILD/shim-15.8/Cryptlib/OpenSSL -I/usr/src/azl/BUILD/shim-15.8/Cryptlib -I/usr/src/azl/BUILD/shim-15.8/Cryptlib/OpenSSL/Include/ -I/usr/src/azl/BUILD/shim-15.8/Cryptlib/OpenSSL/crypto -I/usr/src/azl/BUILD/shim-15.8/Cryptlib/Include -I/usr/src/azl/BUILD/shim-15.8/gnu-efi/inc -I/usr/src/azl/BUILD/shim-15.8/gnu-efi/inc/aarch64 -I/usr/src/azl/BUILD/shim-15.8/gnu-efi/inc/protocol -I/usr/src/azl/BUILD/shim-15.8/Cryptlib/OpenSSL/crypto/asn1 -I/usr/src/azl/BUILD/shim-15.8/Cryptlib/OpenSSL/crypto/evp -I/usr/src/azl/BUILD/shim-15.8/Cryptlib/OpenSSL/crypto/modes -I/usr/src/azl/BUILD/shim-15.8/Cryptlib/OpenSSL/crypto/include -isystem /usr/src/azl/BUILD/shim-15.8/include/system -isystem /usr/lib/gcc/aarch64-unknown-linux-gnu/13.2.0/include -DL_ENDIAN -D_CRT_SECURE_NO_DEPRECATE -D_CRT_NONSTDC_NO_DEPRECATE -DOPENSSL_SMALL_FOOTPRINT -DPEDANTIC -DMDE_CPU_AARCH64   -c -o crypto/pkcs12/p12_utl.o /usr/src/azl/BUILD/shim-15.8/Cryptlib/OpenSSL/crypto/pkcs12/p12_utl.c
gcc -std=gnu11 -ggdb -ffreestanding -fmacro-prefix-map=/usr/src/azl/BUILD/shim-15.8/= -fno-stack-protector -fno-strict-aliasing -fpic -fshort-wchar -nostdinc -Os -Wall -Wextra -Wno-missing-field-initializers -Wno-empty-body -Wno-implicit-fallthrough -Wno-old-style-declaration -Wno-unused-but-set-variable -Wno-unused-parameter -Werror -I/usr/src/azl/BUILD/shim-15.8/Cryptlib/OpenSSL -I/usr/src/azl/BUILD/shim-15.8/Cryptlib -I/usr/src/azl/BUILD/shim-15.8/Cryptlib/OpenSSL/Include/ -I/usr/src/azl/BUILD/shim-15.8/Cryptlib/OpenSSL/crypto -I/usr/src/azl/BUILD/shim-15.8/Cryptlib/Include -I/usr/src/azl/BUILD/shim-15.8/gnu-efi/inc -I/usr/src/azl/BUILD/shim-15.8/gnu-efi/inc/aarch64 -I/usr/src/azl/BUILD/shim-15.8/gnu-efi/inc/protocol -I/usr/src/azl/BUILD/shim-15.8/Cryptlib/OpenSSL/crypto/asn1 -I/usr/src/azl/BUILD/shim-15.8/Cryptlib/OpenSSL/crypto/evp -I/usr/src/azl/BUILD/shim-15.8/Cryptlib/OpenSSL/crypto/modes -I/usr/src/azl/BUILD/shim-15.8/Cryptlib/OpenSSL/crypto/include -isystem /usr/src/azl/BUILD/shim-15.8/include/system -isystem /usr/lib/gcc/aarch64-unknown-linux-gnu/13.2.0/include -DL_ENDIAN -D_CRT_SECURE_NO_DEPRECATE -D_CRT_NONSTDC_NO_DEPRECATE -DOPENSSL_SMALL_FOOTPRINT -DPEDANTIC -DMDE_CPU_AARCH64   -c -o crypto/pkcs12/p12_npas.o /usr/src/azl/BUILD/shim-15.8/Cryptlib/OpenSSL/crypto/pkcs12/p12_npas.c
gcc -std=gnu11 -ggdb -ffreestanding -fmacro-prefix-map=/usr/src/azl/BUILD/shim-15.8/= -fno-stack-protector -fno-strict-aliasing -fpic -fshort-wchar -nostdinc -Os -Wall -Wextra -Wno-missing-field-initializers -Wno-empty-body -Wno-implicit-fallthrough -Wno-old-style-declaration -Wno-unused-but-set-variable -Wno-unused-parameter -Werror -I/usr/src/azl/BUILD/shim-15.8/Cryptlib/OpenSSL -I/usr/src/azl/BUILD/shim-15.8/Cryptlib -I/usr/src/azl/BUILD/shim-15.8/Cryptlib/OpenSSL/Include/ -I/usr/src/azl/BUILD/shim-15.8/Cryptlib/OpenSSL/crypto -I/usr/src/azl/BUILD/shim-15.8/Cryptlib/Include -I/usr/src/azl/BUILD/shim-15.8/gnu-efi/inc -I/usr/src/azl/BUILD/shim-15.8/gnu-efi/inc/aarch64 -I/usr/src/azl/BUILD/shim-15.8/gnu-efi/inc/protocol -I/usr/src/azl/BUILD/shim-15.8/Cryptlib/OpenSSL/crypto/asn1 -I/usr/src/azl/BUILD/shim-15.8/Cryptlib/OpenSSL/crypto/evp -I/usr/src/azl/BUILD/shim-15.8/Cryptlib/OpenSSL/crypto/modes -I/usr/src/azl/BUILD/shim-15.8/Cryptlib/OpenSSL/crypto/include -isystem /usr/src/azl/BUILD/shim-15.8/include/system -isystem /usr/lib/gcc/aarch64-unknown-linux-gnu/13.2.0/include -DL_ENDIAN -D_CRT_SECURE_NO_DEPRECATE -D_CRT_NONSTDC_NO_DEPRECATE -DOPENSSL_SMALL_FOOTPRINT -DPEDANTIC -DMDE_CPU_AARCH64   -c -o crypto/pkcs12/pk12err.o /usr/src/azl/BUILD/shim-15.8/Cryptlib/OpenSSL/crypto/pkcs12/pk12err.c
gcc -std=gnu11 -ggdb -ffreestanding -fmacro-prefix-map=/usr/src/azl/BUILD/shim-15.8/= -fno-stack-protector -fno-strict-aliasing -fpic -fshort-wchar -nostdinc -Os -Wall -Wextra -Wno-missing-field-initializers -Wno-empty-body -Wno-implicit-fallthrough -Wno-old-style-declaration -Wno-unused-but-set-variable -Wno-unused-parameter -Werror -I/usr/src/azl/BUILD/shim-15.8/Cryptlib/OpenSSL -I/usr/src/azl/BUILD/shim-15.8/Cryptlib -I/usr/src/azl/BUILD/shim-15.8/Cryptlib/OpenSSL/Include/ -I/usr/src/azl/BUILD/shim-15.8/Cryptlib/OpenSSL/crypto -I/usr/src/azl/BUILD/shim-15.8/Cryptlib/Include -I/usr/src/azl/BUILD/shim-15.8/gnu-efi/inc -I/usr/src/azl/BUILD/shim-15.8/gnu-efi/inc/aarch64 -I/usr/src/azl/BUILD/shim-15.8/gnu-efi/inc/protocol -I/usr/src/azl/BUILD/shim-15.8/Cryptlib/OpenSSL/crypto/asn1 -I/usr/src/azl/BUILD/shim-15.8/Cryptlib/OpenSSL/crypto/evp -I/usr/src/azl/BUILD/shim-15.8/Cryptlib/OpenSSL/crypto/modes -I/usr/src/azl/BUILD/shim-15.8/Cryptlib/OpenSSL/crypto/include -isystem /usr/src/azl/BUILD/shim-15.8/include/system -isystem /usr/lib/gcc/aarch64-unknown-linux-gnu/13.2.0/include -DL_ENDIAN -D_CRT_SECURE_NO_DEPRECATE -D_CRT_NONSTDC_NO_DEPRECATE -DOPENSSL_SMALL_FOOTPRINT -DPEDANTIC -DMDE_CPU_AARCH64   -c -o crypto/pkcs12/p12_p8d.o /usr/src/azl/BUILD/shim-15.8/Cryptlib/OpenSSL/crypto/pkcs12/p12_p8d.c
gcc -std=gnu11 -ggdb -ffreestanding -fmacro-prefix-map=/usr/src/azl/BUILD/shim-15.8/= -fno-stack-protector -fno-strict-aliasing -fpic -fshort-wchar -nostdinc -Os -Wall -Wextra -Wno-missing-field-initializers -Wno-empty-body -Wno-implicit-fallthrough -Wno-old-style-declaration -Wno-unused-but-set-variable -Wno-unused-parameter -Werror -I/usr/src/azl/BUILD/shim-15.8/Cryptlib/OpenSSL -I/usr/src/azl/BUILD/shim-15.8/Cryptlib -I/usr/src/azl/BUILD/shim-15.8/Cryptlib/OpenSSL/Include/ -I/usr/src/azl/BUILD/shim-15.8/Cryptlib/OpenSSL/crypto -I/usr/src/azl/BUILD/shim-15.8/Cryptlib/Include -I/usr/src/azl/BUILD/shim-15.8/gnu-efi/inc -I/usr/src/azl/BUILD/shim-15.8/gnu-efi/inc/aarch64 -I/usr/src/azl/BUILD/shim-15.8/gnu-efi/inc/protocol -I/usr/src/azl/BUILD/shim-15.8/Cryptlib/OpenSSL/crypto/asn1 -I/usr/src/azl/BUILD/shim-15.8/Cryptlib/OpenSSL/crypto/evp -I/usr/src/azl/BUILD/shim-15.8/Cryptlib/OpenSSL/crypto/modes -I/usr/src/azl/BUILD/shim-15.8/Cryptlib/OpenSSL/crypto/include -isystem /usr/src/azl/BUILD/shim-15.8/include/system -isystem /usr/lib/gcc/aarch64-unknown-linux-gnu/13.2.0/include -DL_ENDIAN -D_CRT_SECURE_NO_DEPRECATE -D_CRT_NONSTDC_NO_DEPRECATE -DOPENSSL_SMALL_FOOTPRINT -DPEDANTIC -DMDE_CPU_AARCH64   -c -o crypto/pkcs12/p12_p8e.o /usr/src/azl/BUILD/shim-15.8/Cryptlib/OpenSSL/crypto/pkcs12/p12_p8e.c
gcc -std=gnu11 -ggdb -ffreestanding -fmacro-prefix-map=/usr/src/azl/BUILD/shim-15.8/= -fno-stack-protector -fno-strict-aliasing -fpic -fshort-wchar -nostdinc -Os -Wall -Wextra -Wno-missing-field-initializers -Wno-empty-body -Wno-implicit-fallthrough -Wno-old-style-declaration -Wno-unused-but-set-variable -Wno-unused-parameter -Werror -I/usr/src/azl/BUILD/shim-15.8/Cryptlib/OpenSSL -I/usr/src/azl/BUILD/shim-15.8/Cryptlib -I/usr/src/azl/BUILD/shim-15.8/Cryptlib/OpenSSL/Include/ -I/usr/src/azl/BUILD/shim-15.8/Cryptlib/OpenSSL/crypto -I/usr/src/azl/BUILD/shim-15.8/Cryptlib/Include -I/usr/src/azl/BUILD/shim-15.8/gnu-efi/inc -I/usr/src/azl/BUILD/shim-15.8/gnu-efi/inc/aarch64 -I/usr/src/azl/BUILD/shim-15.8/gnu-efi/inc/protocol -I/usr/src/azl/BUILD/shim-15.8/Cryptlib/OpenSSL/crypto/asn1 -I/usr/src/azl/BUILD/shim-15.8/Cryptlib/OpenSSL/crypto/evp -I/usr/src/azl/BUILD/shim-15.8/Cryptlib/OpenSSL/crypto/modes -I/usr/src/azl/BUILD/shim-15.8/Cryptlib/OpenSSL/crypto/include -isystem /usr/src/azl/BUILD/shim-15.8/include/system -isystem /usr/lib/gcc/aarch64-unknown-linux-gnu/13.2.0/include -DL_ENDIAN -D_CRT_SECURE_NO_DEPRECATE -D_CRT_NONSTDC_NO_DEPRECATE -DOPENSSL_SMALL_FOOTPRINT -DPEDANTIC -DMDE_CPU_AARCH64   -c -o crypto/comp/comp_lib.o /usr/src/azl/BUILD/shim-15.8/Cryptlib/OpenSSL/crypto/comp/comp_lib.c
gcc -std=gnu11 -ggdb -ffreestanding -fmacro-prefix-map=/usr/src/azl/BUILD/shim-15.8/= -fno-stack-protector -fno-strict-aliasing -fpic -fshort-wchar -nostdinc -Os -Wall -Wextra -Wno-missing-field-initializers -Wno-empty-body -Wno-implicit-fallthrough -Wno-old-style-declaration -Wno-unused-but-set-variable -Wno-unused-parameter -Werror -I/usr/src/azl/BUILD/shim-15.8/Cryptlib/OpenSSL -I/usr/src/azl/BUILD/shim-15.8/Cryptlib -I/usr/src/azl/BUILD/shim-15.8/Cryptlib/OpenSSL/Include/ -I/usr/src/azl/BUILD/shim-15.8/Cryptlib/OpenSSL/crypto -I/usr/src/azl/BUILD/shim-15.8/Cryptlib/Include -I/usr/src/azl/BUILD/shim-15.8/gnu-efi/inc -I/usr/src/azl/BUILD/shim-15.8/gnu-efi/inc/aarch64 -I/usr/src/azl/BUILD/shim-15.8/gnu-efi/inc/protocol -I/usr/src/azl/BUILD/shim-15.8/Cryptlib/OpenSSL/crypto/asn1 -I/usr/src/azl/BUILD/shim-15.8/Cryptlib/OpenSSL/crypto/evp -I/usr/src/azl/BUILD/shim-15.8/Cryptlib/OpenSSL/crypto/modes -I/usr/src/azl/BUILD/shim-15.8/Cryptlib/OpenSSL/crypto/include -isystem /usr/src/azl/BUILD/shim-15.8/include/system -isystem /usr/lib/gcc/aarch64-unknown-linux-gnu/13.2.0/include -DL_ENDIAN -D_CRT_SECURE_NO_DEPRECATE -D_CRT_NONSTDC_NO_DEPRECATE -DOPENSSL_SMALL_FOOTPRINT -DPEDANTIC -DMDE_CPU_AARCH64   -c -o crypto/comp/comp_err.o /usr/src/azl/BUILD/shim-15.8/Cryptlib/OpenSSL/crypto/comp/comp_err.c
gcc -std=gnu11 -ggdb -ffreestanding -fmacro-prefix-map=/usr/src/azl/BUILD/shim-15.8/= -fno-stack-protector -fno-strict-aliasing -fpic -fshort-wchar -nostdinc -Os -Wall -Wextra -Wno-missing-field-initializers -Wno-empty-body -Wno-implicit-fallthrough -Wno-old-style-declaration -Wno-unused-but-set-variable -Wno-unused-parameter -Werror -I/usr/src/azl/BUILD/shim-15.8/Cryptlib/OpenSSL -I/usr/src/azl/BUILD/shim-15.8/Cryptlib -I/usr/src/azl/BUILD/shim-15.8/Cryptlib/OpenSSL/Include/ -I/usr/src/azl/BUILD/shim-15.8/Cryptlib/OpenSSL/crypto -I/usr/src/azl/BUILD/shim-15.8/Cryptlib/Include -I/usr/src/azl/BUILD/shim-15.8/gnu-efi/inc -I/usr/src/azl/BUILD/shim-15.8/gnu-efi/inc/aarch64 -I/usr/src/azl/BUILD/shim-15.8/gnu-efi/inc/protocol -I/usr/src/azl/BUILD/shim-15.8/Cryptlib/OpenSSL/crypto/asn1 -I/usr/src/azl/BUILD/shim-15.8/Cryptlib/OpenSSL/crypto/evp -I/usr/src/azl/BUILD/shim-15.8/Cryptlib/OpenSSL/crypto/modes -I/usr/src/azl/BUILD/shim-15.8/Cryptlib/OpenSSL/crypto/include -isystem /usr/src/azl/BUILD/shim-15.8/include/system -isystem /usr/lib/gcc/aarch64-unknown-linux-gnu/13.2.0/include -DL_ENDIAN -D_CRT_SECURE_NO_DEPRECATE -D_CRT_NONSTDC_NO_DEPRECATE -DOPENSSL_SMALL_FOOTPRINT -DPEDANTIC -DMDE_CPU_AARCH64   -c -o crypto/comp/c_rle.o /usr/src/azl/BUILD/shim-15.8/Cryptlib/OpenSSL/crypto/comp/c_rle.c
gcc -std=gnu11 -ggdb -ffreestanding -fmacro-prefix-map=/usr/src/azl/BUILD/shim-15.8/= -fno-stack-protector -fno-strict-aliasing -fpic -fshort-wchar -nostdinc -Os -Wall -Wextra -Wno-missing-field-initializers -Wno-empty-body -Wno-implicit-fallthrough -Wno-old-style-declaration -Wno-unused-but-set-variable -Wno-unused-parameter -Werror -I/usr/src/azl/BUILD/shim-15.8/Cryptlib/OpenSSL -I/usr/src/azl/BUILD/shim-15.8/Cryptlib -I/usr/src/azl/BUILD/shim-15.8/Cryptlib/OpenSSL/Include/ -I/usr/src/azl/BUILD/shim-15.8/Cryptlib/OpenSSL/crypto -I/usr/src/azl/BUILD/shim-15.8/Cryptlib/Include -I/usr/src/azl/BUILD/shim-15.8/gnu-efi/inc -I/usr/src/azl/BUILD/shim-15.8/gnu-efi/inc/aarch64 -I/usr/src/azl/BUILD/shim-15.8/gnu-efi/inc/protocol -I/usr/src/azl/BUILD/shim-15.8/Cryptlib/OpenSSL/crypto/asn1 -I/usr/src/azl/BUILD/shim-15.8/Cryptlib/OpenSSL/crypto/evp -I/usr/src/azl/BUILD/shim-15.8/Cryptlib/OpenSSL/crypto/modes -I/usr/src/azl/BUILD/shim-15.8/Cryptlib/OpenSSL/crypto/include -isystem /usr/src/azl/BUILD/shim-15.8/include/system -isystem /usr/lib/gcc/aarch64-unknown-linux-gnu/13.2.0/include -DL_ENDIAN -D_CRT_SECURE_NO_DEPRECATE -D_CRT_NONSTDC_NO_DEPRECATE -DOPENSSL_SMALL_FOOTPRINT -DPEDANTIC -DMDE_CPU_AARCH64   -c -o crypto/comp/c_zlib.o /usr/src/azl/BUILD/shim-15.8/Cryptlib/OpenSSL/crypto/comp/c_zlib.c
gcc -std=gnu11 -ggdb -ffreestanding -fmacro-prefix-map=/usr/src/azl/BUILD/shim-15.8/= -fno-stack-protector -fno-strict-aliasing -fpic -fshort-wchar -nostdinc -Os -Wall -Wextra -Wno-missing-field-initializers -Wno-empty-body -Wno-implicit-fallthrough -Wno-old-style-declaration -Wno-unused-but-set-variable -Wno-unused-parameter -Werror -I/usr/src/azl/BUILD/shim-15.8/Cryptlib/OpenSSL -I/usr/src/azl/BUILD/shim-15.8/Cryptlib -I/usr/src/azl/BUILD/shim-15.8/Cryptlib/OpenSSL/Include/ -I/usr/src/azl/BUILD/shim-15.8/Cryptlib/OpenSSL/crypto -I/usr/src/azl/BUILD/shim-15.8/Cryptlib/Include -I/usr/src/azl/BUILD/shim-15.8/gnu-efi/inc -I/usr/src/azl/BUILD/shim-15.8/gnu-efi/inc/aarch64 -I/usr/src/azl/BUILD/shim-15.8/gnu-efi/inc/protocol -I/usr/src/azl/BUILD/shim-15.8/Cryptlib/OpenSSL/crypto/asn1 -I/usr/src/azl/BUILD/shim-15.8/Cryptlib/OpenSSL/crypto/evp -I/usr/src/azl/BUILD/shim-15.8/Cryptlib/OpenSSL/crypto/modes -I/usr/src/azl/BUILD/shim-15.8/Cryptlib/OpenSSL/crypto/include -isystem /usr/src/azl/BUILD/shim-15.8/include/system -isystem /usr/lib/gcc/aarch64-unknown-linux-gnu/13.2.0/include -DL_ENDIAN -D_CRT_SECURE_NO_DEPRECATE -D_CRT_NONSTDC_NO_DEPRECATE -DOPENSSL_SMALL_FOOTPRINT -DPEDANTIC -DMDE_CPU_AARCH64   -c -o crypto/ocsp/ocsp_asn.o /usr/src/azl/BUILD/shim-15.8/Cryptlib/OpenSSL/crypto/ocsp/ocsp_asn.c
gcc -std=gnu11 -ggdb -ffreestanding -fmacro-prefix-map=/usr/src/azl/BUILD/shim-15.8/= -fno-stack-protector -fno-strict-aliasing -fpic -fshort-wchar -nostdinc -Os -Wall -Wextra -Wno-missing-field-initializers -Wno-empty-body -Wno-implicit-fallthrough -Wno-old-style-declaration -Wno-unused-but-set-variable -Wno-unused-parameter -Werror -I/usr/src/azl/BUILD/shim-15.8/Cryptlib/OpenSSL -I/usr/src/azl/BUILD/shim-15.8/Cryptlib -I/usr/src/azl/BUILD/shim-15.8/Cryptlib/OpenSSL/Include/ -I/usr/src/azl/BUILD/shim-15.8/Cryptlib/OpenSSL/crypto -I/usr/src/azl/BUILD/shim-15.8/Cryptlib/Include -I/usr/src/azl/BUILD/shim-15.8/gnu-efi/inc -I/usr/src/azl/BUILD/shim-15.8/gnu-efi/inc/aarch64 -I/usr/src/azl/BUILD/shim-15.8/gnu-efi/inc/protocol -I/usr/src/azl/BUILD/shim-15.8/Cryptlib/OpenSSL/crypto/asn1 -I/usr/src/azl/BUILD/shim-15.8/Cryptlib/OpenSSL/crypto/evp -I/usr/src/azl/BUILD/shim-15.8/Cryptlib/OpenSSL/crypto/modes -I/usr/src/azl/BUILD/shim-15.8/Cryptlib/OpenSSL/crypto/include -isystem /usr/src/azl/BUILD/shim-15.8/include/system -isystem /usr/lib/gcc/aarch64-unknown-linux-gnu/13.2.0/include -DL_ENDIAN -D_CRT_SECURE_NO_DEPRECATE -D_CRT_NONSTDC_NO_DEPRECATE -DOPENSSL_SMALL_FOOTPRINT -DPEDANTIC -DMDE_CPU_AARCH64   -c -o crypto/ocsp/ocsp_ext.o /usr/src/azl/BUILD/shim-15.8/Cryptlib/OpenSSL/crypto/ocsp/ocsp_ext.c
gcc -std=gnu11 -ggdb -ffreestanding -fmacro-prefix-map=/usr/src/azl/BUILD/shim-15.8/= -fno-stack-protector -fno-strict-aliasing -fpic -fshort-wchar -nostdinc -Os -Wall -Wextra -Wno-missing-field-initializers -Wno-empty-body -Wno-implicit-fallthrough -Wno-old-style-declaration -Wno-unused-but-set-variable -Wno-unused-parameter -Werror -I/usr/src/azl/BUILD/shim-15.8/Cryptlib/OpenSSL -I/usr/src/azl/BUILD/shim-15.8/Cryptlib -I/usr/src/azl/BUILD/shim-15.8/Cryptlib/OpenSSL/Include/ -I/usr/src/azl/BUILD/shim-15.8/Cryptlib/OpenSSL/crypto -I/usr/src/azl/BUILD/shim-15.8/Cryptlib/Include -I/usr/src/azl/BUILD/shim-15.8/gnu-efi/inc -I/usr/src/azl/BUILD/shim-15.8/gnu-efi/inc/aarch64 -I/usr/src/azl/BUILD/shim-15.8/gnu-efi/inc/protocol -I/usr/src/azl/BUILD/shim-15.8/Cryptlib/OpenSSL/crypto/asn1 -I/usr/src/azl/BUILD/shim-15.8/Cryptlib/OpenSSL/crypto/evp -I/usr/src/azl/BUILD/shim-15.8/Cryptlib/OpenSSL/crypto/modes -I/usr/src/azl/BUILD/shim-15.8/Cryptlib/OpenSSL/crypto/include -isystem /usr/src/azl/BUILD/shim-15.8/include/system -isystem /usr/lib/gcc/aarch64-unknown-linux-gnu/13.2.0/include -DL_ENDIAN -D_CRT_SECURE_NO_DEPRECATE -D_CRT_NONSTDC_NO_DEPRECATE -DOPENSSL_SMALL_FOOTPRINT -DPEDANTIC -DMDE_CPU_AARCH64   -c -o crypto/ocsp/ocsp_ht.o /usr/src/azl/BUILD/shim-15.8/Cryptlib/OpenSSL/crypto/ocsp/ocsp_ht.c
gcc -std=gnu11 -ggdb -ffreestanding -fmacro-prefix-map=/usr/src/azl/BUILD/shim-15.8/= -fno-stack-protector -fno-strict-aliasing -fpic -fshort-wchar -nostdinc -Os -Wall -Wextra -Wno-missing-field-initializers -Wno-empty-body -Wno-implicit-fallthrough -Wno-old-style-declaration -Wno-unused-but-set-variable -Wno-unused-parameter -Werror -I/usr/src/azl/BUILD/shim-15.8/Cryptlib/OpenSSL -I/usr/src/azl/BUILD/shim-15.8/Cryptlib -I/usr/src/azl/BUILD/shim-15.8/Cryptlib/OpenSSL/Include/ -I/usr/src/azl/BUILD/shim-15.8/Cryptlib/OpenSSL/crypto -I/usr/src/azl/BUILD/shim-15.8/Cryptlib/Include -I/usr/src/azl/BUILD/shim-15.8/gnu-efi/inc -I/usr/src/azl/BUILD/shim-15.8/gnu-efi/inc/aarch64 -I/usr/src/azl/BUILD/shim-15.8/gnu-efi/inc/protocol -I/usr/src/azl/BUILD/shim-15.8/Cryptlib/OpenSSL/crypto/asn1 -I/usr/src/azl/BUILD/shim-15.8/Cryptlib/OpenSSL/crypto/evp -I/usr/src/azl/BUILD/shim-15.8/Cryptlib/OpenSSL/crypto/modes -I/usr/src/azl/BUILD/shim-15.8/Cryptlib/OpenSSL/crypto/include -isystem /usr/src/azl/BUILD/shim-15.8/include/system -isystem /usr/lib/gcc/aarch64-unknown-linux-gnu/13.2.0/include -DL_ENDIAN -D_CRT_SECURE_NO_DEPRECATE -D_CRT_NONSTDC_NO_DEPRECATE -DOPENSSL_SMALL_FOOTPRINT -DPEDANTIC -DMDE_CPU_AARCH64   -c -o crypto/ocsp/ocsp_lib.o /usr/src/azl/BUILD/shim-15.8/Cryptlib/OpenSSL/crypto/ocsp/ocsp_lib.c
gcc -std=gnu11 -ggdb -ffreestanding -fmacro-prefix-map=/usr/src/azl/BUILD/shim-15.8/= -fno-stack-protector -fno-strict-aliasing -fpic -fshort-wchar -nostdinc -Os -Wall -Wextra -Wno-missing-field-initializers -Wno-empty-body -Wno-implicit-fallthrough -Wno-old-style-declaration -Wno-unused-but-set-variable -Wno-unused-parameter -Werror -I/usr/src/azl/BUILD/shim-15.8/Cryptlib/OpenSSL -I/usr/src/azl/BUILD/shim-15.8/Cryptlib -I/usr/src/azl/BUILD/shim-15.8/Cryptlib/OpenSSL/Include/ -I/usr/src/azl/BUILD/shim-15.8/Cryptlib/OpenSSL/crypto -I/usr/src/azl/BUILD/shim-15.8/Cryptlib/Include -I/usr/src/azl/BUILD/shim-15.8/gnu-efi/inc -I/usr/src/azl/BUILD/shim-15.8/gnu-efi/inc/aarch64 -I/usr/src/azl/BUILD/shim-15.8/gnu-efi/inc/protocol -I/usr/src/azl/BUILD/shim-15.8/Cryptlib/OpenSSL/crypto/asn1 -I/usr/src/azl/BUILD/shim-15.8/Cryptlib/OpenSSL/crypto/evp -I/usr/src/azl/BUILD/shim-15.8/Cryptlib/OpenSSL/crypto/modes -I/usr/src/azl/BUILD/shim-15.8/Cryptlib/OpenSSL/crypto/include -isystem /usr/src/azl/BUILD/shim-15.8/include/system -isystem /usr/lib/gcc/aarch64-unknown-linux-gnu/13.2.0/include -DL_ENDIAN -D_CRT_SECURE_NO_DEPRECATE -D_CRT_NONSTDC_NO_DEPRECATE -DOPENSSL_SMALL_FOOTPRINT -DPEDANTIC -DMDE_CPU_AARCH64   -c -o crypto/ocsp/ocsp_cl.o /usr/src/azl/BUILD/shim-15.8/Cryptlib/OpenSSL/crypto/ocsp/ocsp_cl.c
gcc -std=gnu11 -ggdb -ffreestanding -fmacro-prefix-map=/usr/src/azl/BUILD/shim-15.8/= -fno-stack-protector -fno-strict-aliasing -fpic -fshort-wchar -nostdinc -Os -Wall -Wextra -Wno-missing-field-initializers -Wno-empty-body -Wno-implicit-fallthrough -Wno-old-style-declaration -Wno-unused-but-set-variable -Wno-unused-parameter -Werror -I/usr/src/azl/BUILD/shim-15.8/Cryptlib/OpenSSL -I/usr/src/azl/BUILD/shim-15.8/Cryptlib -I/usr/src/azl/BUILD/shim-15.8/Cryptlib/OpenSSL/Include/ -I/usr/src/azl/BUILD/shim-15.8/Cryptlib/OpenSSL/crypto -I/usr/src/azl/BUILD/shim-15.8/Cryptlib/Include -I/usr/src/azl/BUILD/shim-15.8/gnu-efi/inc -I/usr/src/azl/BUILD/shim-15.8/gnu-efi/inc/aarch64 -I/usr/src/azl/BUILD/shim-15.8/gnu-efi/inc/protocol -I/usr/src/azl/BUILD/shim-15.8/Cryptlib/OpenSSL/crypto/asn1 -I/usr/src/azl/BUILD/shim-15.8/Cryptlib/OpenSSL/crypto/evp -I/usr/src/azl/BUILD/shim-15.8/Cryptlib/OpenSSL/crypto/modes -I/usr/src/azl/BUILD/shim-15.8/Cryptlib/OpenSSL/crypto/include -isystem /usr/src/azl/BUILD/shim-15.8/include/system -isystem /usr/lib/gcc/aarch64-unknown-linux-gnu/13.2.0/include -DL_ENDIAN -D_CRT_SECURE_NO_DEPRECATE -D_CRT_NONSTDC_NO_DEPRECATE -DOPENSSL_SMALL_FOOTPRINT -DPEDANTIC -DMDE_CPU_AARCH64   -c -o crypto/ocsp/ocsp_srv.o /usr/src/azl/BUILD/shim-15.8/Cryptlib/OpenSSL/crypto/ocsp/ocsp_srv.c
gcc -std=gnu11 -ggdb -ffreestanding -fmacro-prefix-map=/usr/src/azl/BUILD/shim-15.8/= -fno-stack-protector -fno-strict-aliasing -fpic -fshort-wchar -nostdinc -Os -Wall -Wextra -Wno-missing-field-initializers -Wno-empty-body -Wno-implicit-fallthrough -Wno-old-style-declaration -Wno-unused-but-set-variable -Wno-unused-parameter -Werror -I/usr/src/azl/BUILD/shim-15.8/Cryptlib/OpenSSL -I/usr/src/azl/BUILD/shim-15.8/Cryptlib -I/usr/src/azl/BUILD/shim-15.8/Cryptlib/OpenSSL/Include/ -I/usr/src/azl/BUILD/shim-15.8/Cryptlib/OpenSSL/crypto -I/usr/src/azl/BUILD/shim-15.8/Cryptlib/Include -I/usr/src/azl/BUILD/shim-15.8/gnu-efi/inc -I/usr/src/azl/BUILD/shim-15.8/gnu-efi/inc/aarch64 -I/usr/src/azl/BUILD/shim-15.8/gnu-efi/inc/protocol -I/usr/src/azl/BUILD/shim-15.8/Cryptlib/OpenSSL/crypto/asn1 -I/usr/src/azl/BUILD/shim-15.8/Cryptlib/OpenSSL/crypto/evp -I/usr/src/azl/BUILD/shim-15.8/Cryptlib/OpenSSL/crypto/modes -I/usr/src/azl/BUILD/shim-15.8/Cryptlib/OpenSSL/crypto/include -isystem /usr/src/azl/BUILD/shim-15.8/include/system -isystem /usr/lib/gcc/aarch64-unknown-linux-gnu/13.2.0/include -DL_ENDIAN -D_CRT_SECURE_NO_DEPRECATE -D_CRT_NONSTDC_NO_DEPRECATE -DOPENSSL_SMALL_FOOTPRINT -DPEDANTIC -DMDE_CPU_AARCH64   -c -o crypto/ocsp/ocsp_prn.o /usr/src/azl/BUILD/shim-15.8/Cryptlib/OpenSSL/crypto/ocsp/ocsp_prn.c
gcc -std=gnu11 -ggdb -ffreestanding -fmacro-prefix-map=/usr/src/azl/BUILD/shim-15.8/= -fno-stack-protector -fno-strict-aliasing -fpic -fshort-wchar -nostdinc -Os -Wall -Wextra -Wno-missing-field-initializers -Wno-empty-body -Wno-implicit-fallthrough -Wno-old-style-declaration -Wno-unused-but-set-variable -Wno-unused-parameter -Werror -I/usr/src/azl/BUILD/shim-15.8/Cryptlib/OpenSSL -I/usr/src/azl/BUILD/shim-15.8/Cryptlib -I/usr/src/azl/BUILD/shim-15.8/Cryptlib/OpenSSL/Include/ -I/usr/src/azl/BUILD/shim-15.8/Cryptlib/OpenSSL/crypto -I/usr/src/azl/BUILD/shim-15.8/Cryptlib/Include -I/usr/src/azl/BUILD/shim-15.8/gnu-efi/inc -I/usr/src/azl/BUILD/shim-15.8/gnu-efi/inc/aarch64 -I/usr/src/azl/BUILD/shim-15.8/gnu-efi/inc/protocol -I/usr/src/azl/BUILD/shim-15.8/Cryptlib/OpenSSL/crypto/asn1 -I/usr/src/azl/BUILD/shim-15.8/Cryptlib/OpenSSL/crypto/evp -I/usr/src/azl/BUILD/shim-15.8/Cryptlib/OpenSSL/crypto/modes -I/usr/src/azl/BUILD/shim-15.8/Cryptlib/OpenSSL/crypto/include -isystem /usr/src/azl/BUILD/shim-15.8/include/system -isystem /usr/lib/gcc/aarch64-unknown-linux-gnu/13.2.0/include -DL_ENDIAN -D_CRT_SECURE_NO_DEPRECATE -D_CRT_NONSTDC_NO_DEPRECATE -DOPENSSL_SMALL_FOOTPRINT -DPEDANTIC -DMDE_CPU_AARCH64   -c -o crypto/ocsp/ocsp_vfy.o /usr/src/azl/BUILD/shim-15.8/Cryptlib/OpenSSL/crypto/ocsp/ocsp_vfy.c
gcc -std=gnu11 -ggdb -ffreestanding -fmacro-prefix-map=/usr/src/azl/BUILD/shim-15.8/= -fno-stack-protector -fno-strict-aliasing -fpic -fshort-wchar -nostdinc -Os -Wall -Wextra -Wno-missing-field-initializers -Wno-empty-body -Wno-implicit-fallthrough -Wno-old-style-declaration -Wno-unused-but-set-variable -Wno-unused-parameter -Werror -I/usr/src/azl/BUILD/shim-15.8/Cryptlib/OpenSSL -I/usr/src/azl/BUILD/shim-15.8/Cryptlib -I/usr/src/azl/BUILD/shim-15.8/Cryptlib/OpenSSL/Include/ -I/usr/src/azl/BUILD/shim-15.8/Cryptlib/OpenSSL/crypto -I/usr/src/azl/BUILD/shim-15.8/Cryptlib/Include -I/usr/src/azl/BUILD/shim-15.8/gnu-efi/inc -I/usr/src/azl/BUILD/shim-15.8/gnu-efi/inc/aarch64 -I/usr/src/azl/BUILD/shim-15.8/gnu-efi/inc/protocol -I/usr/src/azl/BUILD/shim-15.8/Cryptlib/OpenSSL/crypto/asn1 -I/usr/src/azl/BUILD/shim-15.8/Cryptlib/OpenSSL/crypto/evp -I/usr/src/azl/BUILD/shim-15.8/Cryptlib/OpenSSL/crypto/modes -I/usr/src/azl/BUILD/shim-15.8/Cryptlib/OpenSSL/crypto/include -isystem /usr/src/azl/BUILD/shim-15.8/include/system -isystem /usr/lib/gcc/aarch64-unknown-linux-gnu/13.2.0/include -DL_ENDIAN -D_CRT_SECURE_NO_DEPRECATE -D_CRT_NONSTDC_NO_DEPRECATE -DOPENSSL_SMALL_FOOTPRINT -DPEDANTIC -DMDE_CPU_AARCH64   -c -o crypto/ocsp/ocsp_err.o /usr/src/azl/BUILD/shim-15.8/Cryptlib/OpenSSL/crypto/ocsp/ocsp_err.c
gcc -std=gnu11 -ggdb -ffreestanding -fmacro-prefix-map=/usr/src/azl/BUILD/shim-15.8/= -fno-stack-protector -fno-strict-aliasing -fpic -fshort-wchar -nostdinc -Os -Wall -Wextra -Wno-missing-field-initializers -Wno-empty-body -Wno-implicit-fallthrough -Wno-old-style-declaration -Wno-unused-but-set-variable -Wno-unused-parameter -Werror -I/usr/src/azl/BUILD/shim-15.8/Cryptlib/OpenSSL -I/usr/src/azl/BUILD/shim-15.8/Cryptlib -I/usr/src/azl/BUILD/shim-15.8/Cryptlib/OpenSSL/Include/ -I/usr/src/azl/BUILD/shim-15.8/Cryptlib/OpenSSL/crypto -I/usr/src/azl/BUILD/shim-15.8/Cryptlib/Include -I/usr/src/azl/BUILD/shim-15.8/gnu-efi/inc -I/usr/src/azl/BUILD/shim-15.8/gnu-efi/inc/aarch64 -I/usr/src/azl/BUILD/shim-15.8/gnu-efi/inc/protocol -I/usr/src/azl/BUILD/shim-15.8/Cryptlib/OpenSSL/crypto/asn1 -I/usr/src/azl/BUILD/shim-15.8/Cryptlib/OpenSSL/crypto/evp -I/usr/src/azl/BUILD/shim-15.8/Cryptlib/OpenSSL/crypto/modes -I/usr/src/azl/BUILD/shim-15.8/Cryptlib/OpenSSL/crypto/include -isystem /usr/src/azl/BUILD/shim-15.8/include/system -isystem /usr/lib/gcc/aarch64-unknown-linux-gnu/13.2.0/include -DL_ENDIAN -D_CRT_SECURE_NO_DEPRECATE -D_CRT_NONSTDC_NO_DEPRECATE -DOPENSSL_SMALL_FOOTPRINT -DPEDANTIC -DMDE_CPU_AARCH64   -c -o crypto/cmac/cmac.o /usr/src/azl/BUILD/shim-15.8/Cryptlib/OpenSSL/crypto/cmac/cmac.c
gcc -std=gnu11 -ggdb -ffreestanding -fmacro-prefix-map=/usr/src/azl/BUILD/shim-15.8/= -fno-stack-protector -fno-strict-aliasing -fpic -fshort-wchar -nostdinc -Os -Wall -Wextra -Wno-missing-field-initializers -Wno-empty-body -Wno-implicit-fallthrough -Wno-old-style-declaration -Wno-unused-but-set-variable -Wno-unused-parameter -Werror -I/usr/src/azl/BUILD/shim-15.8/Cryptlib/OpenSSL -I/usr/src/azl/BUILD/shim-15.8/Cryptlib -I/usr/src/azl/BUILD/shim-15.8/Cryptlib/OpenSSL/Include/ -I/usr/src/azl/BUILD/shim-15.8/Cryptlib/OpenSSL/crypto -I/usr/src/azl/BUILD/shim-15.8/Cryptlib/Include -I/usr/src/azl/BUILD/shim-15.8/gnu-efi/inc -I/usr/src/azl/BUILD/shim-15.8/gnu-efi/inc/aarch64 -I/usr/src/azl/BUILD/shim-15.8/gnu-efi/inc/protocol -I/usr/src/azl/BUILD/shim-15.8/Cryptlib/OpenSSL/crypto/asn1 -I/usr/src/azl/BUILD/shim-15.8/Cryptlib/OpenSSL/crypto/evp -I/usr/src/azl/BUILD/shim-15.8/Cryptlib/OpenSSL/crypto/modes -I/usr/src/azl/BUILD/shim-15.8/Cryptlib/OpenSSL/crypto/include -isystem /usr/src/azl/BUILD/shim-15.8/include/system -isystem /usr/lib/gcc/aarch64-unknown-linux-gnu/13.2.0/include -DL_ENDIAN -D_CRT_SECURE_NO_DEPRECATE -D_CRT_NONSTDC_NO_DEPRECATE -DOPENSSL_SMALL_FOOTPRINT -DPEDANTIC -DMDE_CPU_AARCH64   -c -o crypto/cmac/cm_ameth.o /usr/src/azl/BUILD/shim-15.8/Cryptlib/OpenSSL/crypto/cmac/cm_ameth.c
gcc -std=gnu11 -ggdb -ffreestanding -fmacro-prefix-map=/usr/src/azl/BUILD/shim-15.8/= -fno-stack-protector -fno-strict-aliasing -fpic -fshort-wchar -nostdinc -Os -Wall -Wextra -Wno-missing-field-initializers -Wno-empty-body -Wno-implicit-fallthrough -Wno-old-style-declaration -Wno-unused-but-set-variable -Wno-unused-parameter -Werror -I/usr/src/azl/BUILD/shim-15.8/Cryptlib/OpenSSL -I/usr/src/azl/BUILD/shim-15.8/Cryptlib -I/usr/src/azl/BUILD/shim-15.8/Cryptlib/OpenSSL/Include/ -I/usr/src/azl/BUILD/shim-15.8/Cryptlib/OpenSSL/crypto -I/usr/src/azl/BUILD/shim-15.8/Cryptlib/Include -I/usr/src/azl/BUILD/shim-15.8/gnu-efi/inc -I/usr/src/azl/BUILD/shim-15.8/gnu-efi/inc/aarch64 -I/usr/src/azl/BUILD/shim-15.8/gnu-efi/inc/protocol -I/usr/src/azl/BUILD/shim-15.8/Cryptlib/OpenSSL/crypto/asn1 -I/usr/src/azl/BUILD/shim-15.8/Cryptlib/OpenSSL/crypto/evp -I/usr/src/azl/BUILD/shim-15.8/Cryptlib/OpenSSL/crypto/modes -I/usr/src/azl/BUILD/shim-15.8/Cryptlib/OpenSSL/crypto/include -isystem /usr/src/azl/BUILD/shim-15.8/include/system -isystem /usr/lib/gcc/aarch64-unknown-linux-gnu/13.2.0/include -DL_ENDIAN -D_CRT_SECURE_NO_DEPRECATE -D_CRT_NONSTDC_NO_DEPRECATE -DOPENSSL_SMALL_FOOTPRINT -DPEDANTIC -DMDE_CPU_AARCH64   -c -o crypto/cmac/cm_pmeth.o /usr/src/azl/BUILD/shim-15.8/Cryptlib/OpenSSL/crypto/cmac/cm_pmeth.c
ar rcs libopenssl.a crypto/cryptlib.o crypto/mem.o crypto/mem_clr.o crypto/mem_dbg.o crypto/cversion.o crypto/ex_data.o crypto/cpt_err.o crypto/ebcdic.o crypto/uid.o crypto/o_time.o crypto/o_str.o crypto/o_dir.o crypto/o_fips.o crypto/o_init.o crypto/fips_ers.o crypto/md5/md5_dgst.o crypto/md5/md5_one.o crypto/sha/sha_dgst.o crypto/sha/sha1dgst.o crypto/sha/sha_one.o crypto/sha/sha1_one.o crypto/sha/sha256.o crypto/sha/sha512.o crypto/hmac/hmac.o crypto/hmac/hm_ameth.o crypto/hmac/hm_pmeth.o crypto/rc4/rc4_enc.o crypto/rc4/rc4_skey.o crypto/rc4/rc4_utl.o crypto/aes/aes_misc.o crypto/aes/aes_ecb.o crypto/aes/aes_cfb.o crypto/aes/aes_ofb.o crypto/aes/aes_ctr.o crypto/aes/aes_ige.o crypto/aes/aes_wrap.o crypto/aes/aes_core.o crypto/aes/aes_cbc.o crypto/modes/cbc128.o crypto/modes/ctr128.o crypto/modes/cts128.o crypto/modes/cfb128.o crypto/modes/ofb128.o crypto/modes/gcm128.o crypto/modes/ccm128.o crypto/modes/xts128.o crypto/modes/wrap128.o crypto/bn/bn_add.o crypto/bn/bn_div.o crypto/bn/bn_exp.o crypto/bn/bn_lib.o crypto/bn/bn_ctx.o crypto/bn/bn_mul.o crypto/bn/bn_mod.o crypto/bn/bn_print.o crypto/bn/bn_rand.o crypto/bn/bn_shift.o crypto/bn/bn_word.o crypto/bn/bn_blind.o crypto/bn/bn_kron.o crypto/bn/bn_sqrt.o crypto/bn/bn_gcd.o crypto/bn/bn_prime.o crypto/bn/bn_err.o crypto/bn/bn_sqr.o crypto/bn/bn_asm.o crypto/bn/bn_recp.o crypto/bn/bn_mont.o crypto/bn/bn_mpi.o crypto/bn/bn_exp2.o crypto/bn/bn_gf2m.o crypto/bn/bn_nist.o crypto/bn/bn_depr.o crypto/bn/bn_x931p.o crypto/bn/bn_const.o crypto/rsa/rsa_eay.o crypto/rsa/rsa_gen.o crypto/rsa/rsa_lib.o crypto/rsa/rsa_sign.o crypto/rsa/rsa_saos.o crypto/rsa/rsa_err.o crypto/rsa/rsa_pk1.o crypto/rsa/rsa_ssl.o crypto/rsa/rsa_none.o crypto/rsa/rsa_oaep.o crypto/rsa/rsa_chk.o crypto/rsa/rsa_null.o crypto/rsa/rsa_pss.o crypto/rsa/rsa_x931.o crypto/rsa/rsa_asn1.o crypto/rsa/rsa_depr.o crypto/rsa/rsa_ameth.o crypto/rsa/rsa_prn.o crypto/rsa/rsa_pmeth.o crypto/rsa/rsa_crpt.o crypto/dso/dso_dl.o crypto/dso/dso_dlfcn.o crypto/dso/dso_err.o crypto/dso/dso_lib.o crypto/dso/dso_null.o crypto/dso/dso_openssl.o crypto/dso/dso_win32.o crypto/dso/dso_vms.o crypto/dso/dso_beos.o crypto/dh/dh_asn1.o crypto/dh/dh_gen.o crypto/dh/dh_key.o crypto/dh/dh_lib.o crypto/dh/dh_check.o crypto/dh/dh_err.o crypto/dh/dh_depr.o crypto/dh/dh_ameth.o crypto/dh/dh_pmeth.o crypto/dh/dh_prn.o crypto/dh/dh_rfc5114.o crypto/buffer/buffer.o crypto/buffer/buf_str.o crypto/buffer/buf_err.o crypto/bio/bio_lib.o crypto/bio/bio_cb.o crypto/bio/bio_err.o crypto/bio/bss_mem.o crypto/bio/bss_null.o crypto/bio/bss_fd.o crypto/bio/bss_file.o crypto/bio/bss_sock.o crypto/bio/bss_conn.o crypto/bio/bf_null.o crypto/bio/bf_buff.o crypto/bio/b_dump.o crypto/bio/b_print.o crypto/bio/b_sock.o crypto/bio/bss_acpt.o crypto/bio/bf_nbio.o crypto/bio/bss_log.o crypto/bio/bss_bio.o crypto/bio/bss_dgram.o crypto/stack/stack.o crypto/lhash/lhash.o crypto/lhash/lh_stats.o crypto/rand/md_rand.o crypto/rand/randfile.o crypto/rand/rand_lib.o crypto/rand/rand_err.o crypto/rand/rand_unix.o crypto/err/err.o crypto/err/err_all.o crypto/err/err_prn.o crypto/objects/o_names.o crypto/objects/obj_dat.o crypto/objects/obj_lib.o crypto/objects/obj_err.o crypto/objects/obj_xref.o crypto/evp/encode.o crypto/evp/digest.o crypto/evp/evp_enc.o crypto/evp/evp_key.o crypto/evp/evp_acnf.o crypto/evp/evp_cnf.o crypto/evp/e_des.o crypto/evp/e_bf.o crypto/evp/e_idea.o crypto/evp/e_des3.o crypto/evp/e_camellia.o crypto/evp/e_rc4.o crypto/evp/e_aes.o crypto/evp/names.o crypto/evp/e_seed.o crypto/evp/e_xcbc_d.o crypto/evp/e_rc2.o crypto/evp/e_cast.o crypto/evp/e_rc5.o crypto/evp/m_null.o crypto/evp/m_md2.o crypto/evp/m_md4.o crypto/evp/m_md5.o crypto/evp/m_sha.o crypto/evp/m_sha1.o crypto/evp/m_wp.o crypto/evp/m_dss.o crypto/evp/m_dss1.o crypto/evp/m_mdc2.o crypto/evp/m_ripemd.o crypto/evp/m_ecdsa.o crypto/evp/p_open.o crypto/evp/p_seal.o crypto/evp/p_sign.o crypto/evp/p_verify.o crypto/evp/p_lib.o crypto/evp/p_enc.o crypto/evp/p_dec.o crypto/evp/bio_md.o crypto/evp/bio_b64.o crypto/evp/bio_enc.o crypto/evp/evp_err.o crypto/evp/e_null.o crypto/evp/c_all.o crypto/evp/c_allc.o crypto/evp/c_alld.o crypto/evp/evp_lib.o crypto/evp/bio_ok.o crypto/evp/evp_pkey.o crypto/evp/evp_pbe.o crypto/evp/p5_crpt.o crypto/evp/p5_crpt2.o crypto/evp/e_old.o crypto/evp/pmeth_lib.o crypto/evp/pmeth_fn.o crypto/evp/pmeth_gn.o crypto/evp/m_sigver.o crypto/evp/e_aes_cbc_hmac_sha1.o crypto/evp/e_aes_cbc_hmac_sha256.o crypto/evp/e_rc4_hmac_md5.o crypto/asn1/a_object.o crypto/asn1/a_bitstr.o crypto/asn1/a_utctm.o crypto/asn1/a_gentm.o crypto/asn1/a_time.o crypto/asn1/a_int.o crypto/asn1/a_octet.o crypto/asn1/a_print.o crypto/asn1/a_type.o crypto/asn1/a_set.o crypto/asn1/a_dup.o crypto/asn1/a_d2i_fp.o crypto/asn1/a_i2d_fp.o crypto/asn1/a_enum.o crypto/asn1/a_utf8.o crypto/asn1/a_sign.o crypto/asn1/a_digest.o crypto/asn1/a_verify.o crypto/asn1/a_mbstr.o crypto/asn1/a_strex.o crypto/asn1/x_algor.o crypto/asn1/x_val.o crypto/asn1/x_pubkey.o crypto/asn1/x_sig.o crypto/asn1/x_req.o crypto/asn1/x_attrib.o crypto/asn1/x_bignum.o crypto/asn1/x_long.o crypto/asn1/x_name.o crypto/asn1/x_x509.o crypto/asn1/x_x509a.o crypto/asn1/x_crl.o crypto/asn1/x_info.o crypto/asn1/x_spki.o crypto/asn1/nsseq.o crypto/asn1/x_nx509.o crypto/asn1/d2i_pu.o crypto/asn1/d2i_pr.o crypto/asn1/i2d_pu.o crypto/asn1/i2d_pr.o crypto/asn1/t_req.o crypto/asn1/t_x509.o crypto/asn1/t_x509a.o crypto/asn1/t_crl.o crypto/asn1/t_pkey.o crypto/asn1/t_spki.o crypto/asn1/t_bitst.o crypto/asn1/tasn_new.o crypto/asn1/tasn_fre.o crypto/asn1/tasn_enc.o crypto/asn1/tasn_dec.o crypto/asn1/tasn_utl.o crypto/asn1/tasn_typ.o crypto/asn1/tasn_prn.o crypto/asn1/ameth_lib.o crypto/asn1/f_int.o crypto/asn1/f_string.o crypto/asn1/n_pkey.o crypto/asn1/f_enum.o crypto/asn1/x_pkey.o crypto/asn1/a_bool.o crypto/asn1/x_exten.o crypto/asn1/bio_asn1.o crypto/asn1/bio_ndef.o crypto/asn1/asn_mime.o crypto/asn1/asn1_gen.o crypto/asn1/asn1_par.o crypto/asn1/asn1_lib.o crypto/asn1/asn1_err.o crypto/asn1/a_bytes.o crypto/asn1/a_strnid.o crypto/asn1/evp_asn1.o crypto/asn1/asn_pack.o crypto/asn1/p5_pbe.o crypto/asn1/p5_pbev2.o crypto/asn1/p8_pkey.o crypto/asn1/asn_moid.o crypto/pem/pem_sign.o crypto/pem/pem_seal.o crypto/pem/pem_info.o crypto/pem/pem_lib.o crypto/pem/pem_all.o crypto/pem/pem_err.o crypto/pem/pem_x509.o crypto/pem/pem_xaux.o crypto/pem/pem_oth.o crypto/pem/pem_pk8.o crypto/pem/pem_pkey.o crypto/pem/pvkfmt.o crypto/x509/x509_def.o crypto/x509/x509_d2.o crypto/x509/x509_r2x.o crypto/x509/x509_cmp.o crypto/x509/x509_obj.o crypto/x509/x509_req.o crypto/x509/x509spki.o crypto/x509/x509_vfy.o crypto/x509/x509_set.o crypto/x509/x509cset.o crypto/x509/x509rset.o crypto/x509/x509_err.o crypto/x509/x509name.o crypto/x509/x509_v3.o crypto/x509/x509_ext.o crypto/x509/x509_att.o crypto/x509/x509type.o crypto/x509/x509_lu.o crypto/x509/x_all.o crypto/x509/x509_txt.o crypto/x509/x509_trs.o crypto/x509/x509_vpm.o crypto/x509v3/v3_bcons.o crypto/x509v3/v3_bitst.o crypto/x509v3/v3_conf.o crypto/x509v3/v3_extku.o crypto/x509v3/v3_ia5.o crypto/x509v3/v3_lib.o crypto/x509v3/v3_prn.o crypto/x509v3/v3_utl.o crypto/x509v3/v3err.o crypto/x509v3/v3_genn.o crypto/x509v3/v3_alt.o crypto/x509v3/v3_skey.o crypto/x509v3/v3_akey.o crypto/x509v3/v3_pku.o crypto/x509v3/v3_int.o crypto/x509v3/v3_enum.o crypto/x509v3/v3_sxnet.o crypto/x509v3/v3_cpols.o crypto/x509v3/v3_crld.o crypto/x509v3/v3_purp.o crypto/x509v3/v3_info.o crypto/x509v3/v3_ocsp.o crypto/x509v3/v3_akeya.o crypto/x509v3/v3_pmaps.o crypto/x509v3/v3_pcons.o crypto/x509v3/v3_ncons.o crypto/x509v3/v3_pcia.o crypto/x509v3/v3_pci.o crypto/x509v3/pcy_cache.o crypto/x509v3/pcy_node.o crypto/x509v3/pcy_data.o crypto/x509v3/pcy_map.o crypto/x509v3/pcy_tree.o crypto/x509v3/pcy_lib.o crypto/x509v3/v3_asid.o crypto/x509v3/v3_addr.o crypto/conf/conf_err.o crypto/conf/conf_lib.o crypto/conf/conf_api.o crypto/conf/conf_def.o crypto/conf/conf_mod.o crypto/conf/conf_mall.o crypto/conf/conf_sap.o crypto/txt_db/txt_db.o crypto/pkcs7/pk7_asn1.o crypto/pkcs7/pk7_lib.o crypto/pkcs7/pkcs7err.o crypto/pkcs7/pk7_doit.o crypto/pkcs7/pk7_smime.o crypto/pkcs7/pk7_attr.o crypto/pkcs7/pk7_mime.o crypto/pkcs7/bio_pk7.o crypto/pkcs12/p12_add.o crypto/pkcs12/p12_asn.o crypto/pkcs12/p12_attr.o crypto/pkcs12/p12_crpt.o crypto/pkcs12/p12_crt.o crypto/pkcs12/p12_decr.o crypto/pkcs12/p12_init.o crypto/pkcs12/p12_key.o crypto/pkcs12/p12_kiss.o crypto/pkcs12/p12_mutl.o crypto/pkcs12/p12_utl.o crypto/pkcs12/p12_npas.o crypto/pkcs12/pk12err.o crypto/pkcs12/p12_p8d.o crypto/pkcs12/p12_p8e.o crypto/comp/comp_lib.o crypto/comp/comp_err.o crypto/comp/c_rle.o crypto/comp/c_zlib.o crypto/ocsp/ocsp_asn.o crypto/ocsp/ocsp_ext.o crypto/ocsp/ocsp_ht.o crypto/ocsp/ocsp_lib.o crypto/ocsp/ocsp_cl.o crypto/ocsp/ocsp_srv.o crypto/ocsp/ocsp_prn.o crypto/ocsp/ocsp_vfy.o crypto/ocsp/ocsp_err.o crypto/cmac/cmac.o crypto/cmac/cm_ameth.o crypto/cmac/cm_pmeth.o 
make[1]: Leaving directory '/usr/src/azl/BUILD/shim-15.8/build-aa64/Cryptlib/OpenSSL'
ld -o shimaa64.so --hash-style=sysv -nostdlib -znocombreloc -T /usr/src/azl/BUILD/shim-15.8/elf_aarch64_efi.lds -shared -Bsymbolic -Lgnu-efi/aarch64/gnuefi -Lgnu-efi/aarch64/lib -LCryptlib -LCryptlib/OpenSSL gnu-efi/aarch64/gnuefi/crt0-efi-aarch64.o --build-id=sha1  --no-undefined shim.o globals.o mok.o netboot.o cert.o replacements.o tpm.o version.o errlog.o sbat.o sbat_data.o sbat_var.o pe.o pe-relocate.o httpboot.o csv.o load-options.o Cryptlib/libcryptlib.a Cryptlib/OpenSSL/libopenssl.a lib/lib.a gnu-efi/aarch64/lib/libefi.a gnu-efi/aarch64/gnuefi/libgnuefi.a -lefi -lgnuefi --start-group Cryptlib/libcryptlib.a Cryptlib/OpenSSL/libopenssl.a --end-group /usr/lib/gcc/aarch64-unknown-linux-gnu/13.2.0/libgcc.a lib/lib.a
ld -o mmaa64.so --hash-style=sysv -nostdlib -znocombreloc -T /usr/src/azl/BUILD/shim-15.8/elf_aarch64_efi.lds -shared -Bsymbolic -Lgnu-efi/aarch64/gnuefi -Lgnu-efi/aarch64/lib -LCryptlib -LCryptlib/OpenSSL gnu-efi/aarch64/gnuefi/crt0-efi-aarch64.o --build-id=sha1  --no-undefined MokManager.o PasswordCrypt.o crypt_blowfish.o errlog.o sbat_data.o globals.o Cryptlib/libcryptlib.a Cryptlib/OpenSSL/libopenssl.a lib/lib.a gnu-efi/aarch64/lib/libefi.a gnu-efi/aarch64/gnuefi/libgnuefi.a -lefi -lgnuefi --start-group Cryptlib/libcryptlib.a Cryptlib/OpenSSL/libopenssl.a --end-group /usr/lib/gcc/aarch64-unknown-linux-gnu/13.2.0/libgcc.a lib/lib.a
[91mld: warning: shimaa64.so has a LOAD segment with RWX permissions
[0mld -o fbaa64.so --hash-style=sysv -nostdlib -znocombreloc -T /usr/src/azl/BUILD/shim-15.8/elf_aarch64_efi.lds -shared -Bsymbolic -Lgnu-efi/aarch64/gnuefi -Lgnu-efi/aarch64/lib -LCryptlib -LCryptlib/OpenSSL gnu-efi/aarch64/gnuefi/crt0-efi-aarch64.o --build-id=sha1  --no-undefined fallback.o tpm.o errlog.o sbat_data.o globals.o Cryptlib/libcryptlib.a Cryptlib/OpenSSL/libopenssl.a lib/lib.a gnu-efi/aarch64/lib/libefi.a gnu-efi/aarch64/gnuefi/libgnuefi.a -lefi -lgnuefi --start-group Cryptlib/libcryptlib.a Cryptlib/OpenSSL/libopenssl.a --end-group /usr/lib/gcc/aarch64-unknown-linux-gnu/13.2.0/libgcc.a lib/lib.a
[91mld: warning: mmaa64.so has a LOAD segment with RWX permissions
[0mobjcopy -D -j .text -j .sdata -j .data -j .data.ident \
	-j .dynamic -j .rodata -j .rel* \
	-j .rela* -j .dyn -j .reloc -j .eh_frame \
	-j .vendor_cert -j .sbat -j .sbatlevel \
	--target efi-app-aarch64 shimaa64.so shimaa64.efi
objcopy -D -j .text -j .sdata -j .data \
	-j .dynamic -j .rodata -j .rel* \
	-j .rela* -j .dyn -j .reloc -j .eh_frame -j .sbat \
	-j .sbatlevel \
	-j .debug_info -j .debug_abbrev -j .debug_aranges \
	-j .debug_line -j .debug_str -j .debug_ranges \
	-j .note.gnu.build-id \
	shimaa64.so shimaa64.efi.debug
./post-process-pe -vv  shimaa64.efi
objcopy -D -j .text -j .sdata -j .data \
	-j .dynamic -j .rodata -j .rel* \
	-j .rela* -j .dyn -j .reloc -j .eh_frame -j .sbat \
	-j .sbatlevel \
	-j .debug_info -j .debug_abbrev -j .debug_aranges \
	-j .debug_line -j .debug_str -j .debug_ranges \
	-j .note.gnu.build-id \
	mmaa64.so mmaa64.efi.debug
objcopy -D -j .text -j .sdata -j .data \
	-j .dynamic -j .rodata -j .rel* \
	-j .rela* -j .dyn -j .reloc -j .eh_frame -j .sbat \
	-j .sbatlevel \
	-j .debug_info -j .debug_abbrev -j .debug_aranges \
	-j .debug_line -j .debug_str -j .debug_ranges \
	-j .note.gnu.build-id \
	fbaa64.so fbaa64.efi.debug
pesign -i shimaa64.efi -P -h > shimaa64.hash
objcopy -D -j .text -j .sdata -j .data -j .data.ident \
	-j .dynamic -j .rodata -j .rel* \
	-j .rela* -j .dyn -j .reloc -j .eh_frame \
	-j .vendor_cert -j .sbat -j .sbatlevel \
	--target efi-app-aarch64 mmaa64.so mmaa64.efi
objcopy -D -j .text -j .sdata -j .data -j .data.ident \
	-j .dynamic -j .rodata -j .rel* \
	-j .rela* -j .dyn -j .reloc -j .eh_frame \
	-j .vendor_cert -j .sbat -j .sbatlevel \
	--target efi-app-aarch64 fbaa64.so fbaa64.efi
./post-process-pe -vv  mmaa64.efi
./post-process-pe -vv  fbaa64.efi
[91m+ cd ..
+ RPM_EC=0
[0m[91m++ jobs -p
[0m[91m+ exit 0
[0mExecuting(%install): /bin/sh -e /var/tmp/rpm-tmp.yOw3sx
[91m+ umask 022
+ cd /usr/src/azl/BUILD
+ /bin/rm -rf /usr/src/azl/BUILDROOT/shim-unsigned-aarch64-15.8-3.azl3.aarch64
[0m[91m+ /bin/mkdir -p /usr/src/azl/BUILDROOT
[0m[91m+ /bin/mkdir /usr/src/azl/BUILDROOT/shim-unsigned-aarch64-15.8-3.azl3.aarch64
[0m[91m+ cd shim-15.8
+ COMMIT_ID=5914984a1ffeab841f482c791426d7ca9935a5e6
+ MAKEFLAGS='TOPDIR=.. -f ../Makefile COMMIT_ID=5914984a1ffeab841f482c791426d7ca9935a5e6 '
[0m[91m+ MAKEFLAGS+='EFIDIR=azurelinux PKGNAME=shim '
+ MAKEFLAGS+='ENABLE_SHIM_HASH=true '
+ '[' -f /usr/src/azl/SOURCES/azurelinux-ca-20230216.der ']'
+ MAKEFLAGS='TOPDIR=.. -f ../Makefile COMMIT_ID=5914984a1ffeab841f482c791426d7ca9935a5e6 EFIDIR=azurelinux PKGNAME=shim ENABLE_SHIM_HASH=true  VENDOR_CERT_FILE=/usr/src/azl/SOURCES/azurelinux-ca-20230216.der '
+ cd build-aa64
+ make TOPDIR=.. -f ../Makefile COMMIT_ID=5914984a1ffeab841f482c791426d7ca9935a5e6 EFIDIR=azurelinux PKGNAME=shim ENABLE_SHIM_HASH=true VENDOR_CERT_FILE=/usr/src/azl/SOURCES/azurelinux-ca-20230216.der 'DEFAULT_LOADER=\\\\grubaa64.efi' DESTDIR=/usr/src/azl/BUILDROOT/shim-unsigned-aarch64-15.8-3.azl3.aarch64 install-as-data install-debuginfo install-debugsource
[0mgcc -I/usr/include -Og -g3 -Wall -Werror -Wextra -o buildid /usr/src/azl/BUILD/shim-15.8/buildid.c -lelf
Making BOOTAA64.CSV
install -d -m 0755 /usr/src/azl/BUILDROOT/shim-unsigned-aarch64-15.8-3.azl3.aarch64//usr/share//shim/15.8/aa64/
install -m 0644 shimaa64.efi /usr/src/azl/BUILDROOT/shim-unsigned-aarch64-15.8-3.azl3.aarch64//usr/share//shim/15.8/aa64//
install -m 0644 BOOTAA64.CSV /usr/src/azl/BUILDROOT/shim-unsigned-aarch64-15.8-3.azl3.aarch64//usr/share//shim/15.8/aa64//
install -m 0644 shimaa64.hash /usr/src/azl/BUILDROOT/shim-unsigned-aarch64-15.8-3.azl3.aarch64//usr/share//shim/15.8/aa64//
install -m 0644 mmaa64.efi /usr/src/azl/BUILDROOT/shim-unsigned-aarch64-15.8-3.azl3.aarch64//usr/share//shim/15.8/aa64//mmaa64.efi
install -m 0644 fbaa64.efi /usr/src/azl/BUILDROOT/shim-unsigned-aarch64-15.8-3.azl3.aarch64//usr/share//shim/15.8/aa64//fbaa64.efi
install -d -m 0755 /usr/src/azl/BUILDROOT/shim-unsigned-aarch64-15.8-3.azl3.aarch64/
install -d -m 0755 /usr/src/azl/BUILDROOT/shim-unsigned-aarch64-15.8-3.azl3.aarch64//usr/lib/debug/boot/efi/EFI/azurelinux//
install -d -m 0755 /usr/src/azl/BUILDROOT/shim-unsigned-aarch64-15.8-3.azl3.aarch64//usr/src/debug//shim-15.8
find /usr/src/azl/BUILD/shim-15.8 -type f -a '(' -iname '*.c' -o -iname '*.h' -o -iname '*.S' ')' | while read file ; do \
	outfile=$(echo ${file} | sed -e "s,^/usr/src/azl/BUILD/shim-15.8,,") ; \
	install -d -m 0755 /usr/src/azl/BUILDROOT/shim-unsigned-aarch64-15.8-3.azl3.aarch64//usr/src/debug//shim-15.8/$(dirname ${outfile}) ; \
	install -m 0644 ${file} /usr/src/azl/BUILDROOT/shim-unsigned-aarch64-15.8-3.azl3.aarch64//usr/src/debug//shim-15.8/${outfile} ; \
done
[91m+ install -m 0644 BOOTAA64.CSV /usr/src/azl/BUILDROOT/shim-unsigned-aarch64-15.8-3.azl3.aarch64//usr/share/shim//15.8/aa64/
[0m[91m+ cd ..
+ /usr/src/azl/SOURCES/shim-find-debuginfo.sh aa64
[0m[91m+ /usr/lib/rpm/brp-compress /usr
[0m[91m+ /usr/lib/rpm/brp-strip-comment-note /bin/strip /bin/objdump
[0m[91m+ /usr/lib/rpm/brp-strip-static-archive /bin/strip
[0m[91m+ /usr/lib/rpm/azl/brp-python-bytecompile /usr/bin/python3 1 0
[0m[91m+ find /usr/src/azl/BUILDROOT/shim-unsigned-aarch64-15.8-3.azl3.aarch64 -name '*.pc'
[0m[91m+ xargs '-I{}' sed -i -e 's@-Wl,-dT,/usr/src/azl/BUILD/module_info.ld@ @' '{}'
[0m[91m+ /usr/lib/rpm/brp-strip /bin/strip
[0mExecuting(%check): /bin/sh -e /var/tmp/rpm-tmp.q6N0lu
[91m+ umask 022
+ cd /usr/src/azl/BUILD
+ cd shim-15.8
[0m[91m++ cat /usr/src/azl/BUILDROOT/shim-unsigned-aarch64-15.8-3.azl3.aarch64/usr/share/shim//15.8/aa64/shimaa64.hash
[0m[91m++ cut -d ' ' -f 1
[0m[91m+ HASH=195c61ff9723fae867e8c74602eec06c2cb80b9d3e152047acbdbb515e32bc43
[0m[91m++ pesign -h -i /usr/src/azl/BUILDROOT/shim-unsigned-aarch64-15.8-3.azl3.aarch64/usr/share/shim//15.8/aa64/shimaa64.efi
[0m[91m++ cut -d ' ' -f 1
[0m[91m+ [[ 195c61ff9723fae867e8c74602eec06c2cb80b9d3e152047acbdbb515e32bc43 = 195c61ff9723fae867e8c74602eec06c2cb80b9d3e152047acbdbb515e32bc43 ]]
+ RPM_EC=0
[0m[91m++ jobs -p
[0m[91m+ exit 0
[0mProcessing files: shim-unsigned-aarch64-15.8-3.azl3.aarch64
Executing(%license): /bin/sh -e /var/tmp/rpm-tmp.Q2MpaD
[91m+ umask 022
+ cd /usr/src/azl/BUILD
+ cd shim-15.8
+ LICENSEDIR=/usr/src/azl/BUILDROOT/shim-unsigned-aarch64-15.8-3.azl3.aarch64/usr/share/licenses/shim-unsigned-aarch64
+ export LC_ALL=C
+ LC_ALL=C
+ export LICENSEDIR
[0m[91m+ /bin/mkdir -p /usr/src/azl/BUILDROOT/shim-unsigned-aarch64-15.8-3.azl3.aarch64/usr/share/licenses/shim-unsigned-aarch64
[0m[91m+ cp -pr COPYRIGHT /usr/src/azl/BUILDROOT/shim-unsigned-aarch64-15.8-3.azl3.aarch64/usr/share/licenses/shim-unsigned-aarch64
[0m[91m+ RPM_EC=0
[0m[91m++ jobs -p
[0m[91m+ exit 0
[0mProvides: bundled(openssl) = 1.0.2j shim-unsigned-aa64 shim-unsigned-aarch64 = 15.8-3.azl3 shim-unsigned-aarch64(aarch-64) = 15.8-3.azl3
Requires(rpmlib): rpmlib(CompressedFileNames) <= 3.0.4-1 rpmlib(FileDigests) <= 4.6.0-1 rpmlib(PayloadFilesHavePrefix) <= 4.0-1
Processing files: shim-unsigned-aarch64-debuginfo-15.8-3.azl3.noarch
Provides: shim-unsigned-aarch64-debuginfo = 15.8-3.azl3
Requires(rpmlib): rpmlib(CompressedFileNames) <= 3.0.4-1 rpmlib(FileDigests) <= 4.6.0-1 rpmlib(PayloadFilesHavePrefix) <= 4.0-1
Recommends: shim-unsigned-aarch64-debugsource(aarch-64) = 15.8-3.azl3
Processing files: shim-unsigned-aarch64-debugsource-15.8-3.azl3.noarch
Provides: shim-unsigned-aarch64-debugsource = 15.8-3.azl3
Requires(rpmlib): rpmlib(CompressedFileNames) <= 3.0.4-1 rpmlib(FileDigests) <= 4.6.0-1 rpmlib(PayloadFilesHavePrefix) <= 4.0-1
Checking for unpackaged file(s): /usr/lib/rpm/check-files /usr/src/azl/BUILDROOT/shim-unsigned-aarch64-15.8-3.azl3.aarch64
Wrote: /usr/src/azl/RPMS/aarch64/shim-unsigned-aarch64-15.8-3.azl3.aarch64.rpm
Wrote: /usr/src/azl/RPMS/noarch/shim-unsigned-aarch64-debugsource-15.8-3.azl3.noarch.rpm
Wrote: /usr/src/azl/RPMS/noarch/shim-unsigned-aarch64-debuginfo-15.8-3.azl3.noarch.rpm
Executing(%clean): /bin/sh -e /var/tmp/rpm-tmp.os4vBP
[91m+ umask 022
+ cd /usr/src/azl/BUILD
+ cd shim-15.8
+ /bin/rm -rf /usr/src/azl/BUILDROOT/shim-unsigned-aarch64-15.8-3.azl3.aarch64
[0m[91m+ RPM_EC=0
[0m[91m++ jobs -p
[0m[91m+ exit 0
[0mExecuting(rmbuild): /bin/sh -e /var/tmp/rpm-tmp.vLo4Ce
[91m+ umask 022
+ cd /usr/src/azl/BUILD
+ rm -rf shim-15.8 shim-15.8.gemspec
[0m[91m+ RPM_EC=0
[0m[91m++ jobs -p
[0m[91m+ exit 0
[0m ---> Removed intermediate container ee4c07d9220e
 ---> 7fe9560338bc
Step 6/11 : RUN rpm -iv /usr/src/azl/RPMS/aarch64/shim-unsigned-aarch64-*.aarch64.rpm
 ---> Running in 508d71d6cceb
Verifying packages...
Preparing packages...
shim-unsigned-aarch64-15.8-3.azl3.aarch64
 ---> Removed intermediate container 508d71d6cceb
 ---> 4f22822abbc2
Step 7/11 : RUN sha256sum /usr/share/shim/15.8/aa64/shimaa64.efi /shimaa64.efi > /shim.sha256
 ---> Running in 5bd176f46664
 ---> Removed intermediate container 5bd176f46664
 ---> 8b2d03abbf4b
Step 8/11 : RUN cmp /usr/share/shim/15.8/aa64/shimaa64.efi /shimaa64.efi
 ---> Running in b50edf607163
 ---> Removed intermediate container b50edf607163
 ---> 14fde6a4919a
Step 9/11 : RUN objcopy -O binary -j .sbat /usr/share/shim/15.8/aa64/shimaa64.efi /shim-sbat
 ---> Running in 8b5dab4b7155
 ---> Removed intermediate container 8b5dab4b7155
 ---> 8a4270c4dcca
Step 10/11 : RUN cat /shim.sha256
 ---> Running in a333a800317f
ddf770c9cac6a5cd693928bb047ea7c0d0dce51a3b7f4cde4dc08a919ab4538a  /usr/share/shim/15.8/aa64/shimaa64.efi
ddf770c9cac6a5cd693928bb047ea7c0d0dce51a3b7f4cde4dc08a919ab4538a  /shimaa64.efi
 ---> Removed intermediate container a333a800317f
 ---> dc0c250830a3
Step 11/11 : RUN cat /shim-sbat
 ---> Running in d494e4e7dad7
sbat,1,SBAT Version,sbat,1,https://github.com/rhboot/shim/blob/main/SBAT.md
shim,4,UEFI shim,shim,1,https://github.com/rhboot/shim
shim.azurelinux,1,Microsoft,shim,15.8,https://github.com/microsoft/azurelinux
shim.rh,3,The Fedora Project,shim,15.8,https://src.fedoraproject.org/rpms/shim-unsigned-x64
shim.redhat,3,The Fedora Project,shim,15.8,https://src.fedoraproject.org/rpms/shim-unsigned-x64
shim.fedora,3,The Fedora Project,shim,15.8,https://src.fedoraproject.org/rpms/shim-unsigned-x64
 ---> Removed intermediate container d494e4e7dad7
 ---> 6630c7afd355
Successfully built 6630c7afd355
