#0 building with "default" instance using docker driver

#1 [internal] load build definition from Dockerfile
#1 transferring dockerfile: 1.41kB done
#1 DONE 0.0s

#2 [internal] load .dockerignore
#2 transferring context: 2B done
#2 DONE 0.1s

#3 [internal] load metadata for azurelinuxpreview.azurecr.io/public/azurelinux/base/core:3.0.20240510
#3 DONE 0.6s

#4 [1/5] FROM azurelinuxpreview.azurecr.io/public/azurelinux/base/core:3.0.20240510@sha256:b01ab26c596f8ca9e0c72701e52437fc7bb58f770a12d486eb2eb3f05c7a331e
#4 DONE 0.0s

#5 [internal] load build context
#5 transferring context: 940.65kB 0.0s done
#5 DONE 0.0s

#4 [1/5] FROM azurelinuxpreview.azurecr.io/public/azurelinux/base/core:3.0.20240510@sha256:b01ab26c596f8ca9e0c72701e52437fc7bb58f770a12d486eb2eb3f05c7a331e
#4 CACHED

#6 [2/5] COPY shim-unsigned-*-15.8-3.azl3.src.rpm shim*.efi /
#6 DONE 0.1s

#7 [3/5] RUN <<-EOF (set -ex...)
#7 0.288 ++ rpm -E %_arch
#7 0.294 + export ARCH=x86_64
#7 0.294 + ARCH=x86_64
#7 0.294 + case $ARCH in
#7 0.294 + PKGNAME=shim-unsigned-x64
#7 0.294 + SHIMDIR=/usr/share/shim/15.8/x64
#7 0.294 + SHIM=shimx64.efi
#7 0.294 + tdnf install -y binutils-0:2.41-2.azl3 dos2unix-0:7.5.1-1.azl3 efivar-devel-0:39-1.azl3 gcc-0:13.2.0-4.azl3 git-0:2.42.0-2.azl3 glibc-devel-0:2.38-3.azl3 kernel-headers-0:6.6.29.1-3.azl3 make-0:4.4.1-1.azl3 openssl-devel-0:3.3.0-1.azl3 pesign-0:116-3.azl3 rpm-build-0:4.18.2-1.azl3 vim-extra-0:9.0.2190-2.azl3
#7 0.304 Loaded plugin: tdnfrepogpgcheck
#7 0.324 Refreshing metadata for: 'Azure Linux Official Microsoft Non-Open-Source Preview 3.0 x86_64'
#7 0.728 Refreshing metadata for: 'Azure Linux Official Preview 3.0 x86_64'
#7 5.142 
#7 5.142 Installing:
#7 5.142 libunistring     x86_64       1.1-1.azl3       mariner-preview   4.84M     1.24M
#7 5.142 libidn2          x86_64       2.3.4-4.azl3     mariner-preview 391.86k   171.07k
#7 5.142 systemd-resolved x86_64       255-12.azl3      mariner-preview 649.70k   310.57k
#7 5.142 systemd-networkd x86_64       255-12.azl3      mariner-preview   2.07M   738.08k
#7 5.142 xkeyboard-config noarch       2.40-1.azl3      mariner-preview   6.58M     1.08M
#7 5.142 libxml2          x86_64       2.11.5-1.azl3    mariner-preview   4.48M     1.00M
#7 5.142 libxkbcommon     x86_64       1.6.0-2.azl3     mariner-preview 340.76k   167.93k
#7 5.142 json-c           x86_64       0.17-1.azl3      mariner-preview  75.52k    45.81k
#7 5.142 device-mapper-libs x86_64       2.03.23-1.azl3   mariner-preview 379.98k   186.84k
#7 5.142 cryptsetup-libs  x86_64       2.4.3-5.azl3     mariner-preview   1.87M   512.58k
#7 5.142 libbpf           x86_64       1.2.2-1.azl3     mariner-preview 374.19k   186.37k
#7 5.142 dbus             x86_64       1.15.8-3.azl3    mariner-preview 996.63k   432.38k
#7 5.142 cracklib-dicts   x86_64       2.9.11-1.azl3    mariner-preview   8.87M     3.96M
#7 5.142 libattr          x86_64       2.5.2-1.azl3     mariner-preview  28.17k    28.11k
#7 5.142 attr             x86_64       2.5.2-1.azl3     mariner-preview 184.29k    74.73k
#7 5.142 systemd-rpm-macros noarch       255-12.azl3      mariner-preview  10.95k    12.88k
#7 5.142 systemd-pam      x86_64       255-12.azl3      mariner-preview   1.09M   407.77k
#7 5.142 systemd-libs     x86_64       255-12.azl3      mariner-preview   2.00M   781.46k
#7 5.142 lz4              x86_64       1.9.4-1.azl3     mariner-preview 362.17k   133.87k
#7 5.142 libseccomp       x86_64       2.5.4-1.azl3     mariner-preview 160.07k    74.49k
#7 5.142 libacl           x86_64       2.3.1-2.azl3     mariner-preview  39.88k    26.36k
#7 5.142 kmod             x86_64       30-1.azl3        mariner-preview 301.15k   121.42k
#7 5.142 systemd          x86_64       255-12.azl3      mariner-preview  14.93M     5.43M
#7 5.142 ncurses-term     x86_64       6.4-2.azl3       mariner-preview   1.79M   578.47k
#7 5.142 openssh-server   x86_64       9.7p1-1.azl3     mariner-preview   1.21M   549.97k
#7 5.142 openssh-clients  x86_64       9.7p1-1.azl3     mariner-preview   5.15M     1.07M
#7 5.142 openssh          x86_64       9.7p1-1.azl3     mariner-preview  18.13k    21.10k
#7 5.142 libcap-ng        x86_64       0.8.4-1.azl3     mariner-preview 135.50k    52.62k
#7 5.142 python3-libs     x86_64       3.12.0-3.azl3    mariner-preview  36.02M    10.52M
#7 5.142 python3          x86_64       3.12.0-3.azl3    mariner-preview  44.87k    36.33k
#7 5.142 zlib-devel       x86_64       1.3.1-1.azl3     mariner-preview 239.52k    96.09k
#7 5.142 gdbm             x86_64       1.23-1.azl3      mariner-preview 356.63k   149.31k
#7 5.142 zstd             x86_64       1.5.5-2.azl3     mariner-preview   1.68M   491.76k
#7 5.142 libpkgconf       x86_64       2.0.2-1.azl3     mariner-preview  81.73k    45.44k
#7 5.142 perl-vmsish      noarch       1.04-505.azl3    mariner-preview   6.53k    89.27k
#7 5.142 perl-version     noarch       8:0.99.29-505.azl3 mariner-preview  54.30k   114.78k
#7 5.142 perl-utils       noarch       5.38.2-505.azl3  mariner-preview  97.62k   130.98k
#7 5.142 perl-User-pwent  noarch       1.04-505.azl3    mariner-preview  17.27k    95.33k
#7 5.142 perl-Unicode-UCD noarch       0.78-505.azl3    mariner-preview 204.44k   158.68k
#7 5.142 perl-Unicode-Normalize x86_64       1.32-505.azl3    mariner-preview 619.34k   166.39k
#7 5.142 perl-Unicode-Collate x86_64       1.31-505.azl3    mariner-preview   4.90M   911.17k
#7 5.142 perl-Time-Piece  x86_64       1.3401-505.azl3  mariner-preview  70.65k   117.82k
#7 5.142 perl-Time-Local  noarch       2:1.300-505.azl3 mariner-preview  20.96k    97.46k
#7 5.142 perl-Time-HiRes  x86_64       4:1.9775-505.azl3 mariner-preview  68.52k   115.98k
#7 5.142 perl-Time        noarch       1.03-505.azl3    mariner-preview   9.92k    92.17k
#7 5.142 perl-Tie-RefHash noarch       1.40-505.azl3    mariner-preview  10.78k    90.97k
#7 5.142 perl-Tie-Memoize noarch       1.1-505.azl3     mariner-preview   6.19k    89.37k
#7 5.142 perl-Tie-File    noarch       1.07-505.azl3    mariner-preview  85.48k   120.95k
#7 5.142 perl-Tie         noarch       4.6-505.azl3     mariner-preview  31.96k   103.96k
#7 5.142 perl-threads-shared x86_64       1.68-505.azl3    mariner-preview  70.15k   119.84k
#7 5.142 perl-Thread-Semaphore noarch       2.13-505.azl3    mariner-preview  10.00k    90.99k
#7 5.142 perl-threads     x86_64       1:2.36-505.azl3  mariner-preview  97.15k   132.02k
#7 5.142 perl-Thread-Queue noarch       3.14-505.azl3    mariner-preview  21.68k    95.30k
#7 5.142 perl-Thread      noarch       3.05-505.azl3    mariner-preview  12.10k    93.56k
#7 5.142 perl-Text-Tabs+Wrap noarch       2021.0814-505.azl3 mariner-preview  16.75k    96.03k
#7 5.142 perl-Text-Balanced noarch       2.06-505.azl3    mariner-preview  93.43k   122.17k
#7 5.142 perl-Text-Abbrev noarch       1.02-505.azl3    mariner-preview   3.05k    87.30k
#7 5.142 perl-Test-Simple noarch       3:1.302194-505.azl3 mariner-preview 775.74k   456.56k
#7 5.142 perl-Test-Harness noarch       1:3.44-505.azl3  mariner-preview 458.14k   309.49k
#7 5.142 perl-Test        noarch       1.31-505.azl3    mariner-preview  36.95k   104.88k
#7 5.142 perl-Term-ReadLine noarch       1.17-505.azl3    mariner-preview  17.27k    94.73k
#7 5.142 perl-Term-Complete noarch       1.403-505.azl3   mariner-preview   5.73k    88.23k
#7 5.142 perl-Term-Cap    noarch       1.18-505.azl3    mariner-preview  22.96k    95.90k
#7 5.142 perl-Term-ANSIColor noarch       5.01-505.azl3    mariner-preview  66.71k   116.33k
#7 5.142 perl-Sys-Syslog  x86_64       0.36-505.azl3    mariner-preview  78.19k   117.92k
#7 5.142 perl-Sys-Hostname x86_64       1.25-505.azl3    mariner-preview  19.46k    91.82k
#7 5.142 perl-subs        noarch       1.04-505.azl3    mariner-preview   2.09k    86.83k
#7 5.142 perl-sort        noarch       2.05-505.azl3    mariner-preview   4.77k    88.39k
#7 5.142 perl-Socket      x86_64       4:2.036-505.azl3 mariner-preview  91.77k   123.31k
#7 5.142 perl-sigtrap     noarch       1.10-505.azl3    mariner-preview  11.03k    90.99k
#7 5.142 perl-SelfLoader  noarch       1.26-505.azl3    mariner-preview  22.36k    97.38k
#7 5.142 perl-SelectSaver noarch       1.02-505.azl3    mariner-preview   2.17k    86.88k
#7 5.142 perl-Search-Dict noarch       1.07-505.azl3    mariner-preview   4.65k    88.27k
#7 5.142 perl-Safe        noarch       2.44-505.azl3    mariner-preview  30.57k   101.00k
#7 5.142 perl-POSIX       x86_64       2.13-505.azl3    mariner-preview 236.71k   180.66k
#7 5.142 perl-Pod-Usage   noarch       4:2.03-505.azl3  mariner-preview  43.18k   107.45k
#7 5.142 perl-Pod-Simple  noarch       1:3.43-505.azl3  mariner-preview 521.08k   286.52k
#7 5.142 perl-Pod-Perldoc noarch       3.28.01-505.azl3 mariner-preview 139.23k   148.76k
#7 5.142 perl-podlators   noarch       1:5.01-505.azl3  mariner-preview 250.06k   187.19k
#7 5.142 perl-Pod-Html    noarch       1.34-505.azl3    mariner-preview  41.65k   105.97k
#7 5.142 perl-Pod-Functions noarch       1.14-505.azl3    mariner-preview  14.20k    89.92k
#7 5.142 perl-Pod-Escapes noarch       1:1.07-505.azl3  mariner-preview  20.66k    95.24k
#7 5.142 perl-Pod-Checker noarch       4:1.75-505.azl3  mariner-preview  45.06k   106.57k
#7 5.142 perl-ph          x86_64       5.38.2-505.azl3  mariner-preview 269.98k   122.58k
#7 5.142 perl-Perl-OSType noarch       1.010-505.azl3   mariner-preview   6.73k    90.06k
#7 5.142 perl-PerlIO-via-QuotedPrint noarch       0.10-505.azl3    mariner-preview   6.61k    89.52k
#7 5.142 perl-perlfaq     noarch       5.20210520-505.azl3 mariner-preview 698.40k   452.04k
#7 5.142 perl-Params-Check noarch       1:0.38-505.azl3  mariner-preview  23.76k    97.37k
#7 5.142 perl-overloading noarch       0.02-505.azl3    mariner-preview   4.84k    88.09k
#7 5.142 perl-open        noarch       1.13-505.azl3    mariner-preview  11.27k    91.92k
#7 5.142 perl-Opcode      x86_64       1.64-505.azl3    mariner-preview  52.02k   112.83k
#7 5.142 perl-ODBM_File   x86_64       1.18-505.azl3    mariner-preview  31.91k    97.93k
#7 5.142 perl-NEXT        noarch       0.69-505.azl3    mariner-preview  23.54k    96.85k
#7 5.142 perl-Net-Ping    noarch       2.76-505.azl3    mariner-preview  90.81k   118.35k
#7 5.142 perl-Net         noarch       1.03-505.azl3    mariner-preview  22.82k    98.30k
#7 5.142 perl-NDBM_File   x86_64       1.16-505.azl3    mariner-preview  32.11k    97.95k
#7 5.142 perl-mro         x86_64       1.28-505.azl3    mariner-preview  41.29k   104.94k
#7 5.142 perl-Module-Metadata noarch       1.000037-505.azl3 mariner-preview  38.26k   102.32k
#7 5.142 perl-Module-Loaded noarch       1:0.08-505.azl3  mariner-preview   4.96k    88.67k
#7 5.142 perl-Module-Load-Conditional noarch       0.74-505.azl3    mariner-preview  22.85k    96.69k
#7 5.142 perl-Module-Load noarch       1:0.36-505.azl3  mariner-preview  11.99k    92.03k
#7 5.142 perl-Module-CoreList-tools noarch       1:5.20231129-505.azl3 mariner-preview  17.60k    92.93k
#7 5.142 perl-Module-CoreList noarch       1:5.20231129-505.azl3 mariner-preview   1.08M   174.20k
#7 5.142 perl-MIME-Base64 x86_64       3.16-505.azl3    mariner-preview  32.45k   102.33k
#7 5.142 perl-meta-notation noarch       5.38.2-505.azl3  mariner-preview   2.02k    85.81k
#7 5.142 perl-Memoize     noarch       1.16-505.azl3    mariner-preview  64.47k   123.72k
#7 5.142 perl-Math-Complex noarch       1.62-505.azl3    mariner-preview  84.95k   123.90k
#7 5.142 perl-Math-BigRat noarch       0.2624-505.azl3  mariner-preview  94.83k   111.76k
#7 5.142 perl-Math-BigInt-FastCalc x86_64       0.501.300-505.azl3 mariner-preview  27.56k    97.94k
#7 5.142 perl-Locale-Maketext-Simple noarch       1:0.21-505.azl3  mariner-preview  12.75k    93.29k
#7 5.142 perl-Locale-Maketext noarch       1.33-505.azl3    mariner-preview 161.01k   170.51k
#7 5.142 perl-locale      noarch       1.10-505.azl3    mariner-preview   6.24k    88.89k
#7 5.142 perl-libnetcfg   noarch       4:5.38.2-505.azl3 mariner-preview  16.91k    91.85k
#7 5.142 perl-libnet      noarch       3.15-505.azl3    mariner-preview 248.08k   191.03k
#7 5.142 perl-lib         x86_64       0.65-505.azl3    mariner-preview   8.50k    90.26k
#7 5.142 perl-less        noarch       0.03-505.azl3    mariner-preview   4.89k    88.43k
#7 5.142 perl-JSON-PP     noarch       1:4.16-505.azl3  mariner-preview 125.44k   139.71k
#7 5.142 perl-IPC-SysV    x86_64       2.09-505.azl3    mariner-preview  55.93k   112.30k
#7 5.142 perl-IPC-Cmd     noarch       2:1.04-505.azl3  mariner-preview  73.33k   113.51k
#7 5.142 perl-IO-Zlib     noarch       1:1.14-505.azl3  mariner-preview  19.38k    94.62k
#7 5.142 perl-IO-Socket-IP noarch       0.41-505.azl3    mariner-preview  47.54k   106.71k
#7 5.142 perl-IO-Compress noarch       2.204-505.azl3   mariner-preview 796.32k   329.14k
#7 5.142 perl-if          noarch       0.61.000-505.azl3 mariner-preview   5.81k    89.17k
#7 5.142 perl-I18N-LangTags noarch       0.45-505.azl3    mariner-preview  82.26k   130.36k
#7 5.142 perl-I18N-Langinfo x86_64       0.22-505.azl3    mariner-preview  29.24k    97.42k
#7 5.142 perl-I18N-Collate noarch       1.02-505.azl3    mariner-preview   7.05k    89.52k
#7 5.142 perl-HTTP-Tiny   noarch       0.086-505.azl3   mariner-preview  88.33k   117.46k
#7 5.142 perl-Hash-Util-FieldHash x86_64       1.26-505.azl3    mariner-preview  62.11k   115.24k
#7 5.142 perl-Hash-Util   x86_64       0.30-505.azl3    mariner-preview  54.65k   110.64k
#7 5.142 perl-Getopt-Std  noarch       1.13-505.azl3    mariner-preview  11.08k    91.04k
#7 5.142 perl-GDBM_File   x86_64       1:1.24-505.azl3  mariner-preview  83.27k   120.51k
#7 5.142 perl-FindBin     noarch       1.53-505.azl3    mariner-preview   6.39k    89.37k
#7 5.142 perl-Filter-Simple noarch       0.96-505.azl3    mariner-preview  30.19k   100.86k
#7 5.142 perl-Filter      x86_64       2:1.64-505.azl3  mariner-preview  64.57k   120.81k
#7 5.142 perl-filetest    noarch       1.03-505.azl3    mariner-preview   6.39k    89.82k
#7 5.142 perl-File-Path   noarch       2.18-505.azl3    mariner-preview  51.43k   108.75k
#7 5.142 perl-File-Find   noarch       1.43-505.azl3    mariner-preview  41.89k   101.56k
#7 5.142 perl-File-Fetch  noarch       1.04-505.azl3    mariner-preview  51.43k   105.29k
#7 5.142 perl-File-DosGlob x86_64       1.12-505.azl3    mariner-preview  24.37k    94.57k
#7 5.142 perl-File-Copy   noarch       2.41-505.azl3    mariner-preview  19.62k    95.88k
#7 5.142 perl-File-Compare noarch       1.100.700-505.azl3 mariner-preview   5.49k    88.46k
#7 5.142 perl-FileCache   noarch       1.10-505.azl3    mariner-preview   7.44k    90.06k
#7 5.142 perl-fields      noarch       2.27-505.azl3    mariner-preview  11.86k    91.58k
#7 5.142 perl-ExtUtils-ParseXS noarch       1:3.51-505.azl3  mariner-preview 377.88k   258.96k
#7 5.142 perl-ExtUtils-MM-Utils noarch       1:7.44-505.azl3  mariner-preview   2.89k    87.83k
#7 5.142 perl-ExtUtils-Miniperl noarch       1.13-505.azl3    mariner-preview   8.25k    90.44k
#7 5.142 perl-ExtUtils-Manifest noarch       1:1.73-505.azl3  mariner-preview  28.02k    98.66k
#7 5.142 perl-ExtUtils-MakeMaker noarch       2:7.70-505.azl3  mariner-preview 606.76k   338.68k
#7 5.142 perl-ExtUtils-Install noarch       2.22-505.azl3    mariner-preview  72.14k   117.16k
#7 5.142 perl-ExtUtils-Embed noarch       1.35-505.azl3    mariner-preview  15.52k    93.32k
#7 5.142 perl-ExtUtils-Constant noarch       0.25-505.azl3    mariner-preview  85.77k   121.54k
#7 5.142 perl-ExtUtils-Command noarch       2:7.70-505.azl3  mariner-preview   9.56k    90.38k
#7 5.142 perl-ExtUtils-CBuilder noarch       1:0.280238-505.azl3 mariner-preview  62.32k   112.92k
#7 5.143 perl-experimental noarch       0.031-505.azl3   mariner-preview  18.45k    95.58k
#7 5.143 perl-Env         noarch       1.06-505.azl3    mariner-preview   7.26k    89.21k
#7 5.143 perl-English     noarch       1.11-505.azl3    mariner-preview   6.20k    88.80k
#7 5.143 perl-encoding-warnings noarch       0.14-505.azl3    mariner-preview  10.08k    91.94k
#7 5.143 perl-encoding    x86_64       4:3.00-505.azl3  mariner-preview  29.96k   102.67k
#7 5.143 perl-Encode-devel noarch       4:3.19-505.azl3  mariner-preview  99.67k   120.34k
#7 5.143 perl-Dumpvalue   noarch       2.27-505.azl3    mariner-preview  19.76k    93.95k
#7 5.143 perl-doc         noarch       5.38.2-505.azl3  mariner-preview  10.65M     5.07M
#7 5.143 perl-DirHandle   noarch       1.05-505.azl3    mariner-preview   3.38k    87.64k
#7 5.143 perl-Digest-SHA  x86_64       1:6.04-505.azl3  mariner-preview  87.92k   132.47k
#7 5.143 perl-Digest-MD5  x86_64       2.58-505.azl3    mariner-preview  38.40k   105.14k
#7 5.143 perl-Digest      noarch       1.20-505.azl3    mariner-preview  21.59k    99.18k
#7 5.143 perl-diagnostics noarch       1.39-505.azl3    mariner-preview 458.43k   298.33k
#7 5.143 perl-Devel-SelfStubber noarch       1.06-505.azl3    mariner-preview   6.74k    89.60k
#7 5.143 perl-Devel-PPPort x86_64       3.71-505.azl3    mariner-preview 639.37k   239.16k
#7 5.143 perl-Devel-Peek  x86_64       1.33-505.azl3    mariner-preview  43.42k   108.65k
#7 5.143 perl-devel       x86_64       4:5.38.2-505.azl3 mariner-preview   8.12M   979.04k
#7 5.143 perl-deprecate   noarch       0.04-505.azl3    mariner-preview   6.54k    89.83k
#7 5.143 perl-debugger    noarch       1.60-505.azl3    mariner-preview 402.09k   219.00k
#7 5.143 perl-DBM_Filter  noarch       0.06-505.azl3    mariner-preview  28.45k   103.04k
#7 5.143 perl-CPAN-Meta-YAML noarch       0.018-505.azl3   mariner-preview  28.00k    95.48k
#7 5.143 perl-CPAN-Meta-Requirements noarch       2.140-505.azl3   mariner-preview  34.78k    97.42k
#7 5.143 perl-CPAN-Meta   noarch       2.150010-505.azl3 mariner-preview 322.00k   205.56k
#7 5.143 perl-CPAN        noarch       2.36-505.azl3    mariner-preview 842.21k   363.77k
#7 5.143 perl-Config-Perl-V noarch       0.36-505.azl3    mariner-preview  18.27k    95.13k
#7 5.143 perl-Config-Extensions noarch       0.03-505.azl3    mariner-preview   2.64k    87.43k
#7 5.143 perl-Compress-Raw-Zlib x86_64       2.204-505.azl3   mariner-preview 129.37k   133.05k
#7 5.143 perl-Compress-Raw-Bzip2 x86_64       2.204-505.azl3   mariner-preview  53.71k   106.66k
#7 5.143 perl-blib        noarch       1.07-505.azl3    mariner-preview   3.20k    87.55k
#7 5.143 perl-bignum      noarch       0.66-505.azl3    mariner-preview 118.47k   122.14k
#7 5.143 perl-Benchmark   noarch       1.24-505.azl3    mariner-preview  36.33k   102.99k
#7 5.143 perl-autouse     noarch       1.11-505.azl3    mariner-preview   5.91k    89.03k
#7 5.143 perl-AutoSplit   noarch       5.74-505.azl3    mariner-preview  23.11k    97.61k
#7 5.143 perl-AutoLoader  noarch       5.74-505.azl3    mariner-preview  20.53k    96.96k
#7 5.143 perl-autodie     noarch       2.36-505.azl3    mariner-preview 147.60k   153.40k
#7 5.143 perl-Attribute-Handlers noarch       1.03-505.azl3    mariner-preview  39.89k   104.30k
#7 5.143 perl-Archive-Tar noarch       2.40-505.azl3    mariner-preview 128.35k   142.38k
#7 5.143 popt-devel       x86_64       1.19-1.azl3      mariner-preview 101.75k    50.68k
#7 5.143 file-libs        x86_64       5.45-1.azl3      mariner-preview   8.29M   419.49k
#7 5.143 zstd-devel       x86_64       1.5.5-2.azl3     mariner-preview 198.07k    54.03k
#7 5.143 xz-devel         x86_64       5.4.4-1.azl3     mariner-preview   1.25M   204.16k
#7 5.143 elfutils-libelf-devel x86_64       0.189-2.azl3     mariner-preview  33.17k    40.38k
#7 5.143 shadow-utils-subid x86_64       4.14.3-1.azl3    mariner-preview 180.96k    89.79k
#7 5.143 pam              x86_64       1.5.3-1.azl3     mariner-preview   1.24M   403.03k
#7 5.143 libxcrypt        x86_64       4.4.36-1.azl3    mariner-preview 278.20k   137.72k
#7 5.143 libsemanage      x86_64       3.6-1.azl3       mariner-preview 317.90k   185.75k
#7 5.143 libpwquality     x86_64       1.4.5-2.azl3     mariner-preview 416.65k   117.38k
#7 5.143 cracklib         x86_64       2.9.11-1.azl3    mariner-preview  70.62k    38.06k
#7 5.143 audit-libs       x86_64       3.1.2-1.azl3     mariner-preview 298.17k   129.46k
#7 5.143 libdb            x86_64       5.3.28-7.azl3    mariner-preview   1.83M   835.18k
#7 5.143 perl-B           x86_64       1.88-505.azl3    mariner-preview 507.95k   266.49k
#7 5.143 perl-macros      noarch       4:5.38.2-505.azl3 mariner-preview   5.51k    87.53k
#7 5.143 perl-vars        noarch       1.05-505.azl3    mariner-preview   3.87k    88.22k
#7 5.143 perl-Storable    x86_64       1:3.32-505.azl3  mariner-preview 184.47k   166.58k
#7 5.143 perl-Scalar-List-Utils x86_64       5:1.63-505.azl3  mariner-preview 118.58k   145.72k
#7 5.143 perl-Math-BigInt noarch       1:1.9998.37-505.azl3 mariner-preview 673.71k   251.76k
#7 5.143 perl-IPC-Open3   noarch       1.22-505.azl3    mariner-preview  22.45k    97.73k
#7 5.143 perl-IO          x86_64       1.52-505.azl3    mariner-preview 146.60k   156.82k
#7 5.143 perl-Getopt-Long noarch       1:2.54-505.azl3  mariner-preview  97.88k   127.98k
#7 5.143 perl-FileHandle  noarch       2.05-505.azl3    mariner-preview   9.34k    90.85k
#7 5.143 perl-Errno       x86_64       1.37-505.azl3    mariner-preview   8.34k    90.31k
#7 5.143 perl-Data-Dumper x86_64       2.188-505.azl3   mariner-preview  96.50k   130.11k
#7 5.143 perl-base        noarch       2.27-505.azl3    mariner-preview  12.54k    91.55k
#7 5.143 perl-Text-ParseWords noarch       3.31-505.azl3    mariner-preview  10.65k    91.27k
#7 5.143 perl-parent      noarch       1:0.241-505.azl3 mariner-preview   4.53k    88.55k
#7 5.143 perl-File-Temp   noarch       1:0.231.100-505.azl3 mariner-preview 127.61k   127.04k
#7 5.143 ncurses          x86_64       6.4-2.azl3       mariner-preview 621.27k   419.85k
#7 5.143 libgomp          x86_64       13.2.0-4.azl3    mariner-preview 329.01k   173.17k
#7 5.143 pkgconf-m4       noarch       2.0.2-1.azl3     mariner-preview  13.92k    18.84k
#7 5.143 pkgconf          x86_64       2.0.2-1.azl3     mariner-preview 104.06k    56.09k
#7 5.143 perl-PathTools   x86_64       3.89-505.azl3    mariner-preview 138.17k   149.66k
#7 5.143 perl-Encode      x86_64       4:3.19-505.azl3  mariner-preview   9.66M     2.07M
#7 5.143 perl-DynaLoader  x86_64       1.54-505.azl3    mariner-preview  32.07k   102.27k
#7 5.143 perl-Symbol      noarch       1.09-505.azl3    mariner-preview   6.81k    89.52k
#7 5.143 perl-overload    noarch       1.37-505.azl3    mariner-preview  71.53k   122.85k
#7 5.143 perl-Fcntl       x86_64       1.15-505.azl3    mariner-preview  28.31k    95.89k
#7 5.143 perl-Exporter    noarch       5.77-505.azl3    mariner-preview  33.52k   104.56k
#7 5.143 perl-constant    noarch       1.33-505.azl3    mariner-preview  19.12k    97.02k
#7 5.143 perl-Class-Struct noarch       0.68-505.azl3    mariner-preview  25.36k    97.87k
#7 5.143 perl-Carp        noarch       1.54-505.azl3    mariner-preview  41.10k   104.76k
#7 5.143 perl             x86_64       4:5.38.2-505.azl3 mariner-preview   0.00b    88.59k
#7 5.143 elfutils-default-yama-scope noarch       0.189-2.azl3     mariner-preview   1.77k    33.45k
#7 5.143 vim              x86_64       9.0.2190-2.azl3  mariner-preview   3.74M     1.82M
#7 5.143 tcsh             x86_64       6.24.10-1.azl3   mariner-preview   1.05M   430.88k
#7 5.143 gawk             x86_64       5.2.2-1.azl3     mariner-preview   2.77M   853.38k
#7 5.143 util-linux       x86_64       2.39.2-1.azl3    mariner-preview   7.47M     1.91M
#7 5.143 unzip            x86_64       6.0-20.azl3      mariner-preview 275.14k   116.80k
#7 5.143 tar              x86_64       1.35-1.azl3      mariner-preview   4.59M   991.32k
#7 5.143 rpm-devel        x86_64       4.18.2-1.azl3    mariner-preview 306.09k    92.85k
#7 5.143 rpm-build-libs   x86_64       4.18.2-1.azl3    mariner-preview 206.54k   107.45k
#7 5.143 patch            x86_64       2.7.6-9.azl3     mariner-preview 244.86k   137.39k
#7 5.143 lua              x86_64       5.4.6-1.azl3     mariner-preview 634.83k   234.63k
#7 5.143 file             x86_64       5.45-1.azl3      mariner-preview  44.13k    37.45k
#7 5.143 elfutils-devel   x86_64       0.189-2.azl3     mariner-preview 176.78k    81.43k
#7 5.143 diffutils        x86_64       3.10-1.azl3      mariner-preview   1.52M   357.25k
#7 5.143 debugedit        x86_64       5.0-2.azl3       mariner-preview 150.68k    74.38k
#7 5.143 cpio             x86_64       2.14-1.azl3      mariner-preview 482.74k   143.20k
#7 5.143 azurelinux-rpm-macros noarch       3.0-2.azl3       mariner-preview 142.96k    58.40k
#7 5.143 util-linux-libs  x86_64       2.39.2-1.azl3    mariner-preview   1.63M   583.45k
#7 5.143 shadow-utils     x86_64       4.14.3-1.azl3    mariner-preview   4.81M     1.59M
#7 5.143 nss-tools        x86_64       3.96.1-1.azl3    mariner-preview 987.96k   275.38k
#7 5.143 nss-libs         x86_64       3.96.1-1.azl3    mariner-preview   2.58M     1.08M
#7 5.143 nss              x86_64       3.96.1-1.azl3    mariner-preview   1.58M   632.66k
#7 5.143 nspr             x86_64       4.35-2.azl3      mariner-preview 321.44k   154.22k
#7 5.143 perl-File-Basename noarch       2.86-505.azl3    mariner-preview  14.00k    92.64k
#7 5.143 perl-YAML        noarch       1.30-2.azl3      mariner-preview 148.52k    75.37k
#7 5.143 perl-interpreter x86_64       4:5.38.2-505.azl3 mariner-preview 119.14k   149.84k
#7 5.143 perl-DBI         x86_64       1.643-2.azl3     mariner-preview   1.85M   739.84k
#7 5.143 perl-CGI         noarch       4.60-1.azl3      mariner-preview 551.78k   208.26k
#7 5.143 less             x86_64       643-1.azl3       mariner-preview 332.19k   171.60k
#7 5.143 mpfr             x86_64       4.2.1-1.azl3     mariner-preview 774.76k   368.40k
#7 5.143 libstdc++-devel  x86_64       13.2.0-4.azl3    mariner-preview  19.70M     2.88M
#7 5.143 libmpc           x86_64       1.3.1-1.azl3     mariner-preview 459.50k   108.90k
#7 5.143 libgomp-devel    x86_64       13.2.0-4.azl3    mariner-preview 569.19k   176.78k
#7 5.143 libgcc-devel     x86_64       13.2.0-4.azl3    mariner-preview 140.83k    70.12k
#7 5.143 libgcc-atomic    x86_64       13.2.0-4.azl3    mariner-preview  32.51k    25.33k
#7 5.143 gcc-c++          x86_64       13.2.0-4.azl3    mariner-preview  36.62M    14.00M
#7 5.143 pkgconf-pkg-config x86_64       2.0.2-1.azl3     mariner-preview 455.00b    13.97k
#7 5.143 efivar           x86_64       39-1.azl3        mariner-preview 552.64k   176.38k
#7 5.143 perl-libs        x86_64       4:5.38.2-505.azl3 mariner-preview   9.98M     2.64M
#7 5.143 perl-File-stat   noarch       1.13-505.azl3    mariner-preview  12.68k    92.78k
#7 5.143 elfutils         x86_64       0.189-2.azl3     mariner-preview   3.41M   819.90k
#7 5.143 binutils-devel   x86_64       2.41-2.azl3      mariner-preview  13.13M     2.81M
#7 5.143 vim-extra        x86_64       9.0.2190-2.azl3  mariner-preview  36.47M     8.69M
#7 5.143 rpm-build        x86_64       4.18.2-1.azl3    mariner-preview 170.16k    61.55k
#7 5.143 pesign           x86_64       116-3.azl3       mariner-preview 872.93k   208.42k
#7 5.143 openssl-devel    x86_64       3.3.0-1.azl3     mariner-preview   4.37M     2.80M
#7 5.143 make             x86_64       4.4.1-1.azl3     mariner-preview   1.52M   411.94k
#7 5.143 kernel-headers   noarch       6.6.29.1-3.azl3  mariner-preview   6.10M     1.60M
#7 5.143 glibc-devel      x86_64       2.38-3.azl3      mariner-preview   2.17M   487.04k
#7 5.143 git              x86_64       2.42.0-2.azl3    mariner-preview  26.98M    12.12M
#7 5.143 gcc              x86_64       13.2.0-4.azl3    mariner-preview 159.35M    50.28M
#7 5.143 efivar-devel     x86_64       39-1.azl3        mariner-preview  71.28k    34.05k
#7 5.143 dos2unix         x86_64       7.5.1-1.azl3     mariner-preview 833.67k   313.72k
#7 5.143 binutils         x86_64       2.41-2.azl3      mariner-preview  30.91M     8.16M
#7 5.143 
#7 5.143 Total installed size: 557.06M
#7 5.143 Total download size: 186.57M
#7 5.257 warning: /var/cache/tdnf/mariner-preview/rpms/Packages/l/libunistring-1.1-1.azl3.x86_64.rpm: Header V4 RSA/SHA256 Signature, key ID 3135ce90: NOKEY
#7 5.257 importing key from file:///etc/pki/rpm-gpg/MICROSOFT-RPM-GPG-KEY
#7 5.369 importing key from file:///etc/pki/rpm-gpg/MICROSOFT-METADATA-GPG-KEY
#7 42.93 Testing transaction
#7 46.32 Running transaction
#7 49.42 Installing/Updating: libxcrypt-4.4.36-1.azl3.x86_64
#7 49.45 Installing/Updating: ncurses-6.4-2.azl3.x86_64
#7 49.47 Installing/Updating: util-linux-libs-2.39.2-1.azl3.x86_64
#7 49.50 Installing/Updating: mpfr-4.2.1-1.azl3.x86_64
#7 49.53 Installing/Updating: nspr-4.35-2.azl3.x86_64
#7 49.55 Installing/Updating: cracklib-2.9.11-1.azl3.x86_64
#7 49.57 using empty dict to provide pw_dict
#7 49.58 Installing/Updating: gdbm-1.23-1.azl3.x86_64
#7 49.60 Installing/Updating: nss-libs-3.96.1-1.azl3.x86_64
#7 49.63 Installing/Updating: file-libs-5.45-1.azl3.x86_64
#7 49.69 Installing/Updating: libcap-ng-0.8.4-1.azl3.x86_64
#7 49.70 Installing/Updating: audit-libs-3.1.2-1.azl3.x86_64
#7 49.71 Installing/Updating: libsemanage-3.6-1.azl3.x86_64
#7 49.72 Installing/Updating: libmpc-1.3.1-1.azl3.x86_64
#7 49.75 Installing/Updating: efivar-39-1.azl3.x86_64
#7 49.77 Installing/Updating: libstdc++-devel-13.2.0-4.azl3.x86_64
#7 50.00 Installing/Updating: azurelinux-rpm-macros-3.0-2.azl3.noarch
#7 50.02 Installing/Updating: diffutils-3.10-1.azl3.x86_64
#7 50.04 Installing/Updating: libgomp-13.2.0-4.azl3.x86_64
#7 50.05 Installing/Updating: openssh-clients-9.7p1-1.azl3.x86_64
#7 50.10 Installing/Updating: lz4-1.9.4-1.azl3.x86_64
#7 50.12 Installing/Updating: systemd-libs-255-12.azl3.x86_64
#7 50.15 Installing/Updating: libattr-2.5.2-1.azl3.x86_64
#7 50.16 Installing/Updating: attr-2.5.2-1.azl3.x86_64
#7 50.17 Installing/Updating: libacl-2.3.1-2.azl3.x86_64
#7 50.18 Installing/Updating: device-mapper-libs-2.03.23-1.azl3.x86_64
#7 50.20 Installing/Updating: libgomp-devel-13.2.0-4.azl3.x86_64
#7 50.22 Installing/Updating: file-5.45-1.azl3.x86_64
#7 50.22 Installing/Updating: python3-3.12.0-3.azl3.x86_64
#7 50.24 Installing/Updating: python3-libs-3.12.0-3.azl3.x86_64
#7 50.59 Installing/Updating: cracklib-dicts-2.9.11-1.azl3.x86_64
#7 50.67 switching pw_dict to cracklib-dicts
#7 50.68 Installing/Updating: pam-1.5.3-1.azl3.x86_64
#7 50.71 Installing/Updating: libpwquality-1.4.5-2.azl3.x86_64
#7 50.76 Installing/Updating: util-linux-2.39.2-1.azl3.x86_64
#7 50.87 Installing/Updating: shadow-utils-subid-4.14.3-1.azl3.x86_64
#7 50.88 Installing/Updating: shadow-utils-4.14.3-1.azl3.x86_64
#7 51.08 Installing/Updating: gawk-5.2.2-1.azl3.x86_64
#7 51.16 Installing/Updating: ncurses-term-6.4-2.azl3.x86_64
#7 51.57 Installing/Updating: openssh-server-9.7p1-1.azl3.x86_64
#7 51.61 ownership of '/var/lib/sshd' retained as root:sys
#7 51.61 Installing/Updating: openssh-9.7p1-1.azl3.x86_64
#7 51.62 Installing/Updating: tcsh-6.24.10-1.azl3.x86_64
#7 51.65 Installing/Updating: less-643-1.azl3.x86_64
#7 51.66 Installing/Updating: make-4.4.1-1.azl3.x86_64
#7 51.69 Installing/Updating: libgcc-atomic-13.2.0-4.azl3.x86_64
#7 51.70 Installing/Updating: libgcc-devel-13.2.0-4.azl3.x86_64
#7 51.71 Installing/Updating: gcc-c++-13.2.0-4.azl3.x86_64
#7 51.98 Installing/Updating: gcc-13.2.0-4.azl3.x86_64
#7 53.18 Installing/Updating: perl-vmsish-0:1.04-505.azl3.noarch
#7 53.19 Installing/Updating: perl-subs-0:1.04-505.azl3.noarch
#7 53.20 Installing/Updating: perl-ph-0:5.38.2-505.azl3.x86_64
#7 53.22 Installing/Updating: perl-perlfaq-0:5.20210520-505.azl3.noarch
#7 53.23 Installing/Updating: perl-mro-0:1.28-505.azl3.x86_64
#7 53.24 Installing/Updating: perl-meta-notation-0:5.38.2-505.azl3.noarch
#7 53.25 Installing/Updating: perl-less-0:0.03-505.azl3.noarch
#7 53.26 Installing/Updating: perl-if-0:0.61.000-505.azl3.noarch
#7 53.27 Installing/Updating: perl-filetest-0:1.03-505.azl3.noarch
#7 53.28 Installing/Updating: perl-parent-1:0.241-505.azl3.noarch
#7 53.29 Installing/Updating: perl-Tie-Memoize-0:1.1-505.azl3.noarch
#7 53.31 Installing/Updating: perl-sort-0:2.05-505.azl3.noarch
#7 53.32 Installing/Updating: perl-lib-0:0.65-505.azl3.x86_64
#7 53.33 Installing/Updating: perl-deprecate-0:0.04-505.azl3.noarch
#7 53.33 Installing/Updating: perl-Time-HiRes-4:1.9775-505.azl3.x86_64
#7 53.35 Installing/Updating: perl-Text-Tabs+Wrap-0:2021.0814-505.azl3.noarch
#7 53.35 Installing/Updating: perl-Socket-4:2.036-505.azl3.x86_64
#7 53.36 Installing/Updating: perl-Pod-Functions-0:1.14-505.azl3.noarch
#7 53.37 Installing/Updating: perl-Perl-OSType-0:1.010-505.azl3.noarch
#7 53.39 Installing/Updating: perl-Opcode-0:1.64-505.azl3.x86_64
#7 53.40 Installing/Updating: perl-MIME-Base64-0:3.16-505.azl3.x86_64
#7 53.41 Installing/Updating: perl-Hash-Util-FieldHash-0:1.26-505.azl3.x86_64
#7 53.42 Installing/Updating: perl-Getopt-Std-0:1.13-505.azl3.noarch
#7 53.43 Installing/Updating: perl-English-0:1.11-505.azl3.noarch
#7 53.44 Installing/Updating: perl-Digest-MD5-0:2.58-505.azl3.x86_64
#7 53.45 Installing/Updating: perl-Digest-0:1.20-505.azl3.noarch
#7 53.46 Installing/Updating: perl-Devel-Peek-0:1.33-505.azl3.x86_64
#7 53.47 Installing/Updating: perl-Config-Extensions-0:0.03-505.azl3.noarch
#7 53.48 Installing/Updating: perl-Benchmark-0:1.24-505.azl3.noarch
#7 53.50 Installing/Updating: perl-Scalar-List-Utils-5:1.63-505.azl3.x86_64
#7 53.51 Installing/Updating: perl-Errno-0:1.37-505.azl3.x86_64
#7 53.52 Installing/Updating: perl-sigtrap-0:1.10-505.azl3.noarch
#7 53.53 Installing/Updating: perl-Symbol-0:1.09-505.azl3.noarch
#7 53.54 Installing/Updating: perl-Sys-Hostname-0:1.25-505.azl3.x86_64
#7 53.55 Installing/Updating: perl-locale-0:1.10-505.azl3.noarch
#7 53.56 Installing/Updating: perl-POSIX-0:2.13-505.azl3.x86_64
#7 53.57 Installing/Updating: perl-Fcntl-0:1.15-505.azl3.x86_64
#7 53.58 Installing/Updating: perl-Module-CoreList-1:5.20231129-505.azl3.noarch
#7 53.60 Installing/Updating: perl-experimental-0:0.031-505.azl3.noarch
#7 53.62 Installing/Updating: perl-version-8:0.99.29-505.azl3.noarch
#7 53.63 Installing/Updating: perl-Unicode-Normalize-0:1.32-505.azl3.x86_64
#7 53.64 Installing/Updating: perl-Tie-File-0:1.07-505.azl3.noarch
#7 53.65 Installing/Updating: perl-Env-0:1.06-505.azl3.noarch
#7 53.66 Installing/Updating: perl-Tie-0:4.6-505.azl3.noarch
#7 53.67 Installing/Updating: perl-Thread-Semaphore-0:2.13-505.azl3.noarch
#7 53.68 Installing/Updating: perl-Thread-Queue-0:3.14-505.azl3.noarch
#7 53.69 Installing/Updating: perl-threads-shared-0:1.68-505.azl3.x86_64
#7 53.70 Installing/Updating: perl-Text-Abbrev-0:1.02-505.azl3.noarch
#7 53.71 Installing/Updating: perl-Term-Complete-0:1.403-505.azl3.noarch
#7 53.72 Installing/Updating: perl-Term-ANSIColor-0:5.01-505.azl3.noarch
#7 53.74 Installing/Updating: perl-SelectSaver-0:1.02-505.azl3.noarch
#7 53.75 Installing/Updating: perl-Search-Dict-0:1.07-505.azl3.noarch
#7 53.76 Installing/Updating: perl-PerlIO-via-QuotedPrint-0:0.10-505.azl3.noarch
#7 53.77 Installing/Updating: perl-Tie-RefHash-0:1.40-505.azl3.noarch
#7 53.78 Installing/Updating: perl-Thread-0:3.05-505.azl3.noarch
#7 53.79 Installing/Updating: perl-threads-1:2.36-505.azl3.x86_64
#7 53.80 Installing/Updating: perl-NEXT-0:0.69-505.azl3.noarch
#7 53.81 Installing/Updating: perl-Math-Complex-0:1.62-505.azl3.noarch
#7 53.82 Installing/Updating: perl-I18N-Collate-0:1.02-505.azl3.noarch
#7 53.83 Installing/Updating: perl-overload-0:1.37-505.azl3.noarch
#7 53.84 Installing/Updating: perl-overloading-0:0.02-505.azl3.noarch
#7 53.85 Installing/Updating: perl-Locale-Maketext-0:1.33-505.azl3.noarch
#7 53.86 Installing/Updating: perl-I18N-LangTags-0:0.45-505.azl3.noarch
#7 53.87 Installing/Updating: perl-I18N-Langinfo-0:0.22-505.azl3.x86_64
#7 53.88 Installing/Updating: perl-Hash-Util-0:0.30-505.azl3.x86_64
#7 53.89 Installing/Updating: perl-Filter-2:1.64-505.azl3.x86_64
#7 53.91 Installing/Updating: perl-File-Compare-0:1.100.700-505.azl3.noarch
#7 53.92 Installing/Updating: perl-FileCache-0:1.10-505.azl3.noarch
#7 53.94 Installing/Updating: perl-encoding-warnings-0:0.14-505.azl3.noarch
#7 53.95 Installing/Updating: perl-Dumpvalue-0:2.27-505.azl3.noarch
#7 53.96 Installing/Updating: perl-DirHandle-0:1.05-505.azl3.noarch
#7 53.97 Installing/Updating: perl-CPAN-Meta-Requirements-0:2.140-505.azl3.noarch
#7 53.98 Installing/Updating: perl-autouse-0:1.11-505.azl3.noarch
#7 53.99 Installing/Updating: perl-AutoLoader-0:5.74-505.azl3.noarch
#7 53.99 Installing/Updating: perl-Attribute-Handlers-0:1.03-505.azl3.noarch
#7 54.01 Installing/Updating: perl-Filter-Simple-0:0.96-505.azl3.noarch
#7 54.01 Installing/Updating: perl-Text-Balanced-0:2.06-505.azl3.noarch
#7 54.02 Installing/Updating: perl-Term-ReadLine-0:1.17-505.azl3.noarch
#7 54.03 Installing/Updating: perl-Term-Cap-0:1.18-505.azl3.noarch
#7 54.04 Installing/Updating: perl-Pod-Escapes-1:1.07-505.azl3.noarch
#7 54.05 Installing/Updating: perl-ExtUtils-MM-Utils-1:7.44-505.azl3.noarch
#7 54.06 Installing/Updating: perl-Devel-PPPort-0:3.71-505.azl3.x86_64
#7 54.08 Installing/Updating: perl-Config-Perl-V-0:0.36-505.azl3.noarch
#7 54.09 Installing/Updating: perl-vars-0:1.05-505.azl3.noarch
#7 54.09 Installing/Updating: perl-Module-Loaded-1:0.08-505.azl3.noarch
#7 54.10 Installing/Updating: perl-Params-Check-1:0.38-505.azl3.noarch
#7 54.12 Installing/Updating: perl-Locale-Maketext-Simple-1:0.21-505.azl3.noarch
#7 54.13 Installing/Updating: perl-fields-0:2.27-505.azl3.noarch
#7 54.14 Installing/Updating: perl-base-0:2.27-505.azl3.noarch
#7 54.15 Installing/Updating: perl-File-DosGlob-0:1.12-505.azl3.x86_64
#7 54.16 Installing/Updating: perl-Text-ParseWords-0:3.31-505.azl3.noarch
#7 54.17 Installing/Updating: perl-Time-Piece-0:1.3401-505.azl3.x86_64
#7 54.18 Installing/Updating: perl-Time-Local-2:1.300-505.azl3.noarch
#7 54.19 Installing/Updating: perl-Compress-Raw-Zlib-0:2.204-505.azl3.x86_64
#7 54.20 Installing/Updating: perl-Math-BigRat-0:0.2624-505.azl3.noarch
#7 54.21 Installing/Updating: perl-Math-BigInt-FastCalc-0:0.501.300-505.azl3.x86_64
#7 54.22 Installing/Updating: perl-bignum-0:0.66-505.azl3.noarch
#7 54.23 Installing/Updating: perl-Math-BigInt-1:1.9998.37-505.azl3.noarch
#7 54.24 Installing/Updating: perl-ExtUtils-Constant-0:0.25-505.azl3.noarch
#7 54.26 Installing/Updating: perl-Safe-0:2.44-505.azl3.noarch
#7 54.27 Installing/Updating: perl-CPAN-Meta-YAML-0:0.018-505.azl3.noarch
#7 54.28 Installing/Updating: perl-autodie-0:2.36-505.azl3.noarch
#7 54.29 Installing/Updating: perl-B-0:1.88-505.azl3.x86_64
#7 54.31 Installing/Updating: perl-Data-Dumper-0:2.188-505.azl3.x86_64
#7 54.32 Installing/Updating: perl-Unicode-Collate-0:1.31-505.azl3.x86_64
#7 54.38 Installing/Updating: perl-Module-Load-1:0.36-505.azl3.noarch
#7 54.39 Installing/Updating: perl-blib-0:1.07-505.azl3.noarch
#7 54.40 Installing/Updating: perl-Devel-SelfStubber-0:1.06-505.azl3.noarch
#7 54.41 Installing/Updating: perl-SelfLoader-0:1.26-505.azl3.noarch
#7 54.43 Installing/Updating: perl-IO-Socket-IP-0:0.41-505.azl3.noarch
#7 54.44 Installing/Updating: perl-HTTP-Tiny-0:0.086-505.azl3.noarch
#7 54.45 Installing/Updating: perl-Unicode-UCD-0:0.78-505.azl3.noarch
#7 54.46 Installing/Updating: perl-Memoize-0:1.16-505.azl3.noarch
#7 54.47 Installing/Updating: perl-Storable-1:3.32-505.azl3.x86_64
#7 54.49 Installing/Updating: perl-IPC-Open3-0:1.22-505.azl3.noarch
#7 54.50 Installing/Updating: perl-Net-Ping-0:2.76-505.azl3.noarch
#7 54.51 Installing/Updating: perl-FileHandle-0:2.05-505.azl3.noarch
#7 54.52 Installing/Updating: perl-IO-0:1.52-505.azl3.x86_64
#7 54.53 Installing/Updating: perl-constant-0:1.33-505.azl3.noarch
#7 54.54 Installing/Updating: perl-User-pwent-0:1.04-505.azl3.noarch
#7 54.55 Installing/Updating: perl-Time-0:1.03-505.azl3.noarch
#7 54.56 Installing/Updating: perl-Net-0:1.03-505.azl3.noarch
#7 54.57 Installing/Updating: perl-IPC-SysV-0:2.09-505.azl3.x86_64
#7 54.58 Installing/Updating: perl-Class-Struct-0:0.68-505.azl3.noarch
#7 54.59 Installing/Updating: perl-Sys-Syslog-0:0.36-505.azl3.x86_64
#7 54.61 Installing/Updating: perl-libnet-0:3.15-505.azl3.noarch
#7 54.62 Installing/Updating: perl-FindBin-0:1.53-505.azl3.noarch
#7 54.63 Installing/Updating: perl-Test-Simple-3:1.302194-505.azl3.noarch
#7 54.67 Installing/Updating: perl-Test-0:1.31-505.azl3.noarch
#7 54.68 Installing/Updating: perl-Compress-Raw-Bzip2-0:2.204-505.azl3.x86_64
#7 54.69 Installing/Updating: perl-File-Temp-1:0.231.100-505.azl3.noarch
#7 54.70 Installing/Updating: perl-File-Path-0:2.18-505.azl3.noarch
#7 54.71 Installing/Updating: perl-IPC-Cmd-2:1.04-505.azl3.noarch
#7 54.72 Installing/Updating: perl-Module-Load-Conditional-0:0.74-505.azl3.noarch
#7 54.80 Installing/Updating: perl-Module-Metadata-0:1.000037-505.azl3.noarch
#7 54.81 Installing/Updating: perl-ExtUtils-Command-2:7.70-505.azl3.noarch
#7 54.82 Installing/Updating: perl-File-Find-0:1.43-505.azl3.noarch
#7 54.82 Installing/Updating: perl-File-Fetch-0:1.04-505.azl3.noarch
#7 54.83 Installing/Updating: perl-File-Copy-0:2.41-505.azl3.noarch
#7 54.84 Installing/Updating: perl-ExtUtils-Manifest-1:1.73-505.azl3.noarch
#7 54.85 Installing/Updating: perl-debugger-0:1.60-505.azl3.noarch
#7 54.86 Installing/Updating: perl-AutoSplit-0:5.74-505.azl3.noarch
#7 54.87 Installing/Updating: perl-utils-0:5.38.2-505.azl3.noarch
#7 54.87 Installing/Updating: perl-Test-Harness-1:3.44-505.azl3.noarch
#7 54.90 Installing/Updating: perl-Pod-Simple-1:3.43-505.azl3.noarch
#7 54.92 Installing/Updating: perl-Getopt-Long-1:2.54-505.azl3.noarch
#7 54.92 Installing/Updating: perl-Pod-Usage-4:2.03-505.azl3.noarch
#7 54.93 Installing/Updating: perl-Pod-Html-0:1.34-505.azl3.noarch
#7 54.94 Installing/Updating: perl-Pod-Checker-4:1.75-505.azl3.noarch
#7 54.95 Installing/Updating: perl-Module-CoreList-tools-1:5.20231129-505.azl3.noarch
#7 54.96 Installing/Updating: perl-ExtUtils-ParseXS-1:3.51-505.azl3.noarch
#7 54.97 Installing/Updating: perl-Digest-SHA-1:6.04-505.azl3.x86_64
#7 54.98 Installing/Updating: perl-diagnostics-0:1.39-505.azl3.noarch
#7 54.99 Installing/Updating: perl-podlators-1:5.01-505.azl3.noarch
#7 55.00 Installing/Updating: perl-JSON-PP-1:4.16-505.azl3.noarch
#7 55.02 Installing/Updating: perl-IO-Zlib-1:1.14-505.azl3.noarch
#7 55.02 Installing/Updating: perl-Archive-Tar-0:2.40-505.azl3.noarch
#7 55.03 Installing/Updating: perl-IO-Compress-0:2.204-505.azl3.noarch
#7 55.05 Installing/Updating: perl-libnetcfg-4:5.38.2-505.azl3.noarch
#7 55.06 Installing/Updating: perl-ExtUtils-Miniperl-0:1.13-505.azl3.noarch
#7 55.07 Installing/Updating: perl-ExtUtils-Embed-0:1.35-505.azl3.noarch
#7 55.08 Installing/Updating: perl-devel-4:5.38.2-505.azl3.x86_64
#7 55.15 Installing/Updating: perl-ExtUtils-Install-0:2.22-505.azl3.noarch
#7 55.16 Installing/Updating: perl-ExtUtils-CBuilder-1:0.280238-505.azl3.noarch
#7 55.17 Installing/Updating: perl-CPAN-0:2.36-505.azl3.noarch
#7 55.20 Installing/Updating: perl-ExtUtils-MakeMaker-2:7.70-505.azl3.noarch
#7 55.22 Installing/Updating: perl-open-0:1.13-505.azl3.noarch
#7 55.22 Installing/Updating: perl-encoding-4:3.00-505.azl3.x86_64
#7 55.23 Installing/Updating: perl-Encode-devel-4:3.19-505.azl3.noarch
#7 55.24 Installing/Updating: perl-DBM_Filter-0:0.06-505.azl3.noarch
#7 55.25 Installing/Updating: perl-CPAN-Meta-0:2.150010-505.azl3.noarch
#7 55.26 Installing/Updating: perl-File-Basename-0:2.86-505.azl3.noarch
#7 55.27 Installing/Updating: perl-File-stat-0:1.13-505.azl3.noarch
#7 55.27 Installing/Updating: perl-ODBM_File-0:1.18-505.azl3.x86_64
#7 55.28 Installing/Updating: perl-NDBM_File-0:1.16-505.azl3.x86_64
#7 55.29 Installing/Updating: perl-Exporter-0:5.77-505.azl3.noarch
#7 55.30 Installing/Updating: perl-Carp-0:1.54-505.azl3.noarch
#7 55.31 Installing/Updating: perl-DynaLoader-0:1.54-505.azl3.x86_64
#7 55.32 Installing/Updating: perl-PathTools-0:3.89-505.azl3.x86_64
#7 55.33 Installing/Updating: perl-Pod-Perldoc-0:3.28.01-505.azl3.noarch
#7 55.34 Installing/Updating: perl-Encode-4:3.19-505.azl3.x86_64
#7 55.42 Installing/Updating: perl-4:5.38.2-505.azl3.x86_64
#7 55.43 Installing/Updating: perl-GDBM_File-1:1.24-505.azl3.x86_64
#7 55.44 Installing/Updating: perl-libs-4:5.38.2-505.azl3.x86_64
#7 55.61 Installing/Updating: perl-doc-0:5.38.2-505.azl3.noarch
#7 55.75 Installing/Updating: perl-macros-4:5.38.2-505.azl3.noarch
#7 55.76 Installing/Updating: perl-interpreter-4:5.38.2-505.azl3.x86_64
#7 55.77 Installing/Updating: perl-DBI-1.643-2.azl3.x86_64
#7 55.81 Installing/Updating: perl-YAML-1.30-2.azl3.noarch
#7 55.82 Installing/Updating: perl-CGI-4.60-1.azl3.noarch
#7 55.83 Installing/Updating: cpio-2.14-1.azl3.x86_64
#7 55.85 Installing/Updating: lua-5.4.6-1.azl3.x86_64
#7 55.86 Installing/Updating: patch-2.7.6-9.azl3.x86_64
#7 55.87 Installing/Updating: tar-1.35-1.azl3.x86_64
#7 55.96 Installing/Updating: unzip-6.0-20.azl3.x86_64
#7 55.97 Installing/Updating: vim-9.0.2190-2.azl3.x86_64
#7 56.02 Installing/Updating: pkgconf-m4-2.0.2-1.azl3.noarch
#7 56.03 Installing/Updating: libdb-5.3.28-7.azl3.x86_64
#7 56.05 Installing/Updating: nss-3.96.1-1.azl3.x86_64
#7 56.10 Installing/Updating: nss-tools-3.96.1-1.azl3.x86_64
#7 56.11 Installing/Updating: elfutils-libelf-devel-0.189-2.azl3.x86_64
#7 56.12 Installing/Updating: libpkgconf-2.0.2-1.azl3.x86_64
#7 56.13 Installing/Updating: pkgconf-2.0.2-1.azl3.x86_64
#7 56.14 Installing/Updating: pkgconf-pkg-config-2.0.2-1.azl3.x86_64
#7 56.15 Installing/Updating: zlib-devel-1.3.1-1.azl3.x86_64
#7 56.15 Installing/Updating: popt-devel-1.19-1.azl3.x86_64
#7 56.16 Installing/Updating: xz-devel-5.4.4-1.azl3.x86_64
#7 56.19 Installing/Updating: zstd-1.5.5-2.azl3.x86_64
#7 56.22 Installing/Updating: zstd-devel-1.5.5-2.azl3.x86_64
#7 56.23 Installing/Updating: rpm-devel-4.18.2-1.azl3.x86_64
#7 56.24 Installing/Updating: kmod-30-1.azl3.x86_64
#7 56.27 Installing/Updating: libseccomp-2.5.4-1.azl3.x86_64
#7 56.28 Installing/Updating: libbpf-1.2.2-1.azl3.x86_64
#7 56.29 Installing/Updating: json-c-0.17-1.azl3.x86_64
#7 56.32 Installing/Updating: cryptsetup-libs-2.4.3-5.azl3.x86_64
#7 56.37 Installing/Updating: libxml2-2.11.5-1.azl3.x86_64
#7 56.43 Installing/Updating: xkeyboard-config-2.40-1.azl3.noarch
#7 56.57 Installing/Updating: libxkbcommon-1.6.0-2.azl3.x86_64
#7 56.58 Installing/Updating: libunistring-1.1-1.azl3.x86_64
#7 56.64 Installing/Updating: libidn2-2.3.4-4.azl3.x86_64
#7 56.66 Installing/Updating: systemd-resolved-255-12.azl3.x86_64
#7 56.68 touch: cannot touch '/var/lib/rpm-state/systemd-resolved.initial-installation': No such file or directory
#7 56.68 Installing/Updating: dbus-1.15.8-3.azl3.x86_64
#7 56.71 Installing/Updating: systemd-pam-255-12.azl3.x86_64
#7 56.72 Installing/Updating: elfutils-0.189-2.azl3.x86_64
#7 56.78 Installing/Updating: elfutils-default-yama-scope-0.189-2.azl3.noarch
#7 56.79 Installing/Updating: systemd-255-12.azl3.x86_64
#7 57.06 Creating group 'sgx' with GID 106.
#7 57.25 Installing/Updating: systemd-networkd-255-12.azl3.x86_64
#7 57.30 Created symlink /etc/systemd/system/dbus-org.freedesktop.network1.service → /usr/lib/systemd/system/systemd-networkd.service.
#7 57.30 Created symlink /etc/systemd/system/multi-user.target.wants/systemd-networkd.service → /usr/lib/systemd/system/systemd-networkd.service.
#7 57.30 Created symlink /etc/systemd/system/sockets.target.wants/systemd-networkd.socket → /usr/lib/systemd/system/systemd-networkd.socket.
#7 57.30 Created symlink /etc/systemd/system/network-online.target.wants/systemd-networkd-wait-online.service → /usr/lib/systemd/system/systemd-networkd-wait-online.service.
#7 57.30 Installing/Updating: rpm-build-libs-4.18.2-1.azl3.x86_64
#7 57.33 Installing/Updating: elfutils-devel-0.189-2.azl3.x86_64
#7 57.34 Installing/Updating: debugedit-5.0-2.azl3.x86_64
#7 57.35 Installing/Updating: binutils-devel-2.41-2.azl3.x86_64
#7 57.45 Installing/Updating: binutils-2.41-2.azl3.x86_64
#7 57.70 Installing/Updating: rpm-build-4.18.2-1.azl3.x86_64
#7 57.72 Installing/Updating: openssl-devel-3.3.0-1.azl3.x86_64
#7 58.20 Installing/Updating: efivar-devel-39-1.azl3.x86_64
#7 58.32 Installing/Updating: pesign-116-3.azl3.x86_64
#7 58.36 Installing/Updating: vim-extra-9.0.2190-2.azl3.x86_64
#7 58.85 Installing/Updating: git-2.42.0-2.azl3.x86_64
#7 60.82 Installing/Updating: kernel-headers-6.6.29.1-3.azl3.noarch
#7 60.99 Installing/Updating: dos2unix-7.5.1-1.azl3.x86_64
#7 61.01 Installing/Updating: glibc-devel-2.38-3.azl3.x86_64
#7 61.09 Installing/Updating: systemd-rpm-macros-255-12.azl3.noarch
#7 84.23 + rpm -iv /shim-unsigned-x64-15.8-3.azl3.src.rpm
#7 84.25 shim-unsigned-x64-15.8-3.azl3.x86_64
#7 84.27 + rpmbuild -bb /usr/src/azl/SPECS/shim-unsigned-x64.spec
#7 84.32 Executing(%prep): /bin/sh -e /var/tmp/rpm-tmp.Fnhjoa
#7 84.33 + umask 022
#7 84.33 + cd /usr/src/azl/BUILD
#7 84.33 + /usr/lib/rpm/azl/gen-ld-script.sh shim-unsigned-x64 15.8 /usr/src/azl '%{distro_release_version}'
#7 84.33 gen-ld-script.sh name(shim-unsigned-x64) version(15.8) _topdir(/usr/src/azl) osversion(%{distro_release_version})
#7 84.53 ==== ELF note generator v2.1.2 ====
#7 84.53 outdir is: /usr/src/azl/BUILD/
#7 84.53 Stamp method: LinkerOnly
#7 84.53 
#7 84.53 #ifndef _AUTO_MODULE_INFO_H_
#7 84.53 #define _AUTO_MODULE_INFO_H_
#7 84.53 
#7 84.53 #define MODULE_VERSION      "15.8.0.0"
#7 84.53 #define PACKAGE_VERSION     "15.8"
#7 84.53 #define PACKAGE_NAME        "shim-unsigned-x64"
#7 84.53 #define TARGET_OS           "mariner"
#7 84.53 #define TARGET_OS_VERSION   "%{distro_release_version}"
#7 84.53 
#7 84.53 #endif //_AUTO_MODULE_INFO_H_
#7 84.53 Generated /usr/src/azl/BUILD/auto_module_info.h file...
#7 84.53 
#7 84.53 Successfully generated module_info.ld and .note.package files...
#7 84.54 + cd /usr/src/azl/BUILD
#7 84.54 + rm -rf shim-15.8
#7 84.54 + /usr/lib/rpm/rpmuncompress -x /usr/src/azl/SOURCES/shim-15.8.tar.bz2
#7 85.04 + STATUS=0
#7 85.04 + '[' 0 -ne 0 ']'
#7 85.04 + cd shim-15.8
#7 85.04 + /bin/chmod -Rf a+rX,u+w,g-w,o-w .
#7 85.05 + /usr/bin/git init -q
#7 85.06 + /usr/bin/git config user.name rpm-build
#7 85.06 + /usr/bin/git config user.email '<rpm-build>'
#7 85.06 + /usr/bin/git config gc.auto 0
#7 85.06 + /usr/bin/git add --force .
#7 85.60 + /usr/bin/git commit -q --allow-empty -a --author 'rpm-build <rpm-build>' -m 'shim-unsigned-x64-15.8 base'
#7 85.64 + /usr/bin/git checkout --track -b rpm-build
#7 85.65 Switched to a new branch 'rpm-build'
#7 85.65 branch 'rpm-build' set up to track 'master'.
#7 85.65 + git config --unset user.email
#7 85.66 + git config --unset user.name
#7 85.66 + mkdir build-x64
#7 85.66 + cp /usr/src/azl/SOURCES/sbat.azurelinux.csv data/
#7 85.66 + RPM_EC=0
#7 85.66 ++ jobs -p
#7 85.66 + exit 0
#7 85.67 Executing(%build): /bin/sh -e /var/tmp/rpm-tmp.CIjxx4
#7 85.67 + umask 022
#7 85.67 + cd /usr/src/azl/BUILD
#7 85.67 + CFLAGS='-O2 -g -pipe -Wall -Werror=format-security -Wp,-D_FORTIFY_SOURCE=2 -Wp,-D_GLIBCXX_ASSERTIONS -fexceptions -fstack-protector-strong -grecord-gcc-switches -specs=/usr/lib/rpm/azl/default-hardened-cc1   -fcommon -m64 -mtune=generic -fasynchronous-unwind-tables -fstack-clash-protection -fcf-protection'
#7 85.67 + export CFLAGS
#7 85.67 + CXXFLAGS='-O2 -g -pipe -Wall -Werror=format-security -Wp,-D_FORTIFY_SOURCE=2 -Wp,-D_GLIBCXX_ASSERTIONS -fexceptions -fstack-protector-strong -grecord-gcc-switches -specs=/usr/lib/rpm/azl/default-hardened-cc1   -fcommon -m64 -mtune=generic -fasynchronous-unwind-tables -fstack-clash-protection -fcf-protection'
#7 85.67 + export CXXFLAGS
#7 85.67 + FFLAGS='-O2 -g -pipe -Wall -Werror=format-security -Wp,-D_FORTIFY_SOURCE=2 -Wp,-D_GLIBCXX_ASSERTIONS -fexceptions -fstack-protector-strong -grecord-gcc-switches -specs=/usr/lib/rpm/azl/default-hardened-cc1   -fcommon -m64 -mtune=generic -fasynchronous-unwind-tables -fstack-clash-protection -fcf-protection -I/usr/lib/gfortran/modules'
#7 85.67 + export FFLAGS
#7 85.67 + FCFLAGS='-O2 -g -pipe -Wall -Werror=format-security -Wp,-D_FORTIFY_SOURCE=2 -Wp,-D_GLIBCXX_ASSERTIONS -fexceptions -fstack-protector-strong -grecord-gcc-switches -specs=/usr/lib/rpm/azl/default-hardened-cc1   -fcommon -m64 -mtune=generic -fasynchronous-unwind-tables -fstack-clash-protection -fcf-protection -I/usr/lib/gfortran/modules'
#7 85.67 + export FCFLAGS
#7 85.67 + LDFLAGS='-Wl,-z,relro -Wl,--as-needed  -Wl,-z,now -specs=/usr/lib/rpm/azl/default-hardened-ld '
#7 85.67 + export LDFLAGS
#7 85.67 + LT_SYS_LIBRARY_PATH=/usr/lib:
#7 85.67 + export LT_SYS_LIBRARY_PATH
#7 85.67 + cd shim-15.8
#7 85.67 ++ cat commit
#7 85.67 + COMMITID=5914984a1ffeab841f482c791426d7ca9935a5e6
#7 85.68 + MAKEFLAGS='TOPDIR=.. -f ../Makefile COMMITID=5914984a1ffeab841f482c791426d7ca9935a5e6 '
#7 85.68 + MAKEFLAGS+='EFIDIR=azurelinux PKGNAME=shim '
#7 85.68 + MAKEFLAGS+='ENABLE_SHIM_HASH=true '
#7 85.68 + MAKEFLAGS+=-j2
#7 85.68 + '[' -f /usr/src/azl/SOURCES/azurelinux-ca-20230216.der ']'
#7 85.68 + MAKEFLAGS='TOPDIR=.. -f ../Makefile COMMITID=5914984a1ffeab841f482c791426d7ca9935a5e6 EFIDIR=azurelinux PKGNAME=shim ENABLE_SHIM_HASH=true -j2 VENDOR_CERT_FILE=/usr/src/azl/SOURCES/azurelinux-ca-20230216.der'
#7 85.68 + cd build-x64
#7 85.68 + make TOPDIR=.. -f ../Makefile COMMITID=5914984a1ffeab841f482c791426d7ca9935a5e6 EFIDIR=azurelinux PKGNAME=shim ENABLE_SHIM_HASH=true -j2 VENDOR_CERT_FILE=/usr/src/azl/SOURCES/azurelinux-ca-20230216.der 'DEFAULT_LOADER=\\\\grubx64.efi' all
#7 85.74 sed	-e "s,@@VERSION@@,15.8," \
#7 85.74 	-e "s,@@UNAME@@,Linux x86_64 unknown unknown GNU/Linux," \
#7 85.74 	-e "s,@@COMMIT@@,master," \
#7 85.74 	< /usr/src/azl/BUILD/shim-15.8/version.c.in > version.c
#7 85.74 gcc -std=gnu11 -ggdb -ffreestanding -fmacro-prefix-map=/usr/src/azl/BUILD/shim-15.8/= -fno-stack-protector -fno-strict-aliasing -fpic -fshort-wchar -Os -Wall -Wextra -Wno-missing-field-initializers  -mno-mmx -mno-sse -mno-red-zone -nostdinc -maccumulate-outgoing-args  -m64 -DMDE_CPU_X64 -DPAGE_SIZE=4096 -Werror -nostdinc -I/usr/src/azl/BUILD/shim-15.8/Cryptlib -I/usr/src/azl/BUILD/shim-15.8/Cryptlib/Include -I/usr/src/azl/BUILD/shim-15.8/gnu-efi/inc -I/usr/src/azl/BUILD/shim-15.8/gnu-efi/inc/x86_64 -I/usr/src/azl/BUILD/shim-15.8/gnu-efi/inc/protocol -I/usr/src/azl/BUILD/shim-15.8/include -iquote /usr/src/azl/BUILD/shim-15.8 -iquote /usr/src/azl/BUILD/shim-15.8/build-x64 -isystem /usr/src/azl/BUILD/shim-15.8/include/system -isystem /usr/lib/gcc/x86_64-pc-linux-gnu/13.2.0/include -DDEFAULT_LOADER='L"\\\\grubx64.efi"' -DDEFAULT_LOADER_CHAR='"\\\\grubx64.efi"' -DEFI_ARCH='L"x64"' -DDEBUGDIR='L"/usr/lib/debug/usr/share/shim/x64-15.8/"' -DVENDOR_CERT_FILE=\"/usr/src/azl/SOURCES/azurelinux-ca-20230216.der\"   -c -o globals.o /usr/src/azl/BUILD/shim-15.8/globals.c
#7 85.75 gcc -std=gnu11 -ggdb -ffreestanding -fmacro-prefix-map=/usr/src/azl/BUILD/shim-15.8/= -fno-stack-protector -fno-strict-aliasing -fpic -fshort-wchar -Os -Wall -Wextra -Wno-missing-field-initializers  -mno-mmx -mno-sse -mno-red-zone -nostdinc -maccumulate-outgoing-args  -m64 -DMDE_CPU_X64 -DPAGE_SIZE=4096 -Werror -nostdinc -I/usr/src/azl/BUILD/shim-15.8/Cryptlib -I/usr/src/azl/BUILD/shim-15.8/Cryptlib/Include -I/usr/src/azl/BUILD/shim-15.8/gnu-efi/inc -I/usr/src/azl/BUILD/shim-15.8/gnu-efi/inc/x86_64 -I/usr/src/azl/BUILD/shim-15.8/gnu-efi/inc/protocol -I/usr/src/azl/BUILD/shim-15.8/include -iquote /usr/src/azl/BUILD/shim-15.8 -iquote /usr/src/azl/BUILD/shim-15.8/build-x64 -isystem /usr/src/azl/BUILD/shim-15.8/include/system -isystem /usr/lib/gcc/x86_64-pc-linux-gnu/13.2.0/include -DDEFAULT_LOADER='L"\\\\grubx64.efi"' -DDEFAULT_LOADER_CHAR='"\\\\grubx64.efi"' -DEFI_ARCH='L"x64"' -DDEBUGDIR='L"/usr/lib/debug/usr/share/shim/x64-15.8/"' -DVENDOR_CERT_FILE=\"/usr/src/azl/SOURCES/azurelinux-ca-20230216.der\"   -c -o mok.o /usr/src/azl/BUILD/shim-15.8/mok.c
#7 85.80 gcc -std=gnu11 -ggdb -ffreestanding -fmacro-prefix-map=/usr/src/azl/BUILD/shim-15.8/= -fno-stack-protector -fno-strict-aliasing -fpic -fshort-wchar -Os -Wall -Wextra -Wno-missing-field-initializers  -mno-mmx -mno-sse -mno-red-zone -nostdinc -maccumulate-outgoing-args  -m64 -DMDE_CPU_X64 -DPAGE_SIZE=4096 -Werror -nostdinc -I/usr/src/azl/BUILD/shim-15.8/Cryptlib -I/usr/src/azl/BUILD/shim-15.8/Cryptlib/Include -I/usr/src/azl/BUILD/shim-15.8/gnu-efi/inc -I/usr/src/azl/BUILD/shim-15.8/gnu-efi/inc/x86_64 -I/usr/src/azl/BUILD/shim-15.8/gnu-efi/inc/protocol -I/usr/src/azl/BUILD/shim-15.8/include -iquote /usr/src/azl/BUILD/shim-15.8 -iquote /usr/src/azl/BUILD/shim-15.8/build-x64 -isystem /usr/src/azl/BUILD/shim-15.8/include/system -isystem /usr/lib/gcc/x86_64-pc-linux-gnu/13.2.0/include -DDEFAULT_LOADER='L"\\\\grubx64.efi"' -DDEFAULT_LOADER_CHAR='"\\\\grubx64.efi"' -DEFI_ARCH='L"x64"' -DDEBUGDIR='L"/usr/lib/debug/usr/share/shim/x64-15.8/"' -DVENDOR_CERT_FILE=\"/usr/src/azl/SOURCES/azurelinux-ca-20230216.der\"   -c -o netboot.o /usr/src/azl/BUILD/shim-15.8/netboot.c
#7 85.98 gcc -std=gnu11 -ggdb -ffreestanding -fmacro-prefix-map=/usr/src/azl/BUILD/shim-15.8/= -fno-stack-protector -fno-strict-aliasing -fpic -fshort-wchar -Os -Wall -Wextra -Wno-missing-field-initializers  -mno-mmx -mno-sse -mno-red-zone -nostdinc -maccumulate-outgoing-args  -m64 -DMDE_CPU_X64 -DPAGE_SIZE=4096 -Werror -nostdinc -I/usr/src/azl/BUILD/shim-15.8/Cryptlib -I/usr/src/azl/BUILD/shim-15.8/Cryptlib/Include -I/usr/src/azl/BUILD/shim-15.8/gnu-efi/inc -I/usr/src/azl/BUILD/shim-15.8/gnu-efi/inc/x86_64 -I/usr/src/azl/BUILD/shim-15.8/gnu-efi/inc/protocol -I/usr/src/azl/BUILD/shim-15.8/include -iquote /usr/src/azl/BUILD/shim-15.8 -iquote /usr/src/azl/BUILD/shim-15.8/build-x64 -isystem /usr/src/azl/BUILD/shim-15.8/include/system -isystem /usr/lib/gcc/x86_64-pc-linux-gnu/13.2.0/include -DDEFAULT_LOADER='L"\\\\grubx64.efi"' -DDEFAULT_LOADER_CHAR='"\\\\grubx64.efi"' -DEFI_ARCH='L"x64"' -DDEBUGDIR='L"/usr/lib/debug/usr/share/shim/x64-15.8/"' -DVENDOR_CERT_FILE=\"/usr/src/azl/SOURCES/azurelinux-ca-20230216.der\" -c -o cert.o /usr/src/azl/BUILD/shim-15.8/cert.S 
#7 85.99 /usr/src/azl/BUILD/shim-15.8/cert.S: Assembler messages:
#7 85.99 /usr/src/azl/BUILD/shim-15.8/cert.S:55: Warning: setting incorrect section attributes for .note.GNU-stack
#7 86.00 gcc -std=gnu11 -ggdb -ffreestanding -fmacro-prefix-map=/usr/src/azl/BUILD/shim-15.8/= -fno-stack-protector -fno-strict-aliasing -fpic -fshort-wchar -Os -Wall -Wextra -Wno-missing-field-initializers  -mno-mmx -mno-sse -mno-red-zone -nostdinc -maccumulate-outgoing-args  -m64 -DMDE_CPU_X64 -DPAGE_SIZE=4096 -Werror -nostdinc -I/usr/src/azl/BUILD/shim-15.8/Cryptlib -I/usr/src/azl/BUILD/shim-15.8/Cryptlib/Include -I/usr/src/azl/BUILD/shim-15.8/gnu-efi/inc -I/usr/src/azl/BUILD/shim-15.8/gnu-efi/inc/x86_64 -I/usr/src/azl/BUILD/shim-15.8/gnu-efi/inc/protocol -I/usr/src/azl/BUILD/shim-15.8/include -iquote /usr/src/azl/BUILD/shim-15.8 -iquote /usr/src/azl/BUILD/shim-15.8/build-x64 -isystem /usr/src/azl/BUILD/shim-15.8/include/system -isystem /usr/lib/gcc/x86_64-pc-linux-gnu/13.2.0/include -DDEFAULT_LOADER='L"\\\\grubx64.efi"' -DDEFAULT_LOADER_CHAR='"\\\\grubx64.efi"' -DEFI_ARCH='L"x64"' -DDEBUGDIR='L"/usr/lib/debug/usr/share/shim/x64-15.8/"' -DVENDOR_CERT_FILE=\"/usr/src/azl/SOURCES/azurelinux-ca-20230216.der\"   -c -o replacements.o /usr/src/azl/BUILD/shim-15.8/replacements.c
#7 86.20 gcc -std=gnu11 -ggdb -ffreestanding -fmacro-prefix-map=/usr/src/azl/BUILD/shim-15.8/= -fno-stack-protector -fno-strict-aliasing -fpic -fshort-wchar -Os -Wall -Wextra -Wno-missing-field-initializers  -mno-mmx -mno-sse -mno-red-zone -nostdinc -maccumulate-outgoing-args  -m64 -DMDE_CPU_X64 -DPAGE_SIZE=4096 -Werror -nostdinc -I/usr/src/azl/BUILD/shim-15.8/Cryptlib -I/usr/src/azl/BUILD/shim-15.8/Cryptlib/Include -I/usr/src/azl/BUILD/shim-15.8/gnu-efi/inc -I/usr/src/azl/BUILD/shim-15.8/gnu-efi/inc/x86_64 -I/usr/src/azl/BUILD/shim-15.8/gnu-efi/inc/protocol -I/usr/src/azl/BUILD/shim-15.8/include -iquote /usr/src/azl/BUILD/shim-15.8 -iquote /usr/src/azl/BUILD/shim-15.8/build-x64 -isystem /usr/src/azl/BUILD/shim-15.8/include/system -isystem /usr/lib/gcc/x86_64-pc-linux-gnu/13.2.0/include -DDEFAULT_LOADER='L"\\\\grubx64.efi"' -DDEFAULT_LOADER_CHAR='"\\\\grubx64.efi"' -DEFI_ARCH='L"x64"' -DDEBUGDIR='L"/usr/lib/debug/usr/share/shim/x64-15.8/"' -DVENDOR_CERT_FILE=\"/usr/src/azl/SOURCES/azurelinux-ca-20230216.der\"   -c -o tpm.o /usr/src/azl/BUILD/shim-15.8/tpm.c
#7 86.31 gcc -std=gnu11 -ggdb -ffreestanding -fmacro-prefix-map=/usr/src/azl/BUILD/shim-15.8/= -fno-stack-protector -fno-strict-aliasing -fpic -fshort-wchar -Os -Wall -Wextra -Wno-missing-field-initializers  -mno-mmx -mno-sse -mno-red-zone -nostdinc -maccumulate-outgoing-args  -m64 -DMDE_CPU_X64 -DPAGE_SIZE=4096 -Werror -nostdinc -I/usr/src/azl/BUILD/shim-15.8/Cryptlib -I/usr/src/azl/BUILD/shim-15.8/Cryptlib/Include -I/usr/src/azl/BUILD/shim-15.8/gnu-efi/inc -I/usr/src/azl/BUILD/shim-15.8/gnu-efi/inc/x86_64 -I/usr/src/azl/BUILD/shim-15.8/gnu-efi/inc/protocol -I/usr/src/azl/BUILD/shim-15.8/include -iquote /usr/src/azl/BUILD/shim-15.8 -iquote /usr/src/azl/BUILD/shim-15.8/build-x64 -isystem /usr/src/azl/BUILD/shim-15.8/include/system -isystem /usr/lib/gcc/x86_64-pc-linux-gnu/13.2.0/include -DDEFAULT_LOADER='L"\\\\grubx64.efi"' -DDEFAULT_LOADER_CHAR='"\\\\grubx64.efi"' -DEFI_ARCH='L"x64"' -DDEBUGDIR='L"/usr/lib/debug/usr/share/shim/x64-15.8/"' -DVENDOR_CERT_FILE=\"/usr/src/azl/SOURCES/azurelinux-ca-20230216.der\"   -c -o version.o version.c
#7 86.35 gcc -std=gnu11 -ggdb -ffreestanding -fmacro-prefix-map=/usr/src/azl/BUILD/shim-15.8/= -fno-stack-protector -fno-strict-aliasing -fpic -fshort-wchar -Os -Wall -Wextra -Wno-missing-field-initializers  -mno-mmx -mno-sse -mno-red-zone -nostdinc -maccumulate-outgoing-args  -m64 -DMDE_CPU_X64 -DPAGE_SIZE=4096 -Werror -nostdinc -I/usr/src/azl/BUILD/shim-15.8/Cryptlib -I/usr/src/azl/BUILD/shim-15.8/Cryptlib/Include -I/usr/src/azl/BUILD/shim-15.8/gnu-efi/inc -I/usr/src/azl/BUILD/shim-15.8/gnu-efi/inc/x86_64 -I/usr/src/azl/BUILD/shim-15.8/gnu-efi/inc/protocol -I/usr/src/azl/BUILD/shim-15.8/include -iquote /usr/src/azl/BUILD/shim-15.8 -iquote /usr/src/azl/BUILD/shim-15.8/build-x64 -isystem /usr/src/azl/BUILD/shim-15.8/include/system -isystem /usr/lib/gcc/x86_64-pc-linux-gnu/13.2.0/include -DDEFAULT_LOADER='L"\\\\grubx64.efi"' -DDEFAULT_LOADER_CHAR='"\\\\grubx64.efi"' -DEFI_ARCH='L"x64"' -DDEBUGDIR='L"/usr/lib/debug/usr/share/shim/x64-15.8/"' -DVENDOR_CERT_FILE=\"/usr/src/azl/SOURCES/azurelinux-ca-20230216.der\"   -c -o errlog.o /usr/src/azl/BUILD/shim-15.8/errlog.c
#7 86.40 gcc -std=gnu11 -ggdb -ffreestanding -fmacro-prefix-map=/usr/src/azl/BUILD/shim-15.8/= -fno-stack-protector -fno-strict-aliasing -fpic -fshort-wchar -Os -Wall -Wextra -Wno-missing-field-initializers  -mno-mmx -mno-sse -mno-red-zone -nostdinc -maccumulate-outgoing-args  -m64 -DMDE_CPU_X64 -DPAGE_SIZE=4096 -Werror -nostdinc -I/usr/src/azl/BUILD/shim-15.8/Cryptlib -I/usr/src/azl/BUILD/shim-15.8/Cryptlib/Include -I/usr/src/azl/BUILD/shim-15.8/gnu-efi/inc -I/usr/src/azl/BUILD/shim-15.8/gnu-efi/inc/x86_64 -I/usr/src/azl/BUILD/shim-15.8/gnu-efi/inc/protocol -I/usr/src/azl/BUILD/shim-15.8/include -iquote /usr/src/azl/BUILD/shim-15.8 -iquote /usr/src/azl/BUILD/shim-15.8/build-x64 -isystem /usr/src/azl/BUILD/shim-15.8/include/system -isystem /usr/lib/gcc/x86_64-pc-linux-gnu/13.2.0/include -DDEFAULT_LOADER='L"\\\\grubx64.efi"' -DDEFAULT_LOADER_CHAR='"\\\\grubx64.efi"' -DEFI_ARCH='L"x64"' -DDEBUGDIR='L"/usr/lib/debug/usr/share/shim/x64-15.8/"' -DVENDOR_CERT_FILE=\"/usr/src/azl/SOURCES/azurelinux-ca-20230216.der\"   -c -o sbat.o /usr/src/azl/BUILD/shim-15.8/sbat.c
#7 86.57 dos2unix -r -l -F -f -n /usr/src/azl/BUILD/shim-15.8/data/sbat.azurelinux.csv sbat.azurelinux.csv
#7 86.58 dos2unix: converting file /usr/src/azl/BUILD/shim-15.8/data/sbat.azurelinux.csv to file sbat.azurelinux.csv in Unix format...
#7 86.58 tail -c1 sbat.azurelinux.csv | read -r _ || echo >> sbat.azurelinux.csv # ensure a trailing newline
#7 86.58 gcc -std=gnu11 -ggdb -ffreestanding -fmacro-prefix-map=/usr/src/azl/BUILD/shim-15.8/= -fno-stack-protector -fno-strict-aliasing -fpic -fshort-wchar -Os -Wall -Wextra -Wno-missing-field-initializers  -mno-mmx -mno-sse -mno-red-zone -nostdinc -maccumulate-outgoing-args  -m64 -DMDE_CPU_X64 -DPAGE_SIZE=4096 -Werror -nostdinc -I/usr/src/azl/BUILD/shim-15.8/Cryptlib -I/usr/src/azl/BUILD/shim-15.8/Cryptlib/Include -I/usr/src/azl/BUILD/shim-15.8/gnu-efi/inc -I/usr/src/azl/BUILD/shim-15.8/gnu-efi/inc/x86_64 -I/usr/src/azl/BUILD/shim-15.8/gnu-efi/inc/protocol -I/usr/src/azl/BUILD/shim-15.8/include -iquote /usr/src/azl/BUILD/shim-15.8 -iquote /usr/src/azl/BUILD/shim-15.8/build-x64 -isystem /usr/src/azl/BUILD/shim-15.8/include/system -isystem /usr/lib/gcc/x86_64-pc-linux-gnu/13.2.0/include -DDEFAULT_LOADER='L"\\\\grubx64.efi"' -DDEFAULT_LOADER_CHAR='"\\\\grubx64.efi"' -DEFI_ARCH='L"x64"' -DDEBUGDIR='L"/usr/lib/debug/usr/share/shim/x64-15.8/"' -DVENDOR_CERT_FILE=\"/usr/src/azl/SOURCES/azurelinux-ca-20230216.der\" -c -o sbat_var.o /usr/src/azl/BUILD/shim-15.8/sbat_var.S 
#7 86.60 /usr/src/azl/BUILD/shim-15.8/sbat_var.S: Assembler messages:
#7 86.60 /usr/src/azl/BUILD/shim-15.8/sbat_var.S:23: Warning: setting incorrect section attributes for .note.GNU-stack
#7 86.60 gcc -std=gnu11 -ggdb -ffreestanding -fmacro-prefix-map=/usr/src/azl/BUILD/shim-15.8/= -fno-stack-protector -fno-strict-aliasing -fpic -fshort-wchar -Os -Wall -Wextra -Wno-missing-field-initializers  -mno-mmx -mno-sse -mno-red-zone -nostdinc -maccumulate-outgoing-args  -m64 -DMDE_CPU_X64 -DPAGE_SIZE=4096 -Werror -nostdinc -I/usr/src/azl/BUILD/shim-15.8/Cryptlib -I/usr/src/azl/BUILD/shim-15.8/Cryptlib/Include -I/usr/src/azl/BUILD/shim-15.8/gnu-efi/inc -I/usr/src/azl/BUILD/shim-15.8/gnu-efi/inc/x86_64 -I/usr/src/azl/BUILD/shim-15.8/gnu-efi/inc/protocol -I/usr/src/azl/BUILD/shim-15.8/include -iquote /usr/src/azl/BUILD/shim-15.8 -iquote /usr/src/azl/BUILD/shim-15.8/build-x64 -isystem /usr/src/azl/BUILD/shim-15.8/include/system -isystem /usr/lib/gcc/x86_64-pc-linux-gnu/13.2.0/include -DDEFAULT_LOADER='L"\\\\grubx64.efi"' -DDEFAULT_LOADER_CHAR='"\\\\grubx64.efi"' -DEFI_ARCH='L"x64"' -DDEBUGDIR='L"/usr/lib/debug/usr/share/shim/x64-15.8/"' -DVENDOR_CERT_FILE=\"/usr/src/azl/SOURCES/azurelinux-ca-20230216.der\"   -c -o pe.o /usr/src/azl/BUILD/shim-15.8/pe.c
#7 86.72 gcc -std=gnu11 -ggdb -ffreestanding -fmacro-prefix-map=/usr/src/azl/BUILD/shim-15.8/= -fno-stack-protector -fno-strict-aliasing -fpic -fshort-wchar -Os -Wall -Wextra -Wno-missing-field-initializers  -mno-mmx -mno-sse -mno-red-zone -nostdinc -maccumulate-outgoing-args  -m64 -DMDE_CPU_X64 -DPAGE_SIZE=4096 -Werror -nostdinc -I/usr/src/azl/BUILD/shim-15.8/Cryptlib -I/usr/src/azl/BUILD/shim-15.8/Cryptlib/Include -I/usr/src/azl/BUILD/shim-15.8/gnu-efi/inc -I/usr/src/azl/BUILD/shim-15.8/gnu-efi/inc/x86_64 -I/usr/src/azl/BUILD/shim-15.8/gnu-efi/inc/protocol -I/usr/src/azl/BUILD/shim-15.8/include -iquote /usr/src/azl/BUILD/shim-15.8 -iquote /usr/src/azl/BUILD/shim-15.8/build-x64 -isystem /usr/src/azl/BUILD/shim-15.8/include/system -isystem /usr/lib/gcc/x86_64-pc-linux-gnu/13.2.0/include -DDEFAULT_LOADER='L"\\\\grubx64.efi"' -DDEFAULT_LOADER_CHAR='"\\\\grubx64.efi"' -DEFI_ARCH='L"x64"' -DDEBUGDIR='L"/usr/lib/debug/usr/share/shim/x64-15.8/"' -DVENDOR_CERT_FILE=\"/usr/src/azl/SOURCES/azurelinux-ca-20230216.der\"   -c -o pe-relocate.o /usr/src/azl/BUILD/shim-15.8/pe-relocate.c
#7 86.95 gcc -std=gnu11 -ggdb -ffreestanding -fmacro-prefix-map=/usr/src/azl/BUILD/shim-15.8/= -fno-stack-protector -fno-strict-aliasing -fpic -fshort-wchar -Os -Wall -Wextra -Wno-missing-field-initializers  -mno-mmx -mno-sse -mno-red-zone -nostdinc -maccumulate-outgoing-args  -m64 -DMDE_CPU_X64 -DPAGE_SIZE=4096 -Werror -nostdinc -I/usr/src/azl/BUILD/shim-15.8/Cryptlib -I/usr/src/azl/BUILD/shim-15.8/Cryptlib/Include -I/usr/src/azl/BUILD/shim-15.8/gnu-efi/inc -I/usr/src/azl/BUILD/shim-15.8/gnu-efi/inc/x86_64 -I/usr/src/azl/BUILD/shim-15.8/gnu-efi/inc/protocol -I/usr/src/azl/BUILD/shim-15.8/include -iquote /usr/src/azl/BUILD/shim-15.8 -iquote /usr/src/azl/BUILD/shim-15.8/build-x64 -isystem /usr/src/azl/BUILD/shim-15.8/include/system -isystem /usr/lib/gcc/x86_64-pc-linux-gnu/13.2.0/include -DDEFAULT_LOADER='L"\\\\grubx64.efi"' -DDEFAULT_LOADER_CHAR='"\\\\grubx64.efi"' -DEFI_ARCH='L"x64"' -DDEBUGDIR='L"/usr/lib/debug/usr/share/shim/x64-15.8/"' -DVENDOR_CERT_FILE=\"/usr/src/azl/SOURCES/azurelinux-ca-20230216.der\"   -c -o httpboot.o /usr/src/azl/BUILD/shim-15.8/httpboot.c
#7 87.21 gcc -std=gnu11 -ggdb -ffreestanding -fmacro-prefix-map=/usr/src/azl/BUILD/shim-15.8/= -fno-stack-protector -fno-strict-aliasing -fpic -fshort-wchar -Os -Wall -Wextra -Wno-missing-field-initializers  -mno-mmx -mno-sse -mno-red-zone -nostdinc -maccumulate-outgoing-args  -m64 -DMDE_CPU_X64 -DPAGE_SIZE=4096 -Werror -nostdinc -I/usr/src/azl/BUILD/shim-15.8/Cryptlib -I/usr/src/azl/BUILD/shim-15.8/Cryptlib/Include -I/usr/src/azl/BUILD/shim-15.8/gnu-efi/inc -I/usr/src/azl/BUILD/shim-15.8/gnu-efi/inc/x86_64 -I/usr/src/azl/BUILD/shim-15.8/gnu-efi/inc/protocol -I/usr/src/azl/BUILD/shim-15.8/include -iquote /usr/src/azl/BUILD/shim-15.8 -iquote /usr/src/azl/BUILD/shim-15.8/build-x64 -isystem /usr/src/azl/BUILD/shim-15.8/include/system -isystem /usr/lib/gcc/x86_64-pc-linux-gnu/13.2.0/include -DDEFAULT_LOADER='L"\\\\grubx64.efi"' -DDEFAULT_LOADER_CHAR='"\\\\grubx64.efi"' -DEFI_ARCH='L"x64"' -DDEBUGDIR='L"/usr/lib/debug/usr/share/shim/x64-15.8/"' -DVENDOR_CERT_FILE=\"/usr/src/azl/SOURCES/azurelinux-ca-20230216.der\"   -c -o csv.o /usr/src/azl/BUILD/shim-15.8/csv.c
#7 87.33 gcc -std=gnu11 -ggdb -ffreestanding -fmacro-prefix-map=/usr/src/azl/BUILD/shim-15.8/= -fno-stack-protector -fno-strict-aliasing -fpic -fshort-wchar -Os -Wall -Wextra -Wno-missing-field-initializers  -mno-mmx -mno-sse -mno-red-zone -nostdinc -maccumulate-outgoing-args  -m64 -DMDE_CPU_X64 -DPAGE_SIZE=4096 -Werror -nostdinc -I/usr/src/azl/BUILD/shim-15.8/Cryptlib -I/usr/src/azl/BUILD/shim-15.8/Cryptlib/Include -I/usr/src/azl/BUILD/shim-15.8/gnu-efi/inc -I/usr/src/azl/BUILD/shim-15.8/gnu-efi/inc/x86_64 -I/usr/src/azl/BUILD/shim-15.8/gnu-efi/inc/protocol -I/usr/src/azl/BUILD/shim-15.8/include -iquote /usr/src/azl/BUILD/shim-15.8 -iquote /usr/src/azl/BUILD/shim-15.8/build-x64 -isystem /usr/src/azl/BUILD/shim-15.8/include/system -isystem /usr/lib/gcc/x86_64-pc-linux-gnu/13.2.0/include -DDEFAULT_LOADER='L"\\\\grubx64.efi"' -DDEFAULT_LOADER_CHAR='"\\\\grubx64.efi"' -DEFI_ARCH='L"x64"' -DDEBUGDIR='L"/usr/lib/debug/usr/share/shim/x64-15.8/"' -DVENDOR_CERT_FILE=\"/usr/src/azl/SOURCES/azurelinux-ca-20230216.der\"   -c -o load-options.o /usr/src/azl/BUILD/shim-15.8/load-options.c
#7 87.37 for i in Hash Hmac Cipher Rand Pk Pem SysCall; do mkdir -p Cryptlib/$i; done
#7 87.39 make TOPDIR=/usr/src/azl/BUILD/shim-15.8 VPATH=/usr/src/azl/BUILD/shim-15.8/Cryptlib -C Cryptlib -f /usr/src/azl/BUILD/shim-15.8/Cryptlib/Makefile 
#7 87.39 make[1]: Entering directory '/usr/src/azl/BUILD/shim-15.8/build-x64/Cryptlib'
#7 87.39 gcc -std=gnu11 -ggdb -ffreestanding -fmacro-prefix-map=/usr/src/azl/BUILD/shim-15.8/= -fno-stack-protector -fno-strict-aliasing -fpic -fshort-wchar -nostdinc -m64 -mno-mmx -mno-sse -mno-red-zone -maccumulate-outgoing-args -Os -Wall -Wextra -Wno-missing-field-initializers -Wno-unused-parameter -Wno-unused-but-set-variable -Werror -I/usr/src/azl/BUILD/shim-15.8/Cryptlib -I/usr/src/azl/BUILD/shim-15.8/Cryptlib/Include -I/usr/src/azl/BUILD/shim-15.8/gnu-efi/inc -I/usr/src/azl/BUILD/shim-15.8/gnu-efi/inc/x86_64 -I/usr/src/azl/BUILD/shim-15.8/gnu-efi/inc/protocol -isystem /usr/src/azl/BUILD/shim-15.8/include/system -isystem /usr/lib/gcc/x86_64-pc-linux-gnu/13.2.0/include -DMDE_CPU_X64   -c -o Hash/CryptMd4Null.o /usr/src/azl/BUILD/shim-15.8/Cryptlib/Hash/CryptMd4Null.c
#7 87.45 gcc -std=gnu11 -ggdb -ffreestanding -fmacro-prefix-map=/usr/src/azl/BUILD/shim-15.8/= -fno-stack-protector -fno-strict-aliasing -fpic -fshort-wchar -nostdinc -m64 -mno-mmx -mno-sse -mno-red-zone -maccumulate-outgoing-args -Os -Wall -Wextra -Wno-missing-field-initializers -Wno-unused-parameter -Wno-unused-but-set-variable -Werror -I/usr/src/azl/BUILD/shim-15.8/Cryptlib -I/usr/src/azl/BUILD/shim-15.8/Cryptlib/Include -I/usr/src/azl/BUILD/shim-15.8/gnu-efi/inc -I/usr/src/azl/BUILD/shim-15.8/gnu-efi/inc/x86_64 -I/usr/src/azl/BUILD/shim-15.8/gnu-efi/inc/protocol -isystem /usr/src/azl/BUILD/shim-15.8/include/system -isystem /usr/lib/gcc/x86_64-pc-linux-gnu/13.2.0/include -DMDE_CPU_X64   -c -o Hash/CryptMd5.o /usr/src/azl/BUILD/shim-15.8/Cryptlib/Hash/CryptMd5.c
#7 87.52 gcc -std=gnu11 -ggdb -ffreestanding -fmacro-prefix-map=/usr/src/azl/BUILD/shim-15.8/= -fno-stack-protector -fno-strict-aliasing -fpic -fshort-wchar -nostdinc -m64 -mno-mmx -mno-sse -mno-red-zone -maccumulate-outgoing-args -Os -Wall -Wextra -Wno-missing-field-initializers -Wno-unused-parameter -Wno-unused-but-set-variable -Werror -I/usr/src/azl/BUILD/shim-15.8/Cryptlib -I/usr/src/azl/BUILD/shim-15.8/Cryptlib/Include -I/usr/src/azl/BUILD/shim-15.8/gnu-efi/inc -I/usr/src/azl/BUILD/shim-15.8/gnu-efi/inc/x86_64 -I/usr/src/azl/BUILD/shim-15.8/gnu-efi/inc/protocol -isystem /usr/src/azl/BUILD/shim-15.8/include/system -isystem /usr/lib/gcc/x86_64-pc-linux-gnu/13.2.0/include -DMDE_CPU_X64   -c -o Hash/CryptSha1.o /usr/src/azl/BUILD/shim-15.8/Cryptlib/Hash/CryptSha1.c
#7 87.59 gcc -std=gnu11 -ggdb -ffreestanding -fmacro-prefix-map=/usr/src/azl/BUILD/shim-15.8/= -fno-stack-protector -fno-strict-aliasing -fpic -fshort-wchar -nostdinc -m64 -mno-mmx -mno-sse -mno-red-zone -maccumulate-outgoing-args -Os -Wall -Wextra -Wno-missing-field-initializers -Wno-unused-parameter -Wno-unused-but-set-variable -Werror -I/usr/src/azl/BUILD/shim-15.8/Cryptlib -I/usr/src/azl/BUILD/shim-15.8/Cryptlib/Include -I/usr/src/azl/BUILD/shim-15.8/gnu-efi/inc -I/usr/src/azl/BUILD/shim-15.8/gnu-efi/inc/x86_64 -I/usr/src/azl/BUILD/shim-15.8/gnu-efi/inc/protocol -isystem /usr/src/azl/BUILD/shim-15.8/include/system -isystem /usr/lib/gcc/x86_64-pc-linux-gnu/13.2.0/include -DMDE_CPU_X64   -c -o Hash/CryptSha256.o /usr/src/azl/BUILD/shim-15.8/Cryptlib/Hash/CryptSha256.c
#7 87.60 for i in x509v3 x509 txt_db stack sha rsa rc4 rand pkcs7 pkcs12 pem ocsp objects modes md5 lhash kdf hmac evp err dso dh conf comp cmac buffer bn bio async/arch asn1 aes; do mkdir -p Cryptlib/OpenSSL/crypto/$i; done
#7 87.65 make TOPDIR=/usr/src/azl/BUILD/shim-15.8 VPATH=/usr/src/azl/BUILD/shim-15.8/Cryptlib/OpenSSL -C Cryptlib/OpenSSL -f /usr/src/azl/BUILD/shim-15.8/Cryptlib/OpenSSL/Makefile 
#7 87.65 make[1]: Entering directory '/usr/src/azl/BUILD/shim-15.8/build-x64/Cryptlib/OpenSSL'
#7 87.65 gcc -std=gnu11 -ggdb -ffreestanding -fmacro-prefix-map=/usr/src/azl/BUILD/shim-15.8/= -fno-stack-protector -fno-strict-aliasing -fpic -fshort-wchar -nostdinc -m64 -mno-mmx -mno-sse -mno-red-zone -maccumulate-outgoing-args -Os -Wall -Wextra -Wno-missing-field-initializers -Wno-empty-body -Wno-implicit-fallthrough -Wno-old-style-declaration -Wno-unused-but-set-variable -Wno-unused-parameter -Werror -I/usr/src/azl/BUILD/shim-15.8/Cryptlib/OpenSSL -I/usr/src/azl/BUILD/shim-15.8/Cryptlib -I/usr/src/azl/BUILD/shim-15.8/Cryptlib/OpenSSL/Include/ -I/usr/src/azl/BUILD/shim-15.8/Cryptlib/OpenSSL/crypto -I/usr/src/azl/BUILD/shim-15.8/Cryptlib/Include -I/usr/src/azl/BUILD/shim-15.8/gnu-efi/inc -I/usr/src/azl/BUILD/shim-15.8/gnu-efi/inc/x86_64 -I/usr/src/azl/BUILD/shim-15.8/gnu-efi/inc/protocol -I/usr/src/azl/BUILD/shim-15.8/Cryptlib/OpenSSL/crypto/asn1 -I/usr/src/azl/BUILD/shim-15.8/Cryptlib/OpenSSL/crypto/evp -I/usr/src/azl/BUILD/shim-15.8/Cryptlib/OpenSSL/crypto/modes -I/usr/src/azl/BUILD/shim-15.8/Cryptlib/OpenSSL/crypto/include -isystem /usr/src/azl/BUILD/shim-15.8/include/system -isystem /usr/lib/gcc/x86_64-pc-linux-gnu/13.2.0/include -DL_ENDIAN -D_CRT_SECURE_NO_DEPRECATE -D_CRT_NONSTDC_NO_DEPRECATE -DOPENSSL_SMALL_FOOTPRINT -DPEDANTIC -DMDE_CPU_X64   -c -o crypto/cryptlib.o /usr/src/azl/BUILD/shim-15.8/Cryptlib/OpenSSL/crypto/cryptlib.c
#7 87.67 gcc -std=gnu11 -ggdb -ffreestanding -fmacro-prefix-map=/usr/src/azl/BUILD/shim-15.8/= -fno-stack-protector -fno-strict-aliasing -fpic -fshort-wchar -nostdinc -m64 -mno-mmx -mno-sse -mno-red-zone -maccumulate-outgoing-args -Os -Wall -Wextra -Wno-missing-field-initializers -Wno-unused-parameter -Wno-unused-but-set-variable -Werror -I/usr/src/azl/BUILD/shim-15.8/Cryptlib -I/usr/src/azl/BUILD/shim-15.8/Cryptlib/Include -I/usr/src/azl/BUILD/shim-15.8/gnu-efi/inc -I/usr/src/azl/BUILD/shim-15.8/gnu-efi/inc/x86_64 -I/usr/src/azl/BUILD/shim-15.8/gnu-efi/inc/protocol -isystem /usr/src/azl/BUILD/shim-15.8/include/system -isystem /usr/lib/gcc/x86_64-pc-linux-gnu/13.2.0/include -DMDE_CPU_X64   -c -o Hash/CryptSha512.o /usr/src/azl/BUILD/shim-15.8/Cryptlib/Hash/CryptSha512.c
#7 87.77 gcc -std=gnu11 -ggdb -ffreestanding -fmacro-prefix-map=/usr/src/azl/BUILD/shim-15.8/= -fno-stack-protector -fno-strict-aliasing -fpic -fshort-wchar -nostdinc -m64 -mno-mmx -mno-sse -mno-red-zone -maccumulate-outgoing-args -Os -Wall -Wextra -Wno-missing-field-initializers -Wno-unused-parameter -Wno-unused-but-set-variable -Werror -I/usr/src/azl/BUILD/shim-15.8/Cryptlib -I/usr/src/azl/BUILD/shim-15.8/Cryptlib/Include -I/usr/src/azl/BUILD/shim-15.8/gnu-efi/inc -I/usr/src/azl/BUILD/shim-15.8/gnu-efi/inc/x86_64 -I/usr/src/azl/BUILD/shim-15.8/gnu-efi/inc/protocol -isystem /usr/src/azl/BUILD/shim-15.8/include/system -isystem /usr/lib/gcc/x86_64-pc-linux-gnu/13.2.0/include -DMDE_CPU_X64   -c -o Hmac/CryptHmacMd5Null.o /usr/src/azl/BUILD/shim-15.8/Cryptlib/Hmac/CryptHmacMd5Null.c
#7 87.82 gcc -std=gnu11 -ggdb -ffreestanding -fmacro-prefix-map=/usr/src/azl/BUILD/shim-15.8/= -fno-stack-protector -fno-strict-aliasing -fpic -fshort-wchar -nostdinc -m64 -mno-mmx -mno-sse -mno-red-zone -maccumulate-outgoing-args -Os -Wall -Wextra -Wno-missing-field-initializers -Wno-unused-parameter -Wno-unused-but-set-variable -Werror -I/usr/src/azl/BUILD/shim-15.8/Cryptlib -I/usr/src/azl/BUILD/shim-15.8/Cryptlib/Include -I/usr/src/azl/BUILD/shim-15.8/gnu-efi/inc -I/usr/src/azl/BUILD/shim-15.8/gnu-efi/inc/x86_64 -I/usr/src/azl/BUILD/shim-15.8/gnu-efi/inc/protocol -isystem /usr/src/azl/BUILD/shim-15.8/include/system -isystem /usr/lib/gcc/x86_64-pc-linux-gnu/13.2.0/include -DMDE_CPU_X64   -c -o Hmac/CryptHmacSha1Null.o /usr/src/azl/BUILD/shim-15.8/Cryptlib/Hmac/CryptHmacSha1Null.c
#7 87.86 gcc -std=gnu11 -ggdb -ffreestanding -fmacro-prefix-map=/usr/src/azl/BUILD/shim-15.8/= -fno-stack-protector -fno-strict-aliasing -fpic -fshort-wchar -nostdinc -m64 -mno-mmx -mno-sse -mno-red-zone -maccumulate-outgoing-args -Os -Wall -Wextra -Wno-missing-field-initializers -Wno-empty-body -Wno-implicit-fallthrough -Wno-old-style-declaration -Wno-unused-but-set-variable -Wno-unused-parameter -Werror -I/usr/src/azl/BUILD/shim-15.8/Cryptlib/OpenSSL -I/usr/src/azl/BUILD/shim-15.8/Cryptlib -I/usr/src/azl/BUILD/shim-15.8/Cryptlib/OpenSSL/Include/ -I/usr/src/azl/BUILD/shim-15.8/Cryptlib/OpenSSL/crypto -I/usr/src/azl/BUILD/shim-15.8/Cryptlib/Include -I/usr/src/azl/BUILD/shim-15.8/gnu-efi/inc -I/usr/src/azl/BUILD/shim-15.8/gnu-efi/inc/x86_64 -I/usr/src/azl/BUILD/shim-15.8/gnu-efi/inc/protocol -I/usr/src/azl/BUILD/shim-15.8/Cryptlib/OpenSSL/crypto/asn1 -I/usr/src/azl/BUILD/shim-15.8/Cryptlib/OpenSSL/crypto/evp -I/usr/src/azl/BUILD/shim-15.8/Cryptlib/OpenSSL/crypto/modes -I/usr/src/azl/BUILD/shim-15.8/Cryptlib/OpenSSL/crypto/include -isystem /usr/src/azl/BUILD/shim-15.8/include/system -isystem /usr/lib/gcc/x86_64-pc-linux-gnu/13.2.0/include -DL_ENDIAN -D_CRT_SECURE_NO_DEPRECATE -D_CRT_NONSTDC_NO_DEPRECATE -DOPENSSL_SMALL_FOOTPRINT -DPEDANTIC -DMDE_CPU_X64   -c -o crypto/mem.o /usr/src/azl/BUILD/shim-15.8/Cryptlib/OpenSSL/crypto/mem.c
#7 87.88 gcc -std=gnu11 -ggdb -ffreestanding -fmacro-prefix-map=/usr/src/azl/BUILD/shim-15.8/= -fno-stack-protector -fno-strict-aliasing -fpic -fshort-wchar -nostdinc -m64 -mno-mmx -mno-sse -mno-red-zone -maccumulate-outgoing-args -Os -Wall -Wextra -Wno-missing-field-initializers -Wno-unused-parameter -Wno-unused-but-set-variable -Werror -I/usr/src/azl/BUILD/shim-15.8/Cryptlib -I/usr/src/azl/BUILD/shim-15.8/Cryptlib/Include -I/usr/src/azl/BUILD/shim-15.8/gnu-efi/inc -I/usr/src/azl/BUILD/shim-15.8/gnu-efi/inc/x86_64 -I/usr/src/azl/BUILD/shim-15.8/gnu-efi/inc/protocol -isystem /usr/src/azl/BUILD/shim-15.8/include/system -isystem /usr/lib/gcc/x86_64-pc-linux-gnu/13.2.0/include -DMDE_CPU_X64   -c -o Hmac/CryptHmacSha256Null.o /usr/src/azl/BUILD/shim-15.8/Cryptlib/Hmac/CryptHmacSha256Null.c
#7 87.93 gcc -std=gnu11 -ggdb -ffreestanding -fmacro-prefix-map=/usr/src/azl/BUILD/shim-15.8/= -fno-stack-protector -fno-strict-aliasing -fpic -fshort-wchar -nostdinc -m64 -mno-mmx -mno-sse -mno-red-zone -maccumulate-outgoing-args -Os -Wall -Wextra -Wno-missing-field-initializers -Wno-unused-parameter -Wno-unused-but-set-variable -Werror -I/usr/src/azl/BUILD/shim-15.8/Cryptlib -I/usr/src/azl/BUILD/shim-15.8/Cryptlib/Include -I/usr/src/azl/BUILD/shim-15.8/gnu-efi/inc -I/usr/src/azl/BUILD/shim-15.8/gnu-efi/inc/x86_64 -I/usr/src/azl/BUILD/shim-15.8/gnu-efi/inc/protocol -isystem /usr/src/azl/BUILD/shim-15.8/include/system -isystem /usr/lib/gcc/x86_64-pc-linux-gnu/13.2.0/include -DMDE_CPU_X64   -c -o Cipher/CryptAesNull.o /usr/src/azl/BUILD/shim-15.8/Cryptlib/Cipher/CryptAesNull.c
#7 88.00 gcc -std=gnu11 -ggdb -ffreestanding -fmacro-prefix-map=/usr/src/azl/BUILD/shim-15.8/= -fno-stack-protector -fno-strict-aliasing -fpic -fshort-wchar -nostdinc -m64 -mno-mmx -mno-sse -mno-red-zone -maccumulate-outgoing-args -Os -Wall -Wextra -Wno-missing-field-initializers -Wno-unused-parameter -Wno-unused-but-set-variable -Werror -I/usr/src/azl/BUILD/shim-15.8/Cryptlib -I/usr/src/azl/BUILD/shim-15.8/Cryptlib/Include -I/usr/src/azl/BUILD/shim-15.8/gnu-efi/inc -I/usr/src/azl/BUILD/shim-15.8/gnu-efi/inc/x86_64 -I/usr/src/azl/BUILD/shim-15.8/gnu-efi/inc/protocol -isystem /usr/src/azl/BUILD/shim-15.8/include/system -isystem /usr/lib/gcc/x86_64-pc-linux-gnu/13.2.0/include -DMDE_CPU_X64   -c -o Cipher/CryptTdesNull.o /usr/src/azl/BUILD/shim-15.8/Cryptlib/Cipher/CryptTdesNull.c
#7 88.04 gcc -std=gnu11 -ggdb -ffreestanding -fmacro-prefix-map=/usr/src/azl/BUILD/shim-15.8/= -fno-stack-protector -fno-strict-aliasing -fpic -fshort-wchar -nostdinc -m64 -mno-mmx -mno-sse -mno-red-zone -maccumulate-outgoing-args -Os -Wall -Wextra -Wno-missing-field-initializers -Wno-empty-body -Wno-implicit-fallthrough -Wno-old-style-declaration -Wno-unused-but-set-variable -Wno-unused-parameter -Werror -I/usr/src/azl/BUILD/shim-15.8/Cryptlib/OpenSSL -I/usr/src/azl/BUILD/shim-15.8/Cryptlib -I/usr/src/azl/BUILD/shim-15.8/Cryptlib/OpenSSL/Include/ -I/usr/src/azl/BUILD/shim-15.8/Cryptlib/OpenSSL/crypto -I/usr/src/azl/BUILD/shim-15.8/Cryptlib/Include -I/usr/src/azl/BUILD/shim-15.8/gnu-efi/inc -I/usr/src/azl/BUILD/shim-15.8/gnu-efi/inc/x86_64 -I/usr/src/azl/BUILD/shim-15.8/gnu-efi/inc/protocol -I/usr/src/azl/BUILD/shim-15.8/Cryptlib/OpenSSL/crypto/asn1 -I/usr/src/azl/BUILD/shim-15.8/Cryptlib/OpenSSL/crypto/evp -I/usr/src/azl/BUILD/shim-15.8/Cryptlib/OpenSSL/crypto/modes -I/usr/src/azl/BUILD/shim-15.8/Cryptlib/OpenSSL/crypto/include -isystem /usr/src/azl/BUILD/shim-15.8/include/system -isystem /usr/lib/gcc/x86_64-pc-linux-gnu/13.2.0/include -DL_ENDIAN -D_CRT_SECURE_NO_DEPRECATE -D_CRT_NONSTDC_NO_DEPRECATE -DOPENSSL_SMALL_FOOTPRINT -DPEDANTIC -DMDE_CPU_X64   -c -o crypto/mem_clr.o /usr/src/azl/BUILD/shim-15.8/Cryptlib/OpenSSL/crypto/mem_clr.c
#7 88.06 gcc -std=gnu11 -ggdb -ffreestanding -fmacro-prefix-map=/usr/src/azl/BUILD/shim-15.8/= -fno-stack-protector -fno-strict-aliasing -fpic -fshort-wchar -nostdinc -m64 -mno-mmx -mno-sse -mno-red-zone -maccumulate-outgoing-args -Os -Wall -Wextra -Wno-missing-field-initializers -Wno-unused-parameter -Wno-unused-but-set-variable -Werror -I/usr/src/azl/BUILD/shim-15.8/Cryptlib -I/usr/src/azl/BUILD/shim-15.8/Cryptlib/Include -I/usr/src/azl/BUILD/shim-15.8/gnu-efi/inc -I/usr/src/azl/BUILD/shim-15.8/gnu-efi/inc/x86_64 -I/usr/src/azl/BUILD/shim-15.8/gnu-efi/inc/protocol -isystem /usr/src/azl/BUILD/shim-15.8/include/system -isystem /usr/lib/gcc/x86_64-pc-linux-gnu/13.2.0/include -DMDE_CPU_X64   -c -o Cipher/CryptArc4Null.o /usr/src/azl/BUILD/shim-15.8/Cryptlib/Cipher/CryptArc4Null.c
#7 88.07 gcc -std=gnu11 -ggdb -ffreestanding -fmacro-prefix-map=/usr/src/azl/BUILD/shim-15.8/= -fno-stack-protector -fno-strict-aliasing -fpic -fshort-wchar -nostdinc -m64 -mno-mmx -mno-sse -mno-red-zone -maccumulate-outgoing-args -Os -Wall -Wextra -Wno-missing-field-initializers -Wno-empty-body -Wno-implicit-fallthrough -Wno-old-style-declaration -Wno-unused-but-set-variable -Wno-unused-parameter -Werror -I/usr/src/azl/BUILD/shim-15.8/Cryptlib/OpenSSL -I/usr/src/azl/BUILD/shim-15.8/Cryptlib -I/usr/src/azl/BUILD/shim-15.8/Cryptlib/OpenSSL/Include/ -I/usr/src/azl/BUILD/shim-15.8/Cryptlib/OpenSSL/crypto -I/usr/src/azl/BUILD/shim-15.8/Cryptlib/Include -I/usr/src/azl/BUILD/shim-15.8/gnu-efi/inc -I/usr/src/azl/BUILD/shim-15.8/gnu-efi/inc/x86_64 -I/usr/src/azl/BUILD/shim-15.8/gnu-efi/inc/protocol -I/usr/src/azl/BUILD/shim-15.8/Cryptlib/OpenSSL/crypto/asn1 -I/usr/src/azl/BUILD/shim-15.8/Cryptlib/OpenSSL/crypto/evp -I/usr/src/azl/BUILD/shim-15.8/Cryptlib/OpenSSL/crypto/modes -I/usr/src/azl/BUILD/shim-15.8/Cryptlib/OpenSSL/crypto/include -isystem /usr/src/azl/BUILD/shim-15.8/include/system -isystem /usr/lib/gcc/x86_64-pc-linux-gnu/13.2.0/include -DL_ENDIAN -D_CRT_SECURE_NO_DEPRECATE -D_CRT_NONSTDC_NO_DEPRECATE -DOPENSSL_SMALL_FOOTPRINT -DPEDANTIC -DMDE_CPU_X64   -c -o crypto/mem_dbg.o /usr/src/azl/BUILD/shim-15.8/Cryptlib/OpenSSL/crypto/mem_dbg.c
#7 88.11 gcc -std=gnu11 -ggdb -ffreestanding -fmacro-prefix-map=/usr/src/azl/BUILD/shim-15.8/= -fno-stack-protector -fno-strict-aliasing -fpic -fshort-wchar -nostdinc -m64 -mno-mmx -mno-sse -mno-red-zone -maccumulate-outgoing-args -Os -Wall -Wextra -Wno-missing-field-initializers -Wno-unused-parameter -Wno-unused-but-set-variable -Werror -I/usr/src/azl/BUILD/shim-15.8/Cryptlib -I/usr/src/azl/BUILD/shim-15.8/Cryptlib/Include -I/usr/src/azl/BUILD/shim-15.8/gnu-efi/inc -I/usr/src/azl/BUILD/shim-15.8/gnu-efi/inc/x86_64 -I/usr/src/azl/BUILD/shim-15.8/gnu-efi/inc/protocol -isystem /usr/src/azl/BUILD/shim-15.8/include/system -isystem /usr/lib/gcc/x86_64-pc-linux-gnu/13.2.0/include -DMDE_CPU_X64   -c -o Rand/CryptRand.o /usr/src/azl/BUILD/shim-15.8/Cryptlib/Rand/CryptRand.c
#7 88.19 gcc -std=gnu11 -ggdb -ffreestanding -fmacro-prefix-map=/usr/src/azl/BUILD/shim-15.8/= -fno-stack-protector -fno-strict-aliasing -fpic -fshort-wchar -nostdinc -m64 -mno-mmx -mno-sse -mno-red-zone -maccumulate-outgoing-args -Os -Wall -Wextra -Wno-missing-field-initializers -Wno-unused-parameter -Wno-unused-but-set-variable -Werror -I/usr/src/azl/BUILD/shim-15.8/Cryptlib -I/usr/src/azl/BUILD/shim-15.8/Cryptlib/Include -I/usr/src/azl/BUILD/shim-15.8/gnu-efi/inc -I/usr/src/azl/BUILD/shim-15.8/gnu-efi/inc/x86_64 -I/usr/src/azl/BUILD/shim-15.8/gnu-efi/inc/protocol -isystem /usr/src/azl/BUILD/shim-15.8/include/system -isystem /usr/lib/gcc/x86_64-pc-linux-gnu/13.2.0/include -DMDE_CPU_X64   -c -o Pk/CryptRsaBasic.o /usr/src/azl/BUILD/shim-15.8/Cryptlib/Pk/CryptRsaBasic.c
#7 88.28 gcc -std=gnu11 -ggdb -ffreestanding -fmacro-prefix-map=/usr/src/azl/BUILD/shim-15.8/= -fno-stack-protector -fno-strict-aliasing -fpic -fshort-wchar -nostdinc -m64 -mno-mmx -mno-sse -mno-red-zone -maccumulate-outgoing-args -Os -Wall -Wextra -Wno-missing-field-initializers -Wno-empty-body -Wno-implicit-fallthrough -Wno-old-style-declaration -Wno-unused-but-set-variable -Wno-unused-parameter -Werror -I/usr/src/azl/BUILD/shim-15.8/Cryptlib/OpenSSL -I/usr/src/azl/BUILD/shim-15.8/Cryptlib -I/usr/src/azl/BUILD/shim-15.8/Cryptlib/OpenSSL/Include/ -I/usr/src/azl/BUILD/shim-15.8/Cryptlib/OpenSSL/crypto -I/usr/src/azl/BUILD/shim-15.8/Cryptlib/Include -I/usr/src/azl/BUILD/shim-15.8/gnu-efi/inc -I/usr/src/azl/BUILD/shim-15.8/gnu-efi/inc/x86_64 -I/usr/src/azl/BUILD/shim-15.8/gnu-efi/inc/protocol -I/usr/src/azl/BUILD/shim-15.8/Cryptlib/OpenSSL/crypto/asn1 -I/usr/src/azl/BUILD/shim-15.8/Cryptlib/OpenSSL/crypto/evp -I/usr/src/azl/BUILD/shim-15.8/Cryptlib/OpenSSL/crypto/modes -I/usr/src/azl/BUILD/shim-15.8/Cryptlib/OpenSSL/crypto/include -isystem /usr/src/azl/BUILD/shim-15.8/include/system -isystem /usr/lib/gcc/x86_64-pc-linux-gnu/13.2.0/include -DL_ENDIAN -D_CRT_SECURE_NO_DEPRECATE -D_CRT_NONSTDC_NO_DEPRECATE -DOPENSSL_SMALL_FOOTPRINT -DPEDANTIC -DMDE_CPU_X64   -c -o crypto/cversion.o /usr/src/azl/BUILD/shim-15.8/Cryptlib/OpenSSL/crypto/cversion.c
#7 88.30 gcc -std=gnu11 -ggdb -ffreestanding -fmacro-prefix-map=/usr/src/azl/BUILD/shim-15.8/= -fno-stack-protector -fno-strict-aliasing -fpic -fshort-wchar -nostdinc -m64 -mno-mmx -mno-sse -mno-red-zone -maccumulate-outgoing-args -Os -Wall -Wextra -Wno-missing-field-initializers -Wno-unused-parameter -Wno-unused-but-set-variable -Werror -I/usr/src/azl/BUILD/shim-15.8/Cryptlib -I/usr/src/azl/BUILD/shim-15.8/Cryptlib/Include -I/usr/src/azl/BUILD/shim-15.8/gnu-efi/inc -I/usr/src/azl/BUILD/shim-15.8/gnu-efi/inc/x86_64 -I/usr/src/azl/BUILD/shim-15.8/gnu-efi/inc/protocol -isystem /usr/src/azl/BUILD/shim-15.8/include/system -isystem /usr/lib/gcc/x86_64-pc-linux-gnu/13.2.0/include -DMDE_CPU_X64   -c -o Pk/CryptRsaExtNull.o /usr/src/azl/BUILD/shim-15.8/Cryptlib/Pk/CryptRsaExtNull.c
#7 88.35 gcc -std=gnu11 -ggdb -ffreestanding -fmacro-prefix-map=/usr/src/azl/BUILD/shim-15.8/= -fno-stack-protector -fno-strict-aliasing -fpic -fshort-wchar -nostdinc -m64 -mno-mmx -mno-sse -mno-red-zone -maccumulate-outgoing-args -Os -Wall -Wextra -Wno-missing-field-initializers -Wno-empty-body -Wno-implicit-fallthrough -Wno-old-style-declaration -Wno-unused-but-set-variable -Wno-unused-parameter -Werror -I/usr/src/azl/BUILD/shim-15.8/Cryptlib/OpenSSL -I/usr/src/azl/BUILD/shim-15.8/Cryptlib -I/usr/src/azl/BUILD/shim-15.8/Cryptlib/OpenSSL/Include/ -I/usr/src/azl/BUILD/shim-15.8/Cryptlib/OpenSSL/crypto -I/usr/src/azl/BUILD/shim-15.8/Cryptlib/Include -I/usr/src/azl/BUILD/shim-15.8/gnu-efi/inc -I/usr/src/azl/BUILD/shim-15.8/gnu-efi/inc/x86_64 -I/usr/src/azl/BUILD/shim-15.8/gnu-efi/inc/protocol -I/usr/src/azl/BUILD/shim-15.8/Cryptlib/OpenSSL/crypto/asn1 -I/usr/src/azl/BUILD/shim-15.8/Cryptlib/OpenSSL/crypto/evp -I/usr/src/azl/BUILD/shim-15.8/Cryptlib/OpenSSL/crypto/modes -I/usr/src/azl/BUILD/shim-15.8/Cryptlib/OpenSSL/crypto/include -isystem /usr/src/azl/BUILD/shim-15.8/include/system -isystem /usr/lib/gcc/x86_64-pc-linux-gnu/13.2.0/include -DL_ENDIAN -D_CRT_SECURE_NO_DEPRECATE -D_CRT_NONSTDC_NO_DEPRECATE -DOPENSSL_SMALL_FOOTPRINT -DPEDANTIC -DMDE_CPU_X64   -c -o crypto/ex_data.o /usr/src/azl/BUILD/shim-15.8/Cryptlib/OpenSSL/crypto/ex_data.c
#7 88.35 gcc -std=gnu11 -ggdb -ffreestanding -fmacro-prefix-map=/usr/src/azl/BUILD/shim-15.8/= -fno-stack-protector -fno-strict-aliasing -fpic -fshort-wchar -nostdinc -m64 -mno-mmx -mno-sse -mno-red-zone -maccumulate-outgoing-args -Os -Wall -Wextra -Wno-missing-field-initializers -Wno-unused-parameter -Wno-unused-but-set-variable -Werror -I/usr/src/azl/BUILD/shim-15.8/Cryptlib -I/usr/src/azl/BUILD/shim-15.8/Cryptlib/Include -I/usr/src/azl/BUILD/shim-15.8/gnu-efi/inc -I/usr/src/azl/BUILD/shim-15.8/gnu-efi/inc/x86_64 -I/usr/src/azl/BUILD/shim-15.8/gnu-efi/inc/protocol -isystem /usr/src/azl/BUILD/shim-15.8/include/system -isystem /usr/lib/gcc/x86_64-pc-linux-gnu/13.2.0/include -DMDE_CPU_X64   -c -o Pk/CryptPkcs7SignNull.o /usr/src/azl/BUILD/shim-15.8/Cryptlib/Pk/CryptPkcs7SignNull.c
#7 88.40 gcc -std=gnu11 -ggdb -ffreestanding -fmacro-prefix-map=/usr/src/azl/BUILD/shim-15.8/= -fno-stack-protector -fno-strict-aliasing -fpic -fshort-wchar -nostdinc -m64 -mno-mmx -mno-sse -mno-red-zone -maccumulate-outgoing-args -Os -Wall -Wextra -Wno-missing-field-initializers -Wno-unused-parameter -Wno-unused-but-set-variable -Werror -I/usr/src/azl/BUILD/shim-15.8/Cryptlib -I/usr/src/azl/BUILD/shim-15.8/Cryptlib/Include -I/usr/src/azl/BUILD/shim-15.8/gnu-efi/inc -I/usr/src/azl/BUILD/shim-15.8/gnu-efi/inc/x86_64 -I/usr/src/azl/BUILD/shim-15.8/gnu-efi/inc/protocol -isystem /usr/src/azl/BUILD/shim-15.8/include/system -isystem /usr/lib/gcc/x86_64-pc-linux-gnu/13.2.0/include -DMDE_CPU_X64   -c -o Pk/CryptPkcs7Verify.o /usr/src/azl/BUILD/shim-15.8/Cryptlib/Pk/CryptPkcs7Verify.c
#7 88.55 gcc -std=gnu11 -ggdb -ffreestanding -fmacro-prefix-map=/usr/src/azl/BUILD/shim-15.8/= -fno-stack-protector -fno-strict-aliasing -fpic -fshort-wchar -nostdinc -m64 -mno-mmx -mno-sse -mno-red-zone -maccumulate-outgoing-args -Os -Wall -Wextra -Wno-missing-field-initializers -Wno-empty-body -Wno-implicit-fallthrough -Wno-old-style-declaration -Wno-unused-but-set-variable -Wno-unused-parameter -Werror -I/usr/src/azl/BUILD/shim-15.8/Cryptlib/OpenSSL -I/usr/src/azl/BUILD/shim-15.8/Cryptlib -I/usr/src/azl/BUILD/shim-15.8/Cryptlib/OpenSSL/Include/ -I/usr/src/azl/BUILD/shim-15.8/Cryptlib/OpenSSL/crypto -I/usr/src/azl/BUILD/shim-15.8/Cryptlib/Include -I/usr/src/azl/BUILD/shim-15.8/gnu-efi/inc -I/usr/src/azl/BUILD/shim-15.8/gnu-efi/inc/x86_64 -I/usr/src/azl/BUILD/shim-15.8/gnu-efi/inc/protocol -I/usr/src/azl/BUILD/shim-15.8/Cryptlib/OpenSSL/crypto/asn1 -I/usr/src/azl/BUILD/shim-15.8/Cryptlib/OpenSSL/crypto/evp -I/usr/src/azl/BUILD/shim-15.8/Cryptlib/OpenSSL/crypto/modes -I/usr/src/azl/BUILD/shim-15.8/Cryptlib/OpenSSL/crypto/include -isystem /usr/src/azl/BUILD/shim-15.8/include/system -isystem /usr/lib/gcc/x86_64-pc-linux-gnu/13.2.0/include -DL_ENDIAN -D_CRT_SECURE_NO_DEPRECATE -D_CRT_NONSTDC_NO_DEPRECATE -DOPENSSL_SMALL_FOOTPRINT -DPEDANTIC -DMDE_CPU_X64   -c -o crypto/cpt_err.o /usr/src/azl/BUILD/shim-15.8/Cryptlib/OpenSSL/crypto/cpt_err.c
#7 88.61 gcc -std=gnu11 -ggdb -ffreestanding -fmacro-prefix-map=/usr/src/azl/BUILD/shim-15.8/= -fno-stack-protector -fno-strict-aliasing -fpic -fshort-wchar -nostdinc -m64 -mno-mmx -mno-sse -mno-red-zone -maccumulate-outgoing-args -Os -Wall -Wextra -Wno-missing-field-initializers -Wno-empty-body -Wno-implicit-fallthrough -Wno-old-style-declaration -Wno-unused-but-set-variable -Wno-unused-parameter -Werror -I/usr/src/azl/BUILD/shim-15.8/Cryptlib/OpenSSL -I/usr/src/azl/BUILD/shim-15.8/Cryptlib -I/usr/src/azl/BUILD/shim-15.8/Cryptlib/OpenSSL/Include/ -I/usr/src/azl/BUILD/shim-15.8/Cryptlib/OpenSSL/crypto -I/usr/src/azl/BUILD/shim-15.8/Cryptlib/Include -I/usr/src/azl/BUILD/shim-15.8/gnu-efi/inc -I/usr/src/azl/BUILD/shim-15.8/gnu-efi/inc/x86_64 -I/usr/src/azl/BUILD/shim-15.8/gnu-efi/inc/protocol -I/usr/src/azl/BUILD/shim-15.8/Cryptlib/OpenSSL/crypto/asn1 -I/usr/src/azl/BUILD/shim-15.8/Cryptlib/OpenSSL/crypto/evp -I/usr/src/azl/BUILD/shim-15.8/Cryptlib/OpenSSL/crypto/modes -I/usr/src/azl/BUILD/shim-15.8/Cryptlib/OpenSSL/crypto/include -isystem /usr/src/azl/BUILD/shim-15.8/include/system -isystem /usr/lib/gcc/x86_64-pc-linux-gnu/13.2.0/include -DL_ENDIAN -D_CRT_SECURE_NO_DEPRECATE -D_CRT_NONSTDC_NO_DEPRECATE -DOPENSSL_SMALL_FOOTPRINT -DPEDANTIC -DMDE_CPU_X64   -c -o crypto/ebcdic.o /usr/src/azl/BUILD/shim-15.8/Cryptlib/OpenSSL/crypto/ebcdic.c
#7 88.63 gcc -std=gnu11 -ggdb -ffreestanding -fmacro-prefix-map=/usr/src/azl/BUILD/shim-15.8/= -fno-stack-protector -fno-strict-aliasing -fpic -fshort-wchar -nostdinc -m64 -mno-mmx -mno-sse -mno-red-zone -maccumulate-outgoing-args -Os -Wall -Wextra -Wno-missing-field-initializers -Wno-empty-body -Wno-implicit-fallthrough -Wno-old-style-declaration -Wno-unused-but-set-variable -Wno-unused-parameter -Werror -I/usr/src/azl/BUILD/shim-15.8/Cryptlib/OpenSSL -I/usr/src/azl/BUILD/shim-15.8/Cryptlib -I/usr/src/azl/BUILD/shim-15.8/Cryptlib/OpenSSL/Include/ -I/usr/src/azl/BUILD/shim-15.8/Cryptlib/OpenSSL/crypto -I/usr/src/azl/BUILD/shim-15.8/Cryptlib/Include -I/usr/src/azl/BUILD/shim-15.8/gnu-efi/inc -I/usr/src/azl/BUILD/shim-15.8/gnu-efi/inc/x86_64 -I/usr/src/azl/BUILD/shim-15.8/gnu-efi/inc/protocol -I/usr/src/azl/BUILD/shim-15.8/Cryptlib/OpenSSL/crypto/asn1 -I/usr/src/azl/BUILD/shim-15.8/Cryptlib/OpenSSL/crypto/evp -I/usr/src/azl/BUILD/shim-15.8/Cryptlib/OpenSSL/crypto/modes -I/usr/src/azl/BUILD/shim-15.8/Cryptlib/OpenSSL/crypto/include -isystem /usr/src/azl/BUILD/shim-15.8/include/system -isystem /usr/lib/gcc/x86_64-pc-linux-gnu/13.2.0/include -DL_ENDIAN -D_CRT_SECURE_NO_DEPRECATE -D_CRT_NONSTDC_NO_DEPRECATE -DOPENSSL_SMALL_FOOTPRINT -DPEDANTIC -DMDE_CPU_X64   -c -o crypto/uid.o /usr/src/azl/BUILD/shim-15.8/Cryptlib/OpenSSL/crypto/uid.c
#7 88.68 gcc -std=gnu11 -ggdb -ffreestanding -fmacro-prefix-map=/usr/src/azl/BUILD/shim-15.8/= -fno-stack-protector -fno-strict-aliasing -fpic -fshort-wchar -nostdinc -m64 -mno-mmx -mno-sse -mno-red-zone -maccumulate-outgoing-args -Os -Wall -Wextra -Wno-missing-field-initializers -Wno-empty-body -Wno-implicit-fallthrough -Wno-old-style-declaration -Wno-unused-but-set-variable -Wno-unused-parameter -Werror -I/usr/src/azl/BUILD/shim-15.8/Cryptlib/OpenSSL -I/usr/src/azl/BUILD/shim-15.8/Cryptlib -I/usr/src/azl/BUILD/shim-15.8/Cryptlib/OpenSSL/Include/ -I/usr/src/azl/BUILD/shim-15.8/Cryptlib/OpenSSL/crypto -I/usr/src/azl/BUILD/shim-15.8/Cryptlib/Include -I/usr/src/azl/BUILD/shim-15.8/gnu-efi/inc -I/usr/src/azl/BUILD/shim-15.8/gnu-efi/inc/x86_64 -I/usr/src/azl/BUILD/shim-15.8/gnu-efi/inc/protocol -I/usr/src/azl/BUILD/shim-15.8/Cryptlib/OpenSSL/crypto/asn1 -I/usr/src/azl/BUILD/shim-15.8/Cryptlib/OpenSSL/crypto/evp -I/usr/src/azl/BUILD/shim-15.8/Cryptlib/OpenSSL/crypto/modes -I/usr/src/azl/BUILD/shim-15.8/Cryptlib/OpenSSL/crypto/include -isystem /usr/src/azl/BUILD/shim-15.8/include/system -isystem /usr/lib/gcc/x86_64-pc-linux-gnu/13.2.0/include -DL_ENDIAN -D_CRT_SECURE_NO_DEPRECATE -D_CRT_NONSTDC_NO_DEPRECATE -DOPENSSL_SMALL_FOOTPRINT -DPEDANTIC -DMDE_CPU_X64   -c -o crypto/o_time.o /usr/src/azl/BUILD/shim-15.8/Cryptlib/OpenSSL/crypto/o_time.c
#7 88.71 gcc -std=gnu11 -ggdb -ffreestanding -fmacro-prefix-map=/usr/src/azl/BUILD/shim-15.8/= -fno-stack-protector -fno-strict-aliasing -fpic -fshort-wchar -nostdinc -m64 -mno-mmx -mno-sse -mno-red-zone -maccumulate-outgoing-args -Os -Wall -Wextra -Wno-missing-field-initializers -Wno-unused-parameter -Wno-unused-but-set-variable -Werror -I/usr/src/azl/BUILD/shim-15.8/Cryptlib -I/usr/src/azl/BUILD/shim-15.8/Cryptlib/Include -I/usr/src/azl/BUILD/shim-15.8/gnu-efi/inc -I/usr/src/azl/BUILD/shim-15.8/gnu-efi/inc/x86_64 -I/usr/src/azl/BUILD/shim-15.8/gnu-efi/inc/protocol -isystem /usr/src/azl/BUILD/shim-15.8/include/system -isystem /usr/lib/gcc/x86_64-pc-linux-gnu/13.2.0/include -DMDE_CPU_X64   -c -o Pk/CryptDhNull.o /usr/src/azl/BUILD/shim-15.8/Cryptlib/Pk/CryptDhNull.c
#7 88.77 gcc -std=gnu11 -ggdb -ffreestanding -fmacro-prefix-map=/usr/src/azl/BUILD/shim-15.8/= -fno-stack-protector -fno-strict-aliasing -fpic -fshort-wchar -nostdinc -m64 -mno-mmx -mno-sse -mno-red-zone -maccumulate-outgoing-args -Os -Wall -Wextra -Wno-missing-field-initializers -Wno-unused-parameter -Wno-unused-but-set-variable -Werror -I/usr/src/azl/BUILD/shim-15.8/Cryptlib -I/usr/src/azl/BUILD/shim-15.8/Cryptlib/Include -I/usr/src/azl/BUILD/shim-15.8/gnu-efi/inc -I/usr/src/azl/BUILD/shim-15.8/gnu-efi/inc/x86_64 -I/usr/src/azl/BUILD/shim-15.8/gnu-efi/inc/protocol -isystem /usr/src/azl/BUILD/shim-15.8/include/system -isystem /usr/lib/gcc/x86_64-pc-linux-gnu/13.2.0/include -DMDE_CPU_X64   -c -o Pk/CryptTs.o /usr/src/azl/BUILD/shim-15.8/Cryptlib/Pk/CryptTs.c
#7 88.78 gcc -std=gnu11 -ggdb -ffreestanding -fmacro-prefix-map=/usr/src/azl/BUILD/shim-15.8/= -fno-stack-protector -fno-strict-aliasing -fpic -fshort-wchar -nostdinc -m64 -mno-mmx -mno-sse -mno-red-zone -maccumulate-outgoing-args -Os -Wall -Wextra -Wno-missing-field-initializers -Wno-empty-body -Wno-implicit-fallthrough -Wno-old-style-declaration -Wno-unused-but-set-variable -Wno-unused-parameter -Werror -I/usr/src/azl/BUILD/shim-15.8/Cryptlib/OpenSSL -I/usr/src/azl/BUILD/shim-15.8/Cryptlib -I/usr/src/azl/BUILD/shim-15.8/Cryptlib/OpenSSL/Include/ -I/usr/src/azl/BUILD/shim-15.8/Cryptlib/OpenSSL/crypto -I/usr/src/azl/BUILD/shim-15.8/Cryptlib/Include -I/usr/src/azl/BUILD/shim-15.8/gnu-efi/inc -I/usr/src/azl/BUILD/shim-15.8/gnu-efi/inc/x86_64 -I/usr/src/azl/BUILD/shim-15.8/gnu-efi/inc/protocol -I/usr/src/azl/BUILD/shim-15.8/Cryptlib/OpenSSL/crypto/asn1 -I/usr/src/azl/BUILD/shim-15.8/Cryptlib/OpenSSL/crypto/evp -I/usr/src/azl/BUILD/shim-15.8/Cryptlib/OpenSSL/crypto/modes -I/usr/src/azl/BUILD/shim-15.8/Cryptlib/OpenSSL/crypto/include -isystem /usr/src/azl/BUILD/shim-15.8/include/system -isystem /usr/lib/gcc/x86_64-pc-linux-gnu/13.2.0/include -DL_ENDIAN -D_CRT_SECURE_NO_DEPRECATE -D_CRT_NONSTDC_NO_DEPRECATE -DOPENSSL_SMALL_FOOTPRINT -DPEDANTIC -DMDE_CPU_X64   -c -o crypto/o_str.o /usr/src/azl/BUILD/shim-15.8/Cryptlib/OpenSSL/crypto/o_str.c
#7 88.84 gcc -std=gnu11 -ggdb -ffreestanding -fmacro-prefix-map=/usr/src/azl/BUILD/shim-15.8/= -fno-stack-protector -fno-strict-aliasing -fpic -fshort-wchar -nostdinc -m64 -mno-mmx -mno-sse -mno-red-zone -maccumulate-outgoing-args -Os -Wall -Wextra -Wno-missing-field-initializers -Wno-empty-body -Wno-implicit-fallthrough -Wno-old-style-declaration -Wno-unused-but-set-variable -Wno-unused-parameter -Werror -I/usr/src/azl/BUILD/shim-15.8/Cryptlib/OpenSSL -I/usr/src/azl/BUILD/shim-15.8/Cryptlib -I/usr/src/azl/BUILD/shim-15.8/Cryptlib/OpenSSL/Include/ -I/usr/src/azl/BUILD/shim-15.8/Cryptlib/OpenSSL/crypto -I/usr/src/azl/BUILD/shim-15.8/Cryptlib/Include -I/usr/src/azl/BUILD/shim-15.8/gnu-efi/inc -I/usr/src/azl/BUILD/shim-15.8/gnu-efi/inc/x86_64 -I/usr/src/azl/BUILD/shim-15.8/gnu-efi/inc/protocol -I/usr/src/azl/BUILD/shim-15.8/Cryptlib/OpenSSL/crypto/asn1 -I/usr/src/azl/BUILD/shim-15.8/Cryptlib/OpenSSL/crypto/evp -I/usr/src/azl/BUILD/shim-15.8/Cryptlib/OpenSSL/crypto/modes -I/usr/src/azl/BUILD/shim-15.8/Cryptlib/OpenSSL/crypto/include -isystem /usr/src/azl/BUILD/shim-15.8/include/system -isystem /usr/lib/gcc/x86_64-pc-linux-gnu/13.2.0/include -DL_ENDIAN -D_CRT_SECURE_NO_DEPRECATE -D_CRT_NONSTDC_NO_DEPRECATE -DOPENSSL_SMALL_FOOTPRINT -DPEDANTIC -DMDE_CPU_X64   -c -o crypto/o_dir.o /usr/src/azl/BUILD/shim-15.8/Cryptlib/OpenSSL/crypto/o_dir.c
#7 88.89 gcc -std=gnu11 -ggdb -ffreestanding -fmacro-prefix-map=/usr/src/azl/BUILD/shim-15.8/= -fno-stack-protector -fno-strict-aliasing -fpic -fshort-wchar -nostdinc -m64 -mno-mmx -mno-sse -mno-red-zone -maccumulate-outgoing-args -Os -Wall -Wextra -Wno-missing-field-initializers -Wno-empty-body -Wno-implicit-fallthrough -Wno-old-style-declaration -Wno-unused-but-set-variable -Wno-unused-parameter -Werror -I/usr/src/azl/BUILD/shim-15.8/Cryptlib/OpenSSL -I/usr/src/azl/BUILD/shim-15.8/Cryptlib -I/usr/src/azl/BUILD/shim-15.8/Cryptlib/OpenSSL/Include/ -I/usr/src/azl/BUILD/shim-15.8/Cryptlib/OpenSSL/crypto -I/usr/src/azl/BUILD/shim-15.8/Cryptlib/Include -I/usr/src/azl/BUILD/shim-15.8/gnu-efi/inc -I/usr/src/azl/BUILD/shim-15.8/gnu-efi/inc/x86_64 -I/usr/src/azl/BUILD/shim-15.8/gnu-efi/inc/protocol -I/usr/src/azl/BUILD/shim-15.8/Cryptlib/OpenSSL/crypto/asn1 -I/usr/src/azl/BUILD/shim-15.8/Cryptlib/OpenSSL/crypto/evp -I/usr/src/azl/BUILD/shim-15.8/Cryptlib/OpenSSL/crypto/modes -I/usr/src/azl/BUILD/shim-15.8/Cryptlib/OpenSSL/crypto/include -isystem /usr/src/azl/BUILD/shim-15.8/include/system -isystem /usr/lib/gcc/x86_64-pc-linux-gnu/13.2.0/include -DL_ENDIAN -D_CRT_SECURE_NO_DEPRECATE -D_CRT_NONSTDC_NO_DEPRECATE -DOPENSSL_SMALL_FOOTPRINT -DPEDANTIC -DMDE_CPU_X64   -c -o crypto/o_fips.o /usr/src/azl/BUILD/shim-15.8/Cryptlib/OpenSSL/crypto/o_fips.c
#7 88.96 gcc -std=gnu11 -ggdb -ffreestanding -fmacro-prefix-map=/usr/src/azl/BUILD/shim-15.8/= -fno-stack-protector -fno-strict-aliasing -fpic -fshort-wchar -nostdinc -m64 -mno-mmx -mno-sse -mno-red-zone -maccumulate-outgoing-args -Os -Wall -Wextra -Wno-missing-field-initializers -Wno-empty-body -Wno-implicit-fallthrough -Wno-old-style-declaration -Wno-unused-but-set-variable -Wno-unused-parameter -Werror -I/usr/src/azl/BUILD/shim-15.8/Cryptlib/OpenSSL -I/usr/src/azl/BUILD/shim-15.8/Cryptlib -I/usr/src/azl/BUILD/shim-15.8/Cryptlib/OpenSSL/Include/ -I/usr/src/azl/BUILD/shim-15.8/Cryptlib/OpenSSL/crypto -I/usr/src/azl/BUILD/shim-15.8/Cryptlib/Include -I/usr/src/azl/BUILD/shim-15.8/gnu-efi/inc -I/usr/src/azl/BUILD/shim-15.8/gnu-efi/inc/x86_64 -I/usr/src/azl/BUILD/shim-15.8/gnu-efi/inc/protocol -I/usr/src/azl/BUILD/shim-15.8/Cryptlib/OpenSSL/crypto/asn1 -I/usr/src/azl/BUILD/shim-15.8/Cryptlib/OpenSSL/crypto/evp -I/usr/src/azl/BUILD/shim-15.8/Cryptlib/OpenSSL/crypto/modes -I/usr/src/azl/BUILD/shim-15.8/Cryptlib/OpenSSL/crypto/include -isystem /usr/src/azl/BUILD/shim-15.8/include/system -isystem /usr/lib/gcc/x86_64-pc-linux-gnu/13.2.0/include -DL_ENDIAN -D_CRT_SECURE_NO_DEPRECATE -D_CRT_NONSTDC_NO_DEPRECATE -DOPENSSL_SMALL_FOOTPRINT -DPEDANTIC -DMDE_CPU_X64   -c -o crypto/o_init.o /usr/src/azl/BUILD/shim-15.8/Cryptlib/OpenSSL/crypto/o_init.c
#7 89.01 gcc -std=gnu11 -ggdb -ffreestanding -fmacro-prefix-map=/usr/src/azl/BUILD/shim-15.8/= -fno-stack-protector -fno-strict-aliasing -fpic -fshort-wchar -nostdinc -m64 -mno-mmx -mno-sse -mno-red-zone -maccumulate-outgoing-args -Os -Wall -Wextra -Wno-missing-field-initializers -Wno-unused-parameter -Wno-unused-but-set-variable -Werror -I/usr/src/azl/BUILD/shim-15.8/Cryptlib -I/usr/src/azl/BUILD/shim-15.8/Cryptlib/Include -I/usr/src/azl/BUILD/shim-15.8/gnu-efi/inc -I/usr/src/azl/BUILD/shim-15.8/gnu-efi/inc/x86_64 -I/usr/src/azl/BUILD/shim-15.8/gnu-efi/inc/protocol -isystem /usr/src/azl/BUILD/shim-15.8/include/system -isystem /usr/lib/gcc/x86_64-pc-linux-gnu/13.2.0/include -DMDE_CPU_X64   -c -o Pk/CryptX509.o /usr/src/azl/BUILD/shim-15.8/Cryptlib/Pk/CryptX509.c
#7 89.02 gcc -std=gnu11 -ggdb -ffreestanding -fmacro-prefix-map=/usr/src/azl/BUILD/shim-15.8/= -fno-stack-protector -fno-strict-aliasing -fpic -fshort-wchar -nostdinc -m64 -mno-mmx -mno-sse -mno-red-zone -maccumulate-outgoing-args -Os -Wall -Wextra -Wno-missing-field-initializers -Wno-empty-body -Wno-implicit-fallthrough -Wno-old-style-declaration -Wno-unused-but-set-variable -Wno-unused-parameter -Werror -I/usr/src/azl/BUILD/shim-15.8/Cryptlib/OpenSSL -I/usr/src/azl/BUILD/shim-15.8/Cryptlib -I/usr/src/azl/BUILD/shim-15.8/Cryptlib/OpenSSL/Include/ -I/usr/src/azl/BUILD/shim-15.8/Cryptlib/OpenSSL/crypto -I/usr/src/azl/BUILD/shim-15.8/Cryptlib/Include -I/usr/src/azl/BUILD/shim-15.8/gnu-efi/inc -I/usr/src/azl/BUILD/shim-15.8/gnu-efi/inc/x86_64 -I/usr/src/azl/BUILD/shim-15.8/gnu-efi/inc/protocol -I/usr/src/azl/BUILD/shim-15.8/Cryptlib/OpenSSL/crypto/asn1 -I/usr/src/azl/BUILD/shim-15.8/Cryptlib/OpenSSL/crypto/evp -I/usr/src/azl/BUILD/shim-15.8/Cryptlib/OpenSSL/crypto/modes -I/usr/src/azl/BUILD/shim-15.8/Cryptlib/OpenSSL/crypto/include -isystem /usr/src/azl/BUILD/shim-15.8/include/system -isystem /usr/lib/gcc/x86_64-pc-linux-gnu/13.2.0/include -DL_ENDIAN -D_CRT_SECURE_NO_DEPRECATE -D_CRT_NONSTDC_NO_DEPRECATE -DOPENSSL_SMALL_FOOTPRINT -DPEDANTIC -DMDE_CPU_X64   -c -o crypto/fips_ers.o /usr/src/azl/BUILD/shim-15.8/Cryptlib/OpenSSL/crypto/fips_ers.c
#7 89.04 gcc -std=gnu11 -ggdb -ffreestanding -fmacro-prefix-map=/usr/src/azl/BUILD/shim-15.8/= -fno-stack-protector -fno-strict-aliasing -fpic -fshort-wchar -nostdinc -m64 -mno-mmx -mno-sse -mno-red-zone -maccumulate-outgoing-args -Os -Wall -Wextra -Wno-missing-field-initializers -Wno-empty-body -Wno-implicit-fallthrough -Wno-old-style-declaration -Wno-unused-but-set-variable -Wno-unused-parameter -Werror -I/usr/src/azl/BUILD/shim-15.8/Cryptlib/OpenSSL -I/usr/src/azl/BUILD/shim-15.8/Cryptlib -I/usr/src/azl/BUILD/shim-15.8/Cryptlib/OpenSSL/Include/ -I/usr/src/azl/BUILD/shim-15.8/Cryptlib/OpenSSL/crypto -I/usr/src/azl/BUILD/shim-15.8/Cryptlib/Include -I/usr/src/azl/BUILD/shim-15.8/gnu-efi/inc -I/usr/src/azl/BUILD/shim-15.8/gnu-efi/inc/x86_64 -I/usr/src/azl/BUILD/shim-15.8/gnu-efi/inc/protocol -I/usr/src/azl/BUILD/shim-15.8/Cryptlib/OpenSSL/crypto/asn1 -I/usr/src/azl/BUILD/shim-15.8/Cryptlib/OpenSSL/crypto/evp -I/usr/src/azl/BUILD/shim-15.8/Cryptlib/OpenSSL/crypto/modes -I/usr/src/azl/BUILD/shim-15.8/Cryptlib/OpenSSL/crypto/include -isystem /usr/src/azl/BUILD/shim-15.8/include/system -isystem /usr/lib/gcc/x86_64-pc-linux-gnu/13.2.0/include -DL_ENDIAN -D_CRT_SECURE_NO_DEPRECATE -D_CRT_NONSTDC_NO_DEPRECATE -DOPENSSL_SMALL_FOOTPRINT -DPEDANTIC -DMDE_CPU_X64   -c -o crypto/md5/md5_dgst.o /usr/src/azl/BUILD/shim-15.8/Cryptlib/OpenSSL/crypto/md5/md5_dgst.c
#7 89.18 gcc -std=gnu11 -ggdb -ffreestanding -fmacro-prefix-map=/usr/src/azl/BUILD/shim-15.8/= -fno-stack-protector -fno-strict-aliasing -fpic -fshort-wchar -nostdinc -m64 -mno-mmx -mno-sse -mno-red-zone -maccumulate-outgoing-args -Os -Wall -Wextra -Wno-missing-field-initializers -Wno-unused-parameter -Wno-unused-but-set-variable -Werror -I/usr/src/azl/BUILD/shim-15.8/Cryptlib -I/usr/src/azl/BUILD/shim-15.8/Cryptlib/Include -I/usr/src/azl/BUILD/shim-15.8/gnu-efi/inc -I/usr/src/azl/BUILD/shim-15.8/gnu-efi/inc/x86_64 -I/usr/src/azl/BUILD/shim-15.8/gnu-efi/inc/protocol -isystem /usr/src/azl/BUILD/shim-15.8/include/system -isystem /usr/lib/gcc/x86_64-pc-linux-gnu/13.2.0/include -DMDE_CPU_X64   -c -o Pk/CryptAuthenticode.o /usr/src/azl/BUILD/shim-15.8/Cryptlib/Pk/CryptAuthenticode.c
#7 89.24 gcc -std=gnu11 -ggdb -ffreestanding -fmacro-prefix-map=/usr/src/azl/BUILD/shim-15.8/= -fno-stack-protector -fno-strict-aliasing -fpic -fshort-wchar -nostdinc -m64 -mno-mmx -mno-sse -mno-red-zone -maccumulate-outgoing-args -Os -Wall -Wextra -Wno-missing-field-initializers -Wno-empty-body -Wno-implicit-fallthrough -Wno-old-style-declaration -Wno-unused-but-set-variable -Wno-unused-parameter -Werror -I/usr/src/azl/BUILD/shim-15.8/Cryptlib/OpenSSL -I/usr/src/azl/BUILD/shim-15.8/Cryptlib -I/usr/src/azl/BUILD/shim-15.8/Cryptlib/OpenSSL/Include/ -I/usr/src/azl/BUILD/shim-15.8/Cryptlib/OpenSSL/crypto -I/usr/src/azl/BUILD/shim-15.8/Cryptlib/Include -I/usr/src/azl/BUILD/shim-15.8/gnu-efi/inc -I/usr/src/azl/BUILD/shim-15.8/gnu-efi/inc/x86_64 -I/usr/src/azl/BUILD/shim-15.8/gnu-efi/inc/protocol -I/usr/src/azl/BUILD/shim-15.8/Cryptlib/OpenSSL/crypto/asn1 -I/usr/src/azl/BUILD/shim-15.8/Cryptlib/OpenSSL/crypto/evp -I/usr/src/azl/BUILD/shim-15.8/Cryptlib/OpenSSL/crypto/modes -I/usr/src/azl/BUILD/shim-15.8/Cryptlib/OpenSSL/crypto/include -isystem /usr/src/azl/BUILD/shim-15.8/include/system -isystem /usr/lib/gcc/x86_64-pc-linux-gnu/13.2.0/include -DL_ENDIAN -D_CRT_SECURE_NO_DEPRECATE -D_CRT_NONSTDC_NO_DEPRECATE -DOPENSSL_SMALL_FOOTPRINT -DPEDANTIC -DMDE_CPU_X64   -c -o crypto/md5/md5_one.o /usr/src/azl/BUILD/shim-15.8/Cryptlib/OpenSSL/crypto/md5/md5_one.c
#7 89.30 gcc -std=gnu11 -ggdb -ffreestanding -fmacro-prefix-map=/usr/src/azl/BUILD/shim-15.8/= -fno-stack-protector -fno-strict-aliasing -fpic -fshort-wchar -nostdinc -m64 -mno-mmx -mno-sse -mno-red-zone -maccumulate-outgoing-args -Os -Wall -Wextra -Wno-missing-field-initializers -Wno-unused-parameter -Wno-unused-but-set-variable -Werror -I/usr/src/azl/BUILD/shim-15.8/Cryptlib -I/usr/src/azl/BUILD/shim-15.8/Cryptlib/Include -I/usr/src/azl/BUILD/shim-15.8/gnu-efi/inc -I/usr/src/azl/BUILD/shim-15.8/gnu-efi/inc/x86_64 -I/usr/src/azl/BUILD/shim-15.8/gnu-efi/inc/protocol -isystem /usr/src/azl/BUILD/shim-15.8/include/system -isystem /usr/lib/gcc/x86_64-pc-linux-gnu/13.2.0/include -DMDE_CPU_X64   -c -o Pem/CryptPemNull.o /usr/src/azl/BUILD/shim-15.8/Cryptlib/Pem/CryptPemNull.c
#7 89.31 gcc -std=gnu11 -ggdb -ffreestanding -fmacro-prefix-map=/usr/src/azl/BUILD/shim-15.8/= -fno-stack-protector -fno-strict-aliasing -fpic -fshort-wchar -nostdinc -m64 -mno-mmx -mno-sse -mno-red-zone -maccumulate-outgoing-args -Os -Wall -Wextra -Wno-missing-field-initializers -Wno-empty-body -Wno-implicit-fallthrough -Wno-old-style-declaration -Wno-unused-but-set-variable -Wno-unused-parameter -Werror -I/usr/src/azl/BUILD/shim-15.8/Cryptlib/OpenSSL -I/usr/src/azl/BUILD/shim-15.8/Cryptlib -I/usr/src/azl/BUILD/shim-15.8/Cryptlib/OpenSSL/Include/ -I/usr/src/azl/BUILD/shim-15.8/Cryptlib/OpenSSL/crypto -I/usr/src/azl/BUILD/shim-15.8/Cryptlib/Include -I/usr/src/azl/BUILD/shim-15.8/gnu-efi/inc -I/usr/src/azl/BUILD/shim-15.8/gnu-efi/inc/x86_64 -I/usr/src/azl/BUILD/shim-15.8/gnu-efi/inc/protocol -I/usr/src/azl/BUILD/shim-15.8/Cryptlib/OpenSSL/crypto/asn1 -I/usr/src/azl/BUILD/shim-15.8/Cryptlib/OpenSSL/crypto/evp -I/usr/src/azl/BUILD/shim-15.8/Cryptlib/OpenSSL/crypto/modes -I/usr/src/azl/BUILD/shim-15.8/Cryptlib/OpenSSL/crypto/include -isystem /usr/src/azl/BUILD/shim-15.8/include/system -isystem /usr/lib/gcc/x86_64-pc-linux-gnu/13.2.0/include -DL_ENDIAN -D_CRT_SECURE_NO_DEPRECATE -D_CRT_NONSTDC_NO_DEPRECATE -DOPENSSL_SMALL_FOOTPRINT -DPEDANTIC -DMDE_CPU_X64   -c -o crypto/sha/sha_dgst.o /usr/src/azl/BUILD/shim-15.8/Cryptlib/OpenSSL/crypto/sha/sha_dgst.c
#7 89.33 gcc -std=gnu11 -ggdb -ffreestanding -fmacro-prefix-map=/usr/src/azl/BUILD/shim-15.8/= -fno-stack-protector -fno-strict-aliasing -fpic -fshort-wchar -nostdinc -m64 -mno-mmx -mno-sse -mno-red-zone -maccumulate-outgoing-args -Os -Wall -Wextra -Wno-missing-field-initializers -Wno-empty-body -Wno-implicit-fallthrough -Wno-old-style-declaration -Wno-unused-but-set-variable -Wno-unused-parameter -Werror -I/usr/src/azl/BUILD/shim-15.8/Cryptlib/OpenSSL -I/usr/src/azl/BUILD/shim-15.8/Cryptlib -I/usr/src/azl/BUILD/shim-15.8/Cryptlib/OpenSSL/Include/ -I/usr/src/azl/BUILD/shim-15.8/Cryptlib/OpenSSL/crypto -I/usr/src/azl/BUILD/shim-15.8/Cryptlib/Include -I/usr/src/azl/BUILD/shim-15.8/gnu-efi/inc -I/usr/src/azl/BUILD/shim-15.8/gnu-efi/inc/x86_64 -I/usr/src/azl/BUILD/shim-15.8/gnu-efi/inc/protocol -I/usr/src/azl/BUILD/shim-15.8/Cryptlib/OpenSSL/crypto/asn1 -I/usr/src/azl/BUILD/shim-15.8/Cryptlib/OpenSSL/crypto/evp -I/usr/src/azl/BUILD/shim-15.8/Cryptlib/OpenSSL/crypto/modes -I/usr/src/azl/BUILD/shim-15.8/Cryptlib/OpenSSL/crypto/include -isystem /usr/src/azl/BUILD/shim-15.8/include/system -isystem /usr/lib/gcc/x86_64-pc-linux-gnu/13.2.0/include -DL_ENDIAN -D_CRT_SECURE_NO_DEPRECATE -D_CRT_NONSTDC_NO_DEPRECATE -DOPENSSL_SMALL_FOOTPRINT -DPEDANTIC -DMDE_CPU_X64   -c -o crypto/sha/sha1dgst.o /usr/src/azl/BUILD/shim-15.8/Cryptlib/OpenSSL/crypto/sha/sha1dgst.c
#7 89.35 gcc -std=gnu11 -ggdb -ffreestanding -fmacro-prefix-map=/usr/src/azl/BUILD/shim-15.8/= -fno-stack-protector -fno-strict-aliasing -fpic -fshort-wchar -nostdinc -m64 -mno-mmx -mno-sse -mno-red-zone -maccumulate-outgoing-args -Os -Wall -Wextra -Wno-missing-field-initializers -Wno-unused-parameter -Wno-unused-but-set-variable -Werror -I/usr/src/azl/BUILD/shim-15.8/Cryptlib -I/usr/src/azl/BUILD/shim-15.8/Cryptlib/Include -I/usr/src/azl/BUILD/shim-15.8/gnu-efi/inc -I/usr/src/azl/BUILD/shim-15.8/gnu-efi/inc/x86_64 -I/usr/src/azl/BUILD/shim-15.8/gnu-efi/inc/protocol -isystem /usr/src/azl/BUILD/shim-15.8/include/system -isystem /usr/lib/gcc/x86_64-pc-linux-gnu/13.2.0/include -DMDE_CPU_X64   -c -o SysCall/CrtWrapper.o /usr/src/azl/BUILD/shim-15.8/Cryptlib/SysCall/CrtWrapper.c
#7 89.46 gcc -std=gnu11 -ggdb -ffreestanding -fmacro-prefix-map=/usr/src/azl/BUILD/shim-15.8/= -fno-stack-protector -fno-strict-aliasing -fpic -fshort-wchar -nostdinc -m64 -mno-mmx -mno-sse -mno-red-zone -maccumulate-outgoing-args -Os -Wall -Wextra -Wno-missing-field-initializers -Wno-empty-body -Wno-implicit-fallthrough -Wno-old-style-declaration -Wno-unused-but-set-variable -Wno-unused-parameter -Werror -I/usr/src/azl/BUILD/shim-15.8/Cryptlib/OpenSSL -I/usr/src/azl/BUILD/shim-15.8/Cryptlib -I/usr/src/azl/BUILD/shim-15.8/Cryptlib/OpenSSL/Include/ -I/usr/src/azl/BUILD/shim-15.8/Cryptlib/OpenSSL/crypto -I/usr/src/azl/BUILD/shim-15.8/Cryptlib/Include -I/usr/src/azl/BUILD/shim-15.8/gnu-efi/inc -I/usr/src/azl/BUILD/shim-15.8/gnu-efi/inc/x86_64 -I/usr/src/azl/BUILD/shim-15.8/gnu-efi/inc/protocol -I/usr/src/azl/BUILD/shim-15.8/Cryptlib/OpenSSL/crypto/asn1 -I/usr/src/azl/BUILD/shim-15.8/Cryptlib/OpenSSL/crypto/evp -I/usr/src/azl/BUILD/shim-15.8/Cryptlib/OpenSSL/crypto/modes -I/usr/src/azl/BUILD/shim-15.8/Cryptlib/OpenSSL/crypto/include -isystem /usr/src/azl/BUILD/shim-15.8/include/system -isystem /usr/lib/gcc/x86_64-pc-linux-gnu/13.2.0/include -DL_ENDIAN -D_CRT_SECURE_NO_DEPRECATE -D_CRT_NONSTDC_NO_DEPRECATE -DOPENSSL_SMALL_FOOTPRINT -DPEDANTIC -DMDE_CPU_X64   -c -o crypto/sha/sha_one.o /usr/src/azl/BUILD/shim-15.8/Cryptlib/OpenSSL/crypto/sha/sha_one.c
#7 89.50 gcc -std=gnu11 -ggdb -ffreestanding -fmacro-prefix-map=/usr/src/azl/BUILD/shim-15.8/= -fno-stack-protector -fno-strict-aliasing -fpic -fshort-wchar -nostdinc -m64 -mno-mmx -mno-sse -mno-red-zone -maccumulate-outgoing-args -Os -Wall -Wextra -Wno-missing-field-initializers -Wno-unused-parameter -Wno-unused-but-set-variable -Werror -I/usr/src/azl/BUILD/shim-15.8/Cryptlib -I/usr/src/azl/BUILD/shim-15.8/Cryptlib/Include -I/usr/src/azl/BUILD/shim-15.8/gnu-efi/inc -I/usr/src/azl/BUILD/shim-15.8/gnu-efi/inc/x86_64 -I/usr/src/azl/BUILD/shim-15.8/gnu-efi/inc/protocol -isystem /usr/src/azl/BUILD/shim-15.8/include/system -isystem /usr/lib/gcc/x86_64-pc-linux-gnu/13.2.0/include -DMDE_CPU_X64   -c -o SysCall/TimerWrapper.o /usr/src/azl/BUILD/shim-15.8/Cryptlib/SysCall/TimerWrapper.c
#7 89.51 gcc -std=gnu11 -ggdb -ffreestanding -fmacro-prefix-map=/usr/src/azl/BUILD/shim-15.8/= -fno-stack-protector -fno-strict-aliasing -fpic -fshort-wchar -nostdinc -m64 -mno-mmx -mno-sse -mno-red-zone -maccumulate-outgoing-args -Os -Wall -Wextra -Wno-missing-field-initializers -Wno-empty-body -Wno-implicit-fallthrough -Wno-old-style-declaration -Wno-unused-but-set-variable -Wno-unused-parameter -Werror -I/usr/src/azl/BUILD/shim-15.8/Cryptlib/OpenSSL -I/usr/src/azl/BUILD/shim-15.8/Cryptlib -I/usr/src/azl/BUILD/shim-15.8/Cryptlib/OpenSSL/Include/ -I/usr/src/azl/BUILD/shim-15.8/Cryptlib/OpenSSL/crypto -I/usr/src/azl/BUILD/shim-15.8/Cryptlib/Include -I/usr/src/azl/BUILD/shim-15.8/gnu-efi/inc -I/usr/src/azl/BUILD/shim-15.8/gnu-efi/inc/x86_64 -I/usr/src/azl/BUILD/shim-15.8/gnu-efi/inc/protocol -I/usr/src/azl/BUILD/shim-15.8/Cryptlib/OpenSSL/crypto/asn1 -I/usr/src/azl/BUILD/shim-15.8/Cryptlib/OpenSSL/crypto/evp -I/usr/src/azl/BUILD/shim-15.8/Cryptlib/OpenSSL/crypto/modes -I/usr/src/azl/BUILD/shim-15.8/Cryptlib/OpenSSL/crypto/include -isystem /usr/src/azl/BUILD/shim-15.8/include/system -isystem /usr/lib/gcc/x86_64-pc-linux-gnu/13.2.0/include -DL_ENDIAN -D_CRT_SECURE_NO_DEPRECATE -D_CRT_NONSTDC_NO_DEPRECATE -DOPENSSL_SMALL_FOOTPRINT -DPEDANTIC -DMDE_CPU_X64   -c -o crypto/sha/sha1_one.o /usr/src/azl/BUILD/shim-15.8/Cryptlib/OpenSSL/crypto/sha/sha1_one.c
#7 89.57 gcc -std=gnu11 -ggdb -ffreestanding -fmacro-prefix-map=/usr/src/azl/BUILD/shim-15.8/= -fno-stack-protector -fno-strict-aliasing -fpic -fshort-wchar -nostdinc -m64 -mno-mmx -mno-sse -mno-red-zone -maccumulate-outgoing-args -Os -Wall -Wextra -Wno-missing-field-initializers -Wno-empty-body -Wno-implicit-fallthrough -Wno-old-style-declaration -Wno-unused-but-set-variable -Wno-unused-parameter -Werror -I/usr/src/azl/BUILD/shim-15.8/Cryptlib/OpenSSL -I/usr/src/azl/BUILD/shim-15.8/Cryptlib -I/usr/src/azl/BUILD/shim-15.8/Cryptlib/OpenSSL/Include/ -I/usr/src/azl/BUILD/shim-15.8/Cryptlib/OpenSSL/crypto -I/usr/src/azl/BUILD/shim-15.8/Cryptlib/Include -I/usr/src/azl/BUILD/shim-15.8/gnu-efi/inc -I/usr/src/azl/BUILD/shim-15.8/gnu-efi/inc/x86_64 -I/usr/src/azl/BUILD/shim-15.8/gnu-efi/inc/protocol -I/usr/src/azl/BUILD/shim-15.8/Cryptlib/OpenSSL/crypto/asn1 -I/usr/src/azl/BUILD/shim-15.8/Cryptlib/OpenSSL/crypto/evp -I/usr/src/azl/BUILD/shim-15.8/Cryptlib/OpenSSL/crypto/modes -I/usr/src/azl/BUILD/shim-15.8/Cryptlib/OpenSSL/crypto/include -isystem /usr/src/azl/BUILD/shim-15.8/include/system -isystem /usr/lib/gcc/x86_64-pc-linux-gnu/13.2.0/include -DL_ENDIAN -D_CRT_SECURE_NO_DEPRECATE -D_CRT_NONSTDC_NO_DEPRECATE -DOPENSSL_SMALL_FOOTPRINT -DPEDANTIC -DMDE_CPU_X64   -c -o crypto/sha/sha256.o /usr/src/azl/BUILD/shim-15.8/Cryptlib/OpenSSL/crypto/sha/sha256.c
#7 89.60 gcc -std=gnu11 -ggdb -ffreestanding -fmacro-prefix-map=/usr/src/azl/BUILD/shim-15.8/= -fno-stack-protector -fno-strict-aliasing -fpic -fshort-wchar -nostdinc -m64 -mno-mmx -mno-sse -mno-red-zone -maccumulate-outgoing-args -Os -Wall -Wextra -Wno-missing-field-initializers -Wno-unused-parameter -Wno-unused-but-set-variable -Werror -I/usr/src/azl/BUILD/shim-15.8/Cryptlib -I/usr/src/azl/BUILD/shim-15.8/Cryptlib/Include -I/usr/src/azl/BUILD/shim-15.8/gnu-efi/inc -I/usr/src/azl/BUILD/shim-15.8/gnu-efi/inc/x86_64 -I/usr/src/azl/BUILD/shim-15.8/gnu-efi/inc/protocol -isystem /usr/src/azl/BUILD/shim-15.8/include/system -isystem /usr/lib/gcc/x86_64-pc-linux-gnu/13.2.0/include -DMDE_CPU_X64   -c -o SysCall/BaseMemAllocation.o /usr/src/azl/BUILD/shim-15.8/Cryptlib/SysCall/BaseMemAllocation.c
#7 89.66 gcc -std=gnu11 -ggdb -ffreestanding -fmacro-prefix-map=/usr/src/azl/BUILD/shim-15.8/= -fno-stack-protector -fno-strict-aliasing -fpic -fshort-wchar -nostdinc -m64 -mno-mmx -mno-sse -mno-red-zone -maccumulate-outgoing-args -Os -Wall -Wextra -Wno-missing-field-initializers -Wno-unused-parameter -Wno-unused-but-set-variable -Werror -I/usr/src/azl/BUILD/shim-15.8/Cryptlib -I/usr/src/azl/BUILD/shim-15.8/Cryptlib/Include -I/usr/src/azl/BUILD/shim-15.8/gnu-efi/inc -I/usr/src/azl/BUILD/shim-15.8/gnu-efi/inc/x86_64 -I/usr/src/azl/BUILD/shim-15.8/gnu-efi/inc/protocol -isystem /usr/src/azl/BUILD/shim-15.8/include/system -isystem /usr/lib/gcc/x86_64-pc-linux-gnu/13.2.0/include -DMDE_CPU_X64   -c -o SysCall/BaseStrings.o /usr/src/azl/BUILD/shim-15.8/Cryptlib/SysCall/BaseStrings.c
#7 89.71 gcc -std=gnu11 -ggdb -ffreestanding -fmacro-prefix-map=/usr/src/azl/BUILD/shim-15.8/= -fno-stack-protector -fno-strict-aliasing -fpic -fshort-wchar -nostdinc -m64 -mno-mmx -mno-sse -mno-red-zone -maccumulate-outgoing-args -Os -Wall -Wextra -Wno-missing-field-initializers -Wno-empty-body -Wno-implicit-fallthrough -Wno-old-style-declaration -Wno-unused-but-set-variable -Wno-unused-parameter -Werror -I/usr/src/azl/BUILD/shim-15.8/Cryptlib/OpenSSL -I/usr/src/azl/BUILD/shim-15.8/Cryptlib -I/usr/src/azl/BUILD/shim-15.8/Cryptlib/OpenSSL/Include/ -I/usr/src/azl/BUILD/shim-15.8/Cryptlib/OpenSSL/crypto -I/usr/src/azl/BUILD/shim-15.8/Cryptlib/Include -I/usr/src/azl/BUILD/shim-15.8/gnu-efi/inc -I/usr/src/azl/BUILD/shim-15.8/gnu-efi/inc/x86_64 -I/usr/src/azl/BUILD/shim-15.8/gnu-efi/inc/protocol -I/usr/src/azl/BUILD/shim-15.8/Cryptlib/OpenSSL/crypto/asn1 -I/usr/src/azl/BUILD/shim-15.8/Cryptlib/OpenSSL/crypto/evp -I/usr/src/azl/BUILD/shim-15.8/Cryptlib/OpenSSL/crypto/modes -I/usr/src/azl/BUILD/shim-15.8/Cryptlib/OpenSSL/crypto/include -isystem /usr/src/azl/BUILD/shim-15.8/include/system -isystem /usr/lib/gcc/x86_64-pc-linux-gnu/13.2.0/include -DL_ENDIAN -D_CRT_SECURE_NO_DEPRECATE -D_CRT_NONSTDC_NO_DEPRECATE -DOPENSSL_SMALL_FOOTPRINT -DPEDANTIC -DMDE_CPU_X64   -c -o crypto/sha/sha512.o /usr/src/azl/BUILD/shim-15.8/Cryptlib/OpenSSL/crypto/sha/sha512.c
#7 89.74 ar rcs libcryptlib.a Hash/CryptMd4Null.o Hash/CryptMd5.o Hash/CryptSha1.o Hash/CryptSha256.o Hash/CryptSha512.o Hmac/CryptHmacMd5Null.o Hmac/CryptHmacSha1Null.o Hmac/CryptHmacSha256Null.o Cipher/CryptAesNull.o Cipher/CryptTdesNull.o Cipher/CryptArc4Null.o Rand/CryptRand.o Pk/CryptRsaBasic.o Pk/CryptRsaExtNull.o Pk/CryptPkcs7SignNull.o Pk/CryptPkcs7Verify.o Pk/CryptDhNull.o Pk/CryptTs.o Pk/CryptX509.o Pk/CryptAuthenticode.o Pem/CryptPemNull.o SysCall/CrtWrapper.o SysCall/TimerWrapper.o SysCall/BaseMemAllocation.o SysCall/BaseStrings.o
#7 89.75 make[1]: Leaving directory '/usr/src/azl/BUILD/shim-15.8/build-x64/Cryptlib'
#7 89.75 mkdir -p lib
#7 89.76 make VPATH=/usr/src/azl/BUILD/shim-15.8/lib TOPDIR=/usr/src/azl/BUILD/shim-15.8 -C lib -f /usr/src/azl/BUILD/shim-15.8/lib/Makefile 
#7 89.76 make[1]: Entering directory '/usr/src/azl/BUILD/shim-15.8/build-x64/lib'
#7 89.76 gcc -std=gnu11 -ggdb -ffreestanding -fmacro-prefix-map=/usr/src/azl/BUILD/shim-15.8/= -fno-stack-protector -fno-strict-aliasing -fpic -fshort-wchar -m64 -mno-mmx -mno-sse -mno-red-zone -nostdinc -maccumulate-outgoing-args -Os -Wall -Wextra -Wno-missing-field-initializers -Werror -I/usr/src/azl/BUILD/shim-15.8/gnu-efi/inc -I/usr/src/azl/BUILD/shim-15.8/gnu-efi/inc/x86_64 -I/usr/src/azl/BUILD/shim-15.8/gnu-efi/inc/protocol -I/usr/src/azl/BUILD/shim-15.8/include -I/usr/src/azl/BUILD/shim-15.8/Cryptlib/Include/openssl/ -I/usr/src/azl/BUILD/shim-15.8/Cryptlib/Include/ -I/usr/src/azl/BUILD/shim-15.8/Cryptlib -I/usr/src/azl/BUILD/shim-15.8 -isystem /usr/src/azl/BUILD/shim-15.8/include/system -isystem /usr/lib/gcc/x86_64-pc-linux-gnu/13.2.0/include -DMDE_CPU_X64   -c -o configtable.o /usr/src/azl/BUILD/shim-15.8/lib/configtable.c
#7 89.85 gcc -std=gnu11 -ggdb -ffreestanding -fmacro-prefix-map=/usr/src/azl/BUILD/shim-15.8/= -fno-stack-protector -fno-strict-aliasing -fpic -fshort-wchar -m64 -mno-mmx -mno-sse -mno-red-zone -nostdinc -maccumulate-outgoing-args -Os -Wall -Wextra -Wno-missing-field-initializers -Werror -I/usr/src/azl/BUILD/shim-15.8/gnu-efi/inc -I/usr/src/azl/BUILD/shim-15.8/gnu-efi/inc/x86_64 -I/usr/src/azl/BUILD/shim-15.8/gnu-efi/inc/protocol -I/usr/src/azl/BUILD/shim-15.8/include -I/usr/src/azl/BUILD/shim-15.8/Cryptlib/Include/openssl/ -I/usr/src/azl/BUILD/shim-15.8/Cryptlib/Include/ -I/usr/src/azl/BUILD/shim-15.8/Cryptlib -I/usr/src/azl/BUILD/shim-15.8 -isystem /usr/src/azl/BUILD/shim-15.8/include/system -isystem /usr/lib/gcc/x86_64-pc-linux-gnu/13.2.0/include -DMDE_CPU_X64   -c -o console.o /usr/src/azl/BUILD/shim-15.8/lib/console.c
#7 89.89 gcc -std=gnu11 -ggdb -ffreestanding -fmacro-prefix-map=/usr/src/azl/BUILD/shim-15.8/= -fno-stack-protector -fno-strict-aliasing -fpic -fshort-wchar -nostdinc -m64 -mno-mmx -mno-sse -mno-red-zone -maccumulate-outgoing-args -Os -Wall -Wextra -Wno-missing-field-initializers -Wno-empty-body -Wno-implicit-fallthrough -Wno-old-style-declaration -Wno-unused-but-set-variable -Wno-unused-parameter -Werror -I/usr/src/azl/BUILD/shim-15.8/Cryptlib/OpenSSL -I/usr/src/azl/BUILD/shim-15.8/Cryptlib -I/usr/src/azl/BUILD/shim-15.8/Cryptlib/OpenSSL/Include/ -I/usr/src/azl/BUILD/shim-15.8/Cryptlib/OpenSSL/crypto -I/usr/src/azl/BUILD/shim-15.8/Cryptlib/Include -I/usr/src/azl/BUILD/shim-15.8/gnu-efi/inc -I/usr/src/azl/BUILD/shim-15.8/gnu-efi/inc/x86_64 -I/usr/src/azl/BUILD/shim-15.8/gnu-efi/inc/protocol -I/usr/src/azl/BUILD/shim-15.8/Cryptlib/OpenSSL/crypto/asn1 -I/usr/src/azl/BUILD/shim-15.8/Cryptlib/OpenSSL/crypto/evp -I/usr/src/azl/BUILD/shim-15.8/Cryptlib/OpenSSL/crypto/modes -I/usr/src/azl/BUILD/shim-15.8/Cryptlib/OpenSSL/crypto/include -isystem /usr/src/azl/BUILD/shim-15.8/include/system -isystem /usr/lib/gcc/x86_64-pc-linux-gnu/13.2.0/include -DL_ENDIAN -D_CRT_SECURE_NO_DEPRECATE -D_CRT_NONSTDC_NO_DEPRECATE -DOPENSSL_SMALL_FOOTPRINT -DPEDANTIC -DMDE_CPU_X64   -c -o crypto/hmac/hmac.o /usr/src/azl/BUILD/shim-15.8/Cryptlib/OpenSSL/crypto/hmac/hmac.c
#7 90.04 gcc -std=gnu11 -ggdb -ffreestanding -fmacro-prefix-map=/usr/src/azl/BUILD/shim-15.8/= -fno-stack-protector -fno-strict-aliasing -fpic -fshort-wchar -nostdinc -m64 -mno-mmx -mno-sse -mno-red-zone -maccumulate-outgoing-args -Os -Wall -Wextra -Wno-missing-field-initializers -Wno-empty-body -Wno-implicit-fallthrough -Wno-old-style-declaration -Wno-unused-but-set-variable -Wno-unused-parameter -Werror -I/usr/src/azl/BUILD/shim-15.8/Cryptlib/OpenSSL -I/usr/src/azl/BUILD/shim-15.8/Cryptlib -I/usr/src/azl/BUILD/shim-15.8/Cryptlib/OpenSSL/Include/ -I/usr/src/azl/BUILD/shim-15.8/Cryptlib/OpenSSL/crypto -I/usr/src/azl/BUILD/shim-15.8/Cryptlib/Include -I/usr/src/azl/BUILD/shim-15.8/gnu-efi/inc -I/usr/src/azl/BUILD/shim-15.8/gnu-efi/inc/x86_64 -I/usr/src/azl/BUILD/shim-15.8/gnu-efi/inc/protocol -I/usr/src/azl/BUILD/shim-15.8/Cryptlib/OpenSSL/crypto/asn1 -I/usr/src/azl/BUILD/shim-15.8/Cryptlib/OpenSSL/crypto/evp -I/usr/src/azl/BUILD/shim-15.8/Cryptlib/OpenSSL/crypto/modes -I/usr/src/azl/BUILD/shim-15.8/Cryptlib/OpenSSL/crypto/include -isystem /usr/src/azl/BUILD/shim-15.8/include/system -isystem /usr/lib/gcc/x86_64-pc-linux-gnu/13.2.0/include -DL_ENDIAN -D_CRT_SECURE_NO_DEPRECATE -D_CRT_NONSTDC_NO_DEPRECATE -DOPENSSL_SMALL_FOOTPRINT -DPEDANTIC -DMDE_CPU_X64   -c -o crypto/hmac/hm_ameth.o /usr/src/azl/BUILD/shim-15.8/Cryptlib/OpenSSL/crypto/hmac/hm_ameth.c
#7 90.14 gcc -std=gnu11 -ggdb -ffreestanding -fmacro-prefix-map=/usr/src/azl/BUILD/shim-15.8/= -fno-stack-protector -fno-strict-aliasing -fpic -fshort-wchar -nostdinc -m64 -mno-mmx -mno-sse -mno-red-zone -maccumulate-outgoing-args -Os -Wall -Wextra -Wno-missing-field-initializers -Wno-empty-body -Wno-implicit-fallthrough -Wno-old-style-declaration -Wno-unused-but-set-variable -Wno-unused-parameter -Werror -I/usr/src/azl/BUILD/shim-15.8/Cryptlib/OpenSSL -I/usr/src/azl/BUILD/shim-15.8/Cryptlib -I/usr/src/azl/BUILD/shim-15.8/Cryptlib/OpenSSL/Include/ -I/usr/src/azl/BUILD/shim-15.8/Cryptlib/OpenSSL/crypto -I/usr/src/azl/BUILD/shim-15.8/Cryptlib/Include -I/usr/src/azl/BUILD/shim-15.8/gnu-efi/inc -I/usr/src/azl/BUILD/shim-15.8/gnu-efi/inc/x86_64 -I/usr/src/azl/BUILD/shim-15.8/gnu-efi/inc/protocol -I/usr/src/azl/BUILD/shim-15.8/Cryptlib/OpenSSL/crypto/asn1 -I/usr/src/azl/BUILD/shim-15.8/Cryptlib/OpenSSL/crypto/evp -I/usr/src/azl/BUILD/shim-15.8/Cryptlib/OpenSSL/crypto/modes -I/usr/src/azl/BUILD/shim-15.8/Cryptlib/OpenSSL/crypto/include -isystem /usr/src/azl/BUILD/shim-15.8/include/system -isystem /usr/lib/gcc/x86_64-pc-linux-gnu/13.2.0/include -DL_ENDIAN -D_CRT_SECURE_NO_DEPRECATE -D_CRT_NONSTDC_NO_DEPRECATE -DOPENSSL_SMALL_FOOTPRINT -DPEDANTIC -DMDE_CPU_X64   -c -o crypto/hmac/hm_pmeth.o /usr/src/azl/BUILD/shim-15.8/Cryptlib/OpenSSL/crypto/hmac/hm_pmeth.c
#7 90.20 gcc -std=gnu11 -ggdb -ffreestanding -fmacro-prefix-map=/usr/src/azl/BUILD/shim-15.8/= -fno-stack-protector -fno-strict-aliasing -fpic -fshort-wchar -m64 -mno-mmx -mno-sse -mno-red-zone -nostdinc -maccumulate-outgoing-args -Os -Wall -Wextra -Wno-missing-field-initializers -Werror -I/usr/src/azl/BUILD/shim-15.8/gnu-efi/inc -I/usr/src/azl/BUILD/shim-15.8/gnu-efi/inc/x86_64 -I/usr/src/azl/BUILD/shim-15.8/gnu-efi/inc/protocol -I/usr/src/azl/BUILD/shim-15.8/include -I/usr/src/azl/BUILD/shim-15.8/Cryptlib/Include/openssl/ -I/usr/src/azl/BUILD/shim-15.8/Cryptlib/Include/ -I/usr/src/azl/BUILD/shim-15.8/Cryptlib -I/usr/src/azl/BUILD/shim-15.8 -isystem /usr/src/azl/BUILD/shim-15.8/include/system -isystem /usr/lib/gcc/x86_64-pc-linux-gnu/13.2.0/include -DMDE_CPU_X64   -c -o execute.o /usr/src/azl/BUILD/shim-15.8/lib/execute.c
#7 90.29 gcc -std=gnu11 -ggdb -ffreestanding -fmacro-prefix-map=/usr/src/azl/BUILD/shim-15.8/= -fno-stack-protector -fno-strict-aliasing -fpic -fshort-wchar -nostdinc -m64 -mno-mmx -mno-sse -mno-red-zone -maccumulate-outgoing-args -Os -Wall -Wextra -Wno-missing-field-initializers -Wno-empty-body -Wno-implicit-fallthrough -Wno-old-style-declaration -Wno-unused-but-set-variable -Wno-unused-parameter -Werror -I/usr/src/azl/BUILD/shim-15.8/Cryptlib/OpenSSL -I/usr/src/azl/BUILD/shim-15.8/Cryptlib -I/usr/src/azl/BUILD/shim-15.8/Cryptlib/OpenSSL/Include/ -I/usr/src/azl/BUILD/shim-15.8/Cryptlib/OpenSSL/crypto -I/usr/src/azl/BUILD/shim-15.8/Cryptlib/Include -I/usr/src/azl/BUILD/shim-15.8/gnu-efi/inc -I/usr/src/azl/BUILD/shim-15.8/gnu-efi/inc/x86_64 -I/usr/src/azl/BUILD/shim-15.8/gnu-efi/inc/protocol -I/usr/src/azl/BUILD/shim-15.8/Cryptlib/OpenSSL/crypto/asn1 -I/usr/src/azl/BUILD/shim-15.8/Cryptlib/OpenSSL/crypto/evp -I/usr/src/azl/BUILD/shim-15.8/Cryptlib/OpenSSL/crypto/modes -I/usr/src/azl/BUILD/shim-15.8/Cryptlib/OpenSSL/crypto/include -isystem /usr/src/azl/BUILD/shim-15.8/include/system -isystem /usr/lib/gcc/x86_64-pc-linux-gnu/13.2.0/include -DL_ENDIAN -D_CRT_SECURE_NO_DEPRECATE -D_CRT_NONSTDC_NO_DEPRECATE -DOPENSSL_SMALL_FOOTPRINT -DPEDANTIC -DMDE_CPU_X64   -c -o crypto/rc4/rc4_enc.o /usr/src/azl/BUILD/shim-15.8/Cryptlib/OpenSSL/crypto/rc4/rc4_enc.c
#7 90.30 gcc -std=gnu11 -ggdb -ffreestanding -fmacro-prefix-map=/usr/src/azl/BUILD/shim-15.8/= -fno-stack-protector -fno-strict-aliasing -fpic -fshort-wchar -m64 -mno-mmx -mno-sse -mno-red-zone -nostdinc -maccumulate-outgoing-args -Os -Wall -Wextra -Wno-missing-field-initializers -Werror -I/usr/src/azl/BUILD/shim-15.8/gnu-efi/inc -I/usr/src/azl/BUILD/shim-15.8/gnu-efi/inc/x86_64 -I/usr/src/azl/BUILD/shim-15.8/gnu-efi/inc/protocol -I/usr/src/azl/BUILD/shim-15.8/include -I/usr/src/azl/BUILD/shim-15.8/Cryptlib/Include/openssl/ -I/usr/src/azl/BUILD/shim-15.8/Cryptlib/Include/ -I/usr/src/azl/BUILD/shim-15.8/Cryptlib -I/usr/src/azl/BUILD/shim-15.8 -isystem /usr/src/azl/BUILD/shim-15.8/include/system -isystem /usr/lib/gcc/x86_64-pc-linux-gnu/13.2.0/include -DMDE_CPU_X64   -c -o guid.o /usr/src/azl/BUILD/shim-15.8/lib/guid.c
#7 90.36 gcc -std=gnu11 -ggdb -ffreestanding -fmacro-prefix-map=/usr/src/azl/BUILD/shim-15.8/= -fno-stack-protector -fno-strict-aliasing -fpic -fshort-wchar -m64 -mno-mmx -mno-sse -mno-red-zone -nostdinc -maccumulate-outgoing-args -Os -Wall -Wextra -Wno-missing-field-initializers -Werror -I/usr/src/azl/BUILD/shim-15.8/gnu-efi/inc -I/usr/src/azl/BUILD/shim-15.8/gnu-efi/inc/x86_64 -I/usr/src/azl/BUILD/shim-15.8/gnu-efi/inc/protocol -I/usr/src/azl/BUILD/shim-15.8/include -I/usr/src/azl/BUILD/shim-15.8/Cryptlib/Include/openssl/ -I/usr/src/azl/BUILD/shim-15.8/Cryptlib/Include/ -I/usr/src/azl/BUILD/shim-15.8/Cryptlib -I/usr/src/azl/BUILD/shim-15.8 -isystem /usr/src/azl/BUILD/shim-15.8/include/system -isystem /usr/lib/gcc/x86_64-pc-linux-gnu/13.2.0/include -DMDE_CPU_X64   -c -o print_crypto.o /usr/src/azl/BUILD/shim-15.8/lib/print_crypto.c
#7 90.44 gcc -std=gnu11 -ggdb -ffreestanding -fmacro-prefix-map=/usr/src/azl/BUILD/shim-15.8/= -fno-stack-protector -fno-strict-aliasing -fpic -fshort-wchar -nostdinc -m64 -mno-mmx -mno-sse -mno-red-zone -maccumulate-outgoing-args -Os -Wall -Wextra -Wno-missing-field-initializers -Wno-empty-body -Wno-implicit-fallthrough -Wno-old-style-declaration -Wno-unused-but-set-variable -Wno-unused-parameter -Werror -I/usr/src/azl/BUILD/shim-15.8/Cryptlib/OpenSSL -I/usr/src/azl/BUILD/shim-15.8/Cryptlib -I/usr/src/azl/BUILD/shim-15.8/Cryptlib/OpenSSL/Include/ -I/usr/src/azl/BUILD/shim-15.8/Cryptlib/OpenSSL/crypto -I/usr/src/azl/BUILD/shim-15.8/Cryptlib/Include -I/usr/src/azl/BUILD/shim-15.8/gnu-efi/inc -I/usr/src/azl/BUILD/shim-15.8/gnu-efi/inc/x86_64 -I/usr/src/azl/BUILD/shim-15.8/gnu-efi/inc/protocol -I/usr/src/azl/BUILD/shim-15.8/Cryptlib/OpenSSL/crypto/asn1 -I/usr/src/azl/BUILD/shim-15.8/Cryptlib/OpenSSL/crypto/evp -I/usr/src/azl/BUILD/shim-15.8/Cryptlib/OpenSSL/crypto/modes -I/usr/src/azl/BUILD/shim-15.8/Cryptlib/OpenSSL/crypto/include -isystem /usr/src/azl/BUILD/shim-15.8/include/system -isystem /usr/lib/gcc/x86_64-pc-linux-gnu/13.2.0/include -DL_ENDIAN -D_CRT_SECURE_NO_DEPRECATE -D_CRT_NONSTDC_NO_DEPRECATE -DOPENSSL_SMALL_FOOTPRINT -DPEDANTIC -DMDE_CPU_X64   -c -o crypto/rc4/rc4_skey.o /usr/src/azl/BUILD/shim-15.8/Cryptlib/OpenSSL/crypto/rc4/rc4_skey.c
#7 90.46 gcc -std=gnu11 -ggdb -ffreestanding -fmacro-prefix-map=/usr/src/azl/BUILD/shim-15.8/= -fno-stack-protector -fno-strict-aliasing -fpic -fshort-wchar -m64 -mno-mmx -mno-sse -mno-red-zone -nostdinc -maccumulate-outgoing-args -Os -Wall -Wextra -Wno-missing-field-initializers -Werror -I/usr/src/azl/BUILD/shim-15.8/gnu-efi/inc -I/usr/src/azl/BUILD/shim-15.8/gnu-efi/inc/x86_64 -I/usr/src/azl/BUILD/shim-15.8/gnu-efi/inc/protocol -I/usr/src/azl/BUILD/shim-15.8/include -I/usr/src/azl/BUILD/shim-15.8/Cryptlib/Include/openssl/ -I/usr/src/azl/BUILD/shim-15.8/Cryptlib/Include/ -I/usr/src/azl/BUILD/shim-15.8/Cryptlib -I/usr/src/azl/BUILD/shim-15.8 -isystem /usr/src/azl/BUILD/shim-15.8/include/system -isystem /usr/lib/gcc/x86_64-pc-linux-gnu/13.2.0/include -DMDE_CPU_X64   -c -o security_policy.o /usr/src/azl/BUILD/shim-15.8/lib/security_policy.c
#7 90.52 gcc -std=gnu11 -ggdb -ffreestanding -fmacro-prefix-map=/usr/src/azl/BUILD/shim-15.8/= -fno-stack-protector -fno-strict-aliasing -fpic -fshort-wchar -m64 -mno-mmx -mno-sse -mno-red-zone -nostdinc -maccumulate-outgoing-args -Os -Wall -Wextra -Wno-missing-field-initializers -Werror -I/usr/src/azl/BUILD/shim-15.8/gnu-efi/inc -I/usr/src/azl/BUILD/shim-15.8/gnu-efi/inc/x86_64 -I/usr/src/azl/BUILD/shim-15.8/gnu-efi/inc/protocol -I/usr/src/azl/BUILD/shim-15.8/include -I/usr/src/azl/BUILD/shim-15.8/Cryptlib/Include/openssl/ -I/usr/src/azl/BUILD/shim-15.8/Cryptlib/Include/ -I/usr/src/azl/BUILD/shim-15.8/Cryptlib -I/usr/src/azl/BUILD/shim-15.8 -isystem /usr/src/azl/BUILD/shim-15.8/include/system -isystem /usr/lib/gcc/x86_64-pc-linux-gnu/13.2.0/include -DMDE_CPU_X64   -c -o shell.o /usr/src/azl/BUILD/shim-15.8/lib/shell.c
#7 90.53 gcc -std=gnu11 -ggdb -ffreestanding -fmacro-prefix-map=/usr/src/azl/BUILD/shim-15.8/= -fno-stack-protector -fno-strict-aliasing -fpic -fshort-wchar -nostdinc -m64 -mno-mmx -mno-sse -mno-red-zone -maccumulate-outgoing-args -Os -Wall -Wextra -Wno-missing-field-initializers -Wno-empty-body -Wno-implicit-fallthrough -Wno-old-style-declaration -Wno-unused-but-set-variable -Wno-unused-parameter -Werror -I/usr/src/azl/BUILD/shim-15.8/Cryptlib/OpenSSL -I/usr/src/azl/BUILD/shim-15.8/Cryptlib -I/usr/src/azl/BUILD/shim-15.8/Cryptlib/OpenSSL/Include/ -I/usr/src/azl/BUILD/shim-15.8/Cryptlib/OpenSSL/crypto -I/usr/src/azl/BUILD/shim-15.8/Cryptlib/Include -I/usr/src/azl/BUILD/shim-15.8/gnu-efi/inc -I/usr/src/azl/BUILD/shim-15.8/gnu-efi/inc/x86_64 -I/usr/src/azl/BUILD/shim-15.8/gnu-efi/inc/protocol -I/usr/src/azl/BUILD/shim-15.8/Cryptlib/OpenSSL/crypto/asn1 -I/usr/src/azl/BUILD/shim-15.8/Cryptlib/OpenSSL/crypto/evp -I/usr/src/azl/BUILD/shim-15.8/Cryptlib/OpenSSL/crypto/modes -I/usr/src/azl/BUILD/shim-15.8/Cryptlib/OpenSSL/crypto/include -isystem /usr/src/azl/BUILD/shim-15.8/include/system -isystem /usr/lib/gcc/x86_64-pc-linux-gnu/13.2.0/include -DL_ENDIAN -D_CRT_SECURE_NO_DEPRECATE -D_CRT_NONSTDC_NO_DEPRECATE -DOPENSSL_SMALL_FOOTPRINT -DPEDANTIC -DMDE_CPU_X64   -c -o crypto/rc4/rc4_utl.o /usr/src/azl/BUILD/shim-15.8/Cryptlib/OpenSSL/crypto/rc4/rc4_utl.c
#7 90.57 gcc -std=gnu11 -ggdb -ffreestanding -fmacro-prefix-map=/usr/src/azl/BUILD/shim-15.8/= -fno-stack-protector -fno-strict-aliasing -fpic -fshort-wchar -nostdinc -m64 -mno-mmx -mno-sse -mno-red-zone -maccumulate-outgoing-args -Os -Wall -Wextra -Wno-missing-field-initializers -Wno-empty-body -Wno-implicit-fallthrough -Wno-old-style-declaration -Wno-unused-but-set-variable -Wno-unused-parameter -Werror -I/usr/src/azl/BUILD/shim-15.8/Cryptlib/OpenSSL -I/usr/src/azl/BUILD/shim-15.8/Cryptlib -I/usr/src/azl/BUILD/shim-15.8/Cryptlib/OpenSSL/Include/ -I/usr/src/azl/BUILD/shim-15.8/Cryptlib/OpenSSL/crypto -I/usr/src/azl/BUILD/shim-15.8/Cryptlib/Include -I/usr/src/azl/BUILD/shim-15.8/gnu-efi/inc -I/usr/src/azl/BUILD/shim-15.8/gnu-efi/inc/x86_64 -I/usr/src/azl/BUILD/shim-15.8/gnu-efi/inc/protocol -I/usr/src/azl/BUILD/shim-15.8/Cryptlib/OpenSSL/crypto/asn1 -I/usr/src/azl/BUILD/shim-15.8/Cryptlib/OpenSSL/crypto/evp -I/usr/src/azl/BUILD/shim-15.8/Cryptlib/OpenSSL/crypto/modes -I/usr/src/azl/BUILD/shim-15.8/Cryptlib/OpenSSL/crypto/include -isystem /usr/src/azl/BUILD/shim-15.8/include/system -isystem /usr/lib/gcc/x86_64-pc-linux-gnu/13.2.0/include -DL_ENDIAN -D_CRT_SECURE_NO_DEPRECATE -D_CRT_NONSTDC_NO_DEPRECATE -DOPENSSL_SMALL_FOOTPRINT -DPEDANTIC -DMDE_CPU_X64   -c -o crypto/aes/aes_misc.o /usr/src/azl/BUILD/shim-15.8/Cryptlib/OpenSSL/crypto/aes/aes_misc.c
#7 90.60 gcc -std=gnu11 -ggdb -ffreestanding -fmacro-prefix-map=/usr/src/azl/BUILD/shim-15.8/= -fno-stack-protector -fno-strict-aliasing -fpic -fshort-wchar -m64 -mno-mmx -mno-sse -mno-red-zone -nostdinc -maccumulate-outgoing-args -Os -Wall -Wextra -Wno-missing-field-initializers -Werror -I/usr/src/azl/BUILD/shim-15.8/gnu-efi/inc -I/usr/src/azl/BUILD/shim-15.8/gnu-efi/inc/x86_64 -I/usr/src/azl/BUILD/shim-15.8/gnu-efi/inc/protocol -I/usr/src/azl/BUILD/shim-15.8/include -I/usr/src/azl/BUILD/shim-15.8/Cryptlib/Include/openssl/ -I/usr/src/azl/BUILD/shim-15.8/Cryptlib/Include/ -I/usr/src/azl/BUILD/shim-15.8/Cryptlib -I/usr/src/azl/BUILD/shim-15.8 -isystem /usr/src/azl/BUILD/shim-15.8/include/system -isystem /usr/lib/gcc/x86_64-pc-linux-gnu/13.2.0/include -DMDE_CPU_X64   -c -o simple_file.o /usr/src/azl/BUILD/shim-15.8/lib/simple_file.c
#7 90.64 gcc -std=gnu11 -ggdb -ffreestanding -fmacro-prefix-map=/usr/src/azl/BUILD/shim-15.8/= -fno-stack-protector -fno-strict-aliasing -fpic -fshort-wchar -nostdinc -m64 -mno-mmx -mno-sse -mno-red-zone -maccumulate-outgoing-args -Os -Wall -Wextra -Wno-missing-field-initializers -Wno-empty-body -Wno-implicit-fallthrough -Wno-old-style-declaration -Wno-unused-but-set-variable -Wno-unused-parameter -Werror -I/usr/src/azl/BUILD/shim-15.8/Cryptlib/OpenSSL -I/usr/src/azl/BUILD/shim-15.8/Cryptlib -I/usr/src/azl/BUILD/shim-15.8/Cryptlib/OpenSSL/Include/ -I/usr/src/azl/BUILD/shim-15.8/Cryptlib/OpenSSL/crypto -I/usr/src/azl/BUILD/shim-15.8/Cryptlib/Include -I/usr/src/azl/BUILD/shim-15.8/gnu-efi/inc -I/usr/src/azl/BUILD/shim-15.8/gnu-efi/inc/x86_64 -I/usr/src/azl/BUILD/shim-15.8/gnu-efi/inc/protocol -I/usr/src/azl/BUILD/shim-15.8/Cryptlib/OpenSSL/crypto/asn1 -I/usr/src/azl/BUILD/shim-15.8/Cryptlib/OpenSSL/crypto/evp -I/usr/src/azl/BUILD/shim-15.8/Cryptlib/OpenSSL/crypto/modes -I/usr/src/azl/BUILD/shim-15.8/Cryptlib/OpenSSL/crypto/include -isystem /usr/src/azl/BUILD/shim-15.8/include/system -isystem /usr/lib/gcc/x86_64-pc-linux-gnu/13.2.0/include -DL_ENDIAN -D_CRT_SECURE_NO_DEPRECATE -D_CRT_NONSTDC_NO_DEPRECATE -DOPENSSL_SMALL_FOOTPRINT -DPEDANTIC -DMDE_CPU_X64   -c -o crypto/aes/aes_ecb.o /usr/src/azl/BUILD/shim-15.8/Cryptlib/OpenSSL/crypto/aes/aes_ecb.c
#7 90.69 gcc -std=gnu11 -ggdb -ffreestanding -fmacro-prefix-map=/usr/src/azl/BUILD/shim-15.8/= -fno-stack-protector -fno-strict-aliasing -fpic -fshort-wchar -nostdinc -m64 -mno-mmx -mno-sse -mno-red-zone -maccumulate-outgoing-args -Os -Wall -Wextra -Wno-missing-field-initializers -Wno-empty-body -Wno-implicit-fallthrough -Wno-old-style-declaration -Wno-unused-but-set-variable -Wno-unused-parameter -Werror -I/usr/src/azl/BUILD/shim-15.8/Cryptlib/OpenSSL -I/usr/src/azl/BUILD/shim-15.8/Cryptlib -I/usr/src/azl/BUILD/shim-15.8/Cryptlib/OpenSSL/Include/ -I/usr/src/azl/BUILD/shim-15.8/Cryptlib/OpenSSL/crypto -I/usr/src/azl/BUILD/shim-15.8/Cryptlib/Include -I/usr/src/azl/BUILD/shim-15.8/gnu-efi/inc -I/usr/src/azl/BUILD/shim-15.8/gnu-efi/inc/x86_64 -I/usr/src/azl/BUILD/shim-15.8/gnu-efi/inc/protocol -I/usr/src/azl/BUILD/shim-15.8/Cryptlib/OpenSSL/crypto/asn1 -I/usr/src/azl/BUILD/shim-15.8/Cryptlib/OpenSSL/crypto/evp -I/usr/src/azl/BUILD/shim-15.8/Cryptlib/OpenSSL/crypto/modes -I/usr/src/azl/BUILD/shim-15.8/Cryptlib/OpenSSL/crypto/include -isystem /usr/src/azl/BUILD/shim-15.8/include/system -isystem /usr/lib/gcc/x86_64-pc-linux-gnu/13.2.0/include -DL_ENDIAN -D_CRT_SECURE_NO_DEPRECATE -D_CRT_NONSTDC_NO_DEPRECATE -DOPENSSL_SMALL_FOOTPRINT -DPEDANTIC -DMDE_CPU_X64   -c -o crypto/aes/aes_cfb.o /usr/src/azl/BUILD/shim-15.8/Cryptlib/OpenSSL/crypto/aes/aes_cfb.c
#7 90.72 gcc -std=gnu11 -ggdb -ffreestanding -fmacro-prefix-map=/usr/src/azl/BUILD/shim-15.8/= -fno-stack-protector -fno-strict-aliasing -fpic -fshort-wchar -nostdinc -m64 -mno-mmx -mno-sse -mno-red-zone -maccumulate-outgoing-args -Os -Wall -Wextra -Wno-missing-field-initializers -Wno-empty-body -Wno-implicit-fallthrough -Wno-old-style-declaration -Wno-unused-but-set-variable -Wno-unused-parameter -Werror -I/usr/src/azl/BUILD/shim-15.8/Cryptlib/OpenSSL -I/usr/src/azl/BUILD/shim-15.8/Cryptlib -I/usr/src/azl/BUILD/shim-15.8/Cryptlib/OpenSSL/Include/ -I/usr/src/azl/BUILD/shim-15.8/Cryptlib/OpenSSL/crypto -I/usr/src/azl/BUILD/shim-15.8/Cryptlib/Include -I/usr/src/azl/BUILD/shim-15.8/gnu-efi/inc -I/usr/src/azl/BUILD/shim-15.8/gnu-efi/inc/x86_64 -I/usr/src/azl/BUILD/shim-15.8/gnu-efi/inc/protocol -I/usr/src/azl/BUILD/shim-15.8/Cryptlib/OpenSSL/crypto/asn1 -I/usr/src/azl/BUILD/shim-15.8/Cryptlib/OpenSSL/crypto/evp -I/usr/src/azl/BUILD/shim-15.8/Cryptlib/OpenSSL/crypto/modes -I/usr/src/azl/BUILD/shim-15.8/Cryptlib/OpenSSL/crypto/include -isystem /usr/src/azl/BUILD/shim-15.8/include/system -isystem /usr/lib/gcc/x86_64-pc-linux-gnu/13.2.0/include -DL_ENDIAN -D_CRT_SECURE_NO_DEPRECATE -D_CRT_NONSTDC_NO_DEPRECATE -DOPENSSL_SMALL_FOOTPRINT -DPEDANTIC -DMDE_CPU_X64   -c -o crypto/aes/aes_ofb.o /usr/src/azl/BUILD/shim-15.8/Cryptlib/OpenSSL/crypto/aes/aes_ofb.c
#7 90.75 gcc -std=gnu11 -ggdb -ffreestanding -fmacro-prefix-map=/usr/src/azl/BUILD/shim-15.8/= -fno-stack-protector -fno-strict-aliasing -fpic -fshort-wchar -nostdinc -m64 -mno-mmx -mno-sse -mno-red-zone -maccumulate-outgoing-args -Os -Wall -Wextra -Wno-missing-field-initializers -Wno-empty-body -Wno-implicit-fallthrough -Wno-old-style-declaration -Wno-unused-but-set-variable -Wno-unused-parameter -Werror -I/usr/src/azl/BUILD/shim-15.8/Cryptlib/OpenSSL -I/usr/src/azl/BUILD/shim-15.8/Cryptlib -I/usr/src/azl/BUILD/shim-15.8/Cryptlib/OpenSSL/Include/ -I/usr/src/azl/BUILD/shim-15.8/Cryptlib/OpenSSL/crypto -I/usr/src/azl/BUILD/shim-15.8/Cryptlib/Include -I/usr/src/azl/BUILD/shim-15.8/gnu-efi/inc -I/usr/src/azl/BUILD/shim-15.8/gnu-efi/inc/x86_64 -I/usr/src/azl/BUILD/shim-15.8/gnu-efi/inc/protocol -I/usr/src/azl/BUILD/shim-15.8/Cryptlib/OpenSSL/crypto/asn1 -I/usr/src/azl/BUILD/shim-15.8/Cryptlib/OpenSSL/crypto/evp -I/usr/src/azl/BUILD/shim-15.8/Cryptlib/OpenSSL/crypto/modes -I/usr/src/azl/BUILD/shim-15.8/Cryptlib/OpenSSL/crypto/include -isystem /usr/src/azl/BUILD/shim-15.8/include/system -isystem /usr/lib/gcc/x86_64-pc-linux-gnu/13.2.0/include -DL_ENDIAN -D_CRT_SECURE_NO_DEPRECATE -D_CRT_NONSTDC_NO_DEPRECATE -DOPENSSL_SMALL_FOOTPRINT -DPEDANTIC -DMDE_CPU_X64   -c -o crypto/aes/aes_ctr.o /usr/src/azl/BUILD/shim-15.8/Cryptlib/OpenSSL/crypto/aes/aes_ctr.c
#7 90.78 gcc -std=gnu11 -ggdb -ffreestanding -fmacro-prefix-map=/usr/src/azl/BUILD/shim-15.8/= -fno-stack-protector -fno-strict-aliasing -fpic -fshort-wchar -nostdinc -m64 -mno-mmx -mno-sse -mno-red-zone -maccumulate-outgoing-args -Os -Wall -Wextra -Wno-missing-field-initializers -Wno-empty-body -Wno-implicit-fallthrough -Wno-old-style-declaration -Wno-unused-but-set-variable -Wno-unused-parameter -Werror -I/usr/src/azl/BUILD/shim-15.8/Cryptlib/OpenSSL -I/usr/src/azl/BUILD/shim-15.8/Cryptlib -I/usr/src/azl/BUILD/shim-15.8/Cryptlib/OpenSSL/Include/ -I/usr/src/azl/BUILD/shim-15.8/Cryptlib/OpenSSL/crypto -I/usr/src/azl/BUILD/shim-15.8/Cryptlib/Include -I/usr/src/azl/BUILD/shim-15.8/gnu-efi/inc -I/usr/src/azl/BUILD/shim-15.8/gnu-efi/inc/x86_64 -I/usr/src/azl/BUILD/shim-15.8/gnu-efi/inc/protocol -I/usr/src/azl/BUILD/shim-15.8/Cryptlib/OpenSSL/crypto/asn1 -I/usr/src/azl/BUILD/shim-15.8/Cryptlib/OpenSSL/crypto/evp -I/usr/src/azl/BUILD/shim-15.8/Cryptlib/OpenSSL/crypto/modes -I/usr/src/azl/BUILD/shim-15.8/Cryptlib/OpenSSL/crypto/include -isystem /usr/src/azl/BUILD/shim-15.8/include/system -isystem /usr/lib/gcc/x86_64-pc-linux-gnu/13.2.0/include -DL_ENDIAN -D_CRT_SECURE_NO_DEPRECATE -D_CRT_NONSTDC_NO_DEPRECATE -DOPENSSL_SMALL_FOOTPRINT -DPEDANTIC -DMDE_CPU_X64   -c -o crypto/aes/aes_ige.o /usr/src/azl/BUILD/shim-15.8/Cryptlib/OpenSSL/crypto/aes/aes_ige.c
#7 90.87 gcc -std=gnu11 -ggdb -ffreestanding -fmacro-prefix-map=/usr/src/azl/BUILD/shim-15.8/= -fno-stack-protector -fno-strict-aliasing -fpic -fshort-wchar -m64 -mno-mmx -mno-sse -mno-red-zone -nostdinc -maccumulate-outgoing-args -Os -Wall -Wextra -Wno-missing-field-initializers -Werror -I/usr/src/azl/BUILD/shim-15.8/gnu-efi/inc -I/usr/src/azl/BUILD/shim-15.8/gnu-efi/inc/x86_64 -I/usr/src/azl/BUILD/shim-15.8/gnu-efi/inc/protocol -I/usr/src/azl/BUILD/shim-15.8/include -I/usr/src/azl/BUILD/shim-15.8/Cryptlib/Include/openssl/ -I/usr/src/azl/BUILD/shim-15.8/Cryptlib/Include/ -I/usr/src/azl/BUILD/shim-15.8/Cryptlib -I/usr/src/azl/BUILD/shim-15.8 -isystem /usr/src/azl/BUILD/shim-15.8/include/system -isystem /usr/lib/gcc/x86_64-pc-linux-gnu/13.2.0/include -DMDE_CPU_X64   -c -o string.o /usr/src/azl/BUILD/shim-15.8/lib/string.c
#7 90.95 gcc -std=gnu11 -ggdb -ffreestanding -fmacro-prefix-map=/usr/src/azl/BUILD/shim-15.8/= -fno-stack-protector -fno-strict-aliasing -fpic -fshort-wchar -nostdinc -m64 -mno-mmx -mno-sse -mno-red-zone -maccumulate-outgoing-args -Os -Wall -Wextra -Wno-missing-field-initializers -Wno-empty-body -Wno-implicit-fallthrough -Wno-old-style-declaration -Wno-unused-but-set-variable -Wno-unused-parameter -Werror -I/usr/src/azl/BUILD/shim-15.8/Cryptlib/OpenSSL -I/usr/src/azl/BUILD/shim-15.8/Cryptlib -I/usr/src/azl/BUILD/shim-15.8/Cryptlib/OpenSSL/Include/ -I/usr/src/azl/BUILD/shim-15.8/Cryptlib/OpenSSL/crypto -I/usr/src/azl/BUILD/shim-15.8/Cryptlib/Include -I/usr/src/azl/BUILD/shim-15.8/gnu-efi/inc -I/usr/src/azl/BUILD/shim-15.8/gnu-efi/inc/x86_64 -I/usr/src/azl/BUILD/shim-15.8/gnu-efi/inc/protocol -I/usr/src/azl/BUILD/shim-15.8/Cryptlib/OpenSSL/crypto/asn1 -I/usr/src/azl/BUILD/shim-15.8/Cryptlib/OpenSSL/crypto/evp -I/usr/src/azl/BUILD/shim-15.8/Cryptlib/OpenSSL/crypto/modes -I/usr/src/azl/BUILD/shim-15.8/Cryptlib/OpenSSL/crypto/include -isystem /usr/src/azl/BUILD/shim-15.8/include/system -isystem /usr/lib/gcc/x86_64-pc-linux-gnu/13.2.0/include -DL_ENDIAN -D_CRT_SECURE_NO_DEPRECATE -D_CRT_NONSTDC_NO_DEPRECATE -DOPENSSL_SMALL_FOOTPRINT -DPEDANTIC -DMDE_CPU_X64   -c -o crypto/aes/aes_wrap.o /usr/src/azl/BUILD/shim-15.8/Cryptlib/OpenSSL/crypto/aes/aes_wrap.c
#7 91.02 gcc -std=gnu11 -ggdb -ffreestanding -fmacro-prefix-map=/usr/src/azl/BUILD/shim-15.8/= -fno-stack-protector -fno-strict-aliasing -fpic -fshort-wchar -nostdinc -m64 -mno-mmx -mno-sse -mno-red-zone -maccumulate-outgoing-args -Os -Wall -Wextra -Wno-missing-field-initializers -Wno-empty-body -Wno-implicit-fallthrough -Wno-old-style-declaration -Wno-unused-but-set-variable -Wno-unused-parameter -Werror -I/usr/src/azl/BUILD/shim-15.8/Cryptlib/OpenSSL -I/usr/src/azl/BUILD/shim-15.8/Cryptlib -I/usr/src/azl/BUILD/shim-15.8/Cryptlib/OpenSSL/Include/ -I/usr/src/azl/BUILD/shim-15.8/Cryptlib/OpenSSL/crypto -I/usr/src/azl/BUILD/shim-15.8/Cryptlib/Include -I/usr/src/azl/BUILD/shim-15.8/gnu-efi/inc -I/usr/src/azl/BUILD/shim-15.8/gnu-efi/inc/x86_64 -I/usr/src/azl/BUILD/shim-15.8/gnu-efi/inc/protocol -I/usr/src/azl/BUILD/shim-15.8/Cryptlib/OpenSSL/crypto/asn1 -I/usr/src/azl/BUILD/shim-15.8/Cryptlib/OpenSSL/crypto/evp -I/usr/src/azl/BUILD/shim-15.8/Cryptlib/OpenSSL/crypto/modes -I/usr/src/azl/BUILD/shim-15.8/Cryptlib/OpenSSL/crypto/include -isystem /usr/src/azl/BUILD/shim-15.8/include/system -isystem /usr/lib/gcc/x86_64-pc-linux-gnu/13.2.0/include -DL_ENDIAN -D_CRT_SECURE_NO_DEPRECATE -D_CRT_NONSTDC_NO_DEPRECATE -DOPENSSL_SMALL_FOOTPRINT -DPEDANTIC -DMDE_CPU_X64   -c -o crypto/aes/aes_core.o /usr/src/azl/BUILD/shim-15.8/Cryptlib/OpenSSL/crypto/aes/aes_core.c
#7 91.03 gcc -std=gnu11 -ggdb -ffreestanding -fmacro-prefix-map=/usr/src/azl/BUILD/shim-15.8/= -fno-stack-protector -fno-strict-aliasing -fpic -fshort-wchar -m64 -mno-mmx -mno-sse -mno-red-zone -nostdinc -maccumulate-outgoing-args -Os -Wall -Wextra -Wno-missing-field-initializers -Werror -I/usr/src/azl/BUILD/shim-15.8/gnu-efi/inc -I/usr/src/azl/BUILD/shim-15.8/gnu-efi/inc/x86_64 -I/usr/src/azl/BUILD/shim-15.8/gnu-efi/inc/protocol -I/usr/src/azl/BUILD/shim-15.8/include -I/usr/src/azl/BUILD/shim-15.8/Cryptlib/Include/openssl/ -I/usr/src/azl/BUILD/shim-15.8/Cryptlib/Include/ -I/usr/src/azl/BUILD/shim-15.8/Cryptlib -I/usr/src/azl/BUILD/shim-15.8 -isystem /usr/src/azl/BUILD/shim-15.8/include/system -isystem /usr/lib/gcc/x86_64-pc-linux-gnu/13.2.0/include -DMDE_CPU_X64   -c -o variables.o /usr/src/azl/BUILD/shim-15.8/lib/variables.c
#7 91.24 ar rcs lib.a configtable.o console.o execute.o guid.o print_crypto.o security_policy.o shell.o simple_file.o string.o variables.o
#7 91.25 make[1]: Leaving directory '/usr/src/azl/BUILD/shim-15.8/build-x64/lib'
#7 91.25 mkdir -p gnu-efi/lib gnu-efi/gnuefi
#7 91.25 make -C gnu-efi \
#7 91.25 	COMPILER="gcc" \
#7 91.25 	CCC_CC="gcc" \
#7 91.25 	CC="gcc" \
#7 91.25 	ARCH=x86_64 \
#7 91.25 	TOPDIR=/usr/src/azl/BUILD/shim-15.8/gnu-efi \
#7 91.25 	-f /usr/src/azl/BUILD/shim-15.8/gnu-efi/Makefile \
#7 91.25 	lib gnuefi inc 
#7 91.26 make[1]: Entering directory '/usr/src/azl/BUILD/shim-15.8/build-x64/gnu-efi'
#7 91.27 gcc -std=gnu11 -ggdb -ffreestanding -fmacro-prefix-map=/usr/src/azl/BUILD/shim-15.8/= -fno-stack-protector -fno-strict-aliasing -fpic -fshort-wchar -nostdinc -m64 -mno-mmx -mno-sse -mno-red-zone -maccumulate-outgoing-args -Os -Wall -Wextra -Wno-missing-field-initializers -Wno-empty-body -Wno-implicit-fallthrough -Wno-old-style-declaration -Wno-unused-but-set-variable -Wno-unused-parameter -Werror -I/usr/src/azl/BUILD/shim-15.8/Cryptlib/OpenSSL -I/usr/src/azl/BUILD/shim-15.8/Cryptlib -I/usr/src/azl/BUILD/shim-15.8/Cryptlib/OpenSSL/Include/ -I/usr/src/azl/BUILD/shim-15.8/Cryptlib/OpenSSL/crypto -I/usr/src/azl/BUILD/shim-15.8/Cryptlib/Include -I/usr/src/azl/BUILD/shim-15.8/gnu-efi/inc -I/usr/src/azl/BUILD/shim-15.8/gnu-efi/inc/x86_64 -I/usr/src/azl/BUILD/shim-15.8/gnu-efi/inc/protocol -I/usr/src/azl/BUILD/shim-15.8/Cryptlib/OpenSSL/crypto/asn1 -I/usr/src/azl/BUILD/shim-15.8/Cryptlib/OpenSSL/crypto/evp -I/usr/src/azl/BUILD/shim-15.8/Cryptlib/OpenSSL/crypto/modes -I/usr/src/azl/BUILD/shim-15.8/Cryptlib/OpenSSL/crypto/include -isystem /usr/src/azl/BUILD/shim-15.8/include/system -isystem /usr/lib/gcc/x86_64-pc-linux-gnu/13.2.0/include -DL_ENDIAN -D_CRT_SECURE_NO_DEPRECATE -D_CRT_NONSTDC_NO_DEPRECATE -DOPENSSL_SMALL_FOOTPRINT -DPEDANTIC -DMDE_CPU_X64   -c -o crypto/aes/aes_cbc.o /usr/src/azl/BUILD/shim-15.8/Cryptlib/OpenSSL/crypto/aes/aes_cbc.c
#7 91.30 mkdir -p /usr/src/azl/BUILD/shim-15.8/build-x64/gnu-efi/x86_64/lib
#7 91.30 gcc -std=gnu11 -ggdb -ffreestanding -fmacro-prefix-map=/usr/src/azl/BUILD/shim-15.8/= -fno-stack-protector -fno-strict-aliasing -fpic -fshort-wchar -nostdinc -m64 -mno-mmx -mno-sse -mno-red-zone -maccumulate-outgoing-args -Os -Wall -Wextra -Wno-missing-field-initializers -Wno-empty-body -Wno-implicit-fallthrough -Wno-old-style-declaration -Wno-unused-but-set-variable -Wno-unused-parameter -Werror -I/usr/src/azl/BUILD/shim-15.8/Cryptlib/OpenSSL -I/usr/src/azl/BUILD/shim-15.8/Cryptlib -I/usr/src/azl/BUILD/shim-15.8/Cryptlib/OpenSSL/Include/ -I/usr/src/azl/BUILD/shim-15.8/Cryptlib/OpenSSL/crypto -I/usr/src/azl/BUILD/shim-15.8/Cryptlib/Include -I/usr/src/azl/BUILD/shim-15.8/gnu-efi/inc -I/usr/src/azl/BUILD/shim-15.8/gnu-efi/inc/x86_64 -I/usr/src/azl/BUILD/shim-15.8/gnu-efi/inc/protocol -I/usr/src/azl/BUILD/shim-15.8/Cryptlib/OpenSSL/crypto/asn1 -I/usr/src/azl/BUILD/shim-15.8/Cryptlib/OpenSSL/crypto/evp -I/usr/src/azl/BUILD/shim-15.8/Cryptlib/OpenSSL/crypto/modes -I/usr/src/azl/BUILD/shim-15.8/Cryptlib/OpenSSL/crypto/include -isystem /usr/src/azl/BUILD/shim-15.8/include/system -isystem /usr/lib/gcc/x86_64-pc-linux-gnu/13.2.0/include -DL_ENDIAN -D_CRT_SECURE_NO_DEPRECATE -D_CRT_NONSTDC_NO_DEPRECATE -DOPENSSL_SMALL_FOOTPRINT -DPEDANTIC -DMDE_CPU_X64   -c -o crypto/modes/cbc128.o /usr/src/azl/BUILD/shim-15.8/Cryptlib/OpenSSL/crypto/modes/cbc128.c
#7 91.31 make -C /usr/src/azl/BUILD/shim-15.8/build-x64/gnu-efi/x86_64/lib -f /usr/src/azl/BUILD/shim-15.8/gnu-efi//lib/Makefile SRCDIR=/usr/src/azl/BUILD/shim-15.8/gnu-efi//lib ARCH=x86_64
#7 91.31 make[2]: Entering directory '/usr/src/azl/BUILD/shim-15.8/build-x64/gnu-efi/x86_64/lib'
#7 91.37 gcc -I/usr/src/azl/BUILD/shim-15.8/gnu-efi//lib -I/usr/src/azl/BUILD/shim-15.8/gnu-efi/inc -I/usr/src/azl/BUILD/shim-15.8/gnu-efi/inc/x86_64 -I/usr/src/azl/BUILD/shim-15.8/gnu-efi/inc/protocol -std=gnu11 -ggdb -ffreestanding -fmacro-prefix-map=/usr/src/azl/BUILD/shim-15.8/= -fno-stack-protector -fno-strict-aliasing -fpic -fshort-wchar -Os -Wall -Wextra -Wno-missing-field-initializers  -mno-mmx -mno-sse -mno-red-zone -nostdinc -maccumulate-outgoing-args  -m64 -DMDE_CPU_X64 -DPAGE_SIZE=4096 -Werror -nostdinc -I/usr/src/azl/BUILD/shim-15.8/Cryptlib -I/usr/src/azl/BUILD/shim-15.8/Cryptlib/Include -I/usr/src/azl/BUILD/shim-15.8/gnu-efi/inc -I/usr/src/azl/BUILD/shim-15.8/gnu-efi/inc/x86_64 -I/usr/src/azl/BUILD/shim-15.8/gnu-efi/inc/protocol -I/usr/src/azl/BUILD/shim-15.8/include -iquote /usr/src/azl/BUILD/shim-15.8 -iquote /usr/src/azl/BUILD/shim-15.8/build-x64 -isystem /usr/src/azl/BUILD/shim-15.8/include/system -isystem /usr/lib/gcc/x86_64-pc-linux-gnu/13.2.0/include -DDEFAULT_LOADER='L"\\\\grubx64.efi"' -DDEFAULT_LOADER_CHAR='"\\\\grubx64.efi"' -DEFI_ARCH='L"x64"' -DDEBUGDIR='L"/usr/lib/debug/usr/share/shim/x64-15.8/"' -DVENDOR_CERT_FILE=\"/usr/src/azl/SOURCES/azurelinux-ca-20230216.der\" -DGNU_EFI_USE_EXTERNAL_STDARG -Wno-error=pragmas -mno-red-zone -mno-avx -fpic  -Os -Wall -Wextra -Wno-missing-field-initializers -Werror -fshort-wchar -fno-strict-aliasing -ffreestanding -fno-stack-protector -fno-stack-check -nostdinc   -isystem /usr/src/azl/BUILD/shim-15.8/gnu-efi/../include/system -isystem /usr/lib/gcc/x86_64-pc-linux-gnu/13.2.0/include -fno-merge-all-constants -Wno-error=pragmas -mno-red-zone -mno-avx -fpic  -Os -Wall -Wextra -Wno-missing-field-initializers -Werror -fshort-wchar -fno-strict-aliasing -ffreestanding -fno-stack-protector -fno-stack-check -nostdinc   -isystem /usr/src/azl/BUILD/shim-15.8/gnu-efi/../include/system -isystem /usr/lib/gcc/x86_64-pc-linux-gnu/13.2.0/include -fno-merge-all-constants -DCONFIG_x86_64 -DGNU_EFI_USE_MS_ABI -DGNU_EFI_USE_EXTERNAL_STDARG -maccumulate-outgoing-args --std=c11 -c /usr/src/azl/BUILD/shim-15.8/gnu-efi//lib/boxdraw.c -o boxdraw.o
#7 91.40 gcc -std=gnu11 -ggdb -ffreestanding -fmacro-prefix-map=/usr/src/azl/BUILD/shim-15.8/= -fno-stack-protector -fno-strict-aliasing -fpic -fshort-wchar -nostdinc -m64 -mno-mmx -mno-sse -mno-red-zone -maccumulate-outgoing-args -Os -Wall -Wextra -Wno-missing-field-initializers -Wno-empty-body -Wno-implicit-fallthrough -Wno-old-style-declaration -Wno-unused-but-set-variable -Wno-unused-parameter -Werror -I/usr/src/azl/BUILD/shim-15.8/Cryptlib/OpenSSL -I/usr/src/azl/BUILD/shim-15.8/Cryptlib -I/usr/src/azl/BUILD/shim-15.8/Cryptlib/OpenSSL/Include/ -I/usr/src/azl/BUILD/shim-15.8/Cryptlib/OpenSSL/crypto -I/usr/src/azl/BUILD/shim-15.8/Cryptlib/Include -I/usr/src/azl/BUILD/shim-15.8/gnu-efi/inc -I/usr/src/azl/BUILD/shim-15.8/gnu-efi/inc/x86_64 -I/usr/src/azl/BUILD/shim-15.8/gnu-efi/inc/protocol -I/usr/src/azl/BUILD/shim-15.8/Cryptlib/OpenSSL/crypto/asn1 -I/usr/src/azl/BUILD/shim-15.8/Cryptlib/OpenSSL/crypto/evp -I/usr/src/azl/BUILD/shim-15.8/Cryptlib/OpenSSL/crypto/modes -I/usr/src/azl/BUILD/shim-15.8/Cryptlib/OpenSSL/crypto/include -isystem /usr/src/azl/BUILD/shim-15.8/include/system -isystem /usr/lib/gcc/x86_64-pc-linux-gnu/13.2.0/include -DL_ENDIAN -D_CRT_SECURE_NO_DEPRECATE -D_CRT_NONSTDC_NO_DEPRECATE -DOPENSSL_SMALL_FOOTPRINT -DPEDANTIC -DMDE_CPU_X64   -c -o crypto/modes/ctr128.o /usr/src/azl/BUILD/shim-15.8/Cryptlib/OpenSSL/crypto/modes/ctr128.c
#7 91.45 gcc -I/usr/src/azl/BUILD/shim-15.8/gnu-efi//lib -I/usr/src/azl/BUILD/shim-15.8/gnu-efi/inc -I/usr/src/azl/BUILD/shim-15.8/gnu-efi/inc/x86_64 -I/usr/src/azl/BUILD/shim-15.8/gnu-efi/inc/protocol -std=gnu11 -ggdb -ffreestanding -fmacro-prefix-map=/usr/src/azl/BUILD/shim-15.8/= -fno-stack-protector -fno-strict-aliasing -fpic -fshort-wchar -Os -Wall -Wextra -Wno-missing-field-initializers  -mno-mmx -mno-sse -mno-red-zone -nostdinc -maccumulate-outgoing-args  -m64 -DMDE_CPU_X64 -DPAGE_SIZE=4096 -Werror -nostdinc -I/usr/src/azl/BUILD/shim-15.8/Cryptlib -I/usr/src/azl/BUILD/shim-15.8/Cryptlib/Include -I/usr/src/azl/BUILD/shim-15.8/gnu-efi/inc -I/usr/src/azl/BUILD/shim-15.8/gnu-efi/inc/x86_64 -I/usr/src/azl/BUILD/shim-15.8/gnu-efi/inc/protocol -I/usr/src/azl/BUILD/shim-15.8/include -iquote /usr/src/azl/BUILD/shim-15.8 -iquote /usr/src/azl/BUILD/shim-15.8/build-x64 -isystem /usr/src/azl/BUILD/shim-15.8/include/system -isystem /usr/lib/gcc/x86_64-pc-linux-gnu/13.2.0/include -DDEFAULT_LOADER='L"\\\\grubx64.efi"' -DDEFAULT_LOADER_CHAR='"\\\\grubx64.efi"' -DEFI_ARCH='L"x64"' -DDEBUGDIR='L"/usr/lib/debug/usr/share/shim/x64-15.8/"' -DVENDOR_CERT_FILE=\"/usr/src/azl/SOURCES/azurelinux-ca-20230216.der\" -DGNU_EFI_USE_EXTERNAL_STDARG -Wno-error=pragmas -mno-red-zone -mno-avx -fpic  -Os -Wall -Wextra -Wno-missing-field-initializers -Werror -fshort-wchar -fno-strict-aliasing -ffreestanding -fno-stack-protector -fno-stack-check -nostdinc   -isystem /usr/src/azl/BUILD/shim-15.8/gnu-efi/../include/system -isystem /usr/lib/gcc/x86_64-pc-linux-gnu/13.2.0/include -fno-merge-all-constants -Wno-error=pragmas -mno-red-zone -mno-avx -fpic  -Os -Wall -Wextra -Wno-missing-field-initializers -Werror -fshort-wchar -fno-strict-aliasing -ffreestanding -fno-stack-protector -fno-stack-check -nostdinc   -isystem /usr/src/azl/BUILD/shim-15.8/gnu-efi/../include/system -isystem /usr/lib/gcc/x86_64-pc-linux-gnu/13.2.0/include -fno-merge-all-constants -DCONFIG_x86_64 -DGNU_EFI_USE_MS_ABI -DGNU_EFI_USE_EXTERNAL_STDARG -maccumulate-outgoing-args --std=c11 -c /usr/src/azl/BUILD/shim-15.8/gnu-efi//lib/smbios.c -o smbios.o
#7 91.51 gcc -std=gnu11 -ggdb -ffreestanding -fmacro-prefix-map=/usr/src/azl/BUILD/shim-15.8/= -fno-stack-protector -fno-strict-aliasing -fpic -fshort-wchar -nostdinc -m64 -mno-mmx -mno-sse -mno-red-zone -maccumulate-outgoing-args -Os -Wall -Wextra -Wno-missing-field-initializers -Wno-empty-body -Wno-implicit-fallthrough -Wno-old-style-declaration -Wno-unused-but-set-variable -Wno-unused-parameter -Werror -I/usr/src/azl/BUILD/shim-15.8/Cryptlib/OpenSSL -I/usr/src/azl/BUILD/shim-15.8/Cryptlib -I/usr/src/azl/BUILD/shim-15.8/Cryptlib/OpenSSL/Include/ -I/usr/src/azl/BUILD/shim-15.8/Cryptlib/OpenSSL/crypto -I/usr/src/azl/BUILD/shim-15.8/Cryptlib/Include -I/usr/src/azl/BUILD/shim-15.8/gnu-efi/inc -I/usr/src/azl/BUILD/shim-15.8/gnu-efi/inc/x86_64 -I/usr/src/azl/BUILD/shim-15.8/gnu-efi/inc/protocol -I/usr/src/azl/BUILD/shim-15.8/Cryptlib/OpenSSL/crypto/asn1 -I/usr/src/azl/BUILD/shim-15.8/Cryptlib/OpenSSL/crypto/evp -I/usr/src/azl/BUILD/shim-15.8/Cryptlib/OpenSSL/crypto/modes -I/usr/src/azl/BUILD/shim-15.8/Cryptlib/OpenSSL/crypto/include -isystem /usr/src/azl/BUILD/shim-15.8/include/system -isystem /usr/lib/gcc/x86_64-pc-linux-gnu/13.2.0/include -DL_ENDIAN -D_CRT_SECURE_NO_DEPRECATE -D_CRT_NONSTDC_NO_DEPRECATE -DOPENSSL_SMALL_FOOTPRINT -DPEDANTIC -DMDE_CPU_X64   -c -o crypto/modes/cts128.o /usr/src/azl/BUILD/shim-15.8/Cryptlib/OpenSSL/crypto/modes/cts128.c
#7 91.53 gcc -I/usr/src/azl/BUILD/shim-15.8/gnu-efi//lib -I/usr/src/azl/BUILD/shim-15.8/gnu-efi/inc -I/usr/src/azl/BUILD/shim-15.8/gnu-efi/inc/x86_64 -I/usr/src/azl/BUILD/shim-15.8/gnu-efi/inc/protocol -std=gnu11 -ggdb -ffreestanding -fmacro-prefix-map=/usr/src/azl/BUILD/shim-15.8/= -fno-stack-protector -fno-strict-aliasing -fpic -fshort-wchar -Os -Wall -Wextra -Wno-missing-field-initializers  -mno-mmx -mno-sse -mno-red-zone -nostdinc -maccumulate-outgoing-args  -m64 -DMDE_CPU_X64 -DPAGE_SIZE=4096 -Werror -nostdinc -I/usr/src/azl/BUILD/shim-15.8/Cryptlib -I/usr/src/azl/BUILD/shim-15.8/Cryptlib/Include -I/usr/src/azl/BUILD/shim-15.8/gnu-efi/inc -I/usr/src/azl/BUILD/shim-15.8/gnu-efi/inc/x86_64 -I/usr/src/azl/BUILD/shim-15.8/gnu-efi/inc/protocol -I/usr/src/azl/BUILD/shim-15.8/include -iquote /usr/src/azl/BUILD/shim-15.8 -iquote /usr/src/azl/BUILD/shim-15.8/build-x64 -isystem /usr/src/azl/BUILD/shim-15.8/include/system -isystem /usr/lib/gcc/x86_64-pc-linux-gnu/13.2.0/include -DDEFAULT_LOADER='L"\\\\grubx64.efi"' -DDEFAULT_LOADER_CHAR='"\\\\grubx64.efi"' -DEFI_ARCH='L"x64"' -DDEBUGDIR='L"/usr/lib/debug/usr/share/shim/x64-15.8/"' -DVENDOR_CERT_FILE=\"/usr/src/azl/SOURCES/azurelinux-ca-20230216.der\" -DGNU_EFI_USE_EXTERNAL_STDARG -Wno-error=pragmas -mno-red-zone -mno-avx -fpic  -Os -Wall -Wextra -Wno-missing-field-initializers -Werror -fshort-wchar -fno-strict-aliasing -ffreestanding -fno-stack-protector -fno-stack-check -nostdinc   -isystem /usr/src/azl/BUILD/shim-15.8/gnu-efi/../include/system -isystem /usr/lib/gcc/x86_64-pc-linux-gnu/13.2.0/include -fno-merge-all-constants -Wno-error=pragmas -mno-red-zone -mno-avx -fpic  -Os -Wall -Wextra -Wno-missing-field-initializers -Werror -fshort-wchar -fno-strict-aliasing -ffreestanding -fno-stack-protector -fno-stack-check -nostdinc   -isystem /usr/src/azl/BUILD/shim-15.8/gnu-efi/../include/system -isystem /usr/lib/gcc/x86_64-pc-linux-gnu/13.2.0/include -fno-merge-all-constants -DCONFIG_x86_64 -DGNU_EFI_USE_MS_ABI -DGNU_EFI_USE_EXTERNAL_STDARG -maccumulate-outgoing-args --std=c11 -c /usr/src/azl/BUILD/shim-15.8/gnu-efi//lib/console.c -o console.o
#7 91.61 gcc -I/usr/src/azl/BUILD/shim-15.8/gnu-efi//lib -I/usr/src/azl/BUILD/shim-15.8/gnu-efi/inc -I/usr/src/azl/BUILD/shim-15.8/gnu-efi/inc/x86_64 -I/usr/src/azl/BUILD/shim-15.8/gnu-efi/inc/protocol -std=gnu11 -ggdb -ffreestanding -fmacro-prefix-map=/usr/src/azl/BUILD/shim-15.8/= -fno-stack-protector -fno-strict-aliasing -fpic -fshort-wchar -Os -Wall -Wextra -Wno-missing-field-initializers  -mno-mmx -mno-sse -mno-red-zone -nostdinc -maccumulate-outgoing-args  -m64 -DMDE_CPU_X64 -DPAGE_SIZE=4096 -Werror -nostdinc -I/usr/src/azl/BUILD/shim-15.8/Cryptlib -I/usr/src/azl/BUILD/shim-15.8/Cryptlib/Include -I/usr/src/azl/BUILD/shim-15.8/gnu-efi/inc -I/usr/src/azl/BUILD/shim-15.8/gnu-efi/inc/x86_64 -I/usr/src/azl/BUILD/shim-15.8/gnu-efi/inc/protocol -I/usr/src/azl/BUILD/shim-15.8/include -iquote /usr/src/azl/BUILD/shim-15.8 -iquote /usr/src/azl/BUILD/shim-15.8/build-x64 -isystem /usr/src/azl/BUILD/shim-15.8/include/system -isystem /usr/lib/gcc/x86_64-pc-linux-gnu/13.2.0/include -DDEFAULT_LOADER='L"\\\\grubx64.efi"' -DDEFAULT_LOADER_CHAR='"\\\\grubx64.efi"' -DEFI_ARCH='L"x64"' -DDEBUGDIR='L"/usr/lib/debug/usr/share/shim/x64-15.8/"' -DVENDOR_CERT_FILE=\"/usr/src/azl/SOURCES/azurelinux-ca-20230216.der\" -DGNU_EFI_USE_EXTERNAL_STDARG -Wno-error=pragmas -mno-red-zone -mno-avx -fpic  -Os -Wall -Wextra -Wno-missing-field-initializers -Werror -fshort-wchar -fno-strict-aliasing -ffreestanding -fno-stack-protector -fno-stack-check -nostdinc   -isystem /usr/src/azl/BUILD/shim-15.8/gnu-efi/../include/system -isystem /usr/lib/gcc/x86_64-pc-linux-gnu/13.2.0/include -fno-merge-all-constants -Wno-error=pragmas -mno-red-zone -mno-avx -fpic  -Os -Wall -Wextra -Wno-missing-field-initializers -Werror -fshort-wchar -fno-strict-aliasing -ffreestanding -fno-stack-protector -fno-stack-check -nostdinc   -isystem /usr/src/azl/BUILD/shim-15.8/gnu-efi/../include/system -isystem /usr/lib/gcc/x86_64-pc-linux-gnu/13.2.0/include -fno-merge-all-constants -DCONFIG_x86_64 -DGNU_EFI_USE_MS_ABI -DGNU_EFI_USE_EXTERNAL_STDARG -maccumulate-outgoing-args --std=c11 -c /usr/src/azl/BUILD/shim-15.8/gnu-efi//lib/crc.c -o crc.o
#7 91.70 gcc -I/usr/src/azl/BUILD/shim-15.8/gnu-efi//lib -I/usr/src/azl/BUILD/shim-15.8/gnu-efi/inc -I/usr/src/azl/BUILD/shim-15.8/gnu-efi/inc/x86_64 -I/usr/src/azl/BUILD/shim-15.8/gnu-efi/inc/protocol -std=gnu11 -ggdb -ffreestanding -fmacro-prefix-map=/usr/src/azl/BUILD/shim-15.8/= -fno-stack-protector -fno-strict-aliasing -fpic -fshort-wchar -Os -Wall -Wextra -Wno-missing-field-initializers  -mno-mmx -mno-sse -mno-red-zone -nostdinc -maccumulate-outgoing-args  -m64 -DMDE_CPU_X64 -DPAGE_SIZE=4096 -Werror -nostdinc -I/usr/src/azl/BUILD/shim-15.8/Cryptlib -I/usr/src/azl/BUILD/shim-15.8/Cryptlib/Include -I/usr/src/azl/BUILD/shim-15.8/gnu-efi/inc -I/usr/src/azl/BUILD/shim-15.8/gnu-efi/inc/x86_64 -I/usr/src/azl/BUILD/shim-15.8/gnu-efi/inc/protocol -I/usr/src/azl/BUILD/shim-15.8/include -iquote /usr/src/azl/BUILD/shim-15.8 -iquote /usr/src/azl/BUILD/shim-15.8/build-x64 -isystem /usr/src/azl/BUILD/shim-15.8/include/system -isystem /usr/lib/gcc/x86_64-pc-linux-gnu/13.2.0/include -DDEFAULT_LOADER='L"\\\\grubx64.efi"' -DDEFAULT_LOADER_CHAR='"\\\\grubx64.efi"' -DEFI_ARCH='L"x64"' -DDEBUGDIR='L"/usr/lib/debug/usr/share/shim/x64-15.8/"' -DVENDOR_CERT_FILE=\"/usr/src/azl/SOURCES/azurelinux-ca-20230216.der\" -DGNU_EFI_USE_EXTERNAL_STDARG -Wno-error=pragmas -mno-red-zone -mno-avx -fpic  -Os -Wall -Wextra -Wno-missing-field-initializers -Werror -fshort-wchar -fno-strict-aliasing -ffreestanding -fno-stack-protector -fno-stack-check -nostdinc   -isystem /usr/src/azl/BUILD/shim-15.8/gnu-efi/../include/system -isystem /usr/lib/gcc/x86_64-pc-linux-gnu/13.2.0/include -fno-merge-all-constants -Wno-error=pragmas -mno-red-zone -mno-avx -fpic  -Os -Wall -Wextra -Wno-missing-field-initializers -Werror -fshort-wchar -fno-strict-aliasing -ffreestanding -fno-stack-protector -fno-stack-check -nostdinc   -isystem /usr/src/azl/BUILD/shim-15.8/gnu-efi/../include/system -isystem /usr/lib/gcc/x86_64-pc-linux-gnu/13.2.0/include -fno-merge-all-constants -DCONFIG_x86_64 -DGNU_EFI_USE_MS_ABI -DGNU_EFI_USE_EXTERNAL_STDARG -maccumulate-outgoing-args --std=c11 -c /usr/src/azl/BUILD/shim-15.8/gnu-efi//lib/data.c -o data.o
#7 91.70 gcc -std=gnu11 -ggdb -ffreestanding -fmacro-prefix-map=/usr/src/azl/BUILD/shim-15.8/= -fno-stack-protector -fno-strict-aliasing -fpic -fshort-wchar -nostdinc -m64 -mno-mmx -mno-sse -mno-red-zone -maccumulate-outgoing-args -Os -Wall -Wextra -Wno-missing-field-initializers -Wno-empty-body -Wno-implicit-fallthrough -Wno-old-style-declaration -Wno-unused-but-set-variable -Wno-unused-parameter -Werror -I/usr/src/azl/BUILD/shim-15.8/Cryptlib/OpenSSL -I/usr/src/azl/BUILD/shim-15.8/Cryptlib -I/usr/src/azl/BUILD/shim-15.8/Cryptlib/OpenSSL/Include/ -I/usr/src/azl/BUILD/shim-15.8/Cryptlib/OpenSSL/crypto -I/usr/src/azl/BUILD/shim-15.8/Cryptlib/Include -I/usr/src/azl/BUILD/shim-15.8/gnu-efi/inc -I/usr/src/azl/BUILD/shim-15.8/gnu-efi/inc/x86_64 -I/usr/src/azl/BUILD/shim-15.8/gnu-efi/inc/protocol -I/usr/src/azl/BUILD/shim-15.8/Cryptlib/OpenSSL/crypto/asn1 -I/usr/src/azl/BUILD/shim-15.8/Cryptlib/OpenSSL/crypto/evp -I/usr/src/azl/BUILD/shim-15.8/Cryptlib/OpenSSL/crypto/modes -I/usr/src/azl/BUILD/shim-15.8/Cryptlib/OpenSSL/crypto/include -isystem /usr/src/azl/BUILD/shim-15.8/include/system -isystem /usr/lib/gcc/x86_64-pc-linux-gnu/13.2.0/include -DL_ENDIAN -D_CRT_SECURE_NO_DEPRECATE -D_CRT_NONSTDC_NO_DEPRECATE -DOPENSSL_SMALL_FOOTPRINT -DPEDANTIC -DMDE_CPU_X64   -c -o crypto/modes/cfb128.o /usr/src/azl/BUILD/shim-15.8/Cryptlib/OpenSSL/crypto/modes/cfb128.c
#7 91.75 gcc -I/usr/src/azl/BUILD/shim-15.8/gnu-efi//lib -I/usr/src/azl/BUILD/shim-15.8/gnu-efi/inc -I/usr/src/azl/BUILD/shim-15.8/gnu-efi/inc/x86_64 -I/usr/src/azl/BUILD/shim-15.8/gnu-efi/inc/protocol -std=gnu11 -ggdb -ffreestanding -fmacro-prefix-map=/usr/src/azl/BUILD/shim-15.8/= -fno-stack-protector -fno-strict-aliasing -fpic -fshort-wchar -Os -Wall -Wextra -Wno-missing-field-initializers  -mno-mmx -mno-sse -mno-red-zone -nostdinc -maccumulate-outgoing-args  -m64 -DMDE_CPU_X64 -DPAGE_SIZE=4096 -Werror -nostdinc -I/usr/src/azl/BUILD/shim-15.8/Cryptlib -I/usr/src/azl/BUILD/shim-15.8/Cryptlib/Include -I/usr/src/azl/BUILD/shim-15.8/gnu-efi/inc -I/usr/src/azl/BUILD/shim-15.8/gnu-efi/inc/x86_64 -I/usr/src/azl/BUILD/shim-15.8/gnu-efi/inc/protocol -I/usr/src/azl/BUILD/shim-15.8/include -iquote /usr/src/azl/BUILD/shim-15.8 -iquote /usr/src/azl/BUILD/shim-15.8/build-x64 -isystem /usr/src/azl/BUILD/shim-15.8/include/system -isystem /usr/lib/gcc/x86_64-pc-linux-gnu/13.2.0/include -DDEFAULT_LOADER='L"\\\\grubx64.efi"' -DDEFAULT_LOADER_CHAR='"\\\\grubx64.efi"' -DEFI_ARCH='L"x64"' -DDEBUGDIR='L"/usr/lib/debug/usr/share/shim/x64-15.8/"' -DVENDOR_CERT_FILE=\"/usr/src/azl/SOURCES/azurelinux-ca-20230216.der\" -DGNU_EFI_USE_EXTERNAL_STDARG -Wno-error=pragmas -mno-red-zone -mno-avx -fpic  -Os -Wall -Wextra -Wno-missing-field-initializers -Werror -fshort-wchar -fno-strict-aliasing -ffreestanding -fno-stack-protector -fno-stack-check -nostdinc   -isystem /usr/src/azl/BUILD/shim-15.8/gnu-efi/../include/system -isystem /usr/lib/gcc/x86_64-pc-linux-gnu/13.2.0/include -fno-merge-all-constants -Wno-error=pragmas -mno-red-zone -mno-avx -fpic  -Os -Wall -Wextra -Wno-missing-field-initializers -Werror -fshort-wchar -fno-strict-aliasing -ffreestanding -fno-stack-protector -fno-stack-check -nostdinc   -isystem /usr/src/azl/BUILD/shim-15.8/gnu-efi/../include/system -isystem /usr/lib/gcc/x86_64-pc-linux-gnu/13.2.0/include -fno-merge-all-constants -DCONFIG_x86_64 -DGNU_EFI_USE_MS_ABI -DGNU_EFI_USE_EXTERNAL_STDARG -maccumulate-outgoing-args --std=c11 -c /usr/src/azl/BUILD/shim-15.8/gnu-efi//lib/debug.c -o debug.o
#7 91.81 gcc -I/usr/src/azl/BUILD/shim-15.8/gnu-efi//lib -I/usr/src/azl/BUILD/shim-15.8/gnu-efi/inc -I/usr/src/azl/BUILD/shim-15.8/gnu-efi/inc/x86_64 -I/usr/src/azl/BUILD/shim-15.8/gnu-efi/inc/protocol -std=gnu11 -ggdb -ffreestanding -fmacro-prefix-map=/usr/src/azl/BUILD/shim-15.8/= -fno-stack-protector -fno-strict-aliasing -fpic -fshort-wchar -Os -Wall -Wextra -Wno-missing-field-initializers  -mno-mmx -mno-sse -mno-red-zone -nostdinc -maccumulate-outgoing-args  -m64 -DMDE_CPU_X64 -DPAGE_SIZE=4096 -Werror -nostdinc -I/usr/src/azl/BUILD/shim-15.8/Cryptlib -I/usr/src/azl/BUILD/shim-15.8/Cryptlib/Include -I/usr/src/azl/BUILD/shim-15.8/gnu-efi/inc -I/usr/src/azl/BUILD/shim-15.8/gnu-efi/inc/x86_64 -I/usr/src/azl/BUILD/shim-15.8/gnu-efi/inc/protocol -I/usr/src/azl/BUILD/shim-15.8/include -iquote /usr/src/azl/BUILD/shim-15.8 -iquote /usr/src/azl/BUILD/shim-15.8/build-x64 -isystem /usr/src/azl/BUILD/shim-15.8/include/system -isystem /usr/lib/gcc/x86_64-pc-linux-gnu/13.2.0/include -DDEFAULT_LOADER='L"\\\\grubx64.efi"' -DDEFAULT_LOADER_CHAR='"\\\\grubx64.efi"' -DEFI_ARCH='L"x64"' -DDEBUGDIR='L"/usr/lib/debug/usr/share/shim/x64-15.8/"' -DVENDOR_CERT_FILE=\"/usr/src/azl/SOURCES/azurelinux-ca-20230216.der\" -DGNU_EFI_USE_EXTERNAL_STDARG -Wno-error=pragmas -mno-red-zone -mno-avx -fpic  -Os -Wall -Wextra -Wno-missing-field-initializers -Werror -fshort-wchar -fno-strict-aliasing -ffreestanding -fno-stack-protector -fno-stack-check -nostdinc   -isystem /usr/src/azl/BUILD/shim-15.8/gnu-efi/../include/system -isystem /usr/lib/gcc/x86_64-pc-linux-gnu/13.2.0/include -fno-merge-all-constants -Wno-error=pragmas -mno-red-zone -mno-avx -fpic  -Os -Wall -Wextra -Wno-missing-field-initializers -Werror -fshort-wchar -fno-strict-aliasing -ffreestanding -fno-stack-protector -fno-stack-check -nostdinc   -isystem /usr/src/azl/BUILD/shim-15.8/gnu-efi/../include/system -isystem /usr/lib/gcc/x86_64-pc-linux-gnu/13.2.0/include -fno-merge-all-constants -DCONFIG_x86_64 -DGNU_EFI_USE_MS_ABI -DGNU_EFI_USE_EXTERNAL_STDARG -maccumulate-outgoing-args --std=c11 -c /usr/src/azl/BUILD/shim-15.8/gnu-efi//lib/dpath.c -o dpath.o
#7 91.82 gcc -std=gnu11 -ggdb -ffreestanding -fmacro-prefix-map=/usr/src/azl/BUILD/shim-15.8/= -fno-stack-protector -fno-strict-aliasing -fpic -fshort-wchar -nostdinc -m64 -mno-mmx -mno-sse -mno-red-zone -maccumulate-outgoing-args -Os -Wall -Wextra -Wno-missing-field-initializers -Wno-empty-body -Wno-implicit-fallthrough -Wno-old-style-declaration -Wno-unused-but-set-variable -Wno-unused-parameter -Werror -I/usr/src/azl/BUILD/shim-15.8/Cryptlib/OpenSSL -I/usr/src/azl/BUILD/shim-15.8/Cryptlib -I/usr/src/azl/BUILD/shim-15.8/Cryptlib/OpenSSL/Include/ -I/usr/src/azl/BUILD/shim-15.8/Cryptlib/OpenSSL/crypto -I/usr/src/azl/BUILD/shim-15.8/Cryptlib/Include -I/usr/src/azl/BUILD/shim-15.8/gnu-efi/inc -I/usr/src/azl/BUILD/shim-15.8/gnu-efi/inc/x86_64 -I/usr/src/azl/BUILD/shim-15.8/gnu-efi/inc/protocol -I/usr/src/azl/BUILD/shim-15.8/Cryptlib/OpenSSL/crypto/asn1 -I/usr/src/azl/BUILD/shim-15.8/Cryptlib/OpenSSL/crypto/evp -I/usr/src/azl/BUILD/shim-15.8/Cryptlib/OpenSSL/crypto/modes -I/usr/src/azl/BUILD/shim-15.8/Cryptlib/OpenSSL/crypto/include -isystem /usr/src/azl/BUILD/shim-15.8/include/system -isystem /usr/lib/gcc/x86_64-pc-linux-gnu/13.2.0/include -DL_ENDIAN -D_CRT_SECURE_NO_DEPRECATE -D_CRT_NONSTDC_NO_DEPRECATE -DOPENSSL_SMALL_FOOTPRINT -DPEDANTIC -DMDE_CPU_X64   -c -o crypto/modes/ofb128.o /usr/src/azl/BUILD/shim-15.8/Cryptlib/OpenSSL/crypto/modes/ofb128.c
#7 91.89 gcc -std=gnu11 -ggdb -ffreestanding -fmacro-prefix-map=/usr/src/azl/BUILD/shim-15.8/= -fno-stack-protector -fno-strict-aliasing -fpic -fshort-wchar -nostdinc -m64 -mno-mmx -mno-sse -mno-red-zone -maccumulate-outgoing-args -Os -Wall -Wextra -Wno-missing-field-initializers -Wno-empty-body -Wno-implicit-fallthrough -Wno-old-style-declaration -Wno-unused-but-set-variable -Wno-unused-parameter -Werror -I/usr/src/azl/BUILD/shim-15.8/Cryptlib/OpenSSL -I/usr/src/azl/BUILD/shim-15.8/Cryptlib -I/usr/src/azl/BUILD/shim-15.8/Cryptlib/OpenSSL/Include/ -I/usr/src/azl/BUILD/shim-15.8/Cryptlib/OpenSSL/crypto -I/usr/src/azl/BUILD/shim-15.8/Cryptlib/Include -I/usr/src/azl/BUILD/shim-15.8/gnu-efi/inc -I/usr/src/azl/BUILD/shim-15.8/gnu-efi/inc/x86_64 -I/usr/src/azl/BUILD/shim-15.8/gnu-efi/inc/protocol -I/usr/src/azl/BUILD/shim-15.8/Cryptlib/OpenSSL/crypto/asn1 -I/usr/src/azl/BUILD/shim-15.8/Cryptlib/OpenSSL/crypto/evp -I/usr/src/azl/BUILD/shim-15.8/Cryptlib/OpenSSL/crypto/modes -I/usr/src/azl/BUILD/shim-15.8/Cryptlib/OpenSSL/crypto/include -isystem /usr/src/azl/BUILD/shim-15.8/include/system -isystem /usr/lib/gcc/x86_64-pc-linux-gnu/13.2.0/include -DL_ENDIAN -D_CRT_SECURE_NO_DEPRECATE -D_CRT_NONSTDC_NO_DEPRECATE -DOPENSSL_SMALL_FOOTPRINT -DPEDANTIC -DMDE_CPU_X64   -c -o crypto/modes/gcm128.o /usr/src/azl/BUILD/shim-15.8/Cryptlib/OpenSSL/crypto/modes/gcm128.c
#7 92.15 gcc -I/usr/src/azl/BUILD/shim-15.8/gnu-efi//lib -I/usr/src/azl/BUILD/shim-15.8/gnu-efi/inc -I/usr/src/azl/BUILD/shim-15.8/gnu-efi/inc/x86_64 -I/usr/src/azl/BUILD/shim-15.8/gnu-efi/inc/protocol -std=gnu11 -ggdb -ffreestanding -fmacro-prefix-map=/usr/src/azl/BUILD/shim-15.8/= -fno-stack-protector -fno-strict-aliasing -fpic -fshort-wchar -Os -Wall -Wextra -Wno-missing-field-initializers  -mno-mmx -mno-sse -mno-red-zone -nostdinc -maccumulate-outgoing-args  -m64 -DMDE_CPU_X64 -DPAGE_SIZE=4096 -Werror -nostdinc -I/usr/src/azl/BUILD/shim-15.8/Cryptlib -I/usr/src/azl/BUILD/shim-15.8/Cryptlib/Include -I/usr/src/azl/BUILD/shim-15.8/gnu-efi/inc -I/usr/src/azl/BUILD/shim-15.8/gnu-efi/inc/x86_64 -I/usr/src/azl/BUILD/shim-15.8/gnu-efi/inc/protocol -I/usr/src/azl/BUILD/shim-15.8/include -iquote /usr/src/azl/BUILD/shim-15.8 -iquote /usr/src/azl/BUILD/shim-15.8/build-x64 -isystem /usr/src/azl/BUILD/shim-15.8/include/system -isystem /usr/lib/gcc/x86_64-pc-linux-gnu/13.2.0/include -DDEFAULT_LOADER='L"\\\\grubx64.efi"' -DDEFAULT_LOADER_CHAR='"\\\\grubx64.efi"' -DEFI_ARCH='L"x64"' -DDEBUGDIR='L"/usr/lib/debug/usr/share/shim/x64-15.8/"' -DVENDOR_CERT_FILE=\"/usr/src/azl/SOURCES/azurelinux-ca-20230216.der\" -DGNU_EFI_USE_EXTERNAL_STDARG -Wno-error=pragmas -mno-red-zone -mno-avx -fpic  -Os -Wall -Wextra -Wno-missing-field-initializers -Werror -fshort-wchar -fno-strict-aliasing -ffreestanding -fno-stack-protector -fno-stack-check -nostdinc   -isystem /usr/src/azl/BUILD/shim-15.8/gnu-efi/../include/system -isystem /usr/lib/gcc/x86_64-pc-linux-gnu/13.2.0/include -fno-merge-all-constants -Wno-error=pragmas -mno-red-zone -mno-avx -fpic  -Os -Wall -Wextra -Wno-missing-field-initializers -Werror -fshort-wchar -fno-strict-aliasing -ffreestanding -fno-stack-protector -fno-stack-check -nostdinc   -isystem /usr/src/azl/BUILD/shim-15.8/gnu-efi/../include/system -isystem /usr/lib/gcc/x86_64-pc-linux-gnu/13.2.0/include -fno-merge-all-constants -DCONFIG_x86_64 -DGNU_EFI_USE_MS_ABI -DGNU_EFI_USE_EXTERNAL_STDARG -maccumulate-outgoing-args --std=c11 -c /usr/src/azl/BUILD/shim-15.8/gnu-efi//lib/error.c -o error.o
#7 92.18 gcc -std=gnu11 -ggdb -ffreestanding -fmacro-prefix-map=/usr/src/azl/BUILD/shim-15.8/= -fno-stack-protector -fno-strict-aliasing -fpic -fshort-wchar -nostdinc -m64 -mno-mmx -mno-sse -mno-red-zone -maccumulate-outgoing-args -Os -Wall -Wextra -Wno-missing-field-initializers -Wno-empty-body -Wno-implicit-fallthrough -Wno-old-style-declaration -Wno-unused-but-set-variable -Wno-unused-parameter -Werror -I/usr/src/azl/BUILD/shim-15.8/Cryptlib/OpenSSL -I/usr/src/azl/BUILD/shim-15.8/Cryptlib -I/usr/src/azl/BUILD/shim-15.8/Cryptlib/OpenSSL/Include/ -I/usr/src/azl/BUILD/shim-15.8/Cryptlib/OpenSSL/crypto -I/usr/src/azl/BUILD/shim-15.8/Cryptlib/Include -I/usr/src/azl/BUILD/shim-15.8/gnu-efi/inc -I/usr/src/azl/BUILD/shim-15.8/gnu-efi/inc/x86_64 -I/usr/src/azl/BUILD/shim-15.8/gnu-efi/inc/protocol -I/usr/src/azl/BUILD/shim-15.8/Cryptlib/OpenSSL/crypto/asn1 -I/usr/src/azl/BUILD/shim-15.8/Cryptlib/OpenSSL/crypto/evp -I/usr/src/azl/BUILD/shim-15.8/Cryptlib/OpenSSL/crypto/modes -I/usr/src/azl/BUILD/shim-15.8/Cryptlib/OpenSSL/crypto/include -isystem /usr/src/azl/BUILD/shim-15.8/include/system -isystem /usr/lib/gcc/x86_64-pc-linux-gnu/13.2.0/include -DL_ENDIAN -D_CRT_SECURE_NO_DEPRECATE -D_CRT_NONSTDC_NO_DEPRECATE -DOPENSSL_SMALL_FOOTPRINT -DPEDANTIC -DMDE_CPU_X64   -c -o crypto/modes/ccm128.o /usr/src/azl/BUILD/shim-15.8/Cryptlib/OpenSSL/crypto/modes/ccm128.c
#7 92.21 gcc -I/usr/src/azl/BUILD/shim-15.8/gnu-efi//lib -I/usr/src/azl/BUILD/shim-15.8/gnu-efi/inc -I/usr/src/azl/BUILD/shim-15.8/gnu-efi/inc/x86_64 -I/usr/src/azl/BUILD/shim-15.8/gnu-efi/inc/protocol -std=gnu11 -ggdb -ffreestanding -fmacro-prefix-map=/usr/src/azl/BUILD/shim-15.8/= -fno-stack-protector -fno-strict-aliasing -fpic -fshort-wchar -Os -Wall -Wextra -Wno-missing-field-initializers  -mno-mmx -mno-sse -mno-red-zone -nostdinc -maccumulate-outgoing-args  -m64 -DMDE_CPU_X64 -DPAGE_SIZE=4096 -Werror -nostdinc -I/usr/src/azl/BUILD/shim-15.8/Cryptlib -I/usr/src/azl/BUILD/shim-15.8/Cryptlib/Include -I/usr/src/azl/BUILD/shim-15.8/gnu-efi/inc -I/usr/src/azl/BUILD/shim-15.8/gnu-efi/inc/x86_64 -I/usr/src/azl/BUILD/shim-15.8/gnu-efi/inc/protocol -I/usr/src/azl/BUILD/shim-15.8/include -iquote /usr/src/azl/BUILD/shim-15.8 -iquote /usr/src/azl/BUILD/shim-15.8/build-x64 -isystem /usr/src/azl/BUILD/shim-15.8/include/system -isystem /usr/lib/gcc/x86_64-pc-linux-gnu/13.2.0/include -DDEFAULT_LOADER='L"\\\\grubx64.efi"' -DDEFAULT_LOADER_CHAR='"\\\\grubx64.efi"' -DEFI_ARCH='L"x64"' -DDEBUGDIR='L"/usr/lib/debug/usr/share/shim/x64-15.8/"' -DVENDOR_CERT_FILE=\"/usr/src/azl/SOURCES/azurelinux-ca-20230216.der\" -DGNU_EFI_USE_EXTERNAL_STDARG -Wno-error=pragmas -mno-red-zone -mno-avx -fpic  -Os -Wall -Wextra -Wno-missing-field-initializers -Werror -fshort-wchar -fno-strict-aliasing -ffreestanding -fno-stack-protector -fno-stack-check -nostdinc   -isystem /usr/src/azl/BUILD/shim-15.8/gnu-efi/../include/system -isystem /usr/lib/gcc/x86_64-pc-linux-gnu/13.2.0/include -fno-merge-all-constants -Wno-error=pragmas -mno-red-zone -mno-avx -fpic  -Os -Wall -Wextra -Wno-missing-field-initializers -Werror -fshort-wchar -fno-strict-aliasing -ffreestanding -fno-stack-protector -fno-stack-check -nostdinc   -isystem /usr/src/azl/BUILD/shim-15.8/gnu-efi/../include/system -isystem /usr/lib/gcc/x86_64-pc-linux-gnu/13.2.0/include -fno-merge-all-constants -DCONFIG_x86_64 -DGNU_EFI_USE_MS_ABI -DGNU_EFI_USE_EXTERNAL_STDARG -maccumulate-outgoing-args --std=c11 -c /usr/src/azl/BUILD/shim-15.8/gnu-efi//lib/event.c -o event.o
#7 92.29 gcc -I/usr/src/azl/BUILD/shim-15.8/gnu-efi//lib -I/usr/src/azl/BUILD/shim-15.8/gnu-efi/inc -I/usr/src/azl/BUILD/shim-15.8/gnu-efi/inc/x86_64 -I/usr/src/azl/BUILD/shim-15.8/gnu-efi/inc/protocol -std=gnu11 -ggdb -ffreestanding -fmacro-prefix-map=/usr/src/azl/BUILD/shim-15.8/= -fno-stack-protector -fno-strict-aliasing -fpic -fshort-wchar -Os -Wall -Wextra -Wno-missing-field-initializers  -mno-mmx -mno-sse -mno-red-zone -nostdinc -maccumulate-outgoing-args  -m64 -DMDE_CPU_X64 -DPAGE_SIZE=4096 -Werror -nostdinc -I/usr/src/azl/BUILD/shim-15.8/Cryptlib -I/usr/src/azl/BUILD/shim-15.8/Cryptlib/Include -I/usr/src/azl/BUILD/shim-15.8/gnu-efi/inc -I/usr/src/azl/BUILD/shim-15.8/gnu-efi/inc/x86_64 -I/usr/src/azl/BUILD/shim-15.8/gnu-efi/inc/protocol -I/usr/src/azl/BUILD/shim-15.8/include -iquote /usr/src/azl/BUILD/shim-15.8 -iquote /usr/src/azl/BUILD/shim-15.8/build-x64 -isystem /usr/src/azl/BUILD/shim-15.8/include/system -isystem /usr/lib/gcc/x86_64-pc-linux-gnu/13.2.0/include -DDEFAULT_LOADER='L"\\\\grubx64.efi"' -DDEFAULT_LOADER_CHAR='"\\\\grubx64.efi"' -DEFI_ARCH='L"x64"' -DDEBUGDIR='L"/usr/lib/debug/usr/share/shim/x64-15.8/"' -DVENDOR_CERT_FILE=\"/usr/src/azl/SOURCES/azurelinux-ca-20230216.der\" -DGNU_EFI_USE_EXTERNAL_STDARG -Wno-error=pragmas -mno-red-zone -mno-avx -fpic  -Os -Wall -Wextra -Wno-missing-field-initializers -Werror -fshort-wchar -fno-strict-aliasing -ffreestanding -fno-stack-protector -fno-stack-check -nostdinc   -isystem /usr/src/azl/BUILD/shim-15.8/gnu-efi/../include/system -isystem /usr/lib/gcc/x86_64-pc-linux-gnu/13.2.0/include -fno-merge-all-constants -Wno-error=pragmas -mno-red-zone -mno-avx -fpic  -Os -Wall -Wextra -Wno-missing-field-initializers -Werror -fshort-wchar -fno-strict-aliasing -ffreestanding -fno-stack-protector -fno-stack-check -nostdinc   -isystem /usr/src/azl/BUILD/shim-15.8/gnu-efi/../include/system -isystem /usr/lib/gcc/x86_64-pc-linux-gnu/13.2.0/include -fno-merge-all-constants -DCONFIG_x86_64 -DGNU_EFI_USE_MS_ABI -DGNU_EFI_USE_EXTERNAL_STDARG -maccumulate-outgoing-args --std=c11 -c /usr/src/azl/BUILD/shim-15.8/gnu-efi//lib/exit.c -o exit.o
#7 92.36 gcc -I/usr/src/azl/BUILD/shim-15.8/gnu-efi//lib -I/usr/src/azl/BUILD/shim-15.8/gnu-efi/inc -I/usr/src/azl/BUILD/shim-15.8/gnu-efi/inc/x86_64 -I/usr/src/azl/BUILD/shim-15.8/gnu-efi/inc/protocol -std=gnu11 -ggdb -ffreestanding -fmacro-prefix-map=/usr/src/azl/BUILD/shim-15.8/= -fno-stack-protector -fno-strict-aliasing -fpic -fshort-wchar -Os -Wall -Wextra -Wno-missing-field-initializers  -mno-mmx -mno-sse -mno-red-zone -nostdinc -maccumulate-outgoing-args  -m64 -DMDE_CPU_X64 -DPAGE_SIZE=4096 -Werror -nostdinc -I/usr/src/azl/BUILD/shim-15.8/Cryptlib -I/usr/src/azl/BUILD/shim-15.8/Cryptlib/Include -I/usr/src/azl/BUILD/shim-15.8/gnu-efi/inc -I/usr/src/azl/BUILD/shim-15.8/gnu-efi/inc/x86_64 -I/usr/src/azl/BUILD/shim-15.8/gnu-efi/inc/protocol -I/usr/src/azl/BUILD/shim-15.8/include -iquote /usr/src/azl/BUILD/shim-15.8 -iquote /usr/src/azl/BUILD/shim-15.8/build-x64 -isystem /usr/src/azl/BUILD/shim-15.8/include/system -isystem /usr/lib/gcc/x86_64-pc-linux-gnu/13.2.0/include -DDEFAULT_LOADER='L"\\\\grubx64.efi"' -DDEFAULT_LOADER_CHAR='"\\\\grubx64.efi"' -DEFI_ARCH='L"x64"' -DDEBUGDIR='L"/usr/lib/debug/usr/share/shim/x64-15.8/"' -DVENDOR_CERT_FILE=\"/usr/src/azl/SOURCES/azurelinux-ca-20230216.der\" -DGNU_EFI_USE_EXTERNAL_STDARG -Wno-error=pragmas -mno-red-zone -mno-avx -fpic  -Os -Wall -Wextra -Wno-missing-field-initializers -Werror -fshort-wchar -fno-strict-aliasing -ffreestanding -fno-stack-protector -fno-stack-check -nostdinc   -isystem /usr/src/azl/BUILD/shim-15.8/gnu-efi/../include/system -isystem /usr/lib/gcc/x86_64-pc-linux-gnu/13.2.0/include -fno-merge-all-constants -Wno-error=pragmas -mno-red-zone -mno-avx -fpic  -Os -Wall -Wextra -Wno-missing-field-initializers -Werror -fshort-wchar -fno-strict-aliasing -ffreestanding -fno-stack-protector -fno-stack-check -nostdinc   -isystem /usr/src/azl/BUILD/shim-15.8/gnu-efi/../include/system -isystem /usr/lib/gcc/x86_64-pc-linux-gnu/13.2.0/include -fno-merge-all-constants -DCONFIG_x86_64 -DGNU_EFI_USE_MS_ABI -DGNU_EFI_USE_EXTERNAL_STDARG -maccumulate-outgoing-args --std=c11 -c /usr/src/azl/BUILD/shim-15.8/gnu-efi//lib/guid.c -o guid.o
#7 92.43 gcc -I/usr/src/azl/BUILD/shim-15.8/gnu-efi//lib -I/usr/src/azl/BUILD/shim-15.8/gnu-efi/inc -I/usr/src/azl/BUILD/shim-15.8/gnu-efi/inc/x86_64 -I/usr/src/azl/BUILD/shim-15.8/gnu-efi/inc/protocol -std=gnu11 -ggdb -ffreestanding -fmacro-prefix-map=/usr/src/azl/BUILD/shim-15.8/= -fno-stack-protector -fno-strict-aliasing -fpic -fshort-wchar -Os -Wall -Wextra -Wno-missing-field-initializers  -mno-mmx -mno-sse -mno-red-zone -nostdinc -maccumulate-outgoing-args  -m64 -DMDE_CPU_X64 -DPAGE_SIZE=4096 -Werror -nostdinc -I/usr/src/azl/BUILD/shim-15.8/Cryptlib -I/usr/src/azl/BUILD/shim-15.8/Cryptlib/Include -I/usr/src/azl/BUILD/shim-15.8/gnu-efi/inc -I/usr/src/azl/BUILD/shim-15.8/gnu-efi/inc/x86_64 -I/usr/src/azl/BUILD/shim-15.8/gnu-efi/inc/protocol -I/usr/src/azl/BUILD/shim-15.8/include -iquote /usr/src/azl/BUILD/shim-15.8 -iquote /usr/src/azl/BUILD/shim-15.8/build-x64 -isystem /usr/src/azl/BUILD/shim-15.8/include/system -isystem /usr/lib/gcc/x86_64-pc-linux-gnu/13.2.0/include -DDEFAULT_LOADER='L"\\\\grubx64.efi"' -DDEFAULT_LOADER_CHAR='"\\\\grubx64.efi"' -DEFI_ARCH='L"x64"' -DDEBUGDIR='L"/usr/lib/debug/usr/share/shim/x64-15.8/"' -DVENDOR_CERT_FILE=\"/usr/src/azl/SOURCES/azurelinux-ca-20230216.der\" -DGNU_EFI_USE_EXTERNAL_STDARG -Wno-error=pragmas -mno-red-zone -mno-avx -fpic  -Os -Wall -Wextra -Wno-missing-field-initializers -Werror -fshort-wchar -fno-strict-aliasing -ffreestanding -fno-stack-protector -fno-stack-check -nostdinc   -isystem /usr/src/azl/BUILD/shim-15.8/gnu-efi/../include/system -isystem /usr/lib/gcc/x86_64-pc-linux-gnu/13.2.0/include -fno-merge-all-constants -Wno-error=pragmas -mno-red-zone -mno-avx -fpic  -Os -Wall -Wextra -Wno-missing-field-initializers -Werror -fshort-wchar -fno-strict-aliasing -ffreestanding -fno-stack-protector -fno-stack-check -nostdinc   -isystem /usr/src/azl/BUILD/shim-15.8/gnu-efi/../include/system -isystem /usr/lib/gcc/x86_64-pc-linux-gnu/13.2.0/include -fno-merge-all-constants -DCONFIG_x86_64 -DGNU_EFI_USE_MS_ABI -DGNU_EFI_USE_EXTERNAL_STDARG -maccumulate-outgoing-args --std=c11 -c /usr/src/azl/BUILD/shim-15.8/gnu-efi//lib/hand.c -o hand.o
#7 92.44 gcc -std=gnu11 -ggdb -ffreestanding -fmacro-prefix-map=/usr/src/azl/BUILD/shim-15.8/= -fno-stack-protector -fno-strict-aliasing -fpic -fshort-wchar -nostdinc -m64 -mno-mmx -mno-sse -mno-red-zone -maccumulate-outgoing-args -Os -Wall -Wextra -Wno-missing-field-initializers -Wno-empty-body -Wno-implicit-fallthrough -Wno-old-style-declaration -Wno-unused-but-set-variable -Wno-unused-parameter -Werror -I/usr/src/azl/BUILD/shim-15.8/Cryptlib/OpenSSL -I/usr/src/azl/BUILD/shim-15.8/Cryptlib -I/usr/src/azl/BUILD/shim-15.8/Cryptlib/OpenSSL/Include/ -I/usr/src/azl/BUILD/shim-15.8/Cryptlib/OpenSSL/crypto -I/usr/src/azl/BUILD/shim-15.8/Cryptlib/Include -I/usr/src/azl/BUILD/shim-15.8/gnu-efi/inc -I/usr/src/azl/BUILD/shim-15.8/gnu-efi/inc/x86_64 -I/usr/src/azl/BUILD/shim-15.8/gnu-efi/inc/protocol -I/usr/src/azl/BUILD/shim-15.8/Cryptlib/OpenSSL/crypto/asn1 -I/usr/src/azl/BUILD/shim-15.8/Cryptlib/OpenSSL/crypto/evp -I/usr/src/azl/BUILD/shim-15.8/Cryptlib/OpenSSL/crypto/modes -I/usr/src/azl/BUILD/shim-15.8/Cryptlib/OpenSSL/crypto/include -isystem /usr/src/azl/BUILD/shim-15.8/include/system -isystem /usr/lib/gcc/x86_64-pc-linux-gnu/13.2.0/include -DL_ENDIAN -D_CRT_SECURE_NO_DEPRECATE -D_CRT_NONSTDC_NO_DEPRECATE -DOPENSSL_SMALL_FOOTPRINT -DPEDANTIC -DMDE_CPU_X64   -c -o crypto/modes/xts128.o /usr/src/azl/BUILD/shim-15.8/Cryptlib/OpenSSL/crypto/modes/xts128.c
#7 92.55 gcc -std=gnu11 -ggdb -ffreestanding -fmacro-prefix-map=/usr/src/azl/BUILD/shim-15.8/= -fno-stack-protector -fno-strict-aliasing -fpic -fshort-wchar -nostdinc -m64 -mno-mmx -mno-sse -mno-red-zone -maccumulate-outgoing-args -Os -Wall -Wextra -Wno-missing-field-initializers -Wno-empty-body -Wno-implicit-fallthrough -Wno-old-style-declaration -Wno-unused-but-set-variable -Wno-unused-parameter -Werror -I/usr/src/azl/BUILD/shim-15.8/Cryptlib/OpenSSL -I/usr/src/azl/BUILD/shim-15.8/Cryptlib -I/usr/src/azl/BUILD/shim-15.8/Cryptlib/OpenSSL/Include/ -I/usr/src/azl/BUILD/shim-15.8/Cryptlib/OpenSSL/crypto -I/usr/src/azl/BUILD/shim-15.8/Cryptlib/Include -I/usr/src/azl/BUILD/shim-15.8/gnu-efi/inc -I/usr/src/azl/BUILD/shim-15.8/gnu-efi/inc/x86_64 -I/usr/src/azl/BUILD/shim-15.8/gnu-efi/inc/protocol -I/usr/src/azl/BUILD/shim-15.8/Cryptlib/OpenSSL/crypto/asn1 -I/usr/src/azl/BUILD/shim-15.8/Cryptlib/OpenSSL/crypto/evp -I/usr/src/azl/BUILD/shim-15.8/Cryptlib/OpenSSL/crypto/modes -I/usr/src/azl/BUILD/shim-15.8/Cryptlib/OpenSSL/crypto/include -isystem /usr/src/azl/BUILD/shim-15.8/include/system -isystem /usr/lib/gcc/x86_64-pc-linux-gnu/13.2.0/include -DL_ENDIAN -D_CRT_SECURE_NO_DEPRECATE -D_CRT_NONSTDC_NO_DEPRECATE -DOPENSSL_SMALL_FOOTPRINT -DPEDANTIC -DMDE_CPU_X64   -c -o crypto/modes/wrap128.o /usr/src/azl/BUILD/shim-15.8/Cryptlib/OpenSSL/crypto/modes/wrap128.c
#7 92.64 gcc -I/usr/src/azl/BUILD/shim-15.8/gnu-efi//lib -I/usr/src/azl/BUILD/shim-15.8/gnu-efi/inc -I/usr/src/azl/BUILD/shim-15.8/gnu-efi/inc/x86_64 -I/usr/src/azl/BUILD/shim-15.8/gnu-efi/inc/protocol -std=gnu11 -ggdb -ffreestanding -fmacro-prefix-map=/usr/src/azl/BUILD/shim-15.8/= -fno-stack-protector -fno-strict-aliasing -fpic -fshort-wchar -Os -Wall -Wextra -Wno-missing-field-initializers  -mno-mmx -mno-sse -mno-red-zone -nostdinc -maccumulate-outgoing-args  -m64 -DMDE_CPU_X64 -DPAGE_SIZE=4096 -Werror -nostdinc -I/usr/src/azl/BUILD/shim-15.8/Cryptlib -I/usr/src/azl/BUILD/shim-15.8/Cryptlib/Include -I/usr/src/azl/BUILD/shim-15.8/gnu-efi/inc -I/usr/src/azl/BUILD/shim-15.8/gnu-efi/inc/x86_64 -I/usr/src/azl/BUILD/shim-15.8/gnu-efi/inc/protocol -I/usr/src/azl/BUILD/shim-15.8/include -iquote /usr/src/azl/BUILD/shim-15.8 -iquote /usr/src/azl/BUILD/shim-15.8/build-x64 -isystem /usr/src/azl/BUILD/shim-15.8/include/system -isystem /usr/lib/gcc/x86_64-pc-linux-gnu/13.2.0/include -DDEFAULT_LOADER='L"\\\\grubx64.efi"' -DDEFAULT_LOADER_CHAR='"\\\\grubx64.efi"' -DEFI_ARCH='L"x64"' -DDEBUGDIR='L"/usr/lib/debug/usr/share/shim/x64-15.8/"' -DVENDOR_CERT_FILE=\"/usr/src/azl/SOURCES/azurelinux-ca-20230216.der\" -DGNU_EFI_USE_EXTERNAL_STDARG -Wno-error=pragmas -mno-red-zone -mno-avx -fpic  -Os -Wall -Wextra -Wno-missing-field-initializers -Werror -fshort-wchar -fno-strict-aliasing -ffreestanding -fno-stack-protector -fno-stack-check -nostdinc   -isystem /usr/src/azl/BUILD/shim-15.8/gnu-efi/../include/system -isystem /usr/lib/gcc/x86_64-pc-linux-gnu/13.2.0/include -fno-merge-all-constants -Wno-error=pragmas -mno-red-zone -mno-avx -fpic  -Os -Wall -Wextra -Wno-missing-field-initializers -Werror -fshort-wchar -fno-strict-aliasing -ffreestanding -fno-stack-protector -fno-stack-check -nostdinc   -isystem /usr/src/azl/BUILD/shim-15.8/gnu-efi/../include/system -isystem /usr/lib/gcc/x86_64-pc-linux-gnu/13.2.0/include -fno-merge-all-constants -DCONFIG_x86_64 -DGNU_EFI_USE_MS_ABI -DGNU_EFI_USE_EXTERNAL_STDARG -maccumulate-outgoing-args --std=c11 -c /usr/src/azl/BUILD/shim-15.8/gnu-efi//lib/hw.c -o hw.o
#7 92.66 gcc -std=gnu11 -ggdb -ffreestanding -fmacro-prefix-map=/usr/src/azl/BUILD/shim-15.8/= -fno-stack-protector -fno-strict-aliasing -fpic -fshort-wchar -nostdinc -m64 -mno-mmx -mno-sse -mno-red-zone -maccumulate-outgoing-args -Os -Wall -Wextra -Wno-missing-field-initializers -Wno-empty-body -Wno-implicit-fallthrough -Wno-old-style-declaration -Wno-unused-but-set-variable -Wno-unused-parameter -Werror -I/usr/src/azl/BUILD/shim-15.8/Cryptlib/OpenSSL -I/usr/src/azl/BUILD/shim-15.8/Cryptlib -I/usr/src/azl/BUILD/shim-15.8/Cryptlib/OpenSSL/Include/ -I/usr/src/azl/BUILD/shim-15.8/Cryptlib/OpenSSL/crypto -I/usr/src/azl/BUILD/shim-15.8/Cryptlib/Include -I/usr/src/azl/BUILD/shim-15.8/gnu-efi/inc -I/usr/src/azl/BUILD/shim-15.8/gnu-efi/inc/x86_64 -I/usr/src/azl/BUILD/shim-15.8/gnu-efi/inc/protocol -I/usr/src/azl/BUILD/shim-15.8/Cryptlib/OpenSSL/crypto/asn1 -I/usr/src/azl/BUILD/shim-15.8/Cryptlib/OpenSSL/crypto/evp -I/usr/src/azl/BUILD/shim-15.8/Cryptlib/OpenSSL/crypto/modes -I/usr/src/azl/BUILD/shim-15.8/Cryptlib/OpenSSL/crypto/include -isystem /usr/src/azl/BUILD/shim-15.8/include/system -isystem /usr/lib/gcc/x86_64-pc-linux-gnu/13.2.0/include -DL_ENDIAN -D_CRT_SECURE_NO_DEPRECATE -D_CRT_NONSTDC_NO_DEPRECATE -DOPENSSL_SMALL_FOOTPRINT -DPEDANTIC -DMDE_CPU_X64   -c -o crypto/bn/bn_add.o /usr/src/azl/BUILD/shim-15.8/Cryptlib/OpenSSL/crypto/bn/bn_add.c
#7 92.72 gcc -I/usr/src/azl/BUILD/shim-15.8/gnu-efi//lib -I/usr/src/azl/BUILD/shim-15.8/gnu-efi/inc -I/usr/src/azl/BUILD/shim-15.8/gnu-efi/inc/x86_64 -I/usr/src/azl/BUILD/shim-15.8/gnu-efi/inc/protocol -std=gnu11 -ggdb -ffreestanding -fmacro-prefix-map=/usr/src/azl/BUILD/shim-15.8/= -fno-stack-protector -fno-strict-aliasing -fpic -fshort-wchar -Os -Wall -Wextra -Wno-missing-field-initializers  -mno-mmx -mno-sse -mno-red-zone -nostdinc -maccumulate-outgoing-args  -m64 -DMDE_CPU_X64 -DPAGE_SIZE=4096 -Werror -nostdinc -I/usr/src/azl/BUILD/shim-15.8/Cryptlib -I/usr/src/azl/BUILD/shim-15.8/Cryptlib/Include -I/usr/src/azl/BUILD/shim-15.8/gnu-efi/inc -I/usr/src/azl/BUILD/shim-15.8/gnu-efi/inc/x86_64 -I/usr/src/azl/BUILD/shim-15.8/gnu-efi/inc/protocol -I/usr/src/azl/BUILD/shim-15.8/include -iquote /usr/src/azl/BUILD/shim-15.8 -iquote /usr/src/azl/BUILD/shim-15.8/build-x64 -isystem /usr/src/azl/BUILD/shim-15.8/include/system -isystem /usr/lib/gcc/x86_64-pc-linux-gnu/13.2.0/include -DDEFAULT_LOADER='L"\\\\grubx64.efi"' -DDEFAULT_LOADER_CHAR='"\\\\grubx64.efi"' -DEFI_ARCH='L"x64"' -DDEBUGDIR='L"/usr/lib/debug/usr/share/shim/x64-15.8/"' -DVENDOR_CERT_FILE=\"/usr/src/azl/SOURCES/azurelinux-ca-20230216.der\" -DGNU_EFI_USE_EXTERNAL_STDARG -Wno-error=pragmas -mno-red-zone -mno-avx -fpic  -Os -Wall -Wextra -Wno-missing-field-initializers -Werror -fshort-wchar -fno-strict-aliasing -ffreestanding -fno-stack-protector -fno-stack-check -nostdinc   -isystem /usr/src/azl/BUILD/shim-15.8/gnu-efi/../include/system -isystem /usr/lib/gcc/x86_64-pc-linux-gnu/13.2.0/include -fno-merge-all-constants -Wno-error=pragmas -mno-red-zone -mno-avx -fpic  -Os -Wall -Wextra -Wno-missing-field-initializers -Werror -fshort-wchar -fno-strict-aliasing -ffreestanding -fno-stack-protector -fno-stack-check -nostdinc   -isystem /usr/src/azl/BUILD/shim-15.8/gnu-efi/../include/system -isystem /usr/lib/gcc/x86_64-pc-linux-gnu/13.2.0/include -fno-merge-all-constants -DCONFIG_x86_64 -DGNU_EFI_USE_MS_ABI -DGNU_EFI_USE_EXTERNAL_STDARG -maccumulate-outgoing-args --std=c11 -c /usr/src/azl/BUILD/shim-15.8/gnu-efi//lib/init.c -o init.o
#7 92.80 gcc -std=gnu11 -ggdb -ffreestanding -fmacro-prefix-map=/usr/src/azl/BUILD/shim-15.8/= -fno-stack-protector -fno-strict-aliasing -fpic -fshort-wchar -nostdinc -m64 -mno-mmx -mno-sse -mno-red-zone -maccumulate-outgoing-args -Os -Wall -Wextra -Wno-missing-field-initializers -Wno-empty-body -Wno-implicit-fallthrough -Wno-old-style-declaration -Wno-unused-but-set-variable -Wno-unused-parameter -Werror -I/usr/src/azl/BUILD/shim-15.8/Cryptlib/OpenSSL -I/usr/src/azl/BUILD/shim-15.8/Cryptlib -I/usr/src/azl/BUILD/shim-15.8/Cryptlib/OpenSSL/Include/ -I/usr/src/azl/BUILD/shim-15.8/Cryptlib/OpenSSL/crypto -I/usr/src/azl/BUILD/shim-15.8/Cryptlib/Include -I/usr/src/azl/BUILD/shim-15.8/gnu-efi/inc -I/usr/src/azl/BUILD/shim-15.8/gnu-efi/inc/x86_64 -I/usr/src/azl/BUILD/shim-15.8/gnu-efi/inc/protocol -I/usr/src/azl/BUILD/shim-15.8/Cryptlib/OpenSSL/crypto/asn1 -I/usr/src/azl/BUILD/shim-15.8/Cryptlib/OpenSSL/crypto/evp -I/usr/src/azl/BUILD/shim-15.8/Cryptlib/OpenSSL/crypto/modes -I/usr/src/azl/BUILD/shim-15.8/Cryptlib/OpenSSL/crypto/include -isystem /usr/src/azl/BUILD/shim-15.8/include/system -isystem /usr/lib/gcc/x86_64-pc-linux-gnu/13.2.0/include -DL_ENDIAN -D_CRT_SECURE_NO_DEPRECATE -D_CRT_NONSTDC_NO_DEPRECATE -DOPENSSL_SMALL_FOOTPRINT -DPEDANTIC -DMDE_CPU_X64   -c -o crypto/bn/bn_div.o /usr/src/azl/BUILD/shim-15.8/Cryptlib/OpenSSL/crypto/bn/bn_div.c
#7 92.82 gcc -I/usr/src/azl/BUILD/shim-15.8/gnu-efi//lib -I/usr/src/azl/BUILD/shim-15.8/gnu-efi/inc -I/usr/src/azl/BUILD/shim-15.8/gnu-efi/inc/x86_64 -I/usr/src/azl/BUILD/shim-15.8/gnu-efi/inc/protocol -std=gnu11 -ggdb -ffreestanding -fmacro-prefix-map=/usr/src/azl/BUILD/shim-15.8/= -fno-stack-protector -fno-strict-aliasing -fpic -fshort-wchar -Os -Wall -Wextra -Wno-missing-field-initializers  -mno-mmx -mno-sse -mno-red-zone -nostdinc -maccumulate-outgoing-args  -m64 -DMDE_CPU_X64 -DPAGE_SIZE=4096 -Werror -nostdinc -I/usr/src/azl/BUILD/shim-15.8/Cryptlib -I/usr/src/azl/BUILD/shim-15.8/Cryptlib/Include -I/usr/src/azl/BUILD/shim-15.8/gnu-efi/inc -I/usr/src/azl/BUILD/shim-15.8/gnu-efi/inc/x86_64 -I/usr/src/azl/BUILD/shim-15.8/gnu-efi/inc/protocol -I/usr/src/azl/BUILD/shim-15.8/include -iquote /usr/src/azl/BUILD/shim-15.8 -iquote /usr/src/azl/BUILD/shim-15.8/build-x64 -isystem /usr/src/azl/BUILD/shim-15.8/include/system -isystem /usr/lib/gcc/x86_64-pc-linux-gnu/13.2.0/include -DDEFAULT_LOADER='L"\\\\grubx64.efi"' -DDEFAULT_LOADER_CHAR='"\\\\grubx64.efi"' -DEFI_ARCH='L"x64"' -DDEBUGDIR='L"/usr/lib/debug/usr/share/shim/x64-15.8/"' -DVENDOR_CERT_FILE=\"/usr/src/azl/SOURCES/azurelinux-ca-20230216.der\" -DGNU_EFI_USE_EXTERNAL_STDARG -Wno-error=pragmas -mno-red-zone -mno-avx -fpic  -Os -Wall -Wextra -Wno-missing-field-initializers -Werror -fshort-wchar -fno-strict-aliasing -ffreestanding -fno-stack-protector -fno-stack-check -nostdinc   -isystem /usr/src/azl/BUILD/shim-15.8/gnu-efi/../include/system -isystem /usr/lib/gcc/x86_64-pc-linux-gnu/13.2.0/include -fno-merge-all-constants -Wno-error=pragmas -mno-red-zone -mno-avx -fpic  -Os -Wall -Wextra -Wno-missing-field-initializers -Werror -fshort-wchar -fno-strict-aliasing -ffreestanding -fno-stack-protector -fno-stack-check -nostdinc   -isystem /usr/src/azl/BUILD/shim-15.8/gnu-efi/../include/system -isystem /usr/lib/gcc/x86_64-pc-linux-gnu/13.2.0/include -fno-merge-all-constants -DCONFIG_x86_64 -DGNU_EFI_USE_MS_ABI -DGNU_EFI_USE_EXTERNAL_STDARG -maccumulate-outgoing-args --std=c11 -c /usr/src/azl/BUILD/shim-15.8/gnu-efi//lib/lock.c -o lock.o
#7 92.87 gcc -I/usr/src/azl/BUILD/shim-15.8/gnu-efi//lib -I/usr/src/azl/BUILD/shim-15.8/gnu-efi/inc -I/usr/src/azl/BUILD/shim-15.8/gnu-efi/inc/x86_64 -I/usr/src/azl/BUILD/shim-15.8/gnu-efi/inc/protocol -std=gnu11 -ggdb -ffreestanding -fmacro-prefix-map=/usr/src/azl/BUILD/shim-15.8/= -fno-stack-protector -fno-strict-aliasing -fpic -fshort-wchar -Os -Wall -Wextra -Wno-missing-field-initializers  -mno-mmx -mno-sse -mno-red-zone -nostdinc -maccumulate-outgoing-args  -m64 -DMDE_CPU_X64 -DPAGE_SIZE=4096 -Werror -nostdinc -I/usr/src/azl/BUILD/shim-15.8/Cryptlib -I/usr/src/azl/BUILD/shim-15.8/Cryptlib/Include -I/usr/src/azl/BUILD/shim-15.8/gnu-efi/inc -I/usr/src/azl/BUILD/shim-15.8/gnu-efi/inc/x86_64 -I/usr/src/azl/BUILD/shim-15.8/gnu-efi/inc/protocol -I/usr/src/azl/BUILD/shim-15.8/include -iquote /usr/src/azl/BUILD/shim-15.8 -iquote /usr/src/azl/BUILD/shim-15.8/build-x64 -isystem /usr/src/azl/BUILD/shim-15.8/include/system -isystem /usr/lib/gcc/x86_64-pc-linux-gnu/13.2.0/include -DDEFAULT_LOADER='L"\\\\grubx64.efi"' -DDEFAULT_LOADER_CHAR='"\\\\grubx64.efi"' -DEFI_ARCH='L"x64"' -DDEBUGDIR='L"/usr/lib/debug/usr/share/shim/x64-15.8/"' -DVENDOR_CERT_FILE=\"/usr/src/azl/SOURCES/azurelinux-ca-20230216.der\" -DGNU_EFI_USE_EXTERNAL_STDARG -Wno-error=pragmas -mno-red-zone -mno-avx -fpic  -Os -Wall -Wextra -Wno-missing-field-initializers -Werror -fshort-wchar -fno-strict-aliasing -ffreestanding -fno-stack-protector -fno-stack-check -nostdinc   -isystem /usr/src/azl/BUILD/shim-15.8/gnu-efi/../include/system -isystem /usr/lib/gcc/x86_64-pc-linux-gnu/13.2.0/include -fno-merge-all-constants -Wno-error=pragmas -mno-red-zone -mno-avx -fpic  -Os -Wall -Wextra -Wno-missing-field-initializers -Werror -fshort-wchar -fno-strict-aliasing -ffreestanding -fno-stack-protector -fno-stack-check -nostdinc   -isystem /usr/src/azl/BUILD/shim-15.8/gnu-efi/../include/system -isystem /usr/lib/gcc/x86_64-pc-linux-gnu/13.2.0/include -fno-merge-all-constants -DCONFIG_x86_64 -DGNU_EFI_USE_MS_ABI -DGNU_EFI_USE_EXTERNAL_STDARG -maccumulate-outgoing-args --std=c11 -c /usr/src/azl/BUILD/shim-15.8/gnu-efi//lib/misc.c -o misc.o
#7 92.97 gcc -std=gnu11 -ggdb -ffreestanding -fmacro-prefix-map=/usr/src/azl/BUILD/shim-15.8/= -fno-stack-protector -fno-strict-aliasing -fpic -fshort-wchar -nostdinc -m64 -mno-mmx -mno-sse -mno-red-zone -maccumulate-outgoing-args -Os -Wall -Wextra -Wno-missing-field-initializers -Wno-empty-body -Wno-implicit-fallthrough -Wno-old-style-declaration -Wno-unused-but-set-variable -Wno-unused-parameter -Werror -I/usr/src/azl/BUILD/shim-15.8/Cryptlib/OpenSSL -I/usr/src/azl/BUILD/shim-15.8/Cryptlib -I/usr/src/azl/BUILD/shim-15.8/Cryptlib/OpenSSL/Include/ -I/usr/src/azl/BUILD/shim-15.8/Cryptlib/OpenSSL/crypto -I/usr/src/azl/BUILD/shim-15.8/Cryptlib/Include -I/usr/src/azl/BUILD/shim-15.8/gnu-efi/inc -I/usr/src/azl/BUILD/shim-15.8/gnu-efi/inc/x86_64 -I/usr/src/azl/BUILD/shim-15.8/gnu-efi/inc/protocol -I/usr/src/azl/BUILD/shim-15.8/Cryptlib/OpenSSL/crypto/asn1 -I/usr/src/azl/BUILD/shim-15.8/Cryptlib/OpenSSL/crypto/evp -I/usr/src/azl/BUILD/shim-15.8/Cryptlib/OpenSSL/crypto/modes -I/usr/src/azl/BUILD/shim-15.8/Cryptlib/OpenSSL/crypto/include -isystem /usr/src/azl/BUILD/shim-15.8/include/system -isystem /usr/lib/gcc/x86_64-pc-linux-gnu/13.2.0/include -DL_ENDIAN -D_CRT_SECURE_NO_DEPRECATE -D_CRT_NONSTDC_NO_DEPRECATE -DOPENSSL_SMALL_FOOTPRINT -DPEDANTIC -DMDE_CPU_X64   -c -o crypto/bn/bn_exp.o /usr/src/azl/BUILD/shim-15.8/Cryptlib/OpenSSL/crypto/bn/bn_exp.c
#7 93.12 gcc -I/usr/src/azl/BUILD/shim-15.8/gnu-efi//lib -I/usr/src/azl/BUILD/shim-15.8/gnu-efi/inc -I/usr/src/azl/BUILD/shim-15.8/gnu-efi/inc/x86_64 -I/usr/src/azl/BUILD/shim-15.8/gnu-efi/inc/protocol -std=gnu11 -ggdb -ffreestanding -fmacro-prefix-map=/usr/src/azl/BUILD/shim-15.8/= -fno-stack-protector -fno-strict-aliasing -fpic -fshort-wchar -Os -Wall -Wextra -Wno-missing-field-initializers  -mno-mmx -mno-sse -mno-red-zone -nostdinc -maccumulate-outgoing-args  -m64 -DMDE_CPU_X64 -DPAGE_SIZE=4096 -Werror -nostdinc -I/usr/src/azl/BUILD/shim-15.8/Cryptlib -I/usr/src/azl/BUILD/shim-15.8/Cryptlib/Include -I/usr/src/azl/BUILD/shim-15.8/gnu-efi/inc -I/usr/src/azl/BUILD/shim-15.8/gnu-efi/inc/x86_64 -I/usr/src/azl/BUILD/shim-15.8/gnu-efi/inc/protocol -I/usr/src/azl/BUILD/shim-15.8/include -iquote /usr/src/azl/BUILD/shim-15.8 -iquote /usr/src/azl/BUILD/shim-15.8/build-x64 -isystem /usr/src/azl/BUILD/shim-15.8/include/system -isystem /usr/lib/gcc/x86_64-pc-linux-gnu/13.2.0/include -DDEFAULT_LOADER='L"\\\\grubx64.efi"' -DDEFAULT_LOADER_CHAR='"\\\\grubx64.efi"' -DEFI_ARCH='L"x64"' -DDEBUGDIR='L"/usr/lib/debug/usr/share/shim/x64-15.8/"' -DVENDOR_CERT_FILE=\"/usr/src/azl/SOURCES/azurelinux-ca-20230216.der\" -DGNU_EFI_USE_EXTERNAL_STDARG -Wno-error=pragmas -mno-red-zone -mno-avx -fpic  -Os -Wall -Wextra -Wno-missing-field-initializers -Werror -fshort-wchar -fno-strict-aliasing -ffreestanding -fno-stack-protector -fno-stack-check -nostdinc   -isystem /usr/src/azl/BUILD/shim-15.8/gnu-efi/../include/system -isystem /usr/lib/gcc/x86_64-pc-linux-gnu/13.2.0/include -fno-merge-all-constants -Wno-error=pragmas -mno-red-zone -mno-avx -fpic  -Os -Wall -Wextra -Wno-missing-field-initializers -Werror -fshort-wchar -fno-strict-aliasing -ffreestanding -fno-stack-protector -fno-stack-check -nostdinc   -isystem /usr/src/azl/BUILD/shim-15.8/gnu-efi/../include/system -isystem /usr/lib/gcc/x86_64-pc-linux-gnu/13.2.0/include -fno-merge-all-constants -DCONFIG_x86_64 -DGNU_EFI_USE_MS_ABI -DGNU_EFI_USE_EXTERNAL_STDARG -maccumulate-outgoing-args --std=c11 -c /usr/src/azl/BUILD/shim-15.8/gnu-efi//lib/pause.c -o pause.o
#7 93.18 gcc -I/usr/src/azl/BUILD/shim-15.8/gnu-efi//lib -I/usr/src/azl/BUILD/shim-15.8/gnu-efi/inc -I/usr/src/azl/BUILD/shim-15.8/gnu-efi/inc/x86_64 -I/usr/src/azl/BUILD/shim-15.8/gnu-efi/inc/protocol -std=gnu11 -ggdb -ffreestanding -fmacro-prefix-map=/usr/src/azl/BUILD/shim-15.8/= -fno-stack-protector -fno-strict-aliasing -fpic -fshort-wchar -Os -Wall -Wextra -Wno-missing-field-initializers  -mno-mmx -mno-sse -mno-red-zone -nostdinc -maccumulate-outgoing-args  -m64 -DMDE_CPU_X64 -DPAGE_SIZE=4096 -Werror -nostdinc -I/usr/src/azl/BUILD/shim-15.8/Cryptlib -I/usr/src/azl/BUILD/shim-15.8/Cryptlib/Include -I/usr/src/azl/BUILD/shim-15.8/gnu-efi/inc -I/usr/src/azl/BUILD/shim-15.8/gnu-efi/inc/x86_64 -I/usr/src/azl/BUILD/shim-15.8/gnu-efi/inc/protocol -I/usr/src/azl/BUILD/shim-15.8/include -iquote /usr/src/azl/BUILD/shim-15.8 -iquote /usr/src/azl/BUILD/shim-15.8/build-x64 -isystem /usr/src/azl/BUILD/shim-15.8/include/system -isystem /usr/lib/gcc/x86_64-pc-linux-gnu/13.2.0/include -DDEFAULT_LOADER='L"\\\\grubx64.efi"' -DDEFAULT_LOADER_CHAR='"\\\\grubx64.efi"' -DEFI_ARCH='L"x64"' -DDEBUGDIR='L"/usr/lib/debug/usr/share/shim/x64-15.8/"' -DVENDOR_CERT_FILE=\"/usr/src/azl/SOURCES/azurelinux-ca-20230216.der\" -DGNU_EFI_USE_EXTERNAL_STDARG -Wno-error=pragmas -mno-red-zone -mno-avx -fpic  -Os -Wall -Wextra -Wno-missing-field-initializers -Werror -fshort-wchar -fno-strict-aliasing -ffreestanding -fno-stack-protector -fno-stack-check -nostdinc   -isystem /usr/src/azl/BUILD/shim-15.8/gnu-efi/../include/system -isystem /usr/lib/gcc/x86_64-pc-linux-gnu/13.2.0/include -fno-merge-all-constants -Wno-error=pragmas -mno-red-zone -mno-avx -fpic  -Os -Wall -Wextra -Wno-missing-field-initializers -Werror -fshort-wchar -fno-strict-aliasing -ffreestanding -fno-stack-protector -fno-stack-check -nostdinc   -isystem /usr/src/azl/BUILD/shim-15.8/gnu-efi/../include/system -isystem /usr/lib/gcc/x86_64-pc-linux-gnu/13.2.0/include -fno-merge-all-constants -DCONFIG_x86_64 -DGNU_EFI_USE_MS_ABI -DGNU_EFI_USE_EXTERNAL_STDARG -maccumulate-outgoing-args --std=c11 -c /usr/src/azl/BUILD/shim-15.8/gnu-efi//lib/print.c -o print.o
#7 93.43 gcc -std=gnu11 -ggdb -ffreestanding -fmacro-prefix-map=/usr/src/azl/BUILD/shim-15.8/= -fno-stack-protector -fno-strict-aliasing -fpic -fshort-wchar -nostdinc -m64 -mno-mmx -mno-sse -mno-red-zone -maccumulate-outgoing-args -Os -Wall -Wextra -Wno-missing-field-initializers -Wno-empty-body -Wno-implicit-fallthrough -Wno-old-style-declaration -Wno-unused-but-set-variable -Wno-unused-parameter -Werror -I/usr/src/azl/BUILD/shim-15.8/Cryptlib/OpenSSL -I/usr/src/azl/BUILD/shim-15.8/Cryptlib -I/usr/src/azl/BUILD/shim-15.8/Cryptlib/OpenSSL/Include/ -I/usr/src/azl/BUILD/shim-15.8/Cryptlib/OpenSSL/crypto -I/usr/src/azl/BUILD/shim-15.8/Cryptlib/Include -I/usr/src/azl/BUILD/shim-15.8/gnu-efi/inc -I/usr/src/azl/BUILD/shim-15.8/gnu-efi/inc/x86_64 -I/usr/src/azl/BUILD/shim-15.8/gnu-efi/inc/protocol -I/usr/src/azl/BUILD/shim-15.8/Cryptlib/OpenSSL/crypto/asn1 -I/usr/src/azl/BUILD/shim-15.8/Cryptlib/OpenSSL/crypto/evp -I/usr/src/azl/BUILD/shim-15.8/Cryptlib/OpenSSL/crypto/modes -I/usr/src/azl/BUILD/shim-15.8/Cryptlib/OpenSSL/crypto/include -isystem /usr/src/azl/BUILD/shim-15.8/include/system -isystem /usr/lib/gcc/x86_64-pc-linux-gnu/13.2.0/include -DL_ENDIAN -D_CRT_SECURE_NO_DEPRECATE -D_CRT_NONSTDC_NO_DEPRECATE -DOPENSSL_SMALL_FOOTPRINT -DPEDANTIC -DMDE_CPU_X64   -c -o crypto/bn/bn_lib.o /usr/src/azl/BUILD/shim-15.8/Cryptlib/OpenSSL/crypto/bn/bn_lib.c
#7 93.59 gcc -I/usr/src/azl/BUILD/shim-15.8/gnu-efi//lib -I/usr/src/azl/BUILD/shim-15.8/gnu-efi/inc -I/usr/src/azl/BUILD/shim-15.8/gnu-efi/inc/x86_64 -I/usr/src/azl/BUILD/shim-15.8/gnu-efi/inc/protocol -std=gnu11 -ggdb -ffreestanding -fmacro-prefix-map=/usr/src/azl/BUILD/shim-15.8/= -fno-stack-protector -fno-strict-aliasing -fpic -fshort-wchar -Os -Wall -Wextra -Wno-missing-field-initializers  -mno-mmx -mno-sse -mno-red-zone -nostdinc -maccumulate-outgoing-args  -m64 -DMDE_CPU_X64 -DPAGE_SIZE=4096 -Werror -nostdinc -I/usr/src/azl/BUILD/shim-15.8/Cryptlib -I/usr/src/azl/BUILD/shim-15.8/Cryptlib/Include -I/usr/src/azl/BUILD/shim-15.8/gnu-efi/inc -I/usr/src/azl/BUILD/shim-15.8/gnu-efi/inc/x86_64 -I/usr/src/azl/BUILD/shim-15.8/gnu-efi/inc/protocol -I/usr/src/azl/BUILD/shim-15.8/include -iquote /usr/src/azl/BUILD/shim-15.8 -iquote /usr/src/azl/BUILD/shim-15.8/build-x64 -isystem /usr/src/azl/BUILD/shim-15.8/include/system -isystem /usr/lib/gcc/x86_64-pc-linux-gnu/13.2.0/include -DDEFAULT_LOADER='L"\\\\grubx64.efi"' -DDEFAULT_LOADER_CHAR='"\\\\grubx64.efi"' -DEFI_ARCH='L"x64"' -DDEBUGDIR='L"/usr/lib/debug/usr/share/shim/x64-15.8/"' -DVENDOR_CERT_FILE=\"/usr/src/azl/SOURCES/azurelinux-ca-20230216.der\" -DGNU_EFI_USE_EXTERNAL_STDARG -Wno-error=pragmas -mno-red-zone -mno-avx -fpic  -Os -Wall -Wextra -Wno-missing-field-initializers -Werror -fshort-wchar -fno-strict-aliasing -ffreestanding -fno-stack-protector -fno-stack-check -nostdinc   -isystem /usr/src/azl/BUILD/shim-15.8/gnu-efi/../include/system -isystem /usr/lib/gcc/x86_64-pc-linux-gnu/13.2.0/include -fno-merge-all-constants -Wno-error=pragmas -mno-red-zone -mno-avx -fpic  -Os -Wall -Wextra -Wno-missing-field-initializers -Werror -fshort-wchar -fno-strict-aliasing -ffreestanding -fno-stack-protector -fno-stack-check -nostdinc   -isystem /usr/src/azl/BUILD/shim-15.8/gnu-efi/../include/system -isystem /usr/lib/gcc/x86_64-pc-linux-gnu/13.2.0/include -fno-merge-all-constants -DCONFIG_x86_64 -DGNU_EFI_USE_MS_ABI -DGNU_EFI_USE_EXTERNAL_STDARG -maccumulate-outgoing-args --std=c11 -c /usr/src/azl/BUILD/shim-15.8/gnu-efi//lib/sread.c -o sread.o
#7 93.70 gcc -I/usr/src/azl/BUILD/shim-15.8/gnu-efi//lib -I/usr/src/azl/BUILD/shim-15.8/gnu-efi/inc -I/usr/src/azl/BUILD/shim-15.8/gnu-efi/inc/x86_64 -I/usr/src/azl/BUILD/shim-15.8/gnu-efi/inc/protocol -std=gnu11 -ggdb -ffreestanding -fmacro-prefix-map=/usr/src/azl/BUILD/shim-15.8/= -fno-stack-protector -fno-strict-aliasing -fpic -fshort-wchar -Os -Wall -Wextra -Wno-missing-field-initializers  -mno-mmx -mno-sse -mno-red-zone -nostdinc -maccumulate-outgoing-args  -m64 -DMDE_CPU_X64 -DPAGE_SIZE=4096 -Werror -nostdinc -I/usr/src/azl/BUILD/shim-15.8/Cryptlib -I/usr/src/azl/BUILD/shim-15.8/Cryptlib/Include -I/usr/src/azl/BUILD/shim-15.8/gnu-efi/inc -I/usr/src/azl/BUILD/shim-15.8/gnu-efi/inc/x86_64 -I/usr/src/azl/BUILD/shim-15.8/gnu-efi/inc/protocol -I/usr/src/azl/BUILD/shim-15.8/include -iquote /usr/src/azl/BUILD/shim-15.8 -iquote /usr/src/azl/BUILD/shim-15.8/build-x64 -isystem /usr/src/azl/BUILD/shim-15.8/include/system -isystem /usr/lib/gcc/x86_64-pc-linux-gnu/13.2.0/include -DDEFAULT_LOADER='L"\\\\grubx64.efi"' -DDEFAULT_LOADER_CHAR='"\\\\grubx64.efi"' -DEFI_ARCH='L"x64"' -DDEBUGDIR='L"/usr/lib/debug/usr/share/shim/x64-15.8/"' -DVENDOR_CERT_FILE=\"/usr/src/azl/SOURCES/azurelinux-ca-20230216.der\" -DGNU_EFI_USE_EXTERNAL_STDARG -Wno-error=pragmas -mno-red-zone -mno-avx -fpic  -Os -Wall -Wextra -Wno-missing-field-initializers -Werror -fshort-wchar -fno-strict-aliasing -ffreestanding -fno-stack-protector -fno-stack-check -nostdinc   -isystem /usr/src/azl/BUILD/shim-15.8/gnu-efi/../include/system -isystem /usr/lib/gcc/x86_64-pc-linux-gnu/13.2.0/include -fno-merge-all-constants -Wno-error=pragmas -mno-red-zone -mno-avx -fpic  -Os -Wall -Wextra -Wno-missing-field-initializers -Werror -fshort-wchar -fno-strict-aliasing -ffreestanding -fno-stack-protector -fno-stack-check -nostdinc   -isystem /usr/src/azl/BUILD/shim-15.8/gnu-efi/../include/system -isystem /usr/lib/gcc/x86_64-pc-linux-gnu/13.2.0/include -fno-merge-all-constants -DCONFIG_x86_64 -DGNU_EFI_USE_MS_ABI -DGNU_EFI_USE_EXTERNAL_STDARG -maccumulate-outgoing-args --std=c11 -c /usr/src/azl/BUILD/shim-15.8/gnu-efi//lib/str.c -o str.o
#7 93.74 gcc -std=gnu11 -ggdb -ffreestanding -fmacro-prefix-map=/usr/src/azl/BUILD/shim-15.8/= -fno-stack-protector -fno-strict-aliasing -fpic -fshort-wchar -nostdinc -m64 -mno-mmx -mno-sse -mno-red-zone -maccumulate-outgoing-args -Os -Wall -Wextra -Wno-missing-field-initializers -Wno-empty-body -Wno-implicit-fallthrough -Wno-old-style-declaration -Wno-unused-but-set-variable -Wno-unused-parameter -Werror -I/usr/src/azl/BUILD/shim-15.8/Cryptlib/OpenSSL -I/usr/src/azl/BUILD/shim-15.8/Cryptlib -I/usr/src/azl/BUILD/shim-15.8/Cryptlib/OpenSSL/Include/ -I/usr/src/azl/BUILD/shim-15.8/Cryptlib/OpenSSL/crypto -I/usr/src/azl/BUILD/shim-15.8/Cryptlib/Include -I/usr/src/azl/BUILD/shim-15.8/gnu-efi/inc -I/usr/src/azl/BUILD/shim-15.8/gnu-efi/inc/x86_64 -I/usr/src/azl/BUILD/shim-15.8/gnu-efi/inc/protocol -I/usr/src/azl/BUILD/shim-15.8/Cryptlib/OpenSSL/crypto/asn1 -I/usr/src/azl/BUILD/shim-15.8/Cryptlib/OpenSSL/crypto/evp -I/usr/src/azl/BUILD/shim-15.8/Cryptlib/OpenSSL/crypto/modes -I/usr/src/azl/BUILD/shim-15.8/Cryptlib/OpenSSL/crypto/include -isystem /usr/src/azl/BUILD/shim-15.8/include/system -isystem /usr/lib/gcc/x86_64-pc-linux-gnu/13.2.0/include -DL_ENDIAN -D_CRT_SECURE_NO_DEPRECATE -D_CRT_NONSTDC_NO_DEPRECATE -DOPENSSL_SMALL_FOOTPRINT -DPEDANTIC -DMDE_CPU_X64   -c -o crypto/bn/bn_ctx.o /usr/src/azl/BUILD/shim-15.8/Cryptlib/OpenSSL/crypto/bn/bn_ctx.c
#7 93.87 gcc -std=gnu11 -ggdb -ffreestanding -fmacro-prefix-map=/usr/src/azl/BUILD/shim-15.8/= -fno-stack-protector -fno-strict-aliasing -fpic -fshort-wchar -nostdinc -m64 -mno-mmx -mno-sse -mno-red-zone -maccumulate-outgoing-args -Os -Wall -Wextra -Wno-missing-field-initializers -Wno-empty-body -Wno-implicit-fallthrough -Wno-old-style-declaration -Wno-unused-but-set-variable -Wno-unused-parameter -Werror -I/usr/src/azl/BUILD/shim-15.8/Cryptlib/OpenSSL -I/usr/src/azl/BUILD/shim-15.8/Cryptlib -I/usr/src/azl/BUILD/shim-15.8/Cryptlib/OpenSSL/Include/ -I/usr/src/azl/BUILD/shim-15.8/Cryptlib/OpenSSL/crypto -I/usr/src/azl/BUILD/shim-15.8/Cryptlib/Include -I/usr/src/azl/BUILD/shim-15.8/gnu-efi/inc -I/usr/src/azl/BUILD/shim-15.8/gnu-efi/inc/x86_64 -I/usr/src/azl/BUILD/shim-15.8/gnu-efi/inc/protocol -I/usr/src/azl/BUILD/shim-15.8/Cryptlib/OpenSSL/crypto/asn1 -I/usr/src/azl/BUILD/shim-15.8/Cryptlib/OpenSSL/crypto/evp -I/usr/src/azl/BUILD/shim-15.8/Cryptlib/OpenSSL/crypto/modes -I/usr/src/azl/BUILD/shim-15.8/Cryptlib/OpenSSL/crypto/include -isystem /usr/src/azl/BUILD/shim-15.8/include/system -isystem /usr/lib/gcc/x86_64-pc-linux-gnu/13.2.0/include -DL_ENDIAN -D_CRT_SECURE_NO_DEPRECATE -D_CRT_NONSTDC_NO_DEPRECATE -DOPENSSL_SMALL_FOOTPRINT -DPEDANTIC -DMDE_CPU_X64   -c -o crypto/bn/bn_mul.o /usr/src/azl/BUILD/shim-15.8/Cryptlib/OpenSSL/crypto/bn/bn_mul.c
#7 93.93 gcc -I/usr/src/azl/BUILD/shim-15.8/gnu-efi//lib -I/usr/src/azl/BUILD/shim-15.8/gnu-efi/inc -I/usr/src/azl/BUILD/shim-15.8/gnu-efi/inc/x86_64 -I/usr/src/azl/BUILD/shim-15.8/gnu-efi/inc/protocol -std=gnu11 -ggdb -ffreestanding -fmacro-prefix-map=/usr/src/azl/BUILD/shim-15.8/= -fno-stack-protector -fno-strict-aliasing -fpic -fshort-wchar -Os -Wall -Wextra -Wno-missing-field-initializers  -mno-mmx -mno-sse -mno-red-zone -nostdinc -maccumulate-outgoing-args  -m64 -DMDE_CPU_X64 -DPAGE_SIZE=4096 -Werror -nostdinc -I/usr/src/azl/BUILD/shim-15.8/Cryptlib -I/usr/src/azl/BUILD/shim-15.8/Cryptlib/Include -I/usr/src/azl/BUILD/shim-15.8/gnu-efi/inc -I/usr/src/azl/BUILD/shim-15.8/gnu-efi/inc/x86_64 -I/usr/src/azl/BUILD/shim-15.8/gnu-efi/inc/protocol -I/usr/src/azl/BUILD/shim-15.8/include -iquote /usr/src/azl/BUILD/shim-15.8 -iquote /usr/src/azl/BUILD/shim-15.8/build-x64 -isystem /usr/src/azl/BUILD/shim-15.8/include/system -isystem /usr/lib/gcc/x86_64-pc-linux-gnu/13.2.0/include -DDEFAULT_LOADER='L"\\\\grubx64.efi"' -DDEFAULT_LOADER_CHAR='"\\\\grubx64.efi"' -DEFI_ARCH='L"x64"' -DDEBUGDIR='L"/usr/lib/debug/usr/share/shim/x64-15.8/"' -DVENDOR_CERT_FILE=\"/usr/src/azl/SOURCES/azurelinux-ca-20230216.der\" -DGNU_EFI_USE_EXTERNAL_STDARG -Wno-error=pragmas -mno-red-zone -mno-avx -fpic  -Os -Wall -Wextra -Wno-missing-field-initializers -Werror -fshort-wchar -fno-strict-aliasing -ffreestanding -fno-stack-protector -fno-stack-check -nostdinc   -isystem /usr/src/azl/BUILD/shim-15.8/gnu-efi/../include/system -isystem /usr/lib/gcc/x86_64-pc-linux-gnu/13.2.0/include -fno-merge-all-constants -Wno-error=pragmas -mno-red-zone -mno-avx -fpic  -Os -Wall -Wextra -Wno-missing-field-initializers -Werror -fshort-wchar -fno-strict-aliasing -ffreestanding -fno-stack-protector -fno-stack-check -nostdinc   -isystem /usr/src/azl/BUILD/shim-15.8/gnu-efi/../include/system -isystem /usr/lib/gcc/x86_64-pc-linux-gnu/13.2.0/include -fno-merge-all-constants -DCONFIG_x86_64 -DGNU_EFI_USE_MS_ABI -DGNU_EFI_USE_EXTERNAL_STDARG -maccumulate-outgoing-args --std=c11 -c /usr/src/azl/BUILD/shim-15.8/gnu-efi//lib/cmdline.c -o cmdline.o
#7 94.02 gcc -I/usr/src/azl/BUILD/shim-15.8/gnu-efi//lib -I/usr/src/azl/BUILD/shim-15.8/gnu-efi/inc -I/usr/src/azl/BUILD/shim-15.8/gnu-efi/inc/x86_64 -I/usr/src/azl/BUILD/shim-15.8/gnu-efi/inc/protocol -std=gnu11 -ggdb -ffreestanding -fmacro-prefix-map=/usr/src/azl/BUILD/shim-15.8/= -fno-stack-protector -fno-strict-aliasing -fpic -fshort-wchar -Os -Wall -Wextra -Wno-missing-field-initializers  -mno-mmx -mno-sse -mno-red-zone -nostdinc -maccumulate-outgoing-args  -m64 -DMDE_CPU_X64 -DPAGE_SIZE=4096 -Werror -nostdinc -I/usr/src/azl/BUILD/shim-15.8/Cryptlib -I/usr/src/azl/BUILD/shim-15.8/Cryptlib/Include -I/usr/src/azl/BUILD/shim-15.8/gnu-efi/inc -I/usr/src/azl/BUILD/shim-15.8/gnu-efi/inc/x86_64 -I/usr/src/azl/BUILD/shim-15.8/gnu-efi/inc/protocol -I/usr/src/azl/BUILD/shim-15.8/include -iquote /usr/src/azl/BUILD/shim-15.8 -iquote /usr/src/azl/BUILD/shim-15.8/build-x64 -isystem /usr/src/azl/BUILD/shim-15.8/include/system -isystem /usr/lib/gcc/x86_64-pc-linux-gnu/13.2.0/include -DDEFAULT_LOADER='L"\\\\grubx64.efi"' -DDEFAULT_LOADER_CHAR='"\\\\grubx64.efi"' -DEFI_ARCH='L"x64"' -DDEBUGDIR='L"/usr/lib/debug/usr/share/shim/x64-15.8/"' -DVENDOR_CERT_FILE=\"/usr/src/azl/SOURCES/azurelinux-ca-20230216.der\" -DGNU_EFI_USE_EXTERNAL_STDARG -Wno-error=pragmas -mno-red-zone -mno-avx -fpic  -Os -Wall -Wextra -Wno-missing-field-initializers -Werror -fshort-wchar -fno-strict-aliasing -ffreestanding -fno-stack-protector -fno-stack-check -nostdinc   -isystem /usr/src/azl/BUILD/shim-15.8/gnu-efi/../include/system -isystem /usr/lib/gcc/x86_64-pc-linux-gnu/13.2.0/include -fno-merge-all-constants -Wno-error=pragmas -mno-red-zone -mno-avx -fpic  -Os -Wall -Wextra -Wno-missing-field-initializers -Werror -fshort-wchar -fno-strict-aliasing -ffreestanding -fno-stack-protector -fno-stack-check -nostdinc   -isystem /usr/src/azl/BUILD/shim-15.8/gnu-efi/../include/system -isystem /usr/lib/gcc/x86_64-pc-linux-gnu/13.2.0/include -fno-merge-all-constants -DCONFIG_x86_64 -DGNU_EFI_USE_MS_ABI -DGNU_EFI_USE_EXTERNAL_STDARG -maccumulate-outgoing-args --std=c11 -c /usr/src/azl/BUILD/shim-15.8/gnu-efi//lib/runtime/rtlock.c -o runtime/rtlock.o
#7 94.07 gcc -std=gnu11 -ggdb -ffreestanding -fmacro-prefix-map=/usr/src/azl/BUILD/shim-15.8/= -fno-stack-protector -fno-strict-aliasing -fpic -fshort-wchar -nostdinc -m64 -mno-mmx -mno-sse -mno-red-zone -maccumulate-outgoing-args -Os -Wall -Wextra -Wno-missing-field-initializers -Wno-empty-body -Wno-implicit-fallthrough -Wno-old-style-declaration -Wno-unused-but-set-variable -Wno-unused-parameter -Werror -I/usr/src/azl/BUILD/shim-15.8/Cryptlib/OpenSSL -I/usr/src/azl/BUILD/shim-15.8/Cryptlib -I/usr/src/azl/BUILD/shim-15.8/Cryptlib/OpenSSL/Include/ -I/usr/src/azl/BUILD/shim-15.8/Cryptlib/OpenSSL/crypto -I/usr/src/azl/BUILD/shim-15.8/Cryptlib/Include -I/usr/src/azl/BUILD/shim-15.8/gnu-efi/inc -I/usr/src/azl/BUILD/shim-15.8/gnu-efi/inc/x86_64 -I/usr/src/azl/BUILD/shim-15.8/gnu-efi/inc/protocol -I/usr/src/azl/BUILD/shim-15.8/Cryptlib/OpenSSL/crypto/asn1 -I/usr/src/azl/BUILD/shim-15.8/Cryptlib/OpenSSL/crypto/evp -I/usr/src/azl/BUILD/shim-15.8/Cryptlib/OpenSSL/crypto/modes -I/usr/src/azl/BUILD/shim-15.8/Cryptlib/OpenSSL/crypto/include -isystem /usr/src/azl/BUILD/shim-15.8/include/system -isystem /usr/lib/gcc/x86_64-pc-linux-gnu/13.2.0/include -DL_ENDIAN -D_CRT_SECURE_NO_DEPRECATE -D_CRT_NONSTDC_NO_DEPRECATE -DOPENSSL_SMALL_FOOTPRINT -DPEDANTIC -DMDE_CPU_X64   -c -o crypto/bn/bn_mod.o /usr/src/azl/BUILD/shim-15.8/Cryptlib/OpenSSL/crypto/bn/bn_mod.c
#7 94.09 gcc -I/usr/src/azl/BUILD/shim-15.8/gnu-efi//lib -I/usr/src/azl/BUILD/shim-15.8/gnu-efi/inc -I/usr/src/azl/BUILD/shim-15.8/gnu-efi/inc/x86_64 -I/usr/src/azl/BUILD/shim-15.8/gnu-efi/inc/protocol -std=gnu11 -ggdb -ffreestanding -fmacro-prefix-map=/usr/src/azl/BUILD/shim-15.8/= -fno-stack-protector -fno-strict-aliasing -fpic -fshort-wchar -Os -Wall -Wextra -Wno-missing-field-initializers  -mno-mmx -mno-sse -mno-red-zone -nostdinc -maccumulate-outgoing-args  -m64 -DMDE_CPU_X64 -DPAGE_SIZE=4096 -Werror -nostdinc -I/usr/src/azl/BUILD/shim-15.8/Cryptlib -I/usr/src/azl/BUILD/shim-15.8/Cryptlib/Include -I/usr/src/azl/BUILD/shim-15.8/gnu-efi/inc -I/usr/src/azl/BUILD/shim-15.8/gnu-efi/inc/x86_64 -I/usr/src/azl/BUILD/shim-15.8/gnu-efi/inc/protocol -I/usr/src/azl/BUILD/shim-15.8/include -iquote /usr/src/azl/BUILD/shim-15.8 -iquote /usr/src/azl/BUILD/shim-15.8/build-x64 -isystem /usr/src/azl/BUILD/shim-15.8/include/system -isystem /usr/lib/gcc/x86_64-pc-linux-gnu/13.2.0/include -DDEFAULT_LOADER='L"\\\\grubx64.efi"' -DDEFAULT_LOADER_CHAR='"\\\\grubx64.efi"' -DEFI_ARCH='L"x64"' -DDEBUGDIR='L"/usr/lib/debug/usr/share/shim/x64-15.8/"' -DVENDOR_CERT_FILE=\"/usr/src/azl/SOURCES/azurelinux-ca-20230216.der\" -DGNU_EFI_USE_EXTERNAL_STDARG -Wno-error=pragmas -mno-red-zone -mno-avx -fpic  -Os -Wall -Wextra -Wno-missing-field-initializers -Werror -fshort-wchar -fno-strict-aliasing -ffreestanding -fno-stack-protector -fno-stack-check -nostdinc   -isystem /usr/src/azl/BUILD/shim-15.8/gnu-efi/../include/system -isystem /usr/lib/gcc/x86_64-pc-linux-gnu/13.2.0/include -fno-merge-all-constants -Wno-error=pragmas -mno-red-zone -mno-avx -fpic  -Os -Wall -Wextra -Wno-missing-field-initializers -Werror -fshort-wchar -fno-strict-aliasing -ffreestanding -fno-stack-protector -fno-stack-check -nostdinc   -isystem /usr/src/azl/BUILD/shim-15.8/gnu-efi/../include/system -isystem /usr/lib/gcc/x86_64-pc-linux-gnu/13.2.0/include -fno-merge-all-constants -DCONFIG_x86_64 -DGNU_EFI_USE_MS_ABI -DGNU_EFI_USE_EXTERNAL_STDARG -maccumulate-outgoing-args --std=c11 -c /usr/src/azl/BUILD/shim-15.8/gnu-efi//lib/runtime/efirtlib.c -o runtime/efirtlib.o
#7 94.16 gcc -I/usr/src/azl/BUILD/shim-15.8/gnu-efi//lib -I/usr/src/azl/BUILD/shim-15.8/gnu-efi/inc -I/usr/src/azl/BUILD/shim-15.8/gnu-efi/inc/x86_64 -I/usr/src/azl/BUILD/shim-15.8/gnu-efi/inc/protocol -std=gnu11 -ggdb -ffreestanding -fmacro-prefix-map=/usr/src/azl/BUILD/shim-15.8/= -fno-stack-protector -fno-strict-aliasing -fpic -fshort-wchar -Os -Wall -Wextra -Wno-missing-field-initializers  -mno-mmx -mno-sse -mno-red-zone -nostdinc -maccumulate-outgoing-args  -m64 -DMDE_CPU_X64 -DPAGE_SIZE=4096 -Werror -nostdinc -I/usr/src/azl/BUILD/shim-15.8/Cryptlib -I/usr/src/azl/BUILD/shim-15.8/Cryptlib/Include -I/usr/src/azl/BUILD/shim-15.8/gnu-efi/inc -I/usr/src/azl/BUILD/shim-15.8/gnu-efi/inc/x86_64 -I/usr/src/azl/BUILD/shim-15.8/gnu-efi/inc/protocol -I/usr/src/azl/BUILD/shim-15.8/include -iquote /usr/src/azl/BUILD/shim-15.8 -iquote /usr/src/azl/BUILD/shim-15.8/build-x64 -isystem /usr/src/azl/BUILD/shim-15.8/include/system -isystem /usr/lib/gcc/x86_64-pc-linux-gnu/13.2.0/include -DDEFAULT_LOADER='L"\\\\grubx64.efi"' -DDEFAULT_LOADER_CHAR='"\\\\grubx64.efi"' -DEFI_ARCH='L"x64"' -DDEBUGDIR='L"/usr/lib/debug/usr/share/shim/x64-15.8/"' -DVENDOR_CERT_FILE=\"/usr/src/azl/SOURCES/azurelinux-ca-20230216.der\" -DGNU_EFI_USE_EXTERNAL_STDARG -Wno-error=pragmas -mno-red-zone -mno-avx -fpic  -Os -Wall -Wextra -Wno-missing-field-initializers -Werror -fshort-wchar -fno-strict-aliasing -ffreestanding -fno-stack-protector -fno-stack-check -nostdinc   -isystem /usr/src/azl/BUILD/shim-15.8/gnu-efi/../include/system -isystem /usr/lib/gcc/x86_64-pc-linux-gnu/13.2.0/include -fno-merge-all-constants -Wno-error=pragmas -mno-red-zone -mno-avx -fpic  -Os -Wall -Wextra -Wno-missing-field-initializers -Werror -fshort-wchar -fno-strict-aliasing -ffreestanding -fno-stack-protector -fno-stack-check -nostdinc   -isystem /usr/src/azl/BUILD/shim-15.8/gnu-efi/../include/system -isystem /usr/lib/gcc/x86_64-pc-linux-gnu/13.2.0/include -fno-merge-all-constants -DCONFIG_x86_64 -DGNU_EFI_USE_MS_ABI -DGNU_EFI_USE_EXTERNAL_STDARG -maccumulate-outgoing-args --std=c11 -c /usr/src/azl/BUILD/shim-15.8/gnu-efi//lib/runtime/rtstr.c -o runtime/rtstr.o
#7 94.20 gcc -std=gnu11 -ggdb -ffreestanding -fmacro-prefix-map=/usr/src/azl/BUILD/shim-15.8/= -fno-stack-protector -fno-strict-aliasing -fpic -fshort-wchar -nostdinc -m64 -mno-mmx -mno-sse -mno-red-zone -maccumulate-outgoing-args -Os -Wall -Wextra -Wno-missing-field-initializers -Wno-empty-body -Wno-implicit-fallthrough -Wno-old-style-declaration -Wno-unused-but-set-variable -Wno-unused-parameter -Werror -I/usr/src/azl/BUILD/shim-15.8/Cryptlib/OpenSSL -I/usr/src/azl/BUILD/shim-15.8/Cryptlib -I/usr/src/azl/BUILD/shim-15.8/Cryptlib/OpenSSL/Include/ -I/usr/src/azl/BUILD/shim-15.8/Cryptlib/OpenSSL/crypto -I/usr/src/azl/BUILD/shim-15.8/Cryptlib/Include -I/usr/src/azl/BUILD/shim-15.8/gnu-efi/inc -I/usr/src/azl/BUILD/shim-15.8/gnu-efi/inc/x86_64 -I/usr/src/azl/BUILD/shim-15.8/gnu-efi/inc/protocol -I/usr/src/azl/BUILD/shim-15.8/Cryptlib/OpenSSL/crypto/asn1 -I/usr/src/azl/BUILD/shim-15.8/Cryptlib/OpenSSL/crypto/evp -I/usr/src/azl/BUILD/shim-15.8/Cryptlib/OpenSSL/crypto/modes -I/usr/src/azl/BUILD/shim-15.8/Cryptlib/OpenSSL/crypto/include -isystem /usr/src/azl/BUILD/shim-15.8/include/system -isystem /usr/lib/gcc/x86_64-pc-linux-gnu/13.2.0/include -DL_ENDIAN -D_CRT_SECURE_NO_DEPRECATE -D_CRT_NONSTDC_NO_DEPRECATE -DOPENSSL_SMALL_FOOTPRINT -DPEDANTIC -DMDE_CPU_X64   -c -o crypto/bn/bn_print.o /usr/src/azl/BUILD/shim-15.8/Cryptlib/OpenSSL/crypto/bn/bn_print.c
#7 94.28 gcc -I/usr/src/azl/BUILD/shim-15.8/gnu-efi//lib -I/usr/src/azl/BUILD/shim-15.8/gnu-efi/inc -I/usr/src/azl/BUILD/shim-15.8/gnu-efi/inc/x86_64 -I/usr/src/azl/BUILD/shim-15.8/gnu-efi/inc/protocol -std=gnu11 -ggdb -ffreestanding -fmacro-prefix-map=/usr/src/azl/BUILD/shim-15.8/= -fno-stack-protector -fno-strict-aliasing -fpic -fshort-wchar -Os -Wall -Wextra -Wno-missing-field-initializers  -mno-mmx -mno-sse -mno-red-zone -nostdinc -maccumulate-outgoing-args  -m64 -DMDE_CPU_X64 -DPAGE_SIZE=4096 -Werror -nostdinc -I/usr/src/azl/BUILD/shim-15.8/Cryptlib -I/usr/src/azl/BUILD/shim-15.8/Cryptlib/Include -I/usr/src/azl/BUILD/shim-15.8/gnu-efi/inc -I/usr/src/azl/BUILD/shim-15.8/gnu-efi/inc/x86_64 -I/usr/src/azl/BUILD/shim-15.8/gnu-efi/inc/protocol -I/usr/src/azl/BUILD/shim-15.8/include -iquote /usr/src/azl/BUILD/shim-15.8 -iquote /usr/src/azl/BUILD/shim-15.8/build-x64 -isystem /usr/src/azl/BUILD/shim-15.8/include/system -isystem /usr/lib/gcc/x86_64-pc-linux-gnu/13.2.0/include -DDEFAULT_LOADER='L"\\\\grubx64.efi"' -DDEFAULT_LOADER_CHAR='"\\\\grubx64.efi"' -DEFI_ARCH='L"x64"' -DDEBUGDIR='L"/usr/lib/debug/usr/share/shim/x64-15.8/"' -DVENDOR_CERT_FILE=\"/usr/src/azl/SOURCES/azurelinux-ca-20230216.der\" -DGNU_EFI_USE_EXTERNAL_STDARG -Wno-error=pragmas -mno-red-zone -mno-avx -fpic  -Os -Wall -Wextra -Wno-missing-field-initializers -Werror -fshort-wchar -fno-strict-aliasing -ffreestanding -fno-stack-protector -fno-stack-check -nostdinc   -isystem /usr/src/azl/BUILD/shim-15.8/gnu-efi/../include/system -isystem /usr/lib/gcc/x86_64-pc-linux-gnu/13.2.0/include -fno-merge-all-constants -Wno-error=pragmas -mno-red-zone -mno-avx -fpic  -Os -Wall -Wextra -Wno-missing-field-initializers -Werror -fshort-wchar -fno-strict-aliasing -ffreestanding -fno-stack-protector -fno-stack-check -nostdinc   -isystem /usr/src/azl/BUILD/shim-15.8/gnu-efi/../include/system -isystem /usr/lib/gcc/x86_64-pc-linux-gnu/13.2.0/include -fno-merge-all-constants -DCONFIG_x86_64 -DGNU_EFI_USE_MS_ABI -DGNU_EFI_USE_EXTERNAL_STDARG -maccumulate-outgoing-args --std=c11 -c /usr/src/azl/BUILD/shim-15.8/gnu-efi//lib/runtime/vm.c -o runtime/vm.o
#7 94.34 gcc -I/usr/src/azl/BUILD/shim-15.8/gnu-efi//lib -I/usr/src/azl/BUILD/shim-15.8/gnu-efi/inc -I/usr/src/azl/BUILD/shim-15.8/gnu-efi/inc/x86_64 -I/usr/src/azl/BUILD/shim-15.8/gnu-efi/inc/protocol -std=gnu11 -ggdb -ffreestanding -fmacro-prefix-map=/usr/src/azl/BUILD/shim-15.8/= -fno-stack-protector -fno-strict-aliasing -fpic -fshort-wchar -Os -Wall -Wextra -Wno-missing-field-initializers  -mno-mmx -mno-sse -mno-red-zone -nostdinc -maccumulate-outgoing-args  -m64 -DMDE_CPU_X64 -DPAGE_SIZE=4096 -Werror -nostdinc -I/usr/src/azl/BUILD/shim-15.8/Cryptlib -I/usr/src/azl/BUILD/shim-15.8/Cryptlib/Include -I/usr/src/azl/BUILD/shim-15.8/gnu-efi/inc -I/usr/src/azl/BUILD/shim-15.8/gnu-efi/inc/x86_64 -I/usr/src/azl/BUILD/shim-15.8/gnu-efi/inc/protocol -I/usr/src/azl/BUILD/shim-15.8/include -iquote /usr/src/azl/BUILD/shim-15.8 -iquote /usr/src/azl/BUILD/shim-15.8/build-x64 -isystem /usr/src/azl/BUILD/shim-15.8/include/system -isystem /usr/lib/gcc/x86_64-pc-linux-gnu/13.2.0/include -DDEFAULT_LOADER='L"\\\\grubx64.efi"' -DDEFAULT_LOADER_CHAR='"\\\\grubx64.efi"' -DEFI_ARCH='L"x64"' -DDEBUGDIR='L"/usr/lib/debug/usr/share/shim/x64-15.8/"' -DVENDOR_CERT_FILE=\"/usr/src/azl/SOURCES/azurelinux-ca-20230216.der\" -DGNU_EFI_USE_EXTERNAL_STDARG -Wno-error=pragmas -mno-red-zone -mno-avx -fpic  -Os -Wall -Wextra -Wno-missing-field-initializers -Werror -fshort-wchar -fno-strict-aliasing -ffreestanding -fno-stack-protector -fno-stack-check -nostdinc   -isystem /usr/src/azl/BUILD/shim-15.8/gnu-efi/../include/system -isystem /usr/lib/gcc/x86_64-pc-linux-gnu/13.2.0/include -fno-merge-all-constants -Wno-error=pragmas -mno-red-zone -mno-avx -fpic  -Os -Wall -Wextra -Wno-missing-field-initializers -Werror -fshort-wchar -fno-strict-aliasing -ffreestanding -fno-stack-protector -fno-stack-check -nostdinc   -isystem /usr/src/azl/BUILD/shim-15.8/gnu-efi/../include/system -isystem /usr/lib/gcc/x86_64-pc-linux-gnu/13.2.0/include -fno-merge-all-constants -DCONFIG_x86_64 -DGNU_EFI_USE_MS_ABI -DGNU_EFI_USE_EXTERNAL_STDARG -maccumulate-outgoing-args --std=c11 -c /usr/src/azl/BUILD/shim-15.8/gnu-efi//lib/runtime/rtdata.c -o runtime/rtdata.o
#7 94.39 gcc -I/usr/src/azl/BUILD/shim-15.8/gnu-efi//lib -I/usr/src/azl/BUILD/shim-15.8/gnu-efi/inc -I/usr/src/azl/BUILD/shim-15.8/gnu-efi/inc/x86_64 -I/usr/src/azl/BUILD/shim-15.8/gnu-efi/inc/protocol -std=gnu11 -ggdb -ffreestanding -fmacro-prefix-map=/usr/src/azl/BUILD/shim-15.8/= -fno-stack-protector -fno-strict-aliasing -fpic -fshort-wchar -Os -Wall -Wextra -Wno-missing-field-initializers  -mno-mmx -mno-sse -mno-red-zone -nostdinc -maccumulate-outgoing-args  -m64 -DMDE_CPU_X64 -DPAGE_SIZE=4096 -Werror -nostdinc -I/usr/src/azl/BUILD/shim-15.8/Cryptlib -I/usr/src/azl/BUILD/shim-15.8/Cryptlib/Include -I/usr/src/azl/BUILD/shim-15.8/gnu-efi/inc -I/usr/src/azl/BUILD/shim-15.8/gnu-efi/inc/x86_64 -I/usr/src/azl/BUILD/shim-15.8/gnu-efi/inc/protocol -I/usr/src/azl/BUILD/shim-15.8/include -iquote /usr/src/azl/BUILD/shim-15.8 -iquote /usr/src/azl/BUILD/shim-15.8/build-x64 -isystem /usr/src/azl/BUILD/shim-15.8/include/system -isystem /usr/lib/gcc/x86_64-pc-linux-gnu/13.2.0/include -DDEFAULT_LOADER='L"\\\\grubx64.efi"' -DDEFAULT_LOADER_CHAR='"\\\\grubx64.efi"' -DEFI_ARCH='L"x64"' -DDEBUGDIR='L"/usr/lib/debug/usr/share/shim/x64-15.8/"' -DVENDOR_CERT_FILE=\"/usr/src/azl/SOURCES/azurelinux-ca-20230216.der\" -DGNU_EFI_USE_EXTERNAL_STDARG -Wno-error=pragmas -mno-red-zone -mno-avx -fpic  -Os -Wall -Wextra -Wno-missing-field-initializers -Werror -fshort-wchar -fno-strict-aliasing -ffreestanding -fno-stack-protector -fno-stack-check -nostdinc   -isystem /usr/src/azl/BUILD/shim-15.8/gnu-efi/../include/system -isystem /usr/lib/gcc/x86_64-pc-linux-gnu/13.2.0/include -fno-merge-all-constants -Wno-error=pragmas -mno-red-zone -mno-avx -fpic  -Os -Wall -Wextra -Wno-missing-field-initializers -Werror -fshort-wchar -fno-strict-aliasing -ffreestanding -fno-stack-protector -fno-stack-check -nostdinc   -isystem /usr/src/azl/BUILD/shim-15.8/gnu-efi/../include/system -isystem /usr/lib/gcc/x86_64-pc-linux-gnu/13.2.0/include -fno-merge-all-constants -DCONFIG_x86_64 -DGNU_EFI_USE_MS_ABI -DGNU_EFI_USE_EXTERNAL_STDARG -maccumulate-outgoing-args --std=c11 -c /usr/src/azl/BUILD/shim-15.8/gnu-efi//lib/x86_64/initplat.c -o x86_64/initplat.o
#7 94.43 gcc -std=gnu11 -ggdb -ffreestanding -fmacro-prefix-map=/usr/src/azl/BUILD/shim-15.8/= -fno-stack-protector -fno-strict-aliasing -fpic -fshort-wchar -nostdinc -m64 -mno-mmx -mno-sse -mno-red-zone -maccumulate-outgoing-args -Os -Wall -Wextra -Wno-missing-field-initializers -Wno-empty-body -Wno-implicit-fallthrough -Wno-old-style-declaration -Wno-unused-but-set-variable -Wno-unused-parameter -Werror -I/usr/src/azl/BUILD/shim-15.8/Cryptlib/OpenSSL -I/usr/src/azl/BUILD/shim-15.8/Cryptlib -I/usr/src/azl/BUILD/shim-15.8/Cryptlib/OpenSSL/Include/ -I/usr/src/azl/BUILD/shim-15.8/Cryptlib/OpenSSL/crypto -I/usr/src/azl/BUILD/shim-15.8/Cryptlib/Include -I/usr/src/azl/BUILD/shim-15.8/gnu-efi/inc -I/usr/src/azl/BUILD/shim-15.8/gnu-efi/inc/x86_64 -I/usr/src/azl/BUILD/shim-15.8/gnu-efi/inc/protocol -I/usr/src/azl/BUILD/shim-15.8/Cryptlib/OpenSSL/crypto/asn1 -I/usr/src/azl/BUILD/shim-15.8/Cryptlib/OpenSSL/crypto/evp -I/usr/src/azl/BUILD/shim-15.8/Cryptlib/OpenSSL/crypto/modes -I/usr/src/azl/BUILD/shim-15.8/Cryptlib/OpenSSL/crypto/include -isystem /usr/src/azl/BUILD/shim-15.8/include/system -isystem /usr/lib/gcc/x86_64-pc-linux-gnu/13.2.0/include -DL_ENDIAN -D_CRT_SECURE_NO_DEPRECATE -D_CRT_NONSTDC_NO_DEPRECATE -DOPENSSL_SMALL_FOOTPRINT -DPEDANTIC -DMDE_CPU_X64   -c -o crypto/bn/bn_rand.o /usr/src/azl/BUILD/shim-15.8/Cryptlib/OpenSSL/crypto/bn/bn_rand.c
#7 94.45 gcc -I/usr/src/azl/BUILD/shim-15.8/gnu-efi//lib -I/usr/src/azl/BUILD/shim-15.8/gnu-efi/inc -I/usr/src/azl/BUILD/shim-15.8/gnu-efi/inc/x86_64 -I/usr/src/azl/BUILD/shim-15.8/gnu-efi/inc/protocol -std=gnu11 -ggdb -ffreestanding -fmacro-prefix-map=/usr/src/azl/BUILD/shim-15.8/= -fno-stack-protector -fno-strict-aliasing -fpic -fshort-wchar -Os -Wall -Wextra -Wno-missing-field-initializers  -mno-mmx -mno-sse -mno-red-zone -nostdinc -maccumulate-outgoing-args  -m64 -DMDE_CPU_X64 -DPAGE_SIZE=4096 -Werror -nostdinc -I/usr/src/azl/BUILD/shim-15.8/Cryptlib -I/usr/src/azl/BUILD/shim-15.8/Cryptlib/Include -I/usr/src/azl/BUILD/shim-15.8/gnu-efi/inc -I/usr/src/azl/BUILD/shim-15.8/gnu-efi/inc/x86_64 -I/usr/src/azl/BUILD/shim-15.8/gnu-efi/inc/protocol -I/usr/src/azl/BUILD/shim-15.8/include -iquote /usr/src/azl/BUILD/shim-15.8 -iquote /usr/src/azl/BUILD/shim-15.8/build-x64 -isystem /usr/src/azl/BUILD/shim-15.8/include/system -isystem /usr/lib/gcc/x86_64-pc-linux-gnu/13.2.0/include -DDEFAULT_LOADER='L"\\\\grubx64.efi"' -DDEFAULT_LOADER_CHAR='"\\\\grubx64.efi"' -DEFI_ARCH='L"x64"' -DDEBUGDIR='L"/usr/lib/debug/usr/share/shim/x64-15.8/"' -DVENDOR_CERT_FILE=\"/usr/src/azl/SOURCES/azurelinux-ca-20230216.der\" -DGNU_EFI_USE_EXTERNAL_STDARG -Wno-error=pragmas -mno-red-zone -mno-avx -fpic  -Os -Wall -Wextra -Wno-missing-field-initializers -Werror -fshort-wchar -fno-strict-aliasing -ffreestanding -fno-stack-protector -fno-stack-check -nostdinc   -isystem /usr/src/azl/BUILD/shim-15.8/gnu-efi/../include/system -isystem /usr/lib/gcc/x86_64-pc-linux-gnu/13.2.0/include -fno-merge-all-constants -Wno-error=pragmas -mno-red-zone -mno-avx -fpic  -Os -Wall -Wextra -Wno-missing-field-initializers -Werror -fshort-wchar -fno-strict-aliasing -ffreestanding -fno-stack-protector -fno-stack-check -nostdinc   -isystem /usr/src/azl/BUILD/shim-15.8/gnu-efi/../include/system -isystem /usr/lib/gcc/x86_64-pc-linux-gnu/13.2.0/include -fno-merge-all-constants -DCONFIG_x86_64 -DGNU_EFI_USE_MS_ABI -DGNU_EFI_USE_EXTERNAL_STDARG -maccumulate-outgoing-args --std=c11 -c /usr/src/azl/BUILD/shim-15.8/gnu-efi//lib/x86_64/math.c -o x86_64/math.o
#7 94.52 gcc -I/usr/src/azl/BUILD/shim-15.8/gnu-efi//lib -I/usr/src/azl/BUILD/shim-15.8/gnu-efi/inc -I/usr/src/azl/BUILD/shim-15.8/gnu-efi/inc/x86_64 -I/usr/src/azl/BUILD/shim-15.8/gnu-efi/inc/protocol -std=gnu11 -ggdb -ffreestanding -fmacro-prefix-map=/usr/src/azl/BUILD/shim-15.8/= -fno-stack-protector -fno-strict-aliasing -fpic -fshort-wchar -Os -Wall -Wextra -Wno-missing-field-initializers  -mno-mmx -mno-sse -mno-red-zone -nostdinc -maccumulate-outgoing-args  -m64 -DMDE_CPU_X64 -DPAGE_SIZE=4096 -Werror -nostdinc -I/usr/src/azl/BUILD/shim-15.8/Cryptlib -I/usr/src/azl/BUILD/shim-15.8/Cryptlib/Include -I/usr/src/azl/BUILD/shim-15.8/gnu-efi/inc -I/usr/src/azl/BUILD/shim-15.8/gnu-efi/inc/x86_64 -I/usr/src/azl/BUILD/shim-15.8/gnu-efi/inc/protocol -I/usr/src/azl/BUILD/shim-15.8/include -iquote /usr/src/azl/BUILD/shim-15.8 -iquote /usr/src/azl/BUILD/shim-15.8/build-x64 -isystem /usr/src/azl/BUILD/shim-15.8/include/system -isystem /usr/lib/gcc/x86_64-pc-linux-gnu/13.2.0/include -DDEFAULT_LOADER='L"\\\\grubx64.efi"' -DDEFAULT_LOADER_CHAR='"\\\\grubx64.efi"' -DEFI_ARCH='L"x64"' -DDEBUGDIR='L"/usr/lib/debug/usr/share/shim/x64-15.8/"' -DVENDOR_CERT_FILE=\"/usr/src/azl/SOURCES/azurelinux-ca-20230216.der\" -DGNU_EFI_USE_EXTERNAL_STDARG -Wno-error=pragmas -mno-red-zone -mno-avx -fpic  -Os -Wall -Wextra -Wno-missing-field-initializers -Werror -fshort-wchar -fno-strict-aliasing -ffreestanding -fno-stack-protector -fno-stack-check -nostdinc   -isystem /usr/src/azl/BUILD/shim-15.8/gnu-efi/../include/system -isystem /usr/lib/gcc/x86_64-pc-linux-gnu/13.2.0/include -fno-merge-all-constants -Wno-error=pragmas -mno-red-zone -mno-avx -fpic  -Os -Wall -Wextra -Wno-missing-field-initializers -Werror -fshort-wchar -fno-strict-aliasing -ffreestanding -fno-stack-protector -fno-stack-check -nostdinc   -isystem /usr/src/azl/BUILD/shim-15.8/gnu-efi/../include/system -isystem /usr/lib/gcc/x86_64-pc-linux-gnu/13.2.0/include -fno-merge-all-constants -DCONFIG_x86_64 -DGNU_EFI_USE_MS_ABI -DGNU_EFI_USE_EXTERNAL_STDARG -maccumulate-outgoing-args --std=c11 -c /usr/src/azl/BUILD/shim-15.8/gnu-efi//lib/x86_64/setjmp.S -o x86_64/setjmp.o
#7 94.55 /usr/src/azl/BUILD/shim-15.8/gnu-efi//lib/x86_64/setjmp.S: Assembler messages:
#7 94.55 /usr/src/azl/BUILD/shim-15.8/gnu-efi//lib/x86_64/setjmp.S:49: Warning: setting incorrect section attributes for .note.GNU-stack
#7 94.55 gcc -I/usr/src/azl/BUILD/shim-15.8/gnu-efi//lib -I/usr/src/azl/BUILD/shim-15.8/gnu-efi/inc -I/usr/src/azl/BUILD/shim-15.8/gnu-efi/inc/x86_64 -I/usr/src/azl/BUILD/shim-15.8/gnu-efi/inc/protocol -std=gnu11 -ggdb -ffreestanding -fmacro-prefix-map=/usr/src/azl/BUILD/shim-15.8/= -fno-stack-protector -fno-strict-aliasing -fpic -fshort-wchar -Os -Wall -Wextra -Wno-missing-field-initializers  -mno-mmx -mno-sse -mno-red-zone -nostdinc -maccumulate-outgoing-args  -m64 -DMDE_CPU_X64 -DPAGE_SIZE=4096 -Werror -nostdinc -I/usr/src/azl/BUILD/shim-15.8/Cryptlib -I/usr/src/azl/BUILD/shim-15.8/Cryptlib/Include -I/usr/src/azl/BUILD/shim-15.8/gnu-efi/inc -I/usr/src/azl/BUILD/shim-15.8/gnu-efi/inc/x86_64 -I/usr/src/azl/BUILD/shim-15.8/gnu-efi/inc/protocol -I/usr/src/azl/BUILD/shim-15.8/include -iquote /usr/src/azl/BUILD/shim-15.8 -iquote /usr/src/azl/BUILD/shim-15.8/build-x64 -isystem /usr/src/azl/BUILD/shim-15.8/include/system -isystem /usr/lib/gcc/x86_64-pc-linux-gnu/13.2.0/include -DDEFAULT_LOADER='L"\\\\grubx64.efi"' -DDEFAULT_LOADER_CHAR='"\\\\grubx64.efi"' -DEFI_ARCH='L"x64"' -DDEBUGDIR='L"/usr/lib/debug/usr/share/shim/x64-15.8/"' -DVENDOR_CERT_FILE=\"/usr/src/azl/SOURCES/azurelinux-ca-20230216.der\" -DGNU_EFI_USE_EXTERNAL_STDARG -Wno-error=pragmas -mno-red-zone -mno-avx -fpic  -Os -Wall -Wextra -Wno-missing-field-initializers -Werror -fshort-wchar -fno-strict-aliasing -ffreestanding -fno-stack-protector -fno-stack-check -nostdinc   -isystem /usr/src/azl/BUILD/shim-15.8/gnu-efi/../include/system -isystem /usr/lib/gcc/x86_64-pc-linux-gnu/13.2.0/include -fno-merge-all-constants -Wno-error=pragmas -mno-red-zone -mno-avx -fpic  -Os -Wall -Wextra -Wno-missing-field-initializers -Werror -fshort-wchar -fno-strict-aliasing -ffreestanding -fno-stack-protector -fno-stack-check -nostdinc   -isystem /usr/src/azl/BUILD/shim-15.8/gnu-efi/../include/system -isystem /usr/lib/gcc/x86_64-pc-linux-gnu/13.2.0/include -fno-merge-all-constants -DCONFIG_x86_64 -DGNU_EFI_USE_MS_ABI -DGNU_EFI_USE_EXTERNAL_STDARG -maccumulate-outgoing-args --std=c11 -c /usr/src/azl/BUILD/shim-15.8/gnu-efi//lib/x86_64/callwrap.c -o x86_64/callwrap.o
#7 94.56 gcc -std=gnu11 -ggdb -ffreestanding -fmacro-prefix-map=/usr/src/azl/BUILD/shim-15.8/= -fno-stack-protector -fno-strict-aliasing -fpic -fshort-wchar -nostdinc -m64 -mno-mmx -mno-sse -mno-red-zone -maccumulate-outgoing-args -Os -Wall -Wextra -Wno-missing-field-initializers -Wno-empty-body -Wno-implicit-fallthrough -Wno-old-style-declaration -Wno-unused-but-set-variable -Wno-unused-parameter -Werror -I/usr/src/azl/BUILD/shim-15.8/Cryptlib/OpenSSL -I/usr/src/azl/BUILD/shim-15.8/Cryptlib -I/usr/src/azl/BUILD/shim-15.8/Cryptlib/OpenSSL/Include/ -I/usr/src/azl/BUILD/shim-15.8/Cryptlib/OpenSSL/crypto -I/usr/src/azl/BUILD/shim-15.8/Cryptlib/Include -I/usr/src/azl/BUILD/shim-15.8/gnu-efi/inc -I/usr/src/azl/BUILD/shim-15.8/gnu-efi/inc/x86_64 -I/usr/src/azl/BUILD/shim-15.8/gnu-efi/inc/protocol -I/usr/src/azl/BUILD/shim-15.8/Cryptlib/OpenSSL/crypto/asn1 -I/usr/src/azl/BUILD/shim-15.8/Cryptlib/OpenSSL/crypto/evp -I/usr/src/azl/BUILD/shim-15.8/Cryptlib/OpenSSL/crypto/modes -I/usr/src/azl/BUILD/shim-15.8/Cryptlib/OpenSSL/crypto/include -isystem /usr/src/azl/BUILD/shim-15.8/include/system -isystem /usr/lib/gcc/x86_64-pc-linux-gnu/13.2.0/include -DL_ENDIAN -D_CRT_SECURE_NO_DEPRECATE -D_CRT_NONSTDC_NO_DEPRECATE -DOPENSSL_SMALL_FOOTPRINT -DPEDANTIC -DMDE_CPU_X64   -c -o crypto/bn/bn_shift.o /usr/src/azl/BUILD/shim-15.8/Cryptlib/OpenSSL/crypto/bn/bn_shift.c
#7 94.57 gcc -I/usr/src/azl/BUILD/shim-15.8/gnu-efi//lib -I/usr/src/azl/BUILD/shim-15.8/gnu-efi/inc -I/usr/src/azl/BUILD/shim-15.8/gnu-efi/inc/x86_64 -I/usr/src/azl/BUILD/shim-15.8/gnu-efi/inc/protocol -std=gnu11 -ggdb -ffreestanding -fmacro-prefix-map=/usr/src/azl/BUILD/shim-15.8/= -fno-stack-protector -fno-strict-aliasing -fpic -fshort-wchar -Os -Wall -Wextra -Wno-missing-field-initializers  -mno-mmx -mno-sse -mno-red-zone -nostdinc -maccumulate-outgoing-args  -m64 -DMDE_CPU_X64 -DPAGE_SIZE=4096 -Werror -nostdinc -I/usr/src/azl/BUILD/shim-15.8/Cryptlib -I/usr/src/azl/BUILD/shim-15.8/Cryptlib/Include -I/usr/src/azl/BUILD/shim-15.8/gnu-efi/inc -I/usr/src/azl/BUILD/shim-15.8/gnu-efi/inc/x86_64 -I/usr/src/azl/BUILD/shim-15.8/gnu-efi/inc/protocol -I/usr/src/azl/BUILD/shim-15.8/include -iquote /usr/src/azl/BUILD/shim-15.8 -iquote /usr/src/azl/BUILD/shim-15.8/build-x64 -isystem /usr/src/azl/BUILD/shim-15.8/include/system -isystem /usr/lib/gcc/x86_64-pc-linux-gnu/13.2.0/include -DDEFAULT_LOADER='L"\\\\grubx64.efi"' -DDEFAULT_LOADER_CHAR='"\\\\grubx64.efi"' -DEFI_ARCH='L"x64"' -DDEBUGDIR='L"/usr/lib/debug/usr/share/shim/x64-15.8/"' -DVENDOR_CERT_FILE=\"/usr/src/azl/SOURCES/azurelinux-ca-20230216.der\" -DGNU_EFI_USE_EXTERNAL_STDARG -Wno-error=pragmas -mno-red-zone -mno-avx -fpic  -Os -Wall -Wextra -Wno-missing-field-initializers -Werror -fshort-wchar -fno-strict-aliasing -ffreestanding -fno-stack-protector -fno-stack-check -nostdinc   -isystem /usr/src/azl/BUILD/shim-15.8/gnu-efi/../include/system -isystem /usr/lib/gcc/x86_64-pc-linux-gnu/13.2.0/include -fno-merge-all-constants -Wno-error=pragmas -mno-red-zone -mno-avx -fpic  -Os -Wall -Wextra -Wno-missing-field-initializers -Werror -fshort-wchar -fno-strict-aliasing -ffreestanding -fno-stack-protector -fno-stack-check -nostdinc   -isystem /usr/src/azl/BUILD/shim-15.8/gnu-efi/../include/system -isystem /usr/lib/gcc/x86_64-pc-linux-gnu/13.2.0/include -fno-merge-all-constants -DCONFIG_x86_64 -DGNU_EFI_USE_MS_ABI -DGNU_EFI_USE_EXTERNAL_STDARG -maccumulate-outgoing-args --std=c11 -c /usr/src/azl/BUILD/shim-15.8/gnu-efi//lib/x86_64/efi_stub.S -o x86_64/efi_stub.o
#7 94.59 /usr/src/azl/BUILD/shim-15.8/gnu-efi//lib/x86_64/efi_stub.S: Assembler messages:
#7 94.59 /usr/src/azl/BUILD/shim-15.8/gnu-efi//lib/x86_64/efi_stub.S:190: Warning: setting incorrect section attributes for .note.GNU-stack
#7 94.59 gcc-ar -rv -U libefi.a boxdraw.o smbios.o console.o crc.o data.o debug.o dpath.o error.o event.o exit.o guid.o hand.o hw.o init.o lock.o misc.o pause.o print.o sread.o str.o cmdline.o runtime/rtlock.o runtime/efirtlib.o runtime/rtstr.o runtime/vm.o runtime/rtdata.o x86_64/initplat.o x86_64/math.o x86_64/setjmp.o x86_64/callwrap.o x86_64/efi_stub.o
#7 94.60 /usr/bin/ar: creating libefi.a
#7 94.62 a - boxdraw.o
#7 94.62 a - smbios.o
#7 94.62 a - console.o
#7 94.62 a - crc.o
#7 94.62 a - data.o
#7 94.62 a - debug.o
#7 94.62 a - dpath.o
#7 94.62 a - error.o
#7 94.62 a - event.o
#7 94.62 a - exit.o
#7 94.62 a - guid.o
#7 94.62 a - hand.o
#7 94.62 a - hw.o
#7 94.62 a - init.o
#7 94.62 a - lock.o
#7 94.62 a - misc.o
#7 94.62 a - pause.o
#7 94.62 a - print.o
#7 94.62 a - sread.o
#7 94.62 a - str.o
#7 94.62 a - cmdline.o
#7 94.62 a - runtime/rtlock.o
#7 94.62 a - runtime/efirtlib.o
#7 94.62 a - runtime/rtstr.o
#7 94.62 a - runtime/vm.o
#7 94.62 a - runtime/rtdata.o
#7 94.62 a - x86_64/initplat.o
#7 94.62 a - x86_64/math.o
#7 94.62 a - x86_64/setjmp.o
#7 94.62 a - x86_64/callwrap.o
#7 94.62 a - x86_64/efi_stub.o
#7 94.62 make[2]: Leaving directory '/usr/src/azl/BUILD/shim-15.8/build-x64/gnu-efi/x86_64/lib'
#7 94.62 mkdir -p /usr/src/azl/BUILD/shim-15.8/build-x64/gnu-efi/x86_64/inc
#7 94.63 make -C /usr/src/azl/BUILD/shim-15.8/build-x64/gnu-efi/x86_64/inc -f /usr/src/azl/BUILD/shim-15.8/gnu-efi//inc/Makefile SRCDIR=/usr/src/azl/BUILD/shim-15.8/gnu-efi//inc ARCH=x86_64
#7 94.63 make[2]: Entering directory '/usr/src/azl/BUILD/shim-15.8/build-x64/gnu-efi/x86_64/inc'
#7 94.67 make[2]: Nothing to be done for 'all'.
#7 94.67 make[2]: Leaving directory '/usr/src/azl/BUILD/shim-15.8/build-x64/gnu-efi/x86_64/inc'
#7 94.67 mkdir -p /usr/src/azl/BUILD/shim-15.8/build-x64/gnu-efi/x86_64/gnuefi
#7 94.68 make -C /usr/src/azl/BUILD/shim-15.8/build-x64/gnu-efi/x86_64/gnuefi -f /usr/src/azl/BUILD/shim-15.8/gnu-efi//gnuefi/Makefile SRCDIR=/usr/src/azl/BUILD/shim-15.8/gnu-efi//gnuefi ARCH=x86_64
#7 94.68 make[2]: Entering directory '/usr/src/azl/BUILD/shim-15.8/build-x64/gnu-efi/x86_64/gnuefi'
#7 94.72 gcc -std=gnu11 -ggdb -ffreestanding -fmacro-prefix-map=/usr/src/azl/BUILD/shim-15.8/= -fno-stack-protector -fno-strict-aliasing -fpic -fshort-wchar -nostdinc -m64 -mno-mmx -mno-sse -mno-red-zone -maccumulate-outgoing-args -Os -Wall -Wextra -Wno-missing-field-initializers -Wno-empty-body -Wno-implicit-fallthrough -Wno-old-style-declaration -Wno-unused-but-set-variable -Wno-unused-parameter -Werror -I/usr/src/azl/BUILD/shim-15.8/Cryptlib/OpenSSL -I/usr/src/azl/BUILD/shim-15.8/Cryptlib -I/usr/src/azl/BUILD/shim-15.8/Cryptlib/OpenSSL/Include/ -I/usr/src/azl/BUILD/shim-15.8/Cryptlib/OpenSSL/crypto -I/usr/src/azl/BUILD/shim-15.8/Cryptlib/Include -I/usr/src/azl/BUILD/shim-15.8/gnu-efi/inc -I/usr/src/azl/BUILD/shim-15.8/gnu-efi/inc/x86_64 -I/usr/src/azl/BUILD/shim-15.8/gnu-efi/inc/protocol -I/usr/src/azl/BUILD/shim-15.8/Cryptlib/OpenSSL/crypto/asn1 -I/usr/src/azl/BUILD/shim-15.8/Cryptlib/OpenSSL/crypto/evp -I/usr/src/azl/BUILD/shim-15.8/Cryptlib/OpenSSL/crypto/modes -I/usr/src/azl/BUILD/shim-15.8/Cryptlib/OpenSSL/crypto/include -isystem /usr/src/azl/BUILD/shim-15.8/include/system -isystem /usr/lib/gcc/x86_64-pc-linux-gnu/13.2.0/include -DL_ENDIAN -D_CRT_SECURE_NO_DEPRECATE -D_CRT_NONSTDC_NO_DEPRECATE -DOPENSSL_SMALL_FOOTPRINT -DPEDANTIC -DMDE_CPU_X64   -c -o crypto/bn/bn_word.o /usr/src/azl/BUILD/shim-15.8/Cryptlib/OpenSSL/crypto/bn/bn_word.c
#7 94.73 gcc -I/usr/src/azl/BUILD/shim-15.8/gnu-efi//gnuefi -I/usr/src/azl/BUILD/shim-15.8/gnu-efi/inc -I/usr/src/azl/BUILD/shim-15.8/gnu-efi/inc/x86_64 -I/usr/src/azl/BUILD/shim-15.8/gnu-efi/inc/protocol -std=gnu11 -ggdb -ffreestanding -fmacro-prefix-map=/usr/src/azl/BUILD/shim-15.8/= -fno-stack-protector -fno-strict-aliasing -fpic -fshort-wchar -Os -Wall -Wextra -Wno-missing-field-initializers  -mno-mmx -mno-sse -mno-red-zone -nostdinc -maccumulate-outgoing-args  -m64 -DMDE_CPU_X64 -DPAGE_SIZE=4096 -Werror -nostdinc -I/usr/src/azl/BUILD/shim-15.8/Cryptlib -I/usr/src/azl/BUILD/shim-15.8/Cryptlib/Include -I/usr/src/azl/BUILD/shim-15.8/gnu-efi/inc -I/usr/src/azl/BUILD/shim-15.8/gnu-efi/inc/x86_64 -I/usr/src/azl/BUILD/shim-15.8/gnu-efi/inc/protocol -I/usr/src/azl/BUILD/shim-15.8/include -iquote /usr/src/azl/BUILD/shim-15.8 -iquote /usr/src/azl/BUILD/shim-15.8/build-x64 -isystem /usr/src/azl/BUILD/shim-15.8/include/system -isystem /usr/lib/gcc/x86_64-pc-linux-gnu/13.2.0/include -DDEFAULT_LOADER='L"\\\\grubx64.efi"' -DDEFAULT_LOADER_CHAR='"\\\\grubx64.efi"' -DEFI_ARCH='L"x64"' -DDEBUGDIR='L"/usr/lib/debug/usr/share/shim/x64-15.8/"' -DVENDOR_CERT_FILE=\"/usr/src/azl/SOURCES/azurelinux-ca-20230216.der\" -DGNU_EFI_USE_EXTERNAL_STDARG -Wno-error=pragmas -mno-red-zone -mno-avx -fpic  -Os -Wall -Wextra -Wno-missing-field-initializers -Werror -fshort-wchar -fno-strict-aliasing -ffreestanding -fno-stack-protector -fno-stack-check -nostdinc   -isystem /usr/src/azl/BUILD/shim-15.8/gnu-efi/../include/system -isystem /usr/lib/gcc/x86_64-pc-linux-gnu/13.2.0/include -fno-merge-all-constants -Wno-error=pragmas -mno-red-zone -mno-avx -fpic  -Os -Wall -Wextra -Wno-missing-field-initializers -Werror -fshort-wchar -fno-strict-aliasing -ffreestanding -fno-stack-protector -fno-stack-check -nostdinc   -isystem /usr/src/azl/BUILD/shim-15.8/gnu-efi/../include/system -isystem /usr/lib/gcc/x86_64-pc-linux-gnu/13.2.0/include -fno-merge-all-constants -DCONFIG_x86_64 -DGNU_EFI_USE_MS_ABI -DGNU_EFI_USE_EXTERNAL_STDARG -maccumulate-outgoing-args --std=c11 -c /usr/src/azl/BUILD/shim-15.8/gnu-efi//gnuefi/crt0-efi-x86_64.S -o crt0-efi-x86_64.o
#7 94.75 /usr/src/azl/BUILD/shim-15.8/gnu-efi//gnuefi/crt0-efi-x86_64.S: Assembler messages:
#7 94.75 /usr/src/azl/BUILD/shim-15.8/gnu-efi//gnuefi/crt0-efi-x86_64.S:75: Warning: setting incorrect section attributes for .note.GNU-stack
#7 94.75 gcc -I/usr/src/azl/BUILD/shim-15.8/gnu-efi//gnuefi -I/usr/src/azl/BUILD/shim-15.8/gnu-efi/inc -I/usr/src/azl/BUILD/shim-15.8/gnu-efi/inc/x86_64 -I/usr/src/azl/BUILD/shim-15.8/gnu-efi/inc/protocol -std=gnu11 -ggdb -ffreestanding -fmacro-prefix-map=/usr/src/azl/BUILD/shim-15.8/= -fno-stack-protector -fno-strict-aliasing -fpic -fshort-wchar -Os -Wall -Wextra -Wno-missing-field-initializers  -mno-mmx -mno-sse -mno-red-zone -nostdinc -maccumulate-outgoing-args  -m64 -DMDE_CPU_X64 -DPAGE_SIZE=4096 -Werror -nostdinc -I/usr/src/azl/BUILD/shim-15.8/Cryptlib -I/usr/src/azl/BUILD/shim-15.8/Cryptlib/Include -I/usr/src/azl/BUILD/shim-15.8/gnu-efi/inc -I/usr/src/azl/BUILD/shim-15.8/gnu-efi/inc/x86_64 -I/usr/src/azl/BUILD/shim-15.8/gnu-efi/inc/protocol -I/usr/src/azl/BUILD/shim-15.8/include -iquote /usr/src/azl/BUILD/shim-15.8 -iquote /usr/src/azl/BUILD/shim-15.8/build-x64 -isystem /usr/src/azl/BUILD/shim-15.8/include/system -isystem /usr/lib/gcc/x86_64-pc-linux-gnu/13.2.0/include -DDEFAULT_LOADER='L"\\\\grubx64.efi"' -DDEFAULT_LOADER_CHAR='"\\\\grubx64.efi"' -DEFI_ARCH='L"x64"' -DDEBUGDIR='L"/usr/lib/debug/usr/share/shim/x64-15.8/"' -DVENDOR_CERT_FILE=\"/usr/src/azl/SOURCES/azurelinux-ca-20230216.der\" -DGNU_EFI_USE_EXTERNAL_STDARG -Wno-error=pragmas -mno-red-zone -mno-avx -fpic  -Os -Wall -Wextra -Wno-missing-field-initializers -Werror -fshort-wchar -fno-strict-aliasing -ffreestanding -fno-stack-protector -fno-stack-check -nostdinc   -isystem /usr/src/azl/BUILD/shim-15.8/gnu-efi/../include/system -isystem /usr/lib/gcc/x86_64-pc-linux-gnu/13.2.0/include -fno-merge-all-constants -Wno-error=pragmas -mno-red-zone -mno-avx -fpic  -Os -Wall -Wextra -Wno-missing-field-initializers -Werror -fshort-wchar -fno-strict-aliasing -ffreestanding -fno-stack-protector -fno-stack-check -nostdinc   -isystem /usr/src/azl/BUILD/shim-15.8/gnu-efi/../include/system -isystem /usr/lib/gcc/x86_64-pc-linux-gnu/13.2.0/include -fno-merge-all-constants -DCONFIG_x86_64 -DGNU_EFI_USE_MS_ABI -DGNU_EFI_USE_EXTERNAL_STDARG -maccumulate-outgoing-args --std=c11 -c /usr/src/azl/BUILD/shim-15.8/gnu-efi//gnuefi/reloc_x86_64.c -o reloc_x86_64.o
#7 94.82 gcc-ar -rv -U libgnuefi.a reloc_x86_64.o
#7 94.83 /usr/bin/ar: creating libgnuefi.a
#7 94.84 a - reloc_x86_64.o
#7 94.84 make[2]: Leaving directory '/usr/src/azl/BUILD/shim-15.8/build-x64/gnu-efi/x86_64/gnuefi'
#7 94.84 make[1]: Leaving directory '/usr/src/azl/BUILD/shim-15.8/build-x64/gnu-efi'
#7 94.84 mkdir -p gnu-efi/lib gnu-efi/gnuefi
#7 94.84 make -C gnu-efi \
#7 94.84 	COMPILER="gcc" \
#7 94.84 	CCC_CC="gcc" \
#7 94.84 	CC="gcc" \
#7 94.84 	ARCH=x86_64 \
#7 94.84 	TOPDIR=/usr/src/azl/BUILD/shim-15.8/gnu-efi \
#7 94.84 	-f /usr/src/azl/BUILD/shim-15.8/gnu-efi/Makefile \
#7 94.84 	lib gnuefi inc 
#7 94.85 make[1]: Entering directory '/usr/src/azl/BUILD/shim-15.8/build-x64/gnu-efi'
#7 94.86 gcc -std=gnu11 -ggdb -ffreestanding -fmacro-prefix-map=/usr/src/azl/BUILD/shim-15.8/= -fno-stack-protector -fno-strict-aliasing -fpic -fshort-wchar -nostdinc -m64 -mno-mmx -mno-sse -mno-red-zone -maccumulate-outgoing-args -Os -Wall -Wextra -Wno-missing-field-initializers -Wno-empty-body -Wno-implicit-fallthrough -Wno-old-style-declaration -Wno-unused-but-set-variable -Wno-unused-parameter -Werror -I/usr/src/azl/BUILD/shim-15.8/Cryptlib/OpenSSL -I/usr/src/azl/BUILD/shim-15.8/Cryptlib -I/usr/src/azl/BUILD/shim-15.8/Cryptlib/OpenSSL/Include/ -I/usr/src/azl/BUILD/shim-15.8/Cryptlib/OpenSSL/crypto -I/usr/src/azl/BUILD/shim-15.8/Cryptlib/Include -I/usr/src/azl/BUILD/shim-15.8/gnu-efi/inc -I/usr/src/azl/BUILD/shim-15.8/gnu-efi/inc/x86_64 -I/usr/src/azl/BUILD/shim-15.8/gnu-efi/inc/protocol -I/usr/src/azl/BUILD/shim-15.8/Cryptlib/OpenSSL/crypto/asn1 -I/usr/src/azl/BUILD/shim-15.8/Cryptlib/OpenSSL/crypto/evp -I/usr/src/azl/BUILD/shim-15.8/Cryptlib/OpenSSL/crypto/modes -I/usr/src/azl/BUILD/shim-15.8/Cryptlib/OpenSSL/crypto/include -isystem /usr/src/azl/BUILD/shim-15.8/include/system -isystem /usr/lib/gcc/x86_64-pc-linux-gnu/13.2.0/include -DL_ENDIAN -D_CRT_SECURE_NO_DEPRECATE -D_CRT_NONSTDC_NO_DEPRECATE -DOPENSSL_SMALL_FOOTPRINT -DPEDANTIC -DMDE_CPU_X64   -c -o crypto/bn/bn_blind.o /usr/src/azl/BUILD/shim-15.8/Cryptlib/OpenSSL/crypto/bn/bn_blind.c
#7 94.89 mkdir -p /usr/src/azl/BUILD/shim-15.8/build-x64/gnu-efi/x86_64/lib
#7 94.90 make -C /usr/src/azl/BUILD/shim-15.8/build-x64/gnu-efi/x86_64/lib -f /usr/src/azl/BUILD/shim-15.8/gnu-efi//lib/Makefile SRCDIR=/usr/src/azl/BUILD/shim-15.8/gnu-efi//lib ARCH=x86_64
#7 94.90 make[2]: Entering directory '/usr/src/azl/BUILD/shim-15.8/build-x64/gnu-efi/x86_64/lib'
#7 94.96 make[2]: Leaving directory '/usr/src/azl/BUILD/shim-15.8/build-x64/gnu-efi/x86_64/lib'
#7 94.96 mkdir -p /usr/src/azl/BUILD/shim-15.8/build-x64/gnu-efi/x86_64/inc
#7 94.97 make -C /usr/src/azl/BUILD/shim-15.8/build-x64/gnu-efi/x86_64/inc -f /usr/src/azl/BUILD/shim-15.8/gnu-efi//inc/Makefile SRCDIR=/usr/src/azl/BUILD/shim-15.8/gnu-efi//inc ARCH=x86_64
#7 94.97 make[2]: Entering directory '/usr/src/azl/BUILD/shim-15.8/build-x64/gnu-efi/x86_64/inc'
#7 95.01 make[2]: Nothing to be done for 'all'.
#7 95.01 make[2]: Leaving directory '/usr/src/azl/BUILD/shim-15.8/build-x64/gnu-efi/x86_64/inc'
#7 95.01 mkdir -p /usr/src/azl/BUILD/shim-15.8/build-x64/gnu-efi/x86_64/gnuefi
#7 95.01 gcc -std=gnu11 -ggdb -ffreestanding -fmacro-prefix-map=/usr/src/azl/BUILD/shim-15.8/= -fno-stack-protector -fno-strict-aliasing -fpic -fshort-wchar -nostdinc -m64 -mno-mmx -mno-sse -mno-red-zone -maccumulate-outgoing-args -Os -Wall -Wextra -Wno-missing-field-initializers -Wno-empty-body -Wno-implicit-fallthrough -Wno-old-style-declaration -Wno-unused-but-set-variable -Wno-unused-parameter -Werror -I/usr/src/azl/BUILD/shim-15.8/Cryptlib/OpenSSL -I/usr/src/azl/BUILD/shim-15.8/Cryptlib -I/usr/src/azl/BUILD/shim-15.8/Cryptlib/OpenSSL/Include/ -I/usr/src/azl/BUILD/shim-15.8/Cryptlib/OpenSSL/crypto -I/usr/src/azl/BUILD/shim-15.8/Cryptlib/Include -I/usr/src/azl/BUILD/shim-15.8/gnu-efi/inc -I/usr/src/azl/BUILD/shim-15.8/gnu-efi/inc/x86_64 -I/usr/src/azl/BUILD/shim-15.8/gnu-efi/inc/protocol -I/usr/src/azl/BUILD/shim-15.8/Cryptlib/OpenSSL/crypto/asn1 -I/usr/src/azl/BUILD/shim-15.8/Cryptlib/OpenSSL/crypto/evp -I/usr/src/azl/BUILD/shim-15.8/Cryptlib/OpenSSL/crypto/modes -I/usr/src/azl/BUILD/shim-15.8/Cryptlib/OpenSSL/crypto/include -isystem /usr/src/azl/BUILD/shim-15.8/include/system -isystem /usr/lib/gcc/x86_64-pc-linux-gnu/13.2.0/include -DL_ENDIAN -D_CRT_SECURE_NO_DEPRECATE -D_CRT_NONSTDC_NO_DEPRECATE -DOPENSSL_SMALL_FOOTPRINT -DPEDANTIC -DMDE_CPU_X64   -c -o crypto/bn/bn_kron.o /usr/src/azl/BUILD/shim-15.8/Cryptlib/OpenSSL/crypto/bn/bn_kron.c
#7 95.02 make -C /usr/src/azl/BUILD/shim-15.8/build-x64/gnu-efi/x86_64/gnuefi -f /usr/src/azl/BUILD/shim-15.8/gnu-efi//gnuefi/Makefile SRCDIR=/usr/src/azl/BUILD/shim-15.8/gnu-efi//gnuefi ARCH=x86_64
#7 95.02 make[2]: Entering directory '/usr/src/azl/BUILD/shim-15.8/build-x64/gnu-efi/x86_64/gnuefi'
#7 95.06 make[2]: Nothing to be done for 'all'.
#7 95.06 make[2]: Leaving directory '/usr/src/azl/BUILD/shim-15.8/build-x64/gnu-efi/x86_64/gnuefi'
#7 95.06 make[1]: Leaving directory '/usr/src/azl/BUILD/shim-15.8/build-x64/gnu-efi'
#7 95.06 gcc -std=gnu11 -Og -g3 -Wall -Wextra -Wno-missing-field-initializers -Werror -o post-process-pe /usr/src/azl/BUILD/shim-15.8/post-process-pe.c
#7 95.12 gcc -std=gnu11 -ggdb -ffreestanding -fmacro-prefix-map=/usr/src/azl/BUILD/shim-15.8/= -fno-stack-protector -fno-strict-aliasing -fpic -fshort-wchar -nostdinc -m64 -mno-mmx -mno-sse -mno-red-zone -maccumulate-outgoing-args -Os -Wall -Wextra -Wno-missing-field-initializers -Wno-empty-body -Wno-implicit-fallthrough -Wno-old-style-declaration -Wno-unused-but-set-variable -Wno-unused-parameter -Werror -I/usr/src/azl/BUILD/shim-15.8/Cryptlib/OpenSSL -I/usr/src/azl/BUILD/shim-15.8/Cryptlib -I/usr/src/azl/BUILD/shim-15.8/Cryptlib/OpenSSL/Include/ -I/usr/src/azl/BUILD/shim-15.8/Cryptlib/OpenSSL/crypto -I/usr/src/azl/BUILD/shim-15.8/Cryptlib/Include -I/usr/src/azl/BUILD/shim-15.8/gnu-efi/inc -I/usr/src/azl/BUILD/shim-15.8/gnu-efi/inc/x86_64 -I/usr/src/azl/BUILD/shim-15.8/gnu-efi/inc/protocol -I/usr/src/azl/BUILD/shim-15.8/Cryptlib/OpenSSL/crypto/asn1 -I/usr/src/azl/BUILD/shim-15.8/Cryptlib/OpenSSL/crypto/evp -I/usr/src/azl/BUILD/shim-15.8/Cryptlib/OpenSSL/crypto/modes -I/usr/src/azl/BUILD/shim-15.8/Cryptlib/OpenSSL/crypto/include -isystem /usr/src/azl/BUILD/shim-15.8/include/system -isystem /usr/lib/gcc/x86_64-pc-linux-gnu/13.2.0/include -DL_ENDIAN -D_CRT_SECURE_NO_DEPRECATE -D_CRT_NONSTDC_NO_DEPRECATE -DOPENSSL_SMALL_FOOTPRINT -DPEDANTIC -DMDE_CPU_X64   -c -o crypto/bn/bn_sqrt.o /usr/src/azl/BUILD/shim-15.8/Cryptlib/OpenSSL/crypto/bn/bn_sqrt.c
#7 95.27 gcc -std=gnu11 -ggdb -ffreestanding -fmacro-prefix-map=/usr/src/azl/BUILD/shim-15.8/= -fno-stack-protector -fno-strict-aliasing -fpic -fshort-wchar -Os -Wall -Wextra -Wno-missing-field-initializers  -mno-mmx -mno-sse -mno-red-zone -nostdinc -maccumulate-outgoing-args  -m64 -DMDE_CPU_X64 -DPAGE_SIZE=4096 -Werror -nostdinc -I/usr/src/azl/BUILD/shim-15.8/Cryptlib -I/usr/src/azl/BUILD/shim-15.8/Cryptlib/Include -I/usr/src/azl/BUILD/shim-15.8/gnu-efi/inc -I/usr/src/azl/BUILD/shim-15.8/gnu-efi/inc/x86_64 -I/usr/src/azl/BUILD/shim-15.8/gnu-efi/inc/protocol -I/usr/src/azl/BUILD/shim-15.8/include -iquote /usr/src/azl/BUILD/shim-15.8 -iquote /usr/src/azl/BUILD/shim-15.8/build-x64 -isystem /usr/src/azl/BUILD/shim-15.8/include/system -isystem /usr/lib/gcc/x86_64-pc-linux-gnu/13.2.0/include -DDEFAULT_LOADER='L"\\\\grubx64.efi"' -DDEFAULT_LOADER_CHAR='"\\\\grubx64.efi"' -DEFI_ARCH='L"x64"' -DDEBUGDIR='L"/usr/lib/debug/usr/share/shim/x64-15.8/"' -DVENDOR_CERT_FILE=\"/usr/src/azl/SOURCES/azurelinux-ca-20230216.der\"   -c -o MokManager.o /usr/src/azl/BUILD/shim-15.8/MokManager.c
#7 95.28 gcc -std=gnu11 -ggdb -ffreestanding -fmacro-prefix-map=/usr/src/azl/BUILD/shim-15.8/= -fno-stack-protector -fno-strict-aliasing -fpic -fshort-wchar -nostdinc -m64 -mno-mmx -mno-sse -mno-red-zone -maccumulate-outgoing-args -Os -Wall -Wextra -Wno-missing-field-initializers -Wno-empty-body -Wno-implicit-fallthrough -Wno-old-style-declaration -Wno-unused-but-set-variable -Wno-unused-parameter -Werror -I/usr/src/azl/BUILD/shim-15.8/Cryptlib/OpenSSL -I/usr/src/azl/BUILD/shim-15.8/Cryptlib -I/usr/src/azl/BUILD/shim-15.8/Cryptlib/OpenSSL/Include/ -I/usr/src/azl/BUILD/shim-15.8/Cryptlib/OpenSSL/crypto -I/usr/src/azl/BUILD/shim-15.8/Cryptlib/Include -I/usr/src/azl/BUILD/shim-15.8/gnu-efi/inc -I/usr/src/azl/BUILD/shim-15.8/gnu-efi/inc/x86_64 -I/usr/src/azl/BUILD/shim-15.8/gnu-efi/inc/protocol -I/usr/src/azl/BUILD/shim-15.8/Cryptlib/OpenSSL/crypto/asn1 -I/usr/src/azl/BUILD/shim-15.8/Cryptlib/OpenSSL/crypto/evp -I/usr/src/azl/BUILD/shim-15.8/Cryptlib/OpenSSL/crypto/modes -I/usr/src/azl/BUILD/shim-15.8/Cryptlib/OpenSSL/crypto/include -isystem /usr/src/azl/BUILD/shim-15.8/include/system -isystem /usr/lib/gcc/x86_64-pc-linux-gnu/13.2.0/include -DL_ENDIAN -D_CRT_SECURE_NO_DEPRECATE -D_CRT_NONSTDC_NO_DEPRECATE -DOPENSSL_SMALL_FOOTPRINT -DPEDANTIC -DMDE_CPU_X64   -c -o crypto/bn/bn_gcd.o /usr/src/azl/BUILD/shim-15.8/Cryptlib/OpenSSL/crypto/bn/bn_gcd.c
#7 95.49 gcc -std=gnu11 -ggdb -ffreestanding -fmacro-prefix-map=/usr/src/azl/BUILD/shim-15.8/= -fno-stack-protector -fno-strict-aliasing -fpic -fshort-wchar -nostdinc -m64 -mno-mmx -mno-sse -mno-red-zone -maccumulate-outgoing-args -Os -Wall -Wextra -Wno-missing-field-initializers -Wno-empty-body -Wno-implicit-fallthrough -Wno-old-style-declaration -Wno-unused-but-set-variable -Wno-unused-parameter -Werror -I/usr/src/azl/BUILD/shim-15.8/Cryptlib/OpenSSL -I/usr/src/azl/BUILD/shim-15.8/Cryptlib -I/usr/src/azl/BUILD/shim-15.8/Cryptlib/OpenSSL/Include/ -I/usr/src/azl/BUILD/shim-15.8/Cryptlib/OpenSSL/crypto -I/usr/src/azl/BUILD/shim-15.8/Cryptlib/Include -I/usr/src/azl/BUILD/shim-15.8/gnu-efi/inc -I/usr/src/azl/BUILD/shim-15.8/gnu-efi/inc/x86_64 -I/usr/src/azl/BUILD/shim-15.8/gnu-efi/inc/protocol -I/usr/src/azl/BUILD/shim-15.8/Cryptlib/OpenSSL/crypto/asn1 -I/usr/src/azl/BUILD/shim-15.8/Cryptlib/OpenSSL/crypto/evp -I/usr/src/azl/BUILD/shim-15.8/Cryptlib/OpenSSL/crypto/modes -I/usr/src/azl/BUILD/shim-15.8/Cryptlib/OpenSSL/crypto/include -isystem /usr/src/azl/BUILD/shim-15.8/include/system -isystem /usr/lib/gcc/x86_64-pc-linux-gnu/13.2.0/include -DL_ENDIAN -D_CRT_SECURE_NO_DEPRECATE -D_CRT_NONSTDC_NO_DEPRECATE -DOPENSSL_SMALL_FOOTPRINT -DPEDANTIC -DMDE_CPU_X64   -c -o crypto/bn/bn_prime.o /usr/src/azl/BUILD/shim-15.8/Cryptlib/OpenSSL/crypto/bn/bn_prime.c
#7 95.71 gcc -std=gnu11 -ggdb -ffreestanding -fmacro-prefix-map=/usr/src/azl/BUILD/shim-15.8/= -fno-stack-protector -fno-strict-aliasing -fpic -fshort-wchar -nostdinc -m64 -mno-mmx -mno-sse -mno-red-zone -maccumulate-outgoing-args -Os -Wall -Wextra -Wno-missing-field-initializers -Wno-empty-body -Wno-implicit-fallthrough -Wno-old-style-declaration -Wno-unused-but-set-variable -Wno-unused-parameter -Werror -I/usr/src/azl/BUILD/shim-15.8/Cryptlib/OpenSSL -I/usr/src/azl/BUILD/shim-15.8/Cryptlib -I/usr/src/azl/BUILD/shim-15.8/Cryptlib/OpenSSL/Include/ -I/usr/src/azl/BUILD/shim-15.8/Cryptlib/OpenSSL/crypto -I/usr/src/azl/BUILD/shim-15.8/Cryptlib/Include -I/usr/src/azl/BUILD/shim-15.8/gnu-efi/inc -I/usr/src/azl/BUILD/shim-15.8/gnu-efi/inc/x86_64 -I/usr/src/azl/BUILD/shim-15.8/gnu-efi/inc/protocol -I/usr/src/azl/BUILD/shim-15.8/Cryptlib/OpenSSL/crypto/asn1 -I/usr/src/azl/BUILD/shim-15.8/Cryptlib/OpenSSL/crypto/evp -I/usr/src/azl/BUILD/shim-15.8/Cryptlib/OpenSSL/crypto/modes -I/usr/src/azl/BUILD/shim-15.8/Cryptlib/OpenSSL/crypto/include -isystem /usr/src/azl/BUILD/shim-15.8/include/system -isystem /usr/lib/gcc/x86_64-pc-linux-gnu/13.2.0/include -DL_ENDIAN -D_CRT_SECURE_NO_DEPRECATE -D_CRT_NONSTDC_NO_DEPRECATE -DOPENSSL_SMALL_FOOTPRINT -DPEDANTIC -DMDE_CPU_X64   -c -o crypto/bn/bn_err.o /usr/src/azl/BUILD/shim-15.8/Cryptlib/OpenSSL/crypto/bn/bn_err.c
#7 95.77 gcc -std=gnu11 -ggdb -ffreestanding -fmacro-prefix-map=/usr/src/azl/BUILD/shim-15.8/= -fno-stack-protector -fno-strict-aliasing -fpic -fshort-wchar -nostdinc -m64 -mno-mmx -mno-sse -mno-red-zone -maccumulate-outgoing-args -Os -Wall -Wextra -Wno-missing-field-initializers -Wno-empty-body -Wno-implicit-fallthrough -Wno-old-style-declaration -Wno-unused-but-set-variable -Wno-unused-parameter -Werror -I/usr/src/azl/BUILD/shim-15.8/Cryptlib/OpenSSL -I/usr/src/azl/BUILD/shim-15.8/Cryptlib -I/usr/src/azl/BUILD/shim-15.8/Cryptlib/OpenSSL/Include/ -I/usr/src/azl/BUILD/shim-15.8/Cryptlib/OpenSSL/crypto -I/usr/src/azl/BUILD/shim-15.8/Cryptlib/Include -I/usr/src/azl/BUILD/shim-15.8/gnu-efi/inc -I/usr/src/azl/BUILD/shim-15.8/gnu-efi/inc/x86_64 -I/usr/src/azl/BUILD/shim-15.8/gnu-efi/inc/protocol -I/usr/src/azl/BUILD/shim-15.8/Cryptlib/OpenSSL/crypto/asn1 -I/usr/src/azl/BUILD/shim-15.8/Cryptlib/OpenSSL/crypto/evp -I/usr/src/azl/BUILD/shim-15.8/Cryptlib/OpenSSL/crypto/modes -I/usr/src/azl/BUILD/shim-15.8/Cryptlib/OpenSSL/crypto/include -isystem /usr/src/azl/BUILD/shim-15.8/include/system -isystem /usr/lib/gcc/x86_64-pc-linux-gnu/13.2.0/include -DL_ENDIAN -D_CRT_SECURE_NO_DEPRECATE -D_CRT_NONSTDC_NO_DEPRECATE -DOPENSSL_SMALL_FOOTPRINT -DPEDANTIC -DMDE_CPU_X64   -c -o crypto/bn/bn_sqr.o /usr/src/azl/BUILD/shim-15.8/Cryptlib/OpenSSL/crypto/bn/bn_sqr.c
#7 95.87 gcc -std=gnu11 -ggdb -ffreestanding -fmacro-prefix-map=/usr/src/azl/BUILD/shim-15.8/= -fno-stack-protector -fno-strict-aliasing -fpic -fshort-wchar -nostdinc -m64 -mno-mmx -mno-sse -mno-red-zone -maccumulate-outgoing-args -Os -Wall -Wextra -Wno-missing-field-initializers -Wno-empty-body -Wno-implicit-fallthrough -Wno-old-style-declaration -Wno-unused-but-set-variable -Wno-unused-parameter -Werror -I/usr/src/azl/BUILD/shim-15.8/Cryptlib/OpenSSL -I/usr/src/azl/BUILD/shim-15.8/Cryptlib -I/usr/src/azl/BUILD/shim-15.8/Cryptlib/OpenSSL/Include/ -I/usr/src/azl/BUILD/shim-15.8/Cryptlib/OpenSSL/crypto -I/usr/src/azl/BUILD/shim-15.8/Cryptlib/Include -I/usr/src/azl/BUILD/shim-15.8/gnu-efi/inc -I/usr/src/azl/BUILD/shim-15.8/gnu-efi/inc/x86_64 -I/usr/src/azl/BUILD/shim-15.8/gnu-efi/inc/protocol -I/usr/src/azl/BUILD/shim-15.8/Cryptlib/OpenSSL/crypto/asn1 -I/usr/src/azl/BUILD/shim-15.8/Cryptlib/OpenSSL/crypto/evp -I/usr/src/azl/BUILD/shim-15.8/Cryptlib/OpenSSL/crypto/modes -I/usr/src/azl/BUILD/shim-15.8/Cryptlib/OpenSSL/crypto/include -isystem /usr/src/azl/BUILD/shim-15.8/include/system -isystem /usr/lib/gcc/x86_64-pc-linux-gnu/13.2.0/include -DL_ENDIAN -D_CRT_SECURE_NO_DEPRECATE -D_CRT_NONSTDC_NO_DEPRECATE -DOPENSSL_SMALL_FOOTPRINT -DPEDANTIC -DMDE_CPU_X64   -c -o crypto/bn/bn_asm.o /usr/src/azl/BUILD/shim-15.8/Cryptlib/OpenSSL/crypto/bn/bn_asm.c
#7 96.05 gcc -std=gnu11 -ggdb -ffreestanding -fmacro-prefix-map=/usr/src/azl/BUILD/shim-15.8/= -fno-stack-protector -fno-strict-aliasing -fpic -fshort-wchar -nostdinc -m64 -mno-mmx -mno-sse -mno-red-zone -maccumulate-outgoing-args -Os -Wall -Wextra -Wno-missing-field-initializers -Wno-empty-body -Wno-implicit-fallthrough -Wno-old-style-declaration -Wno-unused-but-set-variable -Wno-unused-parameter -Werror -I/usr/src/azl/BUILD/shim-15.8/Cryptlib/OpenSSL -I/usr/src/azl/BUILD/shim-15.8/Cryptlib -I/usr/src/azl/BUILD/shim-15.8/Cryptlib/OpenSSL/Include/ -I/usr/src/azl/BUILD/shim-15.8/Cryptlib/OpenSSL/crypto -I/usr/src/azl/BUILD/shim-15.8/Cryptlib/Include -I/usr/src/azl/BUILD/shim-15.8/gnu-efi/inc -I/usr/src/azl/BUILD/shim-15.8/gnu-efi/inc/x86_64 -I/usr/src/azl/BUILD/shim-15.8/gnu-efi/inc/protocol -I/usr/src/azl/BUILD/shim-15.8/Cryptlib/OpenSSL/crypto/asn1 -I/usr/src/azl/BUILD/shim-15.8/Cryptlib/OpenSSL/crypto/evp -I/usr/src/azl/BUILD/shim-15.8/Cryptlib/OpenSSL/crypto/modes -I/usr/src/azl/BUILD/shim-15.8/Cryptlib/OpenSSL/crypto/include -isystem /usr/src/azl/BUILD/shim-15.8/include/system -isystem /usr/lib/gcc/x86_64-pc-linux-gnu/13.2.0/include -DL_ENDIAN -D_CRT_SECURE_NO_DEPRECATE -D_CRT_NONSTDC_NO_DEPRECATE -DOPENSSL_SMALL_FOOTPRINT -DPEDANTIC -DMDE_CPU_X64   -c -o crypto/bn/bn_recp.o /usr/src/azl/BUILD/shim-15.8/Cryptlib/OpenSSL/crypto/bn/bn_recp.c
#7 96.17 gcc -std=gnu11 -ggdb -ffreestanding -fmacro-prefix-map=/usr/src/azl/BUILD/shim-15.8/= -fno-stack-protector -fno-strict-aliasing -fpic -fshort-wchar -nostdinc -m64 -mno-mmx -mno-sse -mno-red-zone -maccumulate-outgoing-args -Os -Wall -Wextra -Wno-missing-field-initializers -Wno-empty-body -Wno-implicit-fallthrough -Wno-old-style-declaration -Wno-unused-but-set-variable -Wno-unused-parameter -Werror -I/usr/src/azl/BUILD/shim-15.8/Cryptlib/OpenSSL -I/usr/src/azl/BUILD/shim-15.8/Cryptlib -I/usr/src/azl/BUILD/shim-15.8/Cryptlib/OpenSSL/Include/ -I/usr/src/azl/BUILD/shim-15.8/Cryptlib/OpenSSL/crypto -I/usr/src/azl/BUILD/shim-15.8/Cryptlib/Include -I/usr/src/azl/BUILD/shim-15.8/gnu-efi/inc -I/usr/src/azl/BUILD/shim-15.8/gnu-efi/inc/x86_64 -I/usr/src/azl/BUILD/shim-15.8/gnu-efi/inc/protocol -I/usr/src/azl/BUILD/shim-15.8/Cryptlib/OpenSSL/crypto/asn1 -I/usr/src/azl/BUILD/shim-15.8/Cryptlib/OpenSSL/crypto/evp -I/usr/src/azl/BUILD/shim-15.8/Cryptlib/OpenSSL/crypto/modes -I/usr/src/azl/BUILD/shim-15.8/Cryptlib/OpenSSL/crypto/include -isystem /usr/src/azl/BUILD/shim-15.8/include/system -isystem /usr/lib/gcc/x86_64-pc-linux-gnu/13.2.0/include -DL_ENDIAN -D_CRT_SECURE_NO_DEPRECATE -D_CRT_NONSTDC_NO_DEPRECATE -DOPENSSL_SMALL_FOOTPRINT -DPEDANTIC -DMDE_CPU_X64   -c -o crypto/bn/bn_mont.o /usr/src/azl/BUILD/shim-15.8/Cryptlib/OpenSSL/crypto/bn/bn_mont.c
#7 96.36 gcc -std=gnu11 -ggdb -ffreestanding -fmacro-prefix-map=/usr/src/azl/BUILD/shim-15.8/= -fno-stack-protector -fno-strict-aliasing -fpic -fshort-wchar -nostdinc -m64 -mno-mmx -mno-sse -mno-red-zone -maccumulate-outgoing-args -Os -Wall -Wextra -Wno-missing-field-initializers -Wno-empty-body -Wno-implicit-fallthrough -Wno-old-style-declaration -Wno-unused-but-set-variable -Wno-unused-parameter -Werror -I/usr/src/azl/BUILD/shim-15.8/Cryptlib/OpenSSL -I/usr/src/azl/BUILD/shim-15.8/Cryptlib -I/usr/src/azl/BUILD/shim-15.8/Cryptlib/OpenSSL/Include/ -I/usr/src/azl/BUILD/shim-15.8/Cryptlib/OpenSSL/crypto -I/usr/src/azl/BUILD/shim-15.8/Cryptlib/Include -I/usr/src/azl/BUILD/shim-15.8/gnu-efi/inc -I/usr/src/azl/BUILD/shim-15.8/gnu-efi/inc/x86_64 -I/usr/src/azl/BUILD/shim-15.8/gnu-efi/inc/protocol -I/usr/src/azl/BUILD/shim-15.8/Cryptlib/OpenSSL/crypto/asn1 -I/usr/src/azl/BUILD/shim-15.8/Cryptlib/OpenSSL/crypto/evp -I/usr/src/azl/BUILD/shim-15.8/Cryptlib/OpenSSL/crypto/modes -I/usr/src/azl/BUILD/shim-15.8/Cryptlib/OpenSSL/crypto/include -isystem /usr/src/azl/BUILD/shim-15.8/include/system -isystem /usr/lib/gcc/x86_64-pc-linux-gnu/13.2.0/include -DL_ENDIAN -D_CRT_SECURE_NO_DEPRECATE -D_CRT_NONSTDC_NO_DEPRECATE -DOPENSSL_SMALL_FOOTPRINT -DPEDANTIC -DMDE_CPU_X64   -c -o crypto/bn/bn_mpi.o /usr/src/azl/BUILD/shim-15.8/Cryptlib/OpenSSL/crypto/bn/bn_mpi.c
#7 96.42 gcc -std=gnu11 -ggdb -ffreestanding -fmacro-prefix-map=/usr/src/azl/BUILD/shim-15.8/= -fno-stack-protector -fno-strict-aliasing -fpic -fshort-wchar -Os -Wall -Wextra -Wno-missing-field-initializers  -mno-mmx -mno-sse -mno-red-zone -nostdinc -maccumulate-outgoing-args  -m64 -DMDE_CPU_X64 -DPAGE_SIZE=4096 -Werror -nostdinc -I/usr/src/azl/BUILD/shim-15.8/Cryptlib -I/usr/src/azl/BUILD/shim-15.8/Cryptlib/Include -I/usr/src/azl/BUILD/shim-15.8/gnu-efi/inc -I/usr/src/azl/BUILD/shim-15.8/gnu-efi/inc/x86_64 -I/usr/src/azl/BUILD/shim-15.8/gnu-efi/inc/protocol -I/usr/src/azl/BUILD/shim-15.8/include -iquote /usr/src/azl/BUILD/shim-15.8 -iquote /usr/src/azl/BUILD/shim-15.8/build-x64 -isystem /usr/src/azl/BUILD/shim-15.8/include/system -isystem /usr/lib/gcc/x86_64-pc-linux-gnu/13.2.0/include -DDEFAULT_LOADER='L"\\\\grubx64.efi"' -DDEFAULT_LOADER_CHAR='"\\\\grubx64.efi"' -DEFI_ARCH='L"x64"' -DDEBUGDIR='L"/usr/lib/debug/usr/share/shim/x64-15.8/"' -DVENDOR_CERT_FILE=\"/usr/src/azl/SOURCES/azurelinux-ca-20230216.der\"   -c -o PasswordCrypt.o /usr/src/azl/BUILD/shim-15.8/PasswordCrypt.c
#7 96.45 gcc -std=gnu11 -ggdb -ffreestanding -fmacro-prefix-map=/usr/src/azl/BUILD/shim-15.8/= -fno-stack-protector -fno-strict-aliasing -fpic -fshort-wchar -nostdinc -m64 -mno-mmx -mno-sse -mno-red-zone -maccumulate-outgoing-args -Os -Wall -Wextra -Wno-missing-field-initializers -Wno-empty-body -Wno-implicit-fallthrough -Wno-old-style-declaration -Wno-unused-but-set-variable -Wno-unused-parameter -Werror -I/usr/src/azl/BUILD/shim-15.8/Cryptlib/OpenSSL -I/usr/src/azl/BUILD/shim-15.8/Cryptlib -I/usr/src/azl/BUILD/shim-15.8/Cryptlib/OpenSSL/Include/ -I/usr/src/azl/BUILD/shim-15.8/Cryptlib/OpenSSL/crypto -I/usr/src/azl/BUILD/shim-15.8/Cryptlib/Include -I/usr/src/azl/BUILD/shim-15.8/gnu-efi/inc -I/usr/src/azl/BUILD/shim-15.8/gnu-efi/inc/x86_64 -I/usr/src/azl/BUILD/shim-15.8/gnu-efi/inc/protocol -I/usr/src/azl/BUILD/shim-15.8/Cryptlib/OpenSSL/crypto/asn1 -I/usr/src/azl/BUILD/shim-15.8/Cryptlib/OpenSSL/crypto/evp -I/usr/src/azl/BUILD/shim-15.8/Cryptlib/OpenSSL/crypto/modes -I/usr/src/azl/BUILD/shim-15.8/Cryptlib/OpenSSL/crypto/include -isystem /usr/src/azl/BUILD/shim-15.8/include/system -isystem /usr/lib/gcc/x86_64-pc-linux-gnu/13.2.0/include -DL_ENDIAN -D_CRT_SECURE_NO_DEPRECATE -D_CRT_NONSTDC_NO_DEPRECATE -DOPENSSL_SMALL_FOOTPRINT -DPEDANTIC -DMDE_CPU_X64   -c -o crypto/bn/bn_exp2.o /usr/src/azl/BUILD/shim-15.8/Cryptlib/OpenSSL/crypto/bn/bn_exp2.c
#7 96.60 gcc -std=gnu11 -ggdb -ffreestanding -fmacro-prefix-map=/usr/src/azl/BUILD/shim-15.8/= -fno-stack-protector -fno-strict-aliasing -fpic -fshort-wchar -nostdinc -m64 -mno-mmx -mno-sse -mno-red-zone -maccumulate-outgoing-args -Os -Wall -Wextra -Wno-missing-field-initializers -Wno-empty-body -Wno-implicit-fallthrough -Wno-old-style-declaration -Wno-unused-but-set-variable -Wno-unused-parameter -Werror -I/usr/src/azl/BUILD/shim-15.8/Cryptlib/OpenSSL -I/usr/src/azl/BUILD/shim-15.8/Cryptlib -I/usr/src/azl/BUILD/shim-15.8/Cryptlib/OpenSSL/Include/ -I/usr/src/azl/BUILD/shim-15.8/Cryptlib/OpenSSL/crypto -I/usr/src/azl/BUILD/shim-15.8/Cryptlib/Include -I/usr/src/azl/BUILD/shim-15.8/gnu-efi/inc -I/usr/src/azl/BUILD/shim-15.8/gnu-efi/inc/x86_64 -I/usr/src/azl/BUILD/shim-15.8/gnu-efi/inc/protocol -I/usr/src/azl/BUILD/shim-15.8/Cryptlib/OpenSSL/crypto/asn1 -I/usr/src/azl/BUILD/shim-15.8/Cryptlib/OpenSSL/crypto/evp -I/usr/src/azl/BUILD/shim-15.8/Cryptlib/OpenSSL/crypto/modes -I/usr/src/azl/BUILD/shim-15.8/Cryptlib/OpenSSL/crypto/include -isystem /usr/src/azl/BUILD/shim-15.8/include/system -isystem /usr/lib/gcc/x86_64-pc-linux-gnu/13.2.0/include -DL_ENDIAN -D_CRT_SECURE_NO_DEPRECATE -D_CRT_NONSTDC_NO_DEPRECATE -DOPENSSL_SMALL_FOOTPRINT -DPEDANTIC -DMDE_CPU_X64   -c -o crypto/bn/bn_gf2m.o /usr/src/azl/BUILD/shim-15.8/Cryptlib/OpenSSL/crypto/bn/bn_gf2m.c
#7 96.61 gcc -std=gnu11 -ggdb -ffreestanding -fmacro-prefix-map=/usr/src/azl/BUILD/shim-15.8/= -fno-stack-protector -fno-strict-aliasing -fpic -fshort-wchar -nostdinc -m64 -mno-mmx -mno-sse -mno-red-zone -maccumulate-outgoing-args -Os -Wall -Wextra -Wno-missing-field-initializers -Wno-empty-body -Wno-implicit-fallthrough -Wno-old-style-declaration -Wno-unused-but-set-variable -Wno-unused-parameter -Werror -I/usr/src/azl/BUILD/shim-15.8/Cryptlib/OpenSSL -I/usr/src/azl/BUILD/shim-15.8/Cryptlib -I/usr/src/azl/BUILD/shim-15.8/Cryptlib/OpenSSL/Include/ -I/usr/src/azl/BUILD/shim-15.8/Cryptlib/OpenSSL/crypto -I/usr/src/azl/BUILD/shim-15.8/Cryptlib/Include -I/usr/src/azl/BUILD/shim-15.8/gnu-efi/inc -I/usr/src/azl/BUILD/shim-15.8/gnu-efi/inc/x86_64 -I/usr/src/azl/BUILD/shim-15.8/gnu-efi/inc/protocol -I/usr/src/azl/BUILD/shim-15.8/Cryptlib/OpenSSL/crypto/asn1 -I/usr/src/azl/BUILD/shim-15.8/Cryptlib/OpenSSL/crypto/evp -I/usr/src/azl/BUILD/shim-15.8/Cryptlib/OpenSSL/crypto/modes -I/usr/src/azl/BUILD/shim-15.8/Cryptlib/OpenSSL/crypto/include -isystem /usr/src/azl/BUILD/shim-15.8/include/system -isystem /usr/lib/gcc/x86_64-pc-linux-gnu/13.2.0/include -DL_ENDIAN -D_CRT_SECURE_NO_DEPRECATE -D_CRT_NONSTDC_NO_DEPRECATE -DOPENSSL_SMALL_FOOTPRINT -DPEDANTIC -DMDE_CPU_X64   -c -o crypto/bn/bn_nist.o /usr/src/azl/BUILD/shim-15.8/Cryptlib/OpenSSL/crypto/bn/bn_nist.c
#7 96.91 gcc -std=gnu11 -ggdb -ffreestanding -fmacro-prefix-map=/usr/src/azl/BUILD/shim-15.8/= -fno-stack-protector -fno-strict-aliasing -fpic -fshort-wchar -nostdinc -m64 -mno-mmx -mno-sse -mno-red-zone -maccumulate-outgoing-args -Os -Wall -Wextra -Wno-missing-field-initializers -Wno-empty-body -Wno-implicit-fallthrough -Wno-old-style-declaration -Wno-unused-but-set-variable -Wno-unused-parameter -Werror -I/usr/src/azl/BUILD/shim-15.8/Cryptlib/OpenSSL -I/usr/src/azl/BUILD/shim-15.8/Cryptlib -I/usr/src/azl/BUILD/shim-15.8/Cryptlib/OpenSSL/Include/ -I/usr/src/azl/BUILD/shim-15.8/Cryptlib/OpenSSL/crypto -I/usr/src/azl/BUILD/shim-15.8/Cryptlib/Include -I/usr/src/azl/BUILD/shim-15.8/gnu-efi/inc -I/usr/src/azl/BUILD/shim-15.8/gnu-efi/inc/x86_64 -I/usr/src/azl/BUILD/shim-15.8/gnu-efi/inc/protocol -I/usr/src/azl/BUILD/shim-15.8/Cryptlib/OpenSSL/crypto/asn1 -I/usr/src/azl/BUILD/shim-15.8/Cryptlib/OpenSSL/crypto/evp -I/usr/src/azl/BUILD/shim-15.8/Cryptlib/OpenSSL/crypto/modes -I/usr/src/azl/BUILD/shim-15.8/Cryptlib/OpenSSL/crypto/include -isystem /usr/src/azl/BUILD/shim-15.8/include/system -isystem /usr/lib/gcc/x86_64-pc-linux-gnu/13.2.0/include -DL_ENDIAN -D_CRT_SECURE_NO_DEPRECATE -D_CRT_NONSTDC_NO_DEPRECATE -DOPENSSL_SMALL_FOOTPRINT -DPEDANTIC -DMDE_CPU_X64   -c -o crypto/bn/bn_depr.o /usr/src/azl/BUILD/shim-15.8/Cryptlib/OpenSSL/crypto/bn/bn_depr.c
#7 96.97 gcc -std=gnu11 -ggdb -ffreestanding -fmacro-prefix-map=/usr/src/azl/BUILD/shim-15.8/= -fno-stack-protector -fno-strict-aliasing -fpic -fshort-wchar -nostdinc -m64 -mno-mmx -mno-sse -mno-red-zone -maccumulate-outgoing-args -Os -Wall -Wextra -Wno-missing-field-initializers -Wno-empty-body -Wno-implicit-fallthrough -Wno-old-style-declaration -Wno-unused-but-set-variable -Wno-unused-parameter -Werror -I/usr/src/azl/BUILD/shim-15.8/Cryptlib/OpenSSL -I/usr/src/azl/BUILD/shim-15.8/Cryptlib -I/usr/src/azl/BUILD/shim-15.8/Cryptlib/OpenSSL/Include/ -I/usr/src/azl/BUILD/shim-15.8/Cryptlib/OpenSSL/crypto -I/usr/src/azl/BUILD/shim-15.8/Cryptlib/Include -I/usr/src/azl/BUILD/shim-15.8/gnu-efi/inc -I/usr/src/azl/BUILD/shim-15.8/gnu-efi/inc/x86_64 -I/usr/src/azl/BUILD/shim-15.8/gnu-efi/inc/protocol -I/usr/src/azl/BUILD/shim-15.8/Cryptlib/OpenSSL/crypto/asn1 -I/usr/src/azl/BUILD/shim-15.8/Cryptlib/OpenSSL/crypto/evp -I/usr/src/azl/BUILD/shim-15.8/Cryptlib/OpenSSL/crypto/modes -I/usr/src/azl/BUILD/shim-15.8/Cryptlib/OpenSSL/crypto/include -isystem /usr/src/azl/BUILD/shim-15.8/include/system -isystem /usr/lib/gcc/x86_64-pc-linux-gnu/13.2.0/include -DL_ENDIAN -D_CRT_SECURE_NO_DEPRECATE -D_CRT_NONSTDC_NO_DEPRECATE -DOPENSSL_SMALL_FOOTPRINT -DPEDANTIC -DMDE_CPU_X64   -c -o crypto/bn/bn_x931p.o /usr/src/azl/BUILD/shim-15.8/Cryptlib/OpenSSL/crypto/bn/bn_x931p.c
#7 97.07 gcc -std=gnu11 -ggdb -ffreestanding -fmacro-prefix-map=/usr/src/azl/BUILD/shim-15.8/= -fno-stack-protector -fno-strict-aliasing -fpic -fshort-wchar -nostdinc -m64 -mno-mmx -mno-sse -mno-red-zone -maccumulate-outgoing-args -Os -Wall -Wextra -Wno-missing-field-initializers -Wno-empty-body -Wno-implicit-fallthrough -Wno-old-style-declaration -Wno-unused-but-set-variable -Wno-unused-parameter -Werror -I/usr/src/azl/BUILD/shim-15.8/Cryptlib/OpenSSL -I/usr/src/azl/BUILD/shim-15.8/Cryptlib -I/usr/src/azl/BUILD/shim-15.8/Cryptlib/OpenSSL/Include/ -I/usr/src/azl/BUILD/shim-15.8/Cryptlib/OpenSSL/crypto -I/usr/src/azl/BUILD/shim-15.8/Cryptlib/Include -I/usr/src/azl/BUILD/shim-15.8/gnu-efi/inc -I/usr/src/azl/BUILD/shim-15.8/gnu-efi/inc/x86_64 -I/usr/src/azl/BUILD/shim-15.8/gnu-efi/inc/protocol -I/usr/src/azl/BUILD/shim-15.8/Cryptlib/OpenSSL/crypto/asn1 -I/usr/src/azl/BUILD/shim-15.8/Cryptlib/OpenSSL/crypto/evp -I/usr/src/azl/BUILD/shim-15.8/Cryptlib/OpenSSL/crypto/modes -I/usr/src/azl/BUILD/shim-15.8/Cryptlib/OpenSSL/crypto/include -isystem /usr/src/azl/BUILD/shim-15.8/include/system -isystem /usr/lib/gcc/x86_64-pc-linux-gnu/13.2.0/include -DL_ENDIAN -D_CRT_SECURE_NO_DEPRECATE -D_CRT_NONSTDC_NO_DEPRECATE -DOPENSSL_SMALL_FOOTPRINT -DPEDANTIC -DMDE_CPU_X64   -c -o crypto/bn/bn_const.o /usr/src/azl/BUILD/shim-15.8/Cryptlib/OpenSSL/crypto/bn/bn_const.c
#7 97.10 gcc -std=gnu11 -ggdb -ffreestanding -fmacro-prefix-map=/usr/src/azl/BUILD/shim-15.8/= -fno-stack-protector -fno-strict-aliasing -fpic -fshort-wchar -nostdinc -m64 -mno-mmx -mno-sse -mno-red-zone -maccumulate-outgoing-args -Os -Wall -Wextra -Wno-missing-field-initializers -Wno-empty-body -Wno-implicit-fallthrough -Wno-old-style-declaration -Wno-unused-but-set-variable -Wno-unused-parameter -Werror -I/usr/src/azl/BUILD/shim-15.8/Cryptlib/OpenSSL -I/usr/src/azl/BUILD/shim-15.8/Cryptlib -I/usr/src/azl/BUILD/shim-15.8/Cryptlib/OpenSSL/Include/ -I/usr/src/azl/BUILD/shim-15.8/Cryptlib/OpenSSL/crypto -I/usr/src/azl/BUILD/shim-15.8/Cryptlib/Include -I/usr/src/azl/BUILD/shim-15.8/gnu-efi/inc -I/usr/src/azl/BUILD/shim-15.8/gnu-efi/inc/x86_64 -I/usr/src/azl/BUILD/shim-15.8/gnu-efi/inc/protocol -I/usr/src/azl/BUILD/shim-15.8/Cryptlib/OpenSSL/crypto/asn1 -I/usr/src/azl/BUILD/shim-15.8/Cryptlib/OpenSSL/crypto/evp -I/usr/src/azl/BUILD/shim-15.8/Cryptlib/OpenSSL/crypto/modes -I/usr/src/azl/BUILD/shim-15.8/Cryptlib/OpenSSL/crypto/include -isystem /usr/src/azl/BUILD/shim-15.8/include/system -isystem /usr/lib/gcc/x86_64-pc-linux-gnu/13.2.0/include -DL_ENDIAN -D_CRT_SECURE_NO_DEPRECATE -D_CRT_NONSTDC_NO_DEPRECATE -DOPENSSL_SMALL_FOOTPRINT -DPEDANTIC -DMDE_CPU_X64   -c -o crypto/rsa/rsa_eay.o /usr/src/azl/BUILD/shim-15.8/Cryptlib/OpenSSL/crypto/rsa/rsa_eay.c
#7 97.16 gcc -std=gnu11 -ggdb -ffreestanding -fmacro-prefix-map=/usr/src/azl/BUILD/shim-15.8/= -fno-stack-protector -fno-strict-aliasing -fpic -fshort-wchar -nostdinc -m64 -mno-mmx -mno-sse -mno-red-zone -maccumulate-outgoing-args -Os -Wall -Wextra -Wno-missing-field-initializers -Wno-empty-body -Wno-implicit-fallthrough -Wno-old-style-declaration -Wno-unused-but-set-variable -Wno-unused-parameter -Werror -I/usr/src/azl/BUILD/shim-15.8/Cryptlib/OpenSSL -I/usr/src/azl/BUILD/shim-15.8/Cryptlib -I/usr/src/azl/BUILD/shim-15.8/Cryptlib/OpenSSL/Include/ -I/usr/src/azl/BUILD/shim-15.8/Cryptlib/OpenSSL/crypto -I/usr/src/azl/BUILD/shim-15.8/Cryptlib/Include -I/usr/src/azl/BUILD/shim-15.8/gnu-efi/inc -I/usr/src/azl/BUILD/shim-15.8/gnu-efi/inc/x86_64 -I/usr/src/azl/BUILD/shim-15.8/gnu-efi/inc/protocol -I/usr/src/azl/BUILD/shim-15.8/Cryptlib/OpenSSL/crypto/asn1 -I/usr/src/azl/BUILD/shim-15.8/Cryptlib/OpenSSL/crypto/evp -I/usr/src/azl/BUILD/shim-15.8/Cryptlib/OpenSSL/crypto/modes -I/usr/src/azl/BUILD/shim-15.8/Cryptlib/OpenSSL/crypto/include -isystem /usr/src/azl/BUILD/shim-15.8/include/system -isystem /usr/lib/gcc/x86_64-pc-linux-gnu/13.2.0/include -DL_ENDIAN -D_CRT_SECURE_NO_DEPRECATE -D_CRT_NONSTDC_NO_DEPRECATE -DOPENSSL_SMALL_FOOTPRINT -DPEDANTIC -DMDE_CPU_X64   -c -o crypto/rsa/rsa_gen.o /usr/src/azl/BUILD/shim-15.8/Cryptlib/OpenSSL/crypto/rsa/rsa_gen.c
#7 97.29 gcc -std=gnu11 -ggdb -ffreestanding -fmacro-prefix-map=/usr/src/azl/BUILD/shim-15.8/= -fno-stack-protector -fno-strict-aliasing -fpic -fshort-wchar -nostdinc -m64 -mno-mmx -mno-sse -mno-red-zone -maccumulate-outgoing-args -Os -Wall -Wextra -Wno-missing-field-initializers -Wno-empty-body -Wno-implicit-fallthrough -Wno-old-style-declaration -Wno-unused-but-set-variable -Wno-unused-parameter -Werror -I/usr/src/azl/BUILD/shim-15.8/Cryptlib/OpenSSL -I/usr/src/azl/BUILD/shim-15.8/Cryptlib -I/usr/src/azl/BUILD/shim-15.8/Cryptlib/OpenSSL/Include/ -I/usr/src/azl/BUILD/shim-15.8/Cryptlib/OpenSSL/crypto -I/usr/src/azl/BUILD/shim-15.8/Cryptlib/Include -I/usr/src/azl/BUILD/shim-15.8/gnu-efi/inc -I/usr/src/azl/BUILD/shim-15.8/gnu-efi/inc/x86_64 -I/usr/src/azl/BUILD/shim-15.8/gnu-efi/inc/protocol -I/usr/src/azl/BUILD/shim-15.8/Cryptlib/OpenSSL/crypto/asn1 -I/usr/src/azl/BUILD/shim-15.8/Cryptlib/OpenSSL/crypto/evp -I/usr/src/azl/BUILD/shim-15.8/Cryptlib/OpenSSL/crypto/modes -I/usr/src/azl/BUILD/shim-15.8/Cryptlib/OpenSSL/crypto/include -isystem /usr/src/azl/BUILD/shim-15.8/include/system -isystem /usr/lib/gcc/x86_64-pc-linux-gnu/13.2.0/include -DL_ENDIAN -D_CRT_SECURE_NO_DEPRECATE -D_CRT_NONSTDC_NO_DEPRECATE -DOPENSSL_SMALL_FOOTPRINT -DPEDANTIC -DMDE_CPU_X64   -c -o crypto/rsa/rsa_lib.o /usr/src/azl/BUILD/shim-15.8/Cryptlib/OpenSSL/crypto/rsa/rsa_lib.c
#7 97.42 gcc -std=gnu11 -ggdb -ffreestanding -fmacro-prefix-map=/usr/src/azl/BUILD/shim-15.8/= -fno-stack-protector -fno-strict-aliasing -fpic -fshort-wchar -nostdinc -m64 -mno-mmx -mno-sse -mno-red-zone -maccumulate-outgoing-args -Os -Wall -Wextra -Wno-missing-field-initializers -Wno-empty-body -Wno-implicit-fallthrough -Wno-old-style-declaration -Wno-unused-but-set-variable -Wno-unused-parameter -Werror -I/usr/src/azl/BUILD/shim-15.8/Cryptlib/OpenSSL -I/usr/src/azl/BUILD/shim-15.8/Cryptlib -I/usr/src/azl/BUILD/shim-15.8/Cryptlib/OpenSSL/Include/ -I/usr/src/azl/BUILD/shim-15.8/Cryptlib/OpenSSL/crypto -I/usr/src/azl/BUILD/shim-15.8/Cryptlib/Include -I/usr/src/azl/BUILD/shim-15.8/gnu-efi/inc -I/usr/src/azl/BUILD/shim-15.8/gnu-efi/inc/x86_64 -I/usr/src/azl/BUILD/shim-15.8/gnu-efi/inc/protocol -I/usr/src/azl/BUILD/shim-15.8/Cryptlib/OpenSSL/crypto/asn1 -I/usr/src/azl/BUILD/shim-15.8/Cryptlib/OpenSSL/crypto/evp -I/usr/src/azl/BUILD/shim-15.8/Cryptlib/OpenSSL/crypto/modes -I/usr/src/azl/BUILD/shim-15.8/Cryptlib/OpenSSL/crypto/include -isystem /usr/src/azl/BUILD/shim-15.8/include/system -isystem /usr/lib/gcc/x86_64-pc-linux-gnu/13.2.0/include -DL_ENDIAN -D_CRT_SECURE_NO_DEPRECATE -D_CRT_NONSTDC_NO_DEPRECATE -DOPENSSL_SMALL_FOOTPRINT -DPEDANTIC -DMDE_CPU_X64   -c -o crypto/rsa/rsa_sign.o /usr/src/azl/BUILD/shim-15.8/Cryptlib/OpenSSL/crypto/rsa/rsa_sign.c
#7 97.44 gcc -std=gnu11 -ggdb -ffreestanding -fmacro-prefix-map=/usr/src/azl/BUILD/shim-15.8/= -fno-stack-protector -fno-strict-aliasing -fpic -fshort-wchar -nostdinc -m64 -mno-mmx -mno-sse -mno-red-zone -maccumulate-outgoing-args -Os -Wall -Wextra -Wno-missing-field-initializers -Wno-empty-body -Wno-implicit-fallthrough -Wno-old-style-declaration -Wno-unused-but-set-variable -Wno-unused-parameter -Werror -I/usr/src/azl/BUILD/shim-15.8/Cryptlib/OpenSSL -I/usr/src/azl/BUILD/shim-15.8/Cryptlib -I/usr/src/azl/BUILD/shim-15.8/Cryptlib/OpenSSL/Include/ -I/usr/src/azl/BUILD/shim-15.8/Cryptlib/OpenSSL/crypto -I/usr/src/azl/BUILD/shim-15.8/Cryptlib/Include -I/usr/src/azl/BUILD/shim-15.8/gnu-efi/inc -I/usr/src/azl/BUILD/shim-15.8/gnu-efi/inc/x86_64 -I/usr/src/azl/BUILD/shim-15.8/gnu-efi/inc/protocol -I/usr/src/azl/BUILD/shim-15.8/Cryptlib/OpenSSL/crypto/asn1 -I/usr/src/azl/BUILD/shim-15.8/Cryptlib/OpenSSL/crypto/evp -I/usr/src/azl/BUILD/shim-15.8/Cryptlib/OpenSSL/crypto/modes -I/usr/src/azl/BUILD/shim-15.8/Cryptlib/OpenSSL/crypto/include -isystem /usr/src/azl/BUILD/shim-15.8/include/system -isystem /usr/lib/gcc/x86_64-pc-linux-gnu/13.2.0/include -DL_ENDIAN -D_CRT_SECURE_NO_DEPRECATE -D_CRT_NONSTDC_NO_DEPRECATE -DOPENSSL_SMALL_FOOTPRINT -DPEDANTIC -DMDE_CPU_X64   -c -o crypto/rsa/rsa_saos.o /usr/src/azl/BUILD/shim-15.8/Cryptlib/OpenSSL/crypto/rsa/rsa_saos.c
#7 97.56 gcc -std=gnu11 -ggdb -ffreestanding -fmacro-prefix-map=/usr/src/azl/BUILD/shim-15.8/= -fno-stack-protector -fno-strict-aliasing -fpic -fshort-wchar -nostdinc -m64 -mno-mmx -mno-sse -mno-red-zone -maccumulate-outgoing-args -Os -Wall -Wextra -Wno-missing-field-initializers -Wno-empty-body -Wno-implicit-fallthrough -Wno-old-style-declaration -Wno-unused-but-set-variable -Wno-unused-parameter -Werror -I/usr/src/azl/BUILD/shim-15.8/Cryptlib/OpenSSL -I/usr/src/azl/BUILD/shim-15.8/Cryptlib -I/usr/src/azl/BUILD/shim-15.8/Cryptlib/OpenSSL/Include/ -I/usr/src/azl/BUILD/shim-15.8/Cryptlib/OpenSSL/crypto -I/usr/src/azl/BUILD/shim-15.8/Cryptlib/Include -I/usr/src/azl/BUILD/shim-15.8/gnu-efi/inc -I/usr/src/azl/BUILD/shim-15.8/gnu-efi/inc/x86_64 -I/usr/src/azl/BUILD/shim-15.8/gnu-efi/inc/protocol -I/usr/src/azl/BUILD/shim-15.8/Cryptlib/OpenSSL/crypto/asn1 -I/usr/src/azl/BUILD/shim-15.8/Cryptlib/OpenSSL/crypto/evp -I/usr/src/azl/BUILD/shim-15.8/Cryptlib/OpenSSL/crypto/modes -I/usr/src/azl/BUILD/shim-15.8/Cryptlib/OpenSSL/crypto/include -isystem /usr/src/azl/BUILD/shim-15.8/include/system -isystem /usr/lib/gcc/x86_64-pc-linux-gnu/13.2.0/include -DL_ENDIAN -D_CRT_SECURE_NO_DEPRECATE -D_CRT_NONSTDC_NO_DEPRECATE -DOPENSSL_SMALL_FOOTPRINT -DPEDANTIC -DMDE_CPU_X64   -c -o crypto/rsa/rsa_err.o /usr/src/azl/BUILD/shim-15.8/Cryptlib/OpenSSL/crypto/rsa/rsa_err.c
#7 97.58 gcc -std=gnu11 -ggdb -ffreestanding -fmacro-prefix-map=/usr/src/azl/BUILD/shim-15.8/= -fno-stack-protector -fno-strict-aliasing -fpic -fshort-wchar -nostdinc -m64 -mno-mmx -mno-sse -mno-red-zone -maccumulate-outgoing-args -Os -Wall -Wextra -Wno-missing-field-initializers -Wno-empty-body -Wno-implicit-fallthrough -Wno-old-style-declaration -Wno-unused-but-set-variable -Wno-unused-parameter -Werror -I/usr/src/azl/BUILD/shim-15.8/Cryptlib/OpenSSL -I/usr/src/azl/BUILD/shim-15.8/Cryptlib -I/usr/src/azl/BUILD/shim-15.8/Cryptlib/OpenSSL/Include/ -I/usr/src/azl/BUILD/shim-15.8/Cryptlib/OpenSSL/crypto -I/usr/src/azl/BUILD/shim-15.8/Cryptlib/Include -I/usr/src/azl/BUILD/shim-15.8/gnu-efi/inc -I/usr/src/azl/BUILD/shim-15.8/gnu-efi/inc/x86_64 -I/usr/src/azl/BUILD/shim-15.8/gnu-efi/inc/protocol -I/usr/src/azl/BUILD/shim-15.8/Cryptlib/OpenSSL/crypto/asn1 -I/usr/src/azl/BUILD/shim-15.8/Cryptlib/OpenSSL/crypto/evp -I/usr/src/azl/BUILD/shim-15.8/Cryptlib/OpenSSL/crypto/modes -I/usr/src/azl/BUILD/shim-15.8/Cryptlib/OpenSSL/crypto/include -isystem /usr/src/azl/BUILD/shim-15.8/include/system -isystem /usr/lib/gcc/x86_64-pc-linux-gnu/13.2.0/include -DL_ENDIAN -D_CRT_SECURE_NO_DEPRECATE -D_CRT_NONSTDC_NO_DEPRECATE -DOPENSSL_SMALL_FOOTPRINT -DPEDANTIC -DMDE_CPU_X64   -c -o crypto/rsa/rsa_pk1.o /usr/src/azl/BUILD/shim-15.8/Cryptlib/OpenSSL/crypto/rsa/rsa_pk1.c
#7 97.62 gcc -std=gnu11 -ggdb -ffreestanding -fmacro-prefix-map=/usr/src/azl/BUILD/shim-15.8/= -fno-stack-protector -fno-strict-aliasing -fpic -fshort-wchar -nostdinc -m64 -mno-mmx -mno-sse -mno-red-zone -maccumulate-outgoing-args -Os -Wall -Wextra -Wno-missing-field-initializers -Wno-empty-body -Wno-implicit-fallthrough -Wno-old-style-declaration -Wno-unused-but-set-variable -Wno-unused-parameter -Werror -I/usr/src/azl/BUILD/shim-15.8/Cryptlib/OpenSSL -I/usr/src/azl/BUILD/shim-15.8/Cryptlib -I/usr/src/azl/BUILD/shim-15.8/Cryptlib/OpenSSL/Include/ -I/usr/src/azl/BUILD/shim-15.8/Cryptlib/OpenSSL/crypto -I/usr/src/azl/BUILD/shim-15.8/Cryptlib/Include -I/usr/src/azl/BUILD/shim-15.8/gnu-efi/inc -I/usr/src/azl/BUILD/shim-15.8/gnu-efi/inc/x86_64 -I/usr/src/azl/BUILD/shim-15.8/gnu-efi/inc/protocol -I/usr/src/azl/BUILD/shim-15.8/Cryptlib/OpenSSL/crypto/asn1 -I/usr/src/azl/BUILD/shim-15.8/Cryptlib/OpenSSL/crypto/evp -I/usr/src/azl/BUILD/shim-15.8/Cryptlib/OpenSSL/crypto/modes -I/usr/src/azl/BUILD/shim-15.8/Cryptlib/OpenSSL/crypto/include -isystem /usr/src/azl/BUILD/shim-15.8/include/system -isystem /usr/lib/gcc/x86_64-pc-linux-gnu/13.2.0/include -DL_ENDIAN -D_CRT_SECURE_NO_DEPRECATE -D_CRT_NONSTDC_NO_DEPRECATE -DOPENSSL_SMALL_FOOTPRINT -DPEDANTIC -DMDE_CPU_X64   -c -o crypto/rsa/rsa_ssl.o /usr/src/azl/BUILD/shim-15.8/Cryptlib/OpenSSL/crypto/rsa/rsa_ssl.c
#7 97.72 gcc -std=gnu11 -ggdb -ffreestanding -fmacro-prefix-map=/usr/src/azl/BUILD/shim-15.8/= -fno-stack-protector -fno-strict-aliasing -fpic -fshort-wchar -nostdinc -m64 -mno-mmx -mno-sse -mno-red-zone -maccumulate-outgoing-args -Os -Wall -Wextra -Wno-missing-field-initializers -Wno-empty-body -Wno-implicit-fallthrough -Wno-old-style-declaration -Wno-unused-but-set-variable -Wno-unused-parameter -Werror -I/usr/src/azl/BUILD/shim-15.8/Cryptlib/OpenSSL -I/usr/src/azl/BUILD/shim-15.8/Cryptlib -I/usr/src/azl/BUILD/shim-15.8/Cryptlib/OpenSSL/Include/ -I/usr/src/azl/BUILD/shim-15.8/Cryptlib/OpenSSL/crypto -I/usr/src/azl/BUILD/shim-15.8/Cryptlib/Include -I/usr/src/azl/BUILD/shim-15.8/gnu-efi/inc -I/usr/src/azl/BUILD/shim-15.8/gnu-efi/inc/x86_64 -I/usr/src/azl/BUILD/shim-15.8/gnu-efi/inc/protocol -I/usr/src/azl/BUILD/shim-15.8/Cryptlib/OpenSSL/crypto/asn1 -I/usr/src/azl/BUILD/shim-15.8/Cryptlib/OpenSSL/crypto/evp -I/usr/src/azl/BUILD/shim-15.8/Cryptlib/OpenSSL/crypto/modes -I/usr/src/azl/BUILD/shim-15.8/Cryptlib/OpenSSL/crypto/include -isystem /usr/src/azl/BUILD/shim-15.8/include/system -isystem /usr/lib/gcc/x86_64-pc-linux-gnu/13.2.0/include -DL_ENDIAN -D_CRT_SECURE_NO_DEPRECATE -D_CRT_NONSTDC_NO_DEPRECATE -DOPENSSL_SMALL_FOOTPRINT -DPEDANTIC -DMDE_CPU_X64   -c -o crypto/rsa/rsa_none.o /usr/src/azl/BUILD/shim-15.8/Cryptlib/OpenSSL/crypto/rsa/rsa_none.c
#7 97.72 gcc -std=gnu11 -ggdb -ffreestanding -fmacro-prefix-map=/usr/src/azl/BUILD/shim-15.8/= -fno-stack-protector -fno-strict-aliasing -fpic -fshort-wchar -Os -Wall -Wextra -Wno-missing-field-initializers  -mno-mmx -mno-sse -mno-red-zone -nostdinc -maccumulate-outgoing-args  -m64 -DMDE_CPU_X64 -DPAGE_SIZE=4096 -Werror -nostdinc -I/usr/src/azl/BUILD/shim-15.8/Cryptlib -I/usr/src/azl/BUILD/shim-15.8/Cryptlib/Include -I/usr/src/azl/BUILD/shim-15.8/gnu-efi/inc -I/usr/src/azl/BUILD/shim-15.8/gnu-efi/inc/x86_64 -I/usr/src/azl/BUILD/shim-15.8/gnu-efi/inc/protocol -I/usr/src/azl/BUILD/shim-15.8/include -iquote /usr/src/azl/BUILD/shim-15.8 -iquote /usr/src/azl/BUILD/shim-15.8/build-x64 -isystem /usr/src/azl/BUILD/shim-15.8/include/system -isystem /usr/lib/gcc/x86_64-pc-linux-gnu/13.2.0/include -DDEFAULT_LOADER='L"\\\\grubx64.efi"' -DDEFAULT_LOADER_CHAR='"\\\\grubx64.efi"' -DEFI_ARCH='L"x64"' -DDEBUGDIR='L"/usr/lib/debug/usr/share/shim/x64-15.8/"' -DVENDOR_CERT_FILE=\"/usr/src/azl/SOURCES/azurelinux-ca-20230216.der\"   -c -o crypt_blowfish.o /usr/src/azl/BUILD/shim-15.8/crypt_blowfish.c
#7 97.80 gcc -std=gnu11 -ggdb -ffreestanding -fmacro-prefix-map=/usr/src/azl/BUILD/shim-15.8/= -fno-stack-protector -fno-strict-aliasing -fpic -fshort-wchar -nostdinc -m64 -mno-mmx -mno-sse -mno-red-zone -maccumulate-outgoing-args -Os -Wall -Wextra -Wno-missing-field-initializers -Wno-empty-body -Wno-implicit-fallthrough -Wno-old-style-declaration -Wno-unused-but-set-variable -Wno-unused-parameter -Werror -I/usr/src/azl/BUILD/shim-15.8/Cryptlib/OpenSSL -I/usr/src/azl/BUILD/shim-15.8/Cryptlib -I/usr/src/azl/BUILD/shim-15.8/Cryptlib/OpenSSL/Include/ -I/usr/src/azl/BUILD/shim-15.8/Cryptlib/OpenSSL/crypto -I/usr/src/azl/BUILD/shim-15.8/Cryptlib/Include -I/usr/src/azl/BUILD/shim-15.8/gnu-efi/inc -I/usr/src/azl/BUILD/shim-15.8/gnu-efi/inc/x86_64 -I/usr/src/azl/BUILD/shim-15.8/gnu-efi/inc/protocol -I/usr/src/azl/BUILD/shim-15.8/Cryptlib/OpenSSL/crypto/asn1 -I/usr/src/azl/BUILD/shim-15.8/Cryptlib/OpenSSL/crypto/evp -I/usr/src/azl/BUILD/shim-15.8/Cryptlib/OpenSSL/crypto/modes -I/usr/src/azl/BUILD/shim-15.8/Cryptlib/OpenSSL/crypto/include -isystem /usr/src/azl/BUILD/shim-15.8/include/system -isystem /usr/lib/gcc/x86_64-pc-linux-gnu/13.2.0/include -DL_ENDIAN -D_CRT_SECURE_NO_DEPRECATE -D_CRT_NONSTDC_NO_DEPRECATE -DOPENSSL_SMALL_FOOTPRINT -DPEDANTIC -DMDE_CPU_X64   -c -o crypto/rsa/rsa_oaep.o /usr/src/azl/BUILD/shim-15.8/Cryptlib/OpenSSL/crypto/rsa/rsa_oaep.c
#7 97.99 gcc -std=gnu11 -ggdb -ffreestanding -fmacro-prefix-map=/usr/src/azl/BUILD/shim-15.8/= -fno-stack-protector -fno-strict-aliasing -fpic -fshort-wchar -nostdinc -m64 -mno-mmx -mno-sse -mno-red-zone -maccumulate-outgoing-args -Os -Wall -Wextra -Wno-missing-field-initializers -Wno-empty-body -Wno-implicit-fallthrough -Wno-old-style-declaration -Wno-unused-but-set-variable -Wno-unused-parameter -Werror -I/usr/src/azl/BUILD/shim-15.8/Cryptlib/OpenSSL -I/usr/src/azl/BUILD/shim-15.8/Cryptlib -I/usr/src/azl/BUILD/shim-15.8/Cryptlib/OpenSSL/Include/ -I/usr/src/azl/BUILD/shim-15.8/Cryptlib/OpenSSL/crypto -I/usr/src/azl/BUILD/shim-15.8/Cryptlib/Include -I/usr/src/azl/BUILD/shim-15.8/gnu-efi/inc -I/usr/src/azl/BUILD/shim-15.8/gnu-efi/inc/x86_64 -I/usr/src/azl/BUILD/shim-15.8/gnu-efi/inc/protocol -I/usr/src/azl/BUILD/shim-15.8/Cryptlib/OpenSSL/crypto/asn1 -I/usr/src/azl/BUILD/shim-15.8/Cryptlib/OpenSSL/crypto/evp -I/usr/src/azl/BUILD/shim-15.8/Cryptlib/OpenSSL/crypto/modes -I/usr/src/azl/BUILD/shim-15.8/Cryptlib/OpenSSL/crypto/include -isystem /usr/src/azl/BUILD/shim-15.8/include/system -isystem /usr/lib/gcc/x86_64-pc-linux-gnu/13.2.0/include -DL_ENDIAN -D_CRT_SECURE_NO_DEPRECATE -D_CRT_NONSTDC_NO_DEPRECATE -DOPENSSL_SMALL_FOOTPRINT -DPEDANTIC -DMDE_CPU_X64   -c -o crypto/rsa/rsa_chk.o /usr/src/azl/BUILD/shim-15.8/Cryptlib/OpenSSL/crypto/rsa/rsa_chk.c
#7 98.10 gcc -std=gnu11 -ggdb -ffreestanding -fmacro-prefix-map=/usr/src/azl/BUILD/shim-15.8/= -fno-stack-protector -fno-strict-aliasing -fpic -fshort-wchar -nostdinc -m64 -mno-mmx -mno-sse -mno-red-zone -maccumulate-outgoing-args -Os -Wall -Wextra -Wno-missing-field-initializers -Wno-empty-body -Wno-implicit-fallthrough -Wno-old-style-declaration -Wno-unused-but-set-variable -Wno-unused-parameter -Werror -I/usr/src/azl/BUILD/shim-15.8/Cryptlib/OpenSSL -I/usr/src/azl/BUILD/shim-15.8/Cryptlib -I/usr/src/azl/BUILD/shim-15.8/Cryptlib/OpenSSL/Include/ -I/usr/src/azl/BUILD/shim-15.8/Cryptlib/OpenSSL/crypto -I/usr/src/azl/BUILD/shim-15.8/Cryptlib/Include -I/usr/src/azl/BUILD/shim-15.8/gnu-efi/inc -I/usr/src/azl/BUILD/shim-15.8/gnu-efi/inc/x86_64 -I/usr/src/azl/BUILD/shim-15.8/gnu-efi/inc/protocol -I/usr/src/azl/BUILD/shim-15.8/Cryptlib/OpenSSL/crypto/asn1 -I/usr/src/azl/BUILD/shim-15.8/Cryptlib/OpenSSL/crypto/evp -I/usr/src/azl/BUILD/shim-15.8/Cryptlib/OpenSSL/crypto/modes -I/usr/src/azl/BUILD/shim-15.8/Cryptlib/OpenSSL/crypto/include -isystem /usr/src/azl/BUILD/shim-15.8/include/system -isystem /usr/lib/gcc/x86_64-pc-linux-gnu/13.2.0/include -DL_ENDIAN -D_CRT_SECURE_NO_DEPRECATE -D_CRT_NONSTDC_NO_DEPRECATE -DOPENSSL_SMALL_FOOTPRINT -DPEDANTIC -DMDE_CPU_X64   -c -o crypto/rsa/rsa_null.o /usr/src/azl/BUILD/shim-15.8/Cryptlib/OpenSSL/crypto/rsa/rsa_null.c
#7 98.18 gcc -std=gnu11 -ggdb -ffreestanding -fmacro-prefix-map=/usr/src/azl/BUILD/shim-15.8/= -fno-stack-protector -fno-strict-aliasing -fpic -fshort-wchar -nostdinc -m64 -mno-mmx -mno-sse -mno-red-zone -maccumulate-outgoing-args -Os -Wall -Wextra -Wno-missing-field-initializers -Wno-empty-body -Wno-implicit-fallthrough -Wno-old-style-declaration -Wno-unused-but-set-variable -Wno-unused-parameter -Werror -I/usr/src/azl/BUILD/shim-15.8/Cryptlib/OpenSSL -I/usr/src/azl/BUILD/shim-15.8/Cryptlib -I/usr/src/azl/BUILD/shim-15.8/Cryptlib/OpenSSL/Include/ -I/usr/src/azl/BUILD/shim-15.8/Cryptlib/OpenSSL/crypto -I/usr/src/azl/BUILD/shim-15.8/Cryptlib/Include -I/usr/src/azl/BUILD/shim-15.8/gnu-efi/inc -I/usr/src/azl/BUILD/shim-15.8/gnu-efi/inc/x86_64 -I/usr/src/azl/BUILD/shim-15.8/gnu-efi/inc/protocol -I/usr/src/azl/BUILD/shim-15.8/Cryptlib/OpenSSL/crypto/asn1 -I/usr/src/azl/BUILD/shim-15.8/Cryptlib/OpenSSL/crypto/evp -I/usr/src/azl/BUILD/shim-15.8/Cryptlib/OpenSSL/crypto/modes -I/usr/src/azl/BUILD/shim-15.8/Cryptlib/OpenSSL/crypto/include -isystem /usr/src/azl/BUILD/shim-15.8/include/system -isystem /usr/lib/gcc/x86_64-pc-linux-gnu/13.2.0/include -DL_ENDIAN -D_CRT_SECURE_NO_DEPRECATE -D_CRT_NONSTDC_NO_DEPRECATE -DOPENSSL_SMALL_FOOTPRINT -DPEDANTIC -DMDE_CPU_X64   -c -o crypto/rsa/rsa_pss.o /usr/src/azl/BUILD/shim-15.8/Cryptlib/OpenSSL/crypto/rsa/rsa_pss.c
#7 98.36 gcc -std=gnu11 -ggdb -ffreestanding -fmacro-prefix-map=/usr/src/azl/BUILD/shim-15.8/= -fno-stack-protector -fno-strict-aliasing -fpic -fshort-wchar -nostdinc -m64 -mno-mmx -mno-sse -mno-red-zone -maccumulate-outgoing-args -Os -Wall -Wextra -Wno-missing-field-initializers -Wno-empty-body -Wno-implicit-fallthrough -Wno-old-style-declaration -Wno-unused-but-set-variable -Wno-unused-parameter -Werror -I/usr/src/azl/BUILD/shim-15.8/Cryptlib/OpenSSL -I/usr/src/azl/BUILD/shim-15.8/Cryptlib -I/usr/src/azl/BUILD/shim-15.8/Cryptlib/OpenSSL/Include/ -I/usr/src/azl/BUILD/shim-15.8/Cryptlib/OpenSSL/crypto -I/usr/src/azl/BUILD/shim-15.8/Cryptlib/Include -I/usr/src/azl/BUILD/shim-15.8/gnu-efi/inc -I/usr/src/azl/BUILD/shim-15.8/gnu-efi/inc/x86_64 -I/usr/src/azl/BUILD/shim-15.8/gnu-efi/inc/protocol -I/usr/src/azl/BUILD/shim-15.8/Cryptlib/OpenSSL/crypto/asn1 -I/usr/src/azl/BUILD/shim-15.8/Cryptlib/OpenSSL/crypto/evp -I/usr/src/azl/BUILD/shim-15.8/Cryptlib/OpenSSL/crypto/modes -I/usr/src/azl/BUILD/shim-15.8/Cryptlib/OpenSSL/crypto/include -isystem /usr/src/azl/BUILD/shim-15.8/include/system -isystem /usr/lib/gcc/x86_64-pc-linux-gnu/13.2.0/include -DL_ENDIAN -D_CRT_SECURE_NO_DEPRECATE -D_CRT_NONSTDC_NO_DEPRECATE -DOPENSSL_SMALL_FOOTPRINT -DPEDANTIC -DMDE_CPU_X64   -c -o crypto/rsa/rsa_x931.o /usr/src/azl/BUILD/shim-15.8/Cryptlib/OpenSSL/crypto/rsa/rsa_x931.c
#7 98.44 gcc -std=gnu11 -ggdb -ffreestanding -fmacro-prefix-map=/usr/src/azl/BUILD/shim-15.8/= -fno-stack-protector -fno-strict-aliasing -fpic -fshort-wchar -Os -Wall -Wextra -Wno-missing-field-initializers  -mno-mmx -mno-sse -mno-red-zone -nostdinc -maccumulate-outgoing-args  -m64 -DMDE_CPU_X64 -DPAGE_SIZE=4096 -Werror -nostdinc -I/usr/src/azl/BUILD/shim-15.8/Cryptlib -I/usr/src/azl/BUILD/shim-15.8/Cryptlib/Include -I/usr/src/azl/BUILD/shim-15.8/gnu-efi/inc -I/usr/src/azl/BUILD/shim-15.8/gnu-efi/inc/x86_64 -I/usr/src/azl/BUILD/shim-15.8/gnu-efi/inc/protocol -I/usr/src/azl/BUILD/shim-15.8/include -iquote /usr/src/azl/BUILD/shim-15.8 -iquote /usr/src/azl/BUILD/shim-15.8/build-x64 -isystem /usr/src/azl/BUILD/shim-15.8/include/system -isystem /usr/lib/gcc/x86_64-pc-linux-gnu/13.2.0/include -DDEFAULT_LOADER='L"\\\\grubx64.efi"' -DDEFAULT_LOADER_CHAR='"\\\\grubx64.efi"' -DEFI_ARCH='L"x64"' -DDEBUGDIR='L"/usr/lib/debug/usr/share/shim/x64-15.8/"' -DVENDOR_CERT_FILE=\"/usr/src/azl/SOURCES/azurelinux-ca-20230216.der\"   -c -o fallback.o /usr/src/azl/BUILD/shim-15.8/fallback.c
#7 98.47 gcc -std=gnu11 -ggdb -ffreestanding -fmacro-prefix-map=/usr/src/azl/BUILD/shim-15.8/= -fno-stack-protector -fno-strict-aliasing -fpic -fshort-wchar -nostdinc -m64 -mno-mmx -mno-sse -mno-red-zone -maccumulate-outgoing-args -Os -Wall -Wextra -Wno-missing-field-initializers -Wno-empty-body -Wno-implicit-fallthrough -Wno-old-style-declaration -Wno-unused-but-set-variable -Wno-unused-parameter -Werror -I/usr/src/azl/BUILD/shim-15.8/Cryptlib/OpenSSL -I/usr/src/azl/BUILD/shim-15.8/Cryptlib -I/usr/src/azl/BUILD/shim-15.8/Cryptlib/OpenSSL/Include/ -I/usr/src/azl/BUILD/shim-15.8/Cryptlib/OpenSSL/crypto -I/usr/src/azl/BUILD/shim-15.8/Cryptlib/Include -I/usr/src/azl/BUILD/shim-15.8/gnu-efi/inc -I/usr/src/azl/BUILD/shim-15.8/gnu-efi/inc/x86_64 -I/usr/src/azl/BUILD/shim-15.8/gnu-efi/inc/protocol -I/usr/src/azl/BUILD/shim-15.8/Cryptlib/OpenSSL/crypto/asn1 -I/usr/src/azl/BUILD/shim-15.8/Cryptlib/OpenSSL/crypto/evp -I/usr/src/azl/BUILD/shim-15.8/Cryptlib/OpenSSL/crypto/modes -I/usr/src/azl/BUILD/shim-15.8/Cryptlib/OpenSSL/crypto/include -isystem /usr/src/azl/BUILD/shim-15.8/include/system -isystem /usr/lib/gcc/x86_64-pc-linux-gnu/13.2.0/include -DL_ENDIAN -D_CRT_SECURE_NO_DEPRECATE -D_CRT_NONSTDC_NO_DEPRECATE -DOPENSSL_SMALL_FOOTPRINT -DPEDANTIC -DMDE_CPU_X64   -c -o crypto/rsa/rsa_asn1.o /usr/src/azl/BUILD/shim-15.8/Cryptlib/OpenSSL/crypto/rsa/rsa_asn1.c
#7 98.60 gcc -std=gnu11 -ggdb -ffreestanding -fmacro-prefix-map=/usr/src/azl/BUILD/shim-15.8/= -fno-stack-protector -fno-strict-aliasing -fpic -fshort-wchar -nostdinc -m64 -mno-mmx -mno-sse -mno-red-zone -maccumulate-outgoing-args -Os -Wall -Wextra -Wno-missing-field-initializers -Wno-empty-body -Wno-implicit-fallthrough -Wno-old-style-declaration -Wno-unused-but-set-variable -Wno-unused-parameter -Werror -I/usr/src/azl/BUILD/shim-15.8/Cryptlib/OpenSSL -I/usr/src/azl/BUILD/shim-15.8/Cryptlib -I/usr/src/azl/BUILD/shim-15.8/Cryptlib/OpenSSL/Include/ -I/usr/src/azl/BUILD/shim-15.8/Cryptlib/OpenSSL/crypto -I/usr/src/azl/BUILD/shim-15.8/Cryptlib/Include -I/usr/src/azl/BUILD/shim-15.8/gnu-efi/inc -I/usr/src/azl/BUILD/shim-15.8/gnu-efi/inc/x86_64 -I/usr/src/azl/BUILD/shim-15.8/gnu-efi/inc/protocol -I/usr/src/azl/BUILD/shim-15.8/Cryptlib/OpenSSL/crypto/asn1 -I/usr/src/azl/BUILD/shim-15.8/Cryptlib/OpenSSL/crypto/evp -I/usr/src/azl/BUILD/shim-15.8/Cryptlib/OpenSSL/crypto/modes -I/usr/src/azl/BUILD/shim-15.8/Cryptlib/OpenSSL/crypto/include -isystem /usr/src/azl/BUILD/shim-15.8/include/system -isystem /usr/lib/gcc/x86_64-pc-linux-gnu/13.2.0/include -DL_ENDIAN -D_CRT_SECURE_NO_DEPRECATE -D_CRT_NONSTDC_NO_DEPRECATE -DOPENSSL_SMALL_FOOTPRINT -DPEDANTIC -DMDE_CPU_X64   -c -o crypto/rsa/rsa_depr.o /usr/src/azl/BUILD/shim-15.8/Cryptlib/OpenSSL/crypto/rsa/rsa_depr.c
#7 98.66 gcc -std=gnu11 -ggdb -ffreestanding -fmacro-prefix-map=/usr/src/azl/BUILD/shim-15.8/= -fno-stack-protector -fno-strict-aliasing -fpic -fshort-wchar -nostdinc -m64 -mno-mmx -mno-sse -mno-red-zone -maccumulate-outgoing-args -Os -Wall -Wextra -Wno-missing-field-initializers -Wno-empty-body -Wno-implicit-fallthrough -Wno-old-style-declaration -Wno-unused-but-set-variable -Wno-unused-parameter -Werror -I/usr/src/azl/BUILD/shim-15.8/Cryptlib/OpenSSL -I/usr/src/azl/BUILD/shim-15.8/Cryptlib -I/usr/src/azl/BUILD/shim-15.8/Cryptlib/OpenSSL/Include/ -I/usr/src/azl/BUILD/shim-15.8/Cryptlib/OpenSSL/crypto -I/usr/src/azl/BUILD/shim-15.8/Cryptlib/Include -I/usr/src/azl/BUILD/shim-15.8/gnu-efi/inc -I/usr/src/azl/BUILD/shim-15.8/gnu-efi/inc/x86_64 -I/usr/src/azl/BUILD/shim-15.8/gnu-efi/inc/protocol -I/usr/src/azl/BUILD/shim-15.8/Cryptlib/OpenSSL/crypto/asn1 -I/usr/src/azl/BUILD/shim-15.8/Cryptlib/OpenSSL/crypto/evp -I/usr/src/azl/BUILD/shim-15.8/Cryptlib/OpenSSL/crypto/modes -I/usr/src/azl/BUILD/shim-15.8/Cryptlib/OpenSSL/crypto/include -isystem /usr/src/azl/BUILD/shim-15.8/include/system -isystem /usr/lib/gcc/x86_64-pc-linux-gnu/13.2.0/include -DL_ENDIAN -D_CRT_SECURE_NO_DEPRECATE -D_CRT_NONSTDC_NO_DEPRECATE -DOPENSSL_SMALL_FOOTPRINT -DPEDANTIC -DMDE_CPU_X64   -c -o crypto/rsa/rsa_ameth.o /usr/src/azl/BUILD/shim-15.8/Cryptlib/OpenSSL/crypto/rsa/rsa_ameth.c
#7 98.95 gcc -std=gnu11 -ggdb -ffreestanding -fmacro-prefix-map=/usr/src/azl/BUILD/shim-15.8/= -fno-stack-protector -fno-strict-aliasing -fpic -fshort-wchar -nostdinc -m64 -mno-mmx -mno-sse -mno-red-zone -maccumulate-outgoing-args -Os -Wall -Wextra -Wno-missing-field-initializers -Wno-empty-body -Wno-implicit-fallthrough -Wno-old-style-declaration -Wno-unused-but-set-variable -Wno-unused-parameter -Werror -I/usr/src/azl/BUILD/shim-15.8/Cryptlib/OpenSSL -I/usr/src/azl/BUILD/shim-15.8/Cryptlib -I/usr/src/azl/BUILD/shim-15.8/Cryptlib/OpenSSL/Include/ -I/usr/src/azl/BUILD/shim-15.8/Cryptlib/OpenSSL/crypto -I/usr/src/azl/BUILD/shim-15.8/Cryptlib/Include -I/usr/src/azl/BUILD/shim-15.8/gnu-efi/inc -I/usr/src/azl/BUILD/shim-15.8/gnu-efi/inc/x86_64 -I/usr/src/azl/BUILD/shim-15.8/gnu-efi/inc/protocol -I/usr/src/azl/BUILD/shim-15.8/Cryptlib/OpenSSL/crypto/asn1 -I/usr/src/azl/BUILD/shim-15.8/Cryptlib/OpenSSL/crypto/evp -I/usr/src/azl/BUILD/shim-15.8/Cryptlib/OpenSSL/crypto/modes -I/usr/src/azl/BUILD/shim-15.8/Cryptlib/OpenSSL/crypto/include -isystem /usr/src/azl/BUILD/shim-15.8/include/system -isystem /usr/lib/gcc/x86_64-pc-linux-gnu/13.2.0/include -DL_ENDIAN -D_CRT_SECURE_NO_DEPRECATE -D_CRT_NONSTDC_NO_DEPRECATE -DOPENSSL_SMALL_FOOTPRINT -DPEDANTIC -DMDE_CPU_X64   -c -o crypto/rsa/rsa_prn.o /usr/src/azl/BUILD/shim-15.8/Cryptlib/OpenSSL/crypto/rsa/rsa_prn.c
#7 98.96 gcc -std=gnu11 -ggdb -ffreestanding -fmacro-prefix-map=/usr/src/azl/BUILD/shim-15.8/= -fno-stack-protector -fno-strict-aliasing -fpic -fshort-wchar -nostdinc -m64 -mno-mmx -mno-sse -mno-red-zone -maccumulate-outgoing-args -Os -Wall -Wextra -Wno-missing-field-initializers -Wno-empty-body -Wno-implicit-fallthrough -Wno-old-style-declaration -Wno-unused-but-set-variable -Wno-unused-parameter -Werror -I/usr/src/azl/BUILD/shim-15.8/Cryptlib/OpenSSL -I/usr/src/azl/BUILD/shim-15.8/Cryptlib -I/usr/src/azl/BUILD/shim-15.8/Cryptlib/OpenSSL/Include/ -I/usr/src/azl/BUILD/shim-15.8/Cryptlib/OpenSSL/crypto -I/usr/src/azl/BUILD/shim-15.8/Cryptlib/Include -I/usr/src/azl/BUILD/shim-15.8/gnu-efi/inc -I/usr/src/azl/BUILD/shim-15.8/gnu-efi/inc/x86_64 -I/usr/src/azl/BUILD/shim-15.8/gnu-efi/inc/protocol -I/usr/src/azl/BUILD/shim-15.8/Cryptlib/OpenSSL/crypto/asn1 -I/usr/src/azl/BUILD/shim-15.8/Cryptlib/OpenSSL/crypto/evp -I/usr/src/azl/BUILD/shim-15.8/Cryptlib/OpenSSL/crypto/modes -I/usr/src/azl/BUILD/shim-15.8/Cryptlib/OpenSSL/crypto/include -isystem /usr/src/azl/BUILD/shim-15.8/include/system -isystem /usr/lib/gcc/x86_64-pc-linux-gnu/13.2.0/include -DL_ENDIAN -D_CRT_SECURE_NO_DEPRECATE -D_CRT_NONSTDC_NO_DEPRECATE -DOPENSSL_SMALL_FOOTPRINT -DPEDANTIC -DMDE_CPU_X64   -c -o crypto/rsa/rsa_pmeth.o /usr/src/azl/BUILD/shim-15.8/Cryptlib/OpenSSL/crypto/rsa/rsa_pmeth.c
#7 99.04 gcc -std=gnu11 -ggdb -ffreestanding -fmacro-prefix-map=/usr/src/azl/BUILD/shim-15.8/= -fno-stack-protector -fno-strict-aliasing -fpic -fshort-wchar -nostdinc -m64 -mno-mmx -mno-sse -mno-red-zone -maccumulate-outgoing-args -Os -Wall -Wextra -Wno-missing-field-initializers -Wno-empty-body -Wno-implicit-fallthrough -Wno-old-style-declaration -Wno-unused-but-set-variable -Wno-unused-parameter -Werror -I/usr/src/azl/BUILD/shim-15.8/Cryptlib/OpenSSL -I/usr/src/azl/BUILD/shim-15.8/Cryptlib -I/usr/src/azl/BUILD/shim-15.8/Cryptlib/OpenSSL/Include/ -I/usr/src/azl/BUILD/shim-15.8/Cryptlib/OpenSSL/crypto -I/usr/src/azl/BUILD/shim-15.8/Cryptlib/Include -I/usr/src/azl/BUILD/shim-15.8/gnu-efi/inc -I/usr/src/azl/BUILD/shim-15.8/gnu-efi/inc/x86_64 -I/usr/src/azl/BUILD/shim-15.8/gnu-efi/inc/protocol -I/usr/src/azl/BUILD/shim-15.8/Cryptlib/OpenSSL/crypto/asn1 -I/usr/src/azl/BUILD/shim-15.8/Cryptlib/OpenSSL/crypto/evp -I/usr/src/azl/BUILD/shim-15.8/Cryptlib/OpenSSL/crypto/modes -I/usr/src/azl/BUILD/shim-15.8/Cryptlib/OpenSSL/crypto/include -isystem /usr/src/azl/BUILD/shim-15.8/include/system -isystem /usr/lib/gcc/x86_64-pc-linux-gnu/13.2.0/include -DL_ENDIAN -D_CRT_SECURE_NO_DEPRECATE -D_CRT_NONSTDC_NO_DEPRECATE -DOPENSSL_SMALL_FOOTPRINT -DPEDANTIC -DMDE_CPU_X64   -c -o crypto/rsa/rsa_crpt.o /usr/src/azl/BUILD/shim-15.8/Cryptlib/OpenSSL/crypto/rsa/rsa_crpt.c
#7 99.17 gcc -std=gnu11 -ggdb -ffreestanding -fmacro-prefix-map=/usr/src/azl/BUILD/shim-15.8/= -fno-stack-protector -fno-strict-aliasing -fpic -fshort-wchar -nostdinc -m64 -mno-mmx -mno-sse -mno-red-zone -maccumulate-outgoing-args -Os -Wall -Wextra -Wno-missing-field-initializers -Wno-empty-body -Wno-implicit-fallthrough -Wno-old-style-declaration -Wno-unused-but-set-variable -Wno-unused-parameter -Werror -I/usr/src/azl/BUILD/shim-15.8/Cryptlib/OpenSSL -I/usr/src/azl/BUILD/shim-15.8/Cryptlib -I/usr/src/azl/BUILD/shim-15.8/Cryptlib/OpenSSL/Include/ -I/usr/src/azl/BUILD/shim-15.8/Cryptlib/OpenSSL/crypto -I/usr/src/azl/BUILD/shim-15.8/Cryptlib/Include -I/usr/src/azl/BUILD/shim-15.8/gnu-efi/inc -I/usr/src/azl/BUILD/shim-15.8/gnu-efi/inc/x86_64 -I/usr/src/azl/BUILD/shim-15.8/gnu-efi/inc/protocol -I/usr/src/azl/BUILD/shim-15.8/Cryptlib/OpenSSL/crypto/asn1 -I/usr/src/azl/BUILD/shim-15.8/Cryptlib/OpenSSL/crypto/evp -I/usr/src/azl/BUILD/shim-15.8/Cryptlib/OpenSSL/crypto/modes -I/usr/src/azl/BUILD/shim-15.8/Cryptlib/OpenSSL/crypto/include -isystem /usr/src/azl/BUILD/shim-15.8/include/system -isystem /usr/lib/gcc/x86_64-pc-linux-gnu/13.2.0/include -DL_ENDIAN -D_CRT_SECURE_NO_DEPRECATE -D_CRT_NONSTDC_NO_DEPRECATE -DOPENSSL_SMALL_FOOTPRINT -DPEDANTIC -DMDE_CPU_X64   -c -o crypto/dso/dso_dl.o /usr/src/azl/BUILD/shim-15.8/Cryptlib/OpenSSL/crypto/dso/dso_dl.c
#7 99.25 gcc -std=gnu11 -ggdb -ffreestanding -fmacro-prefix-map=/usr/src/azl/BUILD/shim-15.8/= -fno-stack-protector -fno-strict-aliasing -fpic -fshort-wchar -nostdinc -m64 -mno-mmx -mno-sse -mno-red-zone -maccumulate-outgoing-args -Os -Wall -Wextra -Wno-missing-field-initializers -Wno-empty-body -Wno-implicit-fallthrough -Wno-old-style-declaration -Wno-unused-but-set-variable -Wno-unused-parameter -Werror -I/usr/src/azl/BUILD/shim-15.8/Cryptlib/OpenSSL -I/usr/src/azl/BUILD/shim-15.8/Cryptlib -I/usr/src/azl/BUILD/shim-15.8/Cryptlib/OpenSSL/Include/ -I/usr/src/azl/BUILD/shim-15.8/Cryptlib/OpenSSL/crypto -I/usr/src/azl/BUILD/shim-15.8/Cryptlib/Include -I/usr/src/azl/BUILD/shim-15.8/gnu-efi/inc -I/usr/src/azl/BUILD/shim-15.8/gnu-efi/inc/x86_64 -I/usr/src/azl/BUILD/shim-15.8/gnu-efi/inc/protocol -I/usr/src/azl/BUILD/shim-15.8/Cryptlib/OpenSSL/crypto/asn1 -I/usr/src/azl/BUILD/shim-15.8/Cryptlib/OpenSSL/crypto/evp -I/usr/src/azl/BUILD/shim-15.8/Cryptlib/OpenSSL/crypto/modes -I/usr/src/azl/BUILD/shim-15.8/Cryptlib/OpenSSL/crypto/include -isystem /usr/src/azl/BUILD/shim-15.8/include/system -isystem /usr/lib/gcc/x86_64-pc-linux-gnu/13.2.0/include -DL_ENDIAN -D_CRT_SECURE_NO_DEPRECATE -D_CRT_NONSTDC_NO_DEPRECATE -DOPENSSL_SMALL_FOOTPRINT -DPEDANTIC -DMDE_CPU_X64   -c -o crypto/dso/dso_dlfcn.o /usr/src/azl/BUILD/shim-15.8/Cryptlib/OpenSSL/crypto/dso/dso_dlfcn.c
#7 99.26 gcc -std=gnu11 -ggdb -ffreestanding -fmacro-prefix-map=/usr/src/azl/BUILD/shim-15.8/= -fno-stack-protector -fno-strict-aliasing -fpic -fshort-wchar -nostdinc -m64 -mno-mmx -mno-sse -mno-red-zone -maccumulate-outgoing-args -Os -Wall -Wextra -Wno-missing-field-initializers -Wno-empty-body -Wno-implicit-fallthrough -Wno-old-style-declaration -Wno-unused-but-set-variable -Wno-unused-parameter -Werror -I/usr/src/azl/BUILD/shim-15.8/Cryptlib/OpenSSL -I/usr/src/azl/BUILD/shim-15.8/Cryptlib -I/usr/src/azl/BUILD/shim-15.8/Cryptlib/OpenSSL/Include/ -I/usr/src/azl/BUILD/shim-15.8/Cryptlib/OpenSSL/crypto -I/usr/src/azl/BUILD/shim-15.8/Cryptlib/Include -I/usr/src/azl/BUILD/shim-15.8/gnu-efi/inc -I/usr/src/azl/BUILD/shim-15.8/gnu-efi/inc/x86_64 -I/usr/src/azl/BUILD/shim-15.8/gnu-efi/inc/protocol -I/usr/src/azl/BUILD/shim-15.8/Cryptlib/OpenSSL/crypto/asn1 -I/usr/src/azl/BUILD/shim-15.8/Cryptlib/OpenSSL/crypto/evp -I/usr/src/azl/BUILD/shim-15.8/Cryptlib/OpenSSL/crypto/modes -I/usr/src/azl/BUILD/shim-15.8/Cryptlib/OpenSSL/crypto/include -isystem /usr/src/azl/BUILD/shim-15.8/include/system -isystem /usr/lib/gcc/x86_64-pc-linux-gnu/13.2.0/include -DL_ENDIAN -D_CRT_SECURE_NO_DEPRECATE -D_CRT_NONSTDC_NO_DEPRECATE -DOPENSSL_SMALL_FOOTPRINT -DPEDANTIC -DMDE_CPU_X64   -c -o crypto/dso/dso_err.o /usr/src/azl/BUILD/shim-15.8/Cryptlib/OpenSSL/crypto/dso/dso_err.c
#7 99.32 gcc -std=gnu11 -ggdb -ffreestanding -fmacro-prefix-map=/usr/src/azl/BUILD/shim-15.8/= -fno-stack-protector -fno-strict-aliasing -fpic -fshort-wchar -nostdinc -m64 -mno-mmx -mno-sse -mno-red-zone -maccumulate-outgoing-args -Os -Wall -Wextra -Wno-missing-field-initializers -Wno-empty-body -Wno-implicit-fallthrough -Wno-old-style-declaration -Wno-unused-but-set-variable -Wno-unused-parameter -Werror -I/usr/src/azl/BUILD/shim-15.8/Cryptlib/OpenSSL -I/usr/src/azl/BUILD/shim-15.8/Cryptlib -I/usr/src/azl/BUILD/shim-15.8/Cryptlib/OpenSSL/Include/ -I/usr/src/azl/BUILD/shim-15.8/Cryptlib/OpenSSL/crypto -I/usr/src/azl/BUILD/shim-15.8/Cryptlib/Include -I/usr/src/azl/BUILD/shim-15.8/gnu-efi/inc -I/usr/src/azl/BUILD/shim-15.8/gnu-efi/inc/x86_64 -I/usr/src/azl/BUILD/shim-15.8/gnu-efi/inc/protocol -I/usr/src/azl/BUILD/shim-15.8/Cryptlib/OpenSSL/crypto/asn1 -I/usr/src/azl/BUILD/shim-15.8/Cryptlib/OpenSSL/crypto/evp -I/usr/src/azl/BUILD/shim-15.8/Cryptlib/OpenSSL/crypto/modes -I/usr/src/azl/BUILD/shim-15.8/Cryptlib/OpenSSL/crypto/include -isystem /usr/src/azl/BUILD/shim-15.8/include/system -isystem /usr/lib/gcc/x86_64-pc-linux-gnu/13.2.0/include -DL_ENDIAN -D_CRT_SECURE_NO_DEPRECATE -D_CRT_NONSTDC_NO_DEPRECATE -DOPENSSL_SMALL_FOOTPRINT -DPEDANTIC -DMDE_CPU_X64   -c -o crypto/dso/dso_lib.o /usr/src/azl/BUILD/shim-15.8/Cryptlib/OpenSSL/crypto/dso/dso_lib.c
#7 99.33 gcc -std=gnu11 -ggdb -ffreestanding -fmacro-prefix-map=/usr/src/azl/BUILD/shim-15.8/= -fno-stack-protector -fno-strict-aliasing -fpic -fshort-wchar -nostdinc -m64 -mno-mmx -mno-sse -mno-red-zone -maccumulate-outgoing-args -Os -Wall -Wextra -Wno-missing-field-initializers -Wno-empty-body -Wno-implicit-fallthrough -Wno-old-style-declaration -Wno-unused-but-set-variable -Wno-unused-parameter -Werror -I/usr/src/azl/BUILD/shim-15.8/Cryptlib/OpenSSL -I/usr/src/azl/BUILD/shim-15.8/Cryptlib -I/usr/src/azl/BUILD/shim-15.8/Cryptlib/OpenSSL/Include/ -I/usr/src/azl/BUILD/shim-15.8/Cryptlib/OpenSSL/crypto -I/usr/src/azl/BUILD/shim-15.8/Cryptlib/Include -I/usr/src/azl/BUILD/shim-15.8/gnu-efi/inc -I/usr/src/azl/BUILD/shim-15.8/gnu-efi/inc/x86_64 -I/usr/src/azl/BUILD/shim-15.8/gnu-efi/inc/protocol -I/usr/src/azl/BUILD/shim-15.8/Cryptlib/OpenSSL/crypto/asn1 -I/usr/src/azl/BUILD/shim-15.8/Cryptlib/OpenSSL/crypto/evp -I/usr/src/azl/BUILD/shim-15.8/Cryptlib/OpenSSL/crypto/modes -I/usr/src/azl/BUILD/shim-15.8/Cryptlib/OpenSSL/crypto/include -isystem /usr/src/azl/BUILD/shim-15.8/include/system -isystem /usr/lib/gcc/x86_64-pc-linux-gnu/13.2.0/include -DL_ENDIAN -D_CRT_SECURE_NO_DEPRECATE -D_CRT_NONSTDC_NO_DEPRECATE -DOPENSSL_SMALL_FOOTPRINT -DPEDANTIC -DMDE_CPU_X64   -c -o crypto/dso/dso_null.o /usr/src/azl/BUILD/shim-15.8/Cryptlib/OpenSSL/crypto/dso/dso_null.c
#7 99.39 gcc -std=gnu11 -ggdb -ffreestanding -fmacro-prefix-map=/usr/src/azl/BUILD/shim-15.8/= -fno-stack-protector -fno-strict-aliasing -fpic -fshort-wchar -Os -Wall -Wextra -Wno-missing-field-initializers  -mno-mmx -mno-sse -mno-red-zone -nostdinc -maccumulate-outgoing-args  -m64 -DMDE_CPU_X64 -DPAGE_SIZE=4096 -Werror -nostdinc -I/usr/src/azl/BUILD/shim-15.8/Cryptlib -I/usr/src/azl/BUILD/shim-15.8/Cryptlib/Include -I/usr/src/azl/BUILD/shim-15.8/gnu-efi/inc -I/usr/src/azl/BUILD/shim-15.8/gnu-efi/inc/x86_64 -I/usr/src/azl/BUILD/shim-15.8/gnu-efi/inc/protocol -I/usr/src/azl/BUILD/shim-15.8/include -iquote /usr/src/azl/BUILD/shim-15.8 -iquote /usr/src/azl/BUILD/shim-15.8/build-x64 -isystem /usr/src/azl/BUILD/shim-15.8/include/system -isystem /usr/lib/gcc/x86_64-pc-linux-gnu/13.2.0/include -DDEFAULT_LOADER='L"\\\\grubx64.efi"' -DDEFAULT_LOADER_CHAR='"\\\\grubx64.efi"' -DEFI_ARCH='L"x64"' -DDEBUGDIR='L"/usr/lib/debug/usr/share/shim/x64-15.8/"' -DVENDOR_CERT_FILE=\"/usr/src/azl/SOURCES/azurelinux-ca-20230216.der\"   -c -o shim.o /usr/src/azl/BUILD/shim-15.8/shim.c
#7 99.50 gcc -std=gnu11 -ggdb -ffreestanding -fmacro-prefix-map=/usr/src/azl/BUILD/shim-15.8/= -fno-stack-protector -fno-strict-aliasing -fpic -fshort-wchar -nostdinc -m64 -mno-mmx -mno-sse -mno-red-zone -maccumulate-outgoing-args -Os -Wall -Wextra -Wno-missing-field-initializers -Wno-empty-body -Wno-implicit-fallthrough -Wno-old-style-declaration -Wno-unused-but-set-variable -Wno-unused-parameter -Werror -I/usr/src/azl/BUILD/shim-15.8/Cryptlib/OpenSSL -I/usr/src/azl/BUILD/shim-15.8/Cryptlib -I/usr/src/azl/BUILD/shim-15.8/Cryptlib/OpenSSL/Include/ -I/usr/src/azl/BUILD/shim-15.8/Cryptlib/OpenSSL/crypto -I/usr/src/azl/BUILD/shim-15.8/Cryptlib/Include -I/usr/src/azl/BUILD/shim-15.8/gnu-efi/inc -I/usr/src/azl/BUILD/shim-15.8/gnu-efi/inc/x86_64 -I/usr/src/azl/BUILD/shim-15.8/gnu-efi/inc/protocol -I/usr/src/azl/BUILD/shim-15.8/Cryptlib/OpenSSL/crypto/asn1 -I/usr/src/azl/BUILD/shim-15.8/Cryptlib/OpenSSL/crypto/evp -I/usr/src/azl/BUILD/shim-15.8/Cryptlib/OpenSSL/crypto/modes -I/usr/src/azl/BUILD/shim-15.8/Cryptlib/OpenSSL/crypto/include -isystem /usr/src/azl/BUILD/shim-15.8/include/system -isystem /usr/lib/gcc/x86_64-pc-linux-gnu/13.2.0/include -DL_ENDIAN -D_CRT_SECURE_NO_DEPRECATE -D_CRT_NONSTDC_NO_DEPRECATE -DOPENSSL_SMALL_FOOTPRINT -DPEDANTIC -DMDE_CPU_X64   -c -o crypto/dso/dso_openssl.o /usr/src/azl/BUILD/shim-15.8/Cryptlib/OpenSSL/crypto/dso/dso_openssl.c
#7 99.57 gcc -std=gnu11 -ggdb -ffreestanding -fmacro-prefix-map=/usr/src/azl/BUILD/shim-15.8/= -fno-stack-protector -fno-strict-aliasing -fpic -fshort-wchar -nostdinc -m64 -mno-mmx -mno-sse -mno-red-zone -maccumulate-outgoing-args -Os -Wall -Wextra -Wno-missing-field-initializers -Wno-empty-body -Wno-implicit-fallthrough -Wno-old-style-declaration -Wno-unused-but-set-variable -Wno-unused-parameter -Werror -I/usr/src/azl/BUILD/shim-15.8/Cryptlib/OpenSSL -I/usr/src/azl/BUILD/shim-15.8/Cryptlib -I/usr/src/azl/BUILD/shim-15.8/Cryptlib/OpenSSL/Include/ -I/usr/src/azl/BUILD/shim-15.8/Cryptlib/OpenSSL/crypto -I/usr/src/azl/BUILD/shim-15.8/Cryptlib/Include -I/usr/src/azl/BUILD/shim-15.8/gnu-efi/inc -I/usr/src/azl/BUILD/shim-15.8/gnu-efi/inc/x86_64 -I/usr/src/azl/BUILD/shim-15.8/gnu-efi/inc/protocol -I/usr/src/azl/BUILD/shim-15.8/Cryptlib/OpenSSL/crypto/asn1 -I/usr/src/azl/BUILD/shim-15.8/Cryptlib/OpenSSL/crypto/evp -I/usr/src/azl/BUILD/shim-15.8/Cryptlib/OpenSSL/crypto/modes -I/usr/src/azl/BUILD/shim-15.8/Cryptlib/OpenSSL/crypto/include -isystem /usr/src/azl/BUILD/shim-15.8/include/system -isystem /usr/lib/gcc/x86_64-pc-linux-gnu/13.2.0/include -DL_ENDIAN -D_CRT_SECURE_NO_DEPRECATE -D_CRT_NONSTDC_NO_DEPRECATE -DOPENSSL_SMALL_FOOTPRINT -DPEDANTIC -DMDE_CPU_X64   -c -o crypto/dso/dso_win32.o /usr/src/azl/BUILD/shim-15.8/Cryptlib/OpenSSL/crypto/dso/dso_win32.c
#7 99.64 gcc -std=gnu11 -ggdb -ffreestanding -fmacro-prefix-map=/usr/src/azl/BUILD/shim-15.8/= -fno-stack-protector -fno-strict-aliasing -fpic -fshort-wchar -nostdinc -m64 -mno-mmx -mno-sse -mno-red-zone -maccumulate-outgoing-args -Os -Wall -Wextra -Wno-missing-field-initializers -Wno-empty-body -Wno-implicit-fallthrough -Wno-old-style-declaration -Wno-unused-but-set-variable -Wno-unused-parameter -Werror -I/usr/src/azl/BUILD/shim-15.8/Cryptlib/OpenSSL -I/usr/src/azl/BUILD/shim-15.8/Cryptlib -I/usr/src/azl/BUILD/shim-15.8/Cryptlib/OpenSSL/Include/ -I/usr/src/azl/BUILD/shim-15.8/Cryptlib/OpenSSL/crypto -I/usr/src/azl/BUILD/shim-15.8/Cryptlib/Include -I/usr/src/azl/BUILD/shim-15.8/gnu-efi/inc -I/usr/src/azl/BUILD/shim-15.8/gnu-efi/inc/x86_64 -I/usr/src/azl/BUILD/shim-15.8/gnu-efi/inc/protocol -I/usr/src/azl/BUILD/shim-15.8/Cryptlib/OpenSSL/crypto/asn1 -I/usr/src/azl/BUILD/shim-15.8/Cryptlib/OpenSSL/crypto/evp -I/usr/src/azl/BUILD/shim-15.8/Cryptlib/OpenSSL/crypto/modes -I/usr/src/azl/BUILD/shim-15.8/Cryptlib/OpenSSL/crypto/include -isystem /usr/src/azl/BUILD/shim-15.8/include/system -isystem /usr/lib/gcc/x86_64-pc-linux-gnu/13.2.0/include -DL_ENDIAN -D_CRT_SECURE_NO_DEPRECATE -D_CRT_NONSTDC_NO_DEPRECATE -DOPENSSL_SMALL_FOOTPRINT -DPEDANTIC -DMDE_CPU_X64   -c -o crypto/dso/dso_vms.o /usr/src/azl/BUILD/shim-15.8/Cryptlib/OpenSSL/crypto/dso/dso_vms.c
#7 99.70 gcc -std=gnu11 -ggdb -ffreestanding -fmacro-prefix-map=/usr/src/azl/BUILD/shim-15.8/= -fno-stack-protector -fno-strict-aliasing -fpic -fshort-wchar -nostdinc -m64 -mno-mmx -mno-sse -mno-red-zone -maccumulate-outgoing-args -Os -Wall -Wextra -Wno-missing-field-initializers -Wno-empty-body -Wno-implicit-fallthrough -Wno-old-style-declaration -Wno-unused-but-set-variable -Wno-unused-parameter -Werror -I/usr/src/azl/BUILD/shim-15.8/Cryptlib/OpenSSL -I/usr/src/azl/BUILD/shim-15.8/Cryptlib -I/usr/src/azl/BUILD/shim-15.8/Cryptlib/OpenSSL/Include/ -I/usr/src/azl/BUILD/shim-15.8/Cryptlib/OpenSSL/crypto -I/usr/src/azl/BUILD/shim-15.8/Cryptlib/Include -I/usr/src/azl/BUILD/shim-15.8/gnu-efi/inc -I/usr/src/azl/BUILD/shim-15.8/gnu-efi/inc/x86_64 -I/usr/src/azl/BUILD/shim-15.8/gnu-efi/inc/protocol -I/usr/src/azl/BUILD/shim-15.8/Cryptlib/OpenSSL/crypto/asn1 -I/usr/src/azl/BUILD/shim-15.8/Cryptlib/OpenSSL/crypto/evp -I/usr/src/azl/BUILD/shim-15.8/Cryptlib/OpenSSL/crypto/modes -I/usr/src/azl/BUILD/shim-15.8/Cryptlib/OpenSSL/crypto/include -isystem /usr/src/azl/BUILD/shim-15.8/include/system -isystem /usr/lib/gcc/x86_64-pc-linux-gnu/13.2.0/include -DL_ENDIAN -D_CRT_SECURE_NO_DEPRECATE -D_CRT_NONSTDC_NO_DEPRECATE -DOPENSSL_SMALL_FOOTPRINT -DPEDANTIC -DMDE_CPU_X64   -c -o crypto/dso/dso_beos.o /usr/src/azl/BUILD/shim-15.8/Cryptlib/OpenSSL/crypto/dso/dso_beos.c
#7 99.77 gcc -std=gnu11 -ggdb -ffreestanding -fmacro-prefix-map=/usr/src/azl/BUILD/shim-15.8/= -fno-stack-protector -fno-strict-aliasing -fpic -fshort-wchar -nostdinc -m64 -mno-mmx -mno-sse -mno-red-zone -maccumulate-outgoing-args -Os -Wall -Wextra -Wno-missing-field-initializers -Wno-empty-body -Wno-implicit-fallthrough -Wno-old-style-declaration -Wno-unused-but-set-variable -Wno-unused-parameter -Werror -I/usr/src/azl/BUILD/shim-15.8/Cryptlib/OpenSSL -I/usr/src/azl/BUILD/shim-15.8/Cryptlib -I/usr/src/azl/BUILD/shim-15.8/Cryptlib/OpenSSL/Include/ -I/usr/src/azl/BUILD/shim-15.8/Cryptlib/OpenSSL/crypto -I/usr/src/azl/BUILD/shim-15.8/Cryptlib/Include -I/usr/src/azl/BUILD/shim-15.8/gnu-efi/inc -I/usr/src/azl/BUILD/shim-15.8/gnu-efi/inc/x86_64 -I/usr/src/azl/BUILD/shim-15.8/gnu-efi/inc/protocol -I/usr/src/azl/BUILD/shim-15.8/Cryptlib/OpenSSL/crypto/asn1 -I/usr/src/azl/BUILD/shim-15.8/Cryptlib/OpenSSL/crypto/evp -I/usr/src/azl/BUILD/shim-15.8/Cryptlib/OpenSSL/crypto/modes -I/usr/src/azl/BUILD/shim-15.8/Cryptlib/OpenSSL/crypto/include -isystem /usr/src/azl/BUILD/shim-15.8/include/system -isystem /usr/lib/gcc/x86_64-pc-linux-gnu/13.2.0/include -DL_ENDIAN -D_CRT_SECURE_NO_DEPRECATE -D_CRT_NONSTDC_NO_DEPRECATE -DOPENSSL_SMALL_FOOTPRINT -DPEDANTIC -DMDE_CPU_X64   -c -o crypto/dh/dh_asn1.o /usr/src/azl/BUILD/shim-15.8/Cryptlib/OpenSSL/crypto/dh/dh_asn1.c
#7 99.88 gcc -std=gnu11 -ggdb -ffreestanding -fmacro-prefix-map=/usr/src/azl/BUILD/shim-15.8/= -fno-stack-protector -fno-strict-aliasing -fpic -fshort-wchar -nostdinc -m64 -mno-mmx -mno-sse -mno-red-zone -maccumulate-outgoing-args -Os -Wall -Wextra -Wno-missing-field-initializers -Wno-empty-body -Wno-implicit-fallthrough -Wno-old-style-declaration -Wno-unused-but-set-variable -Wno-unused-parameter -Werror -I/usr/src/azl/BUILD/shim-15.8/Cryptlib/OpenSSL -I/usr/src/azl/BUILD/shim-15.8/Cryptlib -I/usr/src/azl/BUILD/shim-15.8/Cryptlib/OpenSSL/Include/ -I/usr/src/azl/BUILD/shim-15.8/Cryptlib/OpenSSL/crypto -I/usr/src/azl/BUILD/shim-15.8/Cryptlib/Include -I/usr/src/azl/BUILD/shim-15.8/gnu-efi/inc -I/usr/src/azl/BUILD/shim-15.8/gnu-efi/inc/x86_64 -I/usr/src/azl/BUILD/shim-15.8/gnu-efi/inc/protocol -I/usr/src/azl/BUILD/shim-15.8/Cryptlib/OpenSSL/crypto/asn1 -I/usr/src/azl/BUILD/shim-15.8/Cryptlib/OpenSSL/crypto/evp -I/usr/src/azl/BUILD/shim-15.8/Cryptlib/OpenSSL/crypto/modes -I/usr/src/azl/BUILD/shim-15.8/Cryptlib/OpenSSL/crypto/include -isystem /usr/src/azl/BUILD/shim-15.8/include/system -isystem /usr/lib/gcc/x86_64-pc-linux-gnu/13.2.0/include -DL_ENDIAN -D_CRT_SECURE_NO_DEPRECATE -D_CRT_NONSTDC_NO_DEPRECATE -DOPENSSL_SMALL_FOOTPRINT -DPEDANTIC -DMDE_CPU_X64   -c -o crypto/dh/dh_gen.o /usr/src/azl/BUILD/shim-15.8/Cryptlib/OpenSSL/crypto/dh/dh_gen.c
#7 99.96 gcc -std=gnu11 -ggdb -ffreestanding -fmacro-prefix-map=/usr/src/azl/BUILD/shim-15.8/= -fno-stack-protector -fno-strict-aliasing -fpic -fshort-wchar -nostdinc -m64 -mno-mmx -mno-sse -mno-red-zone -maccumulate-outgoing-args -Os -Wall -Wextra -Wno-missing-field-initializers -Wno-empty-body -Wno-implicit-fallthrough -Wno-old-style-declaration -Wno-unused-but-set-variable -Wno-unused-parameter -Werror -I/usr/src/azl/BUILD/shim-15.8/Cryptlib/OpenSSL -I/usr/src/azl/BUILD/shim-15.8/Cryptlib -I/usr/src/azl/BUILD/shim-15.8/Cryptlib/OpenSSL/Include/ -I/usr/src/azl/BUILD/shim-15.8/Cryptlib/OpenSSL/crypto -I/usr/src/azl/BUILD/shim-15.8/Cryptlib/Include -I/usr/src/azl/BUILD/shim-15.8/gnu-efi/inc -I/usr/src/azl/BUILD/shim-15.8/gnu-efi/inc/x86_64 -I/usr/src/azl/BUILD/shim-15.8/gnu-efi/inc/protocol -I/usr/src/azl/BUILD/shim-15.8/Cryptlib/OpenSSL/crypto/asn1 -I/usr/src/azl/BUILD/shim-15.8/Cryptlib/OpenSSL/crypto/evp -I/usr/src/azl/BUILD/shim-15.8/Cryptlib/OpenSSL/crypto/modes -I/usr/src/azl/BUILD/shim-15.8/Cryptlib/OpenSSL/crypto/include -isystem /usr/src/azl/BUILD/shim-15.8/include/system -isystem /usr/lib/gcc/x86_64-pc-linux-gnu/13.2.0/include -DL_ENDIAN -D_CRT_SECURE_NO_DEPRECATE -D_CRT_NONSTDC_NO_DEPRECATE -DOPENSSL_SMALL_FOOTPRINT -DPEDANTIC -DMDE_CPU_X64   -c -o crypto/dh/dh_key.o /usr/src/azl/BUILD/shim-15.8/Cryptlib/OpenSSL/crypto/dh/dh_key.c
#7 100.1 gcc -std=gnu11 -ggdb -ffreestanding -fmacro-prefix-map=/usr/src/azl/BUILD/shim-15.8/= -fno-stack-protector -fno-strict-aliasing -fpic -fshort-wchar -nostdinc -m64 -mno-mmx -mno-sse -mno-red-zone -maccumulate-outgoing-args -Os -Wall -Wextra -Wno-missing-field-initializers -Wno-empty-body -Wno-implicit-fallthrough -Wno-old-style-declaration -Wno-unused-but-set-variable -Wno-unused-parameter -Werror -I/usr/src/azl/BUILD/shim-15.8/Cryptlib/OpenSSL -I/usr/src/azl/BUILD/shim-15.8/Cryptlib -I/usr/src/azl/BUILD/shim-15.8/Cryptlib/OpenSSL/Include/ -I/usr/src/azl/BUILD/shim-15.8/Cryptlib/OpenSSL/crypto -I/usr/src/azl/BUILD/shim-15.8/Cryptlib/Include -I/usr/src/azl/BUILD/shim-15.8/gnu-efi/inc -I/usr/src/azl/BUILD/shim-15.8/gnu-efi/inc/x86_64 -I/usr/src/azl/BUILD/shim-15.8/gnu-efi/inc/protocol -I/usr/src/azl/BUILD/shim-15.8/Cryptlib/OpenSSL/crypto/asn1 -I/usr/src/azl/BUILD/shim-15.8/Cryptlib/OpenSSL/crypto/evp -I/usr/src/azl/BUILD/shim-15.8/Cryptlib/OpenSSL/crypto/modes -I/usr/src/azl/BUILD/shim-15.8/Cryptlib/OpenSSL/crypto/include -isystem /usr/src/azl/BUILD/shim-15.8/include/system -isystem /usr/lib/gcc/x86_64-pc-linux-gnu/13.2.0/include -DL_ENDIAN -D_CRT_SECURE_NO_DEPRECATE -D_CRT_NONSTDC_NO_DEPRECATE -DOPENSSL_SMALL_FOOTPRINT -DPEDANTIC -DMDE_CPU_X64   -c -o crypto/dh/dh_lib.o /usr/src/azl/BUILD/shim-15.8/Cryptlib/OpenSSL/crypto/dh/dh_lib.c
#7 100.2 gcc -std=gnu11 -ggdb -ffreestanding -fmacro-prefix-map=/usr/src/azl/BUILD/shim-15.8/= -fno-stack-protector -fno-strict-aliasing -fpic -fshort-wchar -nostdinc -m64 -mno-mmx -mno-sse -mno-red-zone -maccumulate-outgoing-args -Os -Wall -Wextra -Wno-missing-field-initializers -Wno-empty-body -Wno-implicit-fallthrough -Wno-old-style-declaration -Wno-unused-but-set-variable -Wno-unused-parameter -Werror -I/usr/src/azl/BUILD/shim-15.8/Cryptlib/OpenSSL -I/usr/src/azl/BUILD/shim-15.8/Cryptlib -I/usr/src/azl/BUILD/shim-15.8/Cryptlib/OpenSSL/Include/ -I/usr/src/azl/BUILD/shim-15.8/Cryptlib/OpenSSL/crypto -I/usr/src/azl/BUILD/shim-15.8/Cryptlib/Include -I/usr/src/azl/BUILD/shim-15.8/gnu-efi/inc -I/usr/src/azl/BUILD/shim-15.8/gnu-efi/inc/x86_64 -I/usr/src/azl/BUILD/shim-15.8/gnu-efi/inc/protocol -I/usr/src/azl/BUILD/shim-15.8/Cryptlib/OpenSSL/crypto/asn1 -I/usr/src/azl/BUILD/shim-15.8/Cryptlib/OpenSSL/crypto/evp -I/usr/src/azl/BUILD/shim-15.8/Cryptlib/OpenSSL/crypto/modes -I/usr/src/azl/BUILD/shim-15.8/Cryptlib/OpenSSL/crypto/include -isystem /usr/src/azl/BUILD/shim-15.8/include/system -isystem /usr/lib/gcc/x86_64-pc-linux-gnu/13.2.0/include -DL_ENDIAN -D_CRT_SECURE_NO_DEPRECATE -D_CRT_NONSTDC_NO_DEPRECATE -DOPENSSL_SMALL_FOOTPRINT -DPEDANTIC -DMDE_CPU_X64   -c -o crypto/dh/dh_check.o /usr/src/azl/BUILD/shim-15.8/Cryptlib/OpenSSL/crypto/dh/dh_check.c
#7 100.2 gcc -std=gnu11 -ggdb -ffreestanding -fmacro-prefix-map=/usr/src/azl/BUILD/shim-15.8/= -fno-stack-protector -fno-strict-aliasing -fpic -fshort-wchar -Os -Wall -Wextra -Wno-missing-field-initializers  -mno-mmx -mno-sse -mno-red-zone -nostdinc -maccumulate-outgoing-args  -m64 -DMDE_CPU_X64 -DPAGE_SIZE=4096 -Werror -nostdinc -I/usr/src/azl/BUILD/shim-15.8/Cryptlib -I/usr/src/azl/BUILD/shim-15.8/Cryptlib/Include -I/usr/src/azl/BUILD/shim-15.8/gnu-efi/inc -I/usr/src/azl/BUILD/shim-15.8/gnu-efi/inc/x86_64 -I/usr/src/azl/BUILD/shim-15.8/gnu-efi/inc/protocol -I/usr/src/azl/BUILD/shim-15.8/include -iquote /usr/src/azl/BUILD/shim-15.8 -iquote /usr/src/azl/BUILD/shim-15.8/build-x64 -isystem /usr/src/azl/BUILD/shim-15.8/include/system -isystem /usr/lib/gcc/x86_64-pc-linux-gnu/13.2.0/include -DDEFAULT_LOADER='L"\\\\grubx64.efi"' -DDEFAULT_LOADER_CHAR='"\\\\grubx64.efi"' -DEFI_ARCH='L"x64"' -DDEBUGDIR='L"/usr/lib/debug/usr/share/shim/x64-15.8/"' -DVENDOR_CERT_FILE=\"/usr/src/azl/SOURCES/azurelinux-ca-20230216.der\" -x c -c -o sbat_data.o /dev/null
#7 100.2 objcopy --add-section .sbat=/usr/src/azl/BUILD/shim-15.8/data/sbat.csv \
#7 100.2 	--set-section-flags .sbat=contents,alloc,load,readonly,data \
#7 100.2 	sbat_data.o
#7 100.2 objcopy --add-section ".sbat.azurelinux=sbat.azurelinux.csv" sbat_data.o
#7 100.2 gcc -std=gnu11 -ggdb -ffreestanding -fmacro-prefix-map=/usr/src/azl/BUILD/shim-15.8/= -fno-stack-protector -fno-strict-aliasing -fpic -fshort-wchar -nostdinc -m64 -mno-mmx -mno-sse -mno-red-zone -maccumulate-outgoing-args -Os -Wall -Wextra -Wno-missing-field-initializers -Wno-empty-body -Wno-implicit-fallthrough -Wno-old-style-declaration -Wno-unused-but-set-variable -Wno-unused-parameter -Werror -I/usr/src/azl/BUILD/shim-15.8/Cryptlib/OpenSSL -I/usr/src/azl/BUILD/shim-15.8/Cryptlib -I/usr/src/azl/BUILD/shim-15.8/Cryptlib/OpenSSL/Include/ -I/usr/src/azl/BUILD/shim-15.8/Cryptlib/OpenSSL/crypto -I/usr/src/azl/BUILD/shim-15.8/Cryptlib/Include -I/usr/src/azl/BUILD/shim-15.8/gnu-efi/inc -I/usr/src/azl/BUILD/shim-15.8/gnu-efi/inc/x86_64 -I/usr/src/azl/BUILD/shim-15.8/gnu-efi/inc/protocol -I/usr/src/azl/BUILD/shim-15.8/Cryptlib/OpenSSL/crypto/asn1 -I/usr/src/azl/BUILD/shim-15.8/Cryptlib/OpenSSL/crypto/evp -I/usr/src/azl/BUILD/shim-15.8/Cryptlib/OpenSSL/crypto/modes -I/usr/src/azl/BUILD/shim-15.8/Cryptlib/OpenSSL/crypto/include -isystem /usr/src/azl/BUILD/shim-15.8/include/system -isystem /usr/lib/gcc/x86_64-pc-linux-gnu/13.2.0/include -DL_ENDIAN -D_CRT_SECURE_NO_DEPRECATE -D_CRT_NONSTDC_NO_DEPRECATE -DOPENSSL_SMALL_FOOTPRINT -DPEDANTIC -DMDE_CPU_X64   -c -o crypto/dh/dh_err.o /usr/src/azl/BUILD/shim-15.8/Cryptlib/OpenSSL/crypto/dh/dh_err.c
#7 100.3 gcc -std=gnu11 -ggdb -ffreestanding -fmacro-prefix-map=/usr/src/azl/BUILD/shim-15.8/= -fno-stack-protector -fno-strict-aliasing -fpic -fshort-wchar -nostdinc -m64 -mno-mmx -mno-sse -mno-red-zone -maccumulate-outgoing-args -Os -Wall -Wextra -Wno-missing-field-initializers -Wno-empty-body -Wno-implicit-fallthrough -Wno-old-style-declaration -Wno-unused-but-set-variable -Wno-unused-parameter -Werror -I/usr/src/azl/BUILD/shim-15.8/Cryptlib/OpenSSL -I/usr/src/azl/BUILD/shim-15.8/Cryptlib -I/usr/src/azl/BUILD/shim-15.8/Cryptlib/OpenSSL/Include/ -I/usr/src/azl/BUILD/shim-15.8/Cryptlib/OpenSSL/crypto -I/usr/src/azl/BUILD/shim-15.8/Cryptlib/Include -I/usr/src/azl/BUILD/shim-15.8/gnu-efi/inc -I/usr/src/azl/BUILD/shim-15.8/gnu-efi/inc/x86_64 -I/usr/src/azl/BUILD/shim-15.8/gnu-efi/inc/protocol -I/usr/src/azl/BUILD/shim-15.8/Cryptlib/OpenSSL/crypto/asn1 -I/usr/src/azl/BUILD/shim-15.8/Cryptlib/OpenSSL/crypto/evp -I/usr/src/azl/BUILD/shim-15.8/Cryptlib/OpenSSL/crypto/modes -I/usr/src/azl/BUILD/shim-15.8/Cryptlib/OpenSSL/crypto/include -isystem /usr/src/azl/BUILD/shim-15.8/include/system -isystem /usr/lib/gcc/x86_64-pc-linux-gnu/13.2.0/include -DL_ENDIAN -D_CRT_SECURE_NO_DEPRECATE -D_CRT_NONSTDC_NO_DEPRECATE -DOPENSSL_SMALL_FOOTPRINT -DPEDANTIC -DMDE_CPU_X64   -c -o crypto/dh/dh_depr.o /usr/src/azl/BUILD/shim-15.8/Cryptlib/OpenSSL/crypto/dh/dh_depr.c
#7 100.3 gcc -std=gnu11 -ggdb -ffreestanding -fmacro-prefix-map=/usr/src/azl/BUILD/shim-15.8/= -fno-stack-protector -fno-strict-aliasing -fpic -fshort-wchar -nostdinc -m64 -mno-mmx -mno-sse -mno-red-zone -maccumulate-outgoing-args -Os -Wall -Wextra -Wno-missing-field-initializers -Wno-empty-body -Wno-implicit-fallthrough -Wno-old-style-declaration -Wno-unused-but-set-variable -Wno-unused-parameter -Werror -I/usr/src/azl/BUILD/shim-15.8/Cryptlib/OpenSSL -I/usr/src/azl/BUILD/shim-15.8/Cryptlib -I/usr/src/azl/BUILD/shim-15.8/Cryptlib/OpenSSL/Include/ -I/usr/src/azl/BUILD/shim-15.8/Cryptlib/OpenSSL/crypto -I/usr/src/azl/BUILD/shim-15.8/Cryptlib/Include -I/usr/src/azl/BUILD/shim-15.8/gnu-efi/inc -I/usr/src/azl/BUILD/shim-15.8/gnu-efi/inc/x86_64 -I/usr/src/azl/BUILD/shim-15.8/gnu-efi/inc/protocol -I/usr/src/azl/BUILD/shim-15.8/Cryptlib/OpenSSL/crypto/asn1 -I/usr/src/azl/BUILD/shim-15.8/Cryptlib/OpenSSL/crypto/evp -I/usr/src/azl/BUILD/shim-15.8/Cryptlib/OpenSSL/crypto/modes -I/usr/src/azl/BUILD/shim-15.8/Cryptlib/OpenSSL/crypto/include -isystem /usr/src/azl/BUILD/shim-15.8/include/system -isystem /usr/lib/gcc/x86_64-pc-linux-gnu/13.2.0/include -DL_ENDIAN -D_CRT_SECURE_NO_DEPRECATE -D_CRT_NONSTDC_NO_DEPRECATE -DOPENSSL_SMALL_FOOTPRINT -DPEDANTIC -DMDE_CPU_X64   -c -o crypto/dh/dh_ameth.o /usr/src/azl/BUILD/shim-15.8/Cryptlib/OpenSSL/crypto/dh/dh_ameth.c
#7 100.4 gcc -std=gnu11 -ggdb -ffreestanding -fmacro-prefix-map=/usr/src/azl/BUILD/shim-15.8/= -fno-stack-protector -fno-strict-aliasing -fpic -fshort-wchar -nostdinc -m64 -mno-mmx -mno-sse -mno-red-zone -maccumulate-outgoing-args -Os -Wall -Wextra -Wno-missing-field-initializers -Wno-empty-body -Wno-implicit-fallthrough -Wno-old-style-declaration -Wno-unused-but-set-variable -Wno-unused-parameter -Werror -I/usr/src/azl/BUILD/shim-15.8/Cryptlib/OpenSSL -I/usr/src/azl/BUILD/shim-15.8/Cryptlib -I/usr/src/azl/BUILD/shim-15.8/Cryptlib/OpenSSL/Include/ -I/usr/src/azl/BUILD/shim-15.8/Cryptlib/OpenSSL/crypto -I/usr/src/azl/BUILD/shim-15.8/Cryptlib/Include -I/usr/src/azl/BUILD/shim-15.8/gnu-efi/inc -I/usr/src/azl/BUILD/shim-15.8/gnu-efi/inc/x86_64 -I/usr/src/azl/BUILD/shim-15.8/gnu-efi/inc/protocol -I/usr/src/azl/BUILD/shim-15.8/Cryptlib/OpenSSL/crypto/asn1 -I/usr/src/azl/BUILD/shim-15.8/Cryptlib/OpenSSL/crypto/evp -I/usr/src/azl/BUILD/shim-15.8/Cryptlib/OpenSSL/crypto/modes -I/usr/src/azl/BUILD/shim-15.8/Cryptlib/OpenSSL/crypto/include -isystem /usr/src/azl/BUILD/shim-15.8/include/system -isystem /usr/lib/gcc/x86_64-pc-linux-gnu/13.2.0/include -DL_ENDIAN -D_CRT_SECURE_NO_DEPRECATE -D_CRT_NONSTDC_NO_DEPRECATE -DOPENSSL_SMALL_FOOTPRINT -DPEDANTIC -DMDE_CPU_X64   -c -o crypto/dh/dh_pmeth.o /usr/src/azl/BUILD/shim-15.8/Cryptlib/OpenSSL/crypto/dh/dh_pmeth.c
#7 100.5 gcc -std=gnu11 -ggdb -ffreestanding -fmacro-prefix-map=/usr/src/azl/BUILD/shim-15.8/= -fno-stack-protector -fno-strict-aliasing -fpic -fshort-wchar -nostdinc -m64 -mno-mmx -mno-sse -mno-red-zone -maccumulate-outgoing-args -Os -Wall -Wextra -Wno-missing-field-initializers -Wno-empty-body -Wno-implicit-fallthrough -Wno-old-style-declaration -Wno-unused-but-set-variable -Wno-unused-parameter -Werror -I/usr/src/azl/BUILD/shim-15.8/Cryptlib/OpenSSL -I/usr/src/azl/BUILD/shim-15.8/Cryptlib -I/usr/src/azl/BUILD/shim-15.8/Cryptlib/OpenSSL/Include/ -I/usr/src/azl/BUILD/shim-15.8/Cryptlib/OpenSSL/crypto -I/usr/src/azl/BUILD/shim-15.8/Cryptlib/Include -I/usr/src/azl/BUILD/shim-15.8/gnu-efi/inc -I/usr/src/azl/BUILD/shim-15.8/gnu-efi/inc/x86_64 -I/usr/src/azl/BUILD/shim-15.8/gnu-efi/inc/protocol -I/usr/src/azl/BUILD/shim-15.8/Cryptlib/OpenSSL/crypto/asn1 -I/usr/src/azl/BUILD/shim-15.8/Cryptlib/OpenSSL/crypto/evp -I/usr/src/azl/BUILD/shim-15.8/Cryptlib/OpenSSL/crypto/modes -I/usr/src/azl/BUILD/shim-15.8/Cryptlib/OpenSSL/crypto/include -isystem /usr/src/azl/BUILD/shim-15.8/include/system -isystem /usr/lib/gcc/x86_64-pc-linux-gnu/13.2.0/include -DL_ENDIAN -D_CRT_SECURE_NO_DEPRECATE -D_CRT_NONSTDC_NO_DEPRECATE -DOPENSSL_SMALL_FOOTPRINT -DPEDANTIC -DMDE_CPU_X64   -c -o crypto/dh/dh_prn.o /usr/src/azl/BUILD/shim-15.8/Cryptlib/OpenSSL/crypto/dh/dh_prn.c
#7 100.6 gcc -std=gnu11 -ggdb -ffreestanding -fmacro-prefix-map=/usr/src/azl/BUILD/shim-15.8/= -fno-stack-protector -fno-strict-aliasing -fpic -fshort-wchar -nostdinc -m64 -mno-mmx -mno-sse -mno-red-zone -maccumulate-outgoing-args -Os -Wall -Wextra -Wno-missing-field-initializers -Wno-empty-body -Wno-implicit-fallthrough -Wno-old-style-declaration -Wno-unused-but-set-variable -Wno-unused-parameter -Werror -I/usr/src/azl/BUILD/shim-15.8/Cryptlib/OpenSSL -I/usr/src/azl/BUILD/shim-15.8/Cryptlib -I/usr/src/azl/BUILD/shim-15.8/Cryptlib/OpenSSL/Include/ -I/usr/src/azl/BUILD/shim-15.8/Cryptlib/OpenSSL/crypto -I/usr/src/azl/BUILD/shim-15.8/Cryptlib/Include -I/usr/src/azl/BUILD/shim-15.8/gnu-efi/inc -I/usr/src/azl/BUILD/shim-15.8/gnu-efi/inc/x86_64 -I/usr/src/azl/BUILD/shim-15.8/gnu-efi/inc/protocol -I/usr/src/azl/BUILD/shim-15.8/Cryptlib/OpenSSL/crypto/asn1 -I/usr/src/azl/BUILD/shim-15.8/Cryptlib/OpenSSL/crypto/evp -I/usr/src/azl/BUILD/shim-15.8/Cryptlib/OpenSSL/crypto/modes -I/usr/src/azl/BUILD/shim-15.8/Cryptlib/OpenSSL/crypto/include -isystem /usr/src/azl/BUILD/shim-15.8/include/system -isystem /usr/lib/gcc/x86_64-pc-linux-gnu/13.2.0/include -DL_ENDIAN -D_CRT_SECURE_NO_DEPRECATE -D_CRT_NONSTDC_NO_DEPRECATE -DOPENSSL_SMALL_FOOTPRINT -DPEDANTIC -DMDE_CPU_X64   -c -o crypto/dh/dh_rfc5114.o /usr/src/azl/BUILD/shim-15.8/Cryptlib/OpenSSL/crypto/dh/dh_rfc5114.c
#7 100.6 gcc -std=gnu11 -ggdb -ffreestanding -fmacro-prefix-map=/usr/src/azl/BUILD/shim-15.8/= -fno-stack-protector -fno-strict-aliasing -fpic -fshort-wchar -nostdinc -m64 -mno-mmx -mno-sse -mno-red-zone -maccumulate-outgoing-args -Os -Wall -Wextra -Wno-missing-field-initializers -Wno-empty-body -Wno-implicit-fallthrough -Wno-old-style-declaration -Wno-unused-but-set-variable -Wno-unused-parameter -Werror -I/usr/src/azl/BUILD/shim-15.8/Cryptlib/OpenSSL -I/usr/src/azl/BUILD/shim-15.8/Cryptlib -I/usr/src/azl/BUILD/shim-15.8/Cryptlib/OpenSSL/Include/ -I/usr/src/azl/BUILD/shim-15.8/Cryptlib/OpenSSL/crypto -I/usr/src/azl/BUILD/shim-15.8/Cryptlib/Include -I/usr/src/azl/BUILD/shim-15.8/gnu-efi/inc -I/usr/src/azl/BUILD/shim-15.8/gnu-efi/inc/x86_64 -I/usr/src/azl/BUILD/shim-15.8/gnu-efi/inc/protocol -I/usr/src/azl/BUILD/shim-15.8/Cryptlib/OpenSSL/crypto/asn1 -I/usr/src/azl/BUILD/shim-15.8/Cryptlib/OpenSSL/crypto/evp -I/usr/src/azl/BUILD/shim-15.8/Cryptlib/OpenSSL/crypto/modes -I/usr/src/azl/BUILD/shim-15.8/Cryptlib/OpenSSL/crypto/include -isystem /usr/src/azl/BUILD/shim-15.8/include/system -isystem /usr/lib/gcc/x86_64-pc-linux-gnu/13.2.0/include -DL_ENDIAN -D_CRT_SECURE_NO_DEPRECATE -D_CRT_NONSTDC_NO_DEPRECATE -DOPENSSL_SMALL_FOOTPRINT -DPEDANTIC -DMDE_CPU_X64   -c -o crypto/buffer/buffer.o /usr/src/azl/BUILD/shim-15.8/Cryptlib/OpenSSL/crypto/buffer/buffer.c
#7 100.7 gcc -std=gnu11 -ggdb -ffreestanding -fmacro-prefix-map=/usr/src/azl/BUILD/shim-15.8/= -fno-stack-protector -fno-strict-aliasing -fpic -fshort-wchar -nostdinc -m64 -mno-mmx -mno-sse -mno-red-zone -maccumulate-outgoing-args -Os -Wall -Wextra -Wno-missing-field-initializers -Wno-empty-body -Wno-implicit-fallthrough -Wno-old-style-declaration -Wno-unused-but-set-variable -Wno-unused-parameter -Werror -I/usr/src/azl/BUILD/shim-15.8/Cryptlib/OpenSSL -I/usr/src/azl/BUILD/shim-15.8/Cryptlib -I/usr/src/azl/BUILD/shim-15.8/Cryptlib/OpenSSL/Include/ -I/usr/src/azl/BUILD/shim-15.8/Cryptlib/OpenSSL/crypto -I/usr/src/azl/BUILD/shim-15.8/Cryptlib/Include -I/usr/src/azl/BUILD/shim-15.8/gnu-efi/inc -I/usr/src/azl/BUILD/shim-15.8/gnu-efi/inc/x86_64 -I/usr/src/azl/BUILD/shim-15.8/gnu-efi/inc/protocol -I/usr/src/azl/BUILD/shim-15.8/Cryptlib/OpenSSL/crypto/asn1 -I/usr/src/azl/BUILD/shim-15.8/Cryptlib/OpenSSL/crypto/evp -I/usr/src/azl/BUILD/shim-15.8/Cryptlib/OpenSSL/crypto/modes -I/usr/src/azl/BUILD/shim-15.8/Cryptlib/OpenSSL/crypto/include -isystem /usr/src/azl/BUILD/shim-15.8/include/system -isystem /usr/lib/gcc/x86_64-pc-linux-gnu/13.2.0/include -DL_ENDIAN -D_CRT_SECURE_NO_DEPRECATE -D_CRT_NONSTDC_NO_DEPRECATE -DOPENSSL_SMALL_FOOTPRINT -DPEDANTIC -DMDE_CPU_X64   -c -o crypto/buffer/buf_str.o /usr/src/azl/BUILD/shim-15.8/Cryptlib/OpenSSL/crypto/buffer/buf_str.c
#7 100.7 gcc -std=gnu11 -ggdb -ffreestanding -fmacro-prefix-map=/usr/src/azl/BUILD/shim-15.8/= -fno-stack-protector -fno-strict-aliasing -fpic -fshort-wchar -nostdinc -m64 -mno-mmx -mno-sse -mno-red-zone -maccumulate-outgoing-args -Os -Wall -Wextra -Wno-missing-field-initializers -Wno-empty-body -Wno-implicit-fallthrough -Wno-old-style-declaration -Wno-unused-but-set-variable -Wno-unused-parameter -Werror -I/usr/src/azl/BUILD/shim-15.8/Cryptlib/OpenSSL -I/usr/src/azl/BUILD/shim-15.8/Cryptlib -I/usr/src/azl/BUILD/shim-15.8/Cryptlib/OpenSSL/Include/ -I/usr/src/azl/BUILD/shim-15.8/Cryptlib/OpenSSL/crypto -I/usr/src/azl/BUILD/shim-15.8/Cryptlib/Include -I/usr/src/azl/BUILD/shim-15.8/gnu-efi/inc -I/usr/src/azl/BUILD/shim-15.8/gnu-efi/inc/x86_64 -I/usr/src/azl/BUILD/shim-15.8/gnu-efi/inc/protocol -I/usr/src/azl/BUILD/shim-15.8/Cryptlib/OpenSSL/crypto/asn1 -I/usr/src/azl/BUILD/shim-15.8/Cryptlib/OpenSSL/crypto/evp -I/usr/src/azl/BUILD/shim-15.8/Cryptlib/OpenSSL/crypto/modes -I/usr/src/azl/BUILD/shim-15.8/Cryptlib/OpenSSL/crypto/include -isystem /usr/src/azl/BUILD/shim-15.8/include/system -isystem /usr/lib/gcc/x86_64-pc-linux-gnu/13.2.0/include -DL_ENDIAN -D_CRT_SECURE_NO_DEPRECATE -D_CRT_NONSTDC_NO_DEPRECATE -DOPENSSL_SMALL_FOOTPRINT -DPEDANTIC -DMDE_CPU_X64   -c -o crypto/buffer/buf_err.o /usr/src/azl/BUILD/shim-15.8/Cryptlib/OpenSSL/crypto/buffer/buf_err.c
#7 100.8 gcc -std=gnu11 -ggdb -ffreestanding -fmacro-prefix-map=/usr/src/azl/BUILD/shim-15.8/= -fno-stack-protector -fno-strict-aliasing -fpic -fshort-wchar -nostdinc -m64 -mno-mmx -mno-sse -mno-red-zone -maccumulate-outgoing-args -Os -Wall -Wextra -Wno-missing-field-initializers -Wno-empty-body -Wno-implicit-fallthrough -Wno-old-style-declaration -Wno-unused-but-set-variable -Wno-unused-parameter -Werror -I/usr/src/azl/BUILD/shim-15.8/Cryptlib/OpenSSL -I/usr/src/azl/BUILD/shim-15.8/Cryptlib -I/usr/src/azl/BUILD/shim-15.8/Cryptlib/OpenSSL/Include/ -I/usr/src/azl/BUILD/shim-15.8/Cryptlib/OpenSSL/crypto -I/usr/src/azl/BUILD/shim-15.8/Cryptlib/Include -I/usr/src/azl/BUILD/shim-15.8/gnu-efi/inc -I/usr/src/azl/BUILD/shim-15.8/gnu-efi/inc/x86_64 -I/usr/src/azl/BUILD/shim-15.8/gnu-efi/inc/protocol -I/usr/src/azl/BUILD/shim-15.8/Cryptlib/OpenSSL/crypto/asn1 -I/usr/src/azl/BUILD/shim-15.8/Cryptlib/OpenSSL/crypto/evp -I/usr/src/azl/BUILD/shim-15.8/Cryptlib/OpenSSL/crypto/modes -I/usr/src/azl/BUILD/shim-15.8/Cryptlib/OpenSSL/crypto/include -isystem /usr/src/azl/BUILD/shim-15.8/include/system -isystem /usr/lib/gcc/x86_64-pc-linux-gnu/13.2.0/include -DL_ENDIAN -D_CRT_SECURE_NO_DEPRECATE -D_CRT_NONSTDC_NO_DEPRECATE -DOPENSSL_SMALL_FOOTPRINT -DPEDANTIC -DMDE_CPU_X64   -c -o crypto/bio/bio_lib.o /usr/src/azl/BUILD/shim-15.8/Cryptlib/OpenSSL/crypto/bio/bio_lib.c
#7 100.8 gcc -std=gnu11 -ggdb -ffreestanding -fmacro-prefix-map=/usr/src/azl/BUILD/shim-15.8/= -fno-stack-protector -fno-strict-aliasing -fpic -fshort-wchar -nostdinc -m64 -mno-mmx -mno-sse -mno-red-zone -maccumulate-outgoing-args -Os -Wall -Wextra -Wno-missing-field-initializers -Wno-empty-body -Wno-implicit-fallthrough -Wno-old-style-declaration -Wno-unused-but-set-variable -Wno-unused-parameter -Werror -I/usr/src/azl/BUILD/shim-15.8/Cryptlib/OpenSSL -I/usr/src/azl/BUILD/shim-15.8/Cryptlib -I/usr/src/azl/BUILD/shim-15.8/Cryptlib/OpenSSL/Include/ -I/usr/src/azl/BUILD/shim-15.8/Cryptlib/OpenSSL/crypto -I/usr/src/azl/BUILD/shim-15.8/Cryptlib/Include -I/usr/src/azl/BUILD/shim-15.8/gnu-efi/inc -I/usr/src/azl/BUILD/shim-15.8/gnu-efi/inc/x86_64 -I/usr/src/azl/BUILD/shim-15.8/gnu-efi/inc/protocol -I/usr/src/azl/BUILD/shim-15.8/Cryptlib/OpenSSL/crypto/asn1 -I/usr/src/azl/BUILD/shim-15.8/Cryptlib/OpenSSL/crypto/evp -I/usr/src/azl/BUILD/shim-15.8/Cryptlib/OpenSSL/crypto/modes -I/usr/src/azl/BUILD/shim-15.8/Cryptlib/OpenSSL/crypto/include -isystem /usr/src/azl/BUILD/shim-15.8/include/system -isystem /usr/lib/gcc/x86_64-pc-linux-gnu/13.2.0/include -DL_ENDIAN -D_CRT_SECURE_NO_DEPRECATE -D_CRT_NONSTDC_NO_DEPRECATE -DOPENSSL_SMALL_FOOTPRINT -DPEDANTIC -DMDE_CPU_X64   -c -o crypto/bio/bio_cb.o /usr/src/azl/BUILD/shim-15.8/Cryptlib/OpenSSL/crypto/bio/bio_cb.c
#7 100.9 gcc -std=gnu11 -ggdb -ffreestanding -fmacro-prefix-map=/usr/src/azl/BUILD/shim-15.8/= -fno-stack-protector -fno-strict-aliasing -fpic -fshort-wchar -nostdinc -m64 -mno-mmx -mno-sse -mno-red-zone -maccumulate-outgoing-args -Os -Wall -Wextra -Wno-missing-field-initializers -Wno-empty-body -Wno-implicit-fallthrough -Wno-old-style-declaration -Wno-unused-but-set-variable -Wno-unused-parameter -Werror -I/usr/src/azl/BUILD/shim-15.8/Cryptlib/OpenSSL -I/usr/src/azl/BUILD/shim-15.8/Cryptlib -I/usr/src/azl/BUILD/shim-15.8/Cryptlib/OpenSSL/Include/ -I/usr/src/azl/BUILD/shim-15.8/Cryptlib/OpenSSL/crypto -I/usr/src/azl/BUILD/shim-15.8/Cryptlib/Include -I/usr/src/azl/BUILD/shim-15.8/gnu-efi/inc -I/usr/src/azl/BUILD/shim-15.8/gnu-efi/inc/x86_64 -I/usr/src/azl/BUILD/shim-15.8/gnu-efi/inc/protocol -I/usr/src/azl/BUILD/shim-15.8/Cryptlib/OpenSSL/crypto/asn1 -I/usr/src/azl/BUILD/shim-15.8/Cryptlib/OpenSSL/crypto/evp -I/usr/src/azl/BUILD/shim-15.8/Cryptlib/OpenSSL/crypto/modes -I/usr/src/azl/BUILD/shim-15.8/Cryptlib/OpenSSL/crypto/include -isystem /usr/src/azl/BUILD/shim-15.8/include/system -isystem /usr/lib/gcc/x86_64-pc-linux-gnu/13.2.0/include -DL_ENDIAN -D_CRT_SECURE_NO_DEPRECATE -D_CRT_NONSTDC_NO_DEPRECATE -DOPENSSL_SMALL_FOOTPRINT -DPEDANTIC -DMDE_CPU_X64   -c -o crypto/bio/bio_err.o /usr/src/azl/BUILD/shim-15.8/Cryptlib/OpenSSL/crypto/bio/bio_err.c
#7 100.9 gcc -std=gnu11 -ggdb -ffreestanding -fmacro-prefix-map=/usr/src/azl/BUILD/shim-15.8/= -fno-stack-protector -fno-strict-aliasing -fpic -fshort-wchar -nostdinc -m64 -mno-mmx -mno-sse -mno-red-zone -maccumulate-outgoing-args -Os -Wall -Wextra -Wno-missing-field-initializers -Wno-empty-body -Wno-implicit-fallthrough -Wno-old-style-declaration -Wno-unused-but-set-variable -Wno-unused-parameter -Werror -I/usr/src/azl/BUILD/shim-15.8/Cryptlib/OpenSSL -I/usr/src/azl/BUILD/shim-15.8/Cryptlib -I/usr/src/azl/BUILD/shim-15.8/Cryptlib/OpenSSL/Include/ -I/usr/src/azl/BUILD/shim-15.8/Cryptlib/OpenSSL/crypto -I/usr/src/azl/BUILD/shim-15.8/Cryptlib/Include -I/usr/src/azl/BUILD/shim-15.8/gnu-efi/inc -I/usr/src/azl/BUILD/shim-15.8/gnu-efi/inc/x86_64 -I/usr/src/azl/BUILD/shim-15.8/gnu-efi/inc/protocol -I/usr/src/azl/BUILD/shim-15.8/Cryptlib/OpenSSL/crypto/asn1 -I/usr/src/azl/BUILD/shim-15.8/Cryptlib/OpenSSL/crypto/evp -I/usr/src/azl/BUILD/shim-15.8/Cryptlib/OpenSSL/crypto/modes -I/usr/src/azl/BUILD/shim-15.8/Cryptlib/OpenSSL/crypto/include -isystem /usr/src/azl/BUILD/shim-15.8/include/system -isystem /usr/lib/gcc/x86_64-pc-linux-gnu/13.2.0/include -DL_ENDIAN -D_CRT_SECURE_NO_DEPRECATE -D_CRT_NONSTDC_NO_DEPRECATE -DOPENSSL_SMALL_FOOTPRINT -DPEDANTIC -DMDE_CPU_X64   -c -o crypto/bio/bss_mem.o /usr/src/azl/BUILD/shim-15.8/Cryptlib/OpenSSL/crypto/bio/bss_mem.c
#7 101.0 gcc -std=gnu11 -ggdb -ffreestanding -fmacro-prefix-map=/usr/src/azl/BUILD/shim-15.8/= -fno-stack-protector -fno-strict-aliasing -fpic -fshort-wchar -nostdinc -m64 -mno-mmx -mno-sse -mno-red-zone -maccumulate-outgoing-args -Os -Wall -Wextra -Wno-missing-field-initializers -Wno-empty-body -Wno-implicit-fallthrough -Wno-old-style-declaration -Wno-unused-but-set-variable -Wno-unused-parameter -Werror -I/usr/src/azl/BUILD/shim-15.8/Cryptlib/OpenSSL -I/usr/src/azl/BUILD/shim-15.8/Cryptlib -I/usr/src/azl/BUILD/shim-15.8/Cryptlib/OpenSSL/Include/ -I/usr/src/azl/BUILD/shim-15.8/Cryptlib/OpenSSL/crypto -I/usr/src/azl/BUILD/shim-15.8/Cryptlib/Include -I/usr/src/azl/BUILD/shim-15.8/gnu-efi/inc -I/usr/src/azl/BUILD/shim-15.8/gnu-efi/inc/x86_64 -I/usr/src/azl/BUILD/shim-15.8/gnu-efi/inc/protocol -I/usr/src/azl/BUILD/shim-15.8/Cryptlib/OpenSSL/crypto/asn1 -I/usr/src/azl/BUILD/shim-15.8/Cryptlib/OpenSSL/crypto/evp -I/usr/src/azl/BUILD/shim-15.8/Cryptlib/OpenSSL/crypto/modes -I/usr/src/azl/BUILD/shim-15.8/Cryptlib/OpenSSL/crypto/include -isystem /usr/src/azl/BUILD/shim-15.8/include/system -isystem /usr/lib/gcc/x86_64-pc-linux-gnu/13.2.0/include -DL_ENDIAN -D_CRT_SECURE_NO_DEPRECATE -D_CRT_NONSTDC_NO_DEPRECATE -DOPENSSL_SMALL_FOOTPRINT -DPEDANTIC -DMDE_CPU_X64   -c -o crypto/bio/bss_null.o /usr/src/azl/BUILD/shim-15.8/Cryptlib/OpenSSL/crypto/bio/bss_null.c
#7 101.1 gcc -std=gnu11 -ggdb -ffreestanding -fmacro-prefix-map=/usr/src/azl/BUILD/shim-15.8/= -fno-stack-protector -fno-strict-aliasing -fpic -fshort-wchar -nostdinc -m64 -mno-mmx -mno-sse -mno-red-zone -maccumulate-outgoing-args -Os -Wall -Wextra -Wno-missing-field-initializers -Wno-empty-body -Wno-implicit-fallthrough -Wno-old-style-declaration -Wno-unused-but-set-variable -Wno-unused-parameter -Werror -I/usr/src/azl/BUILD/shim-15.8/Cryptlib/OpenSSL -I/usr/src/azl/BUILD/shim-15.8/Cryptlib -I/usr/src/azl/BUILD/shim-15.8/Cryptlib/OpenSSL/Include/ -I/usr/src/azl/BUILD/shim-15.8/Cryptlib/OpenSSL/crypto -I/usr/src/azl/BUILD/shim-15.8/Cryptlib/Include -I/usr/src/azl/BUILD/shim-15.8/gnu-efi/inc -I/usr/src/azl/BUILD/shim-15.8/gnu-efi/inc/x86_64 -I/usr/src/azl/BUILD/shim-15.8/gnu-efi/inc/protocol -I/usr/src/azl/BUILD/shim-15.8/Cryptlib/OpenSSL/crypto/asn1 -I/usr/src/azl/BUILD/shim-15.8/Cryptlib/OpenSSL/crypto/evp -I/usr/src/azl/BUILD/shim-15.8/Cryptlib/OpenSSL/crypto/modes -I/usr/src/azl/BUILD/shim-15.8/Cryptlib/OpenSSL/crypto/include -isystem /usr/src/azl/BUILD/shim-15.8/include/system -isystem /usr/lib/gcc/x86_64-pc-linux-gnu/13.2.0/include -DL_ENDIAN -D_CRT_SECURE_NO_DEPRECATE -D_CRT_NONSTDC_NO_DEPRECATE -DOPENSSL_SMALL_FOOTPRINT -DPEDANTIC -DMDE_CPU_X64   -c -o crypto/bio/bss_fd.o /usr/src/azl/BUILD/shim-15.8/Cryptlib/OpenSSL/crypto/bio/bss_fd.c
#7 101.1 gcc -std=gnu11 -ggdb -ffreestanding -fmacro-prefix-map=/usr/src/azl/BUILD/shim-15.8/= -fno-stack-protector -fno-strict-aliasing -fpic -fshort-wchar -nostdinc -m64 -mno-mmx -mno-sse -mno-red-zone -maccumulate-outgoing-args -Os -Wall -Wextra -Wno-missing-field-initializers -Wno-empty-body -Wno-implicit-fallthrough -Wno-old-style-declaration -Wno-unused-but-set-variable -Wno-unused-parameter -Werror -I/usr/src/azl/BUILD/shim-15.8/Cryptlib/OpenSSL -I/usr/src/azl/BUILD/shim-15.8/Cryptlib -I/usr/src/azl/BUILD/shim-15.8/Cryptlib/OpenSSL/Include/ -I/usr/src/azl/BUILD/shim-15.8/Cryptlib/OpenSSL/crypto -I/usr/src/azl/BUILD/shim-15.8/Cryptlib/Include -I/usr/src/azl/BUILD/shim-15.8/gnu-efi/inc -I/usr/src/azl/BUILD/shim-15.8/gnu-efi/inc/x86_64 -I/usr/src/azl/BUILD/shim-15.8/gnu-efi/inc/protocol -I/usr/src/azl/BUILD/shim-15.8/Cryptlib/OpenSSL/crypto/asn1 -I/usr/src/azl/BUILD/shim-15.8/Cryptlib/OpenSSL/crypto/evp -I/usr/src/azl/BUILD/shim-15.8/Cryptlib/OpenSSL/crypto/modes -I/usr/src/azl/BUILD/shim-15.8/Cryptlib/OpenSSL/crypto/include -isystem /usr/src/azl/BUILD/shim-15.8/include/system -isystem /usr/lib/gcc/x86_64-pc-linux-gnu/13.2.0/include -DL_ENDIAN -D_CRT_SECURE_NO_DEPRECATE -D_CRT_NONSTDC_NO_DEPRECATE -DOPENSSL_SMALL_FOOTPRINT -DPEDANTIC -DMDE_CPU_X64   -c -o crypto/bio/bss_file.o /usr/src/azl/BUILD/shim-15.8/Cryptlib/OpenSSL/crypto/bio/bss_file.c
#7 101.2 gcc -std=gnu11 -ggdb -ffreestanding -fmacro-prefix-map=/usr/src/azl/BUILD/shim-15.8/= -fno-stack-protector -fno-strict-aliasing -fpic -fshort-wchar -nostdinc -m64 -mno-mmx -mno-sse -mno-red-zone -maccumulate-outgoing-args -Os -Wall -Wextra -Wno-missing-field-initializers -Wno-empty-body -Wno-implicit-fallthrough -Wno-old-style-declaration -Wno-unused-but-set-variable -Wno-unused-parameter -Werror -I/usr/src/azl/BUILD/shim-15.8/Cryptlib/OpenSSL -I/usr/src/azl/BUILD/shim-15.8/Cryptlib -I/usr/src/azl/BUILD/shim-15.8/Cryptlib/OpenSSL/Include/ -I/usr/src/azl/BUILD/shim-15.8/Cryptlib/OpenSSL/crypto -I/usr/src/azl/BUILD/shim-15.8/Cryptlib/Include -I/usr/src/azl/BUILD/shim-15.8/gnu-efi/inc -I/usr/src/azl/BUILD/shim-15.8/gnu-efi/inc/x86_64 -I/usr/src/azl/BUILD/shim-15.8/gnu-efi/inc/protocol -I/usr/src/azl/BUILD/shim-15.8/Cryptlib/OpenSSL/crypto/asn1 -I/usr/src/azl/BUILD/shim-15.8/Cryptlib/OpenSSL/crypto/evp -I/usr/src/azl/BUILD/shim-15.8/Cryptlib/OpenSSL/crypto/modes -I/usr/src/azl/BUILD/shim-15.8/Cryptlib/OpenSSL/crypto/include -isystem /usr/src/azl/BUILD/shim-15.8/include/system -isystem /usr/lib/gcc/x86_64-pc-linux-gnu/13.2.0/include -DL_ENDIAN -D_CRT_SECURE_NO_DEPRECATE -D_CRT_NONSTDC_NO_DEPRECATE -DOPENSSL_SMALL_FOOTPRINT -DPEDANTIC -DMDE_CPU_X64   -c -o crypto/bio/bss_sock.o /usr/src/azl/BUILD/shim-15.8/Cryptlib/OpenSSL/crypto/bio/bss_sock.c
#7 101.2 gcc -std=gnu11 -ggdb -ffreestanding -fmacro-prefix-map=/usr/src/azl/BUILD/shim-15.8/= -fno-stack-protector -fno-strict-aliasing -fpic -fshort-wchar -nostdinc -m64 -mno-mmx -mno-sse -mno-red-zone -maccumulate-outgoing-args -Os -Wall -Wextra -Wno-missing-field-initializers -Wno-empty-body -Wno-implicit-fallthrough -Wno-old-style-declaration -Wno-unused-but-set-variable -Wno-unused-parameter -Werror -I/usr/src/azl/BUILD/shim-15.8/Cryptlib/OpenSSL -I/usr/src/azl/BUILD/shim-15.8/Cryptlib -I/usr/src/azl/BUILD/shim-15.8/Cryptlib/OpenSSL/Include/ -I/usr/src/azl/BUILD/shim-15.8/Cryptlib/OpenSSL/crypto -I/usr/src/azl/BUILD/shim-15.8/Cryptlib/Include -I/usr/src/azl/BUILD/shim-15.8/gnu-efi/inc -I/usr/src/azl/BUILD/shim-15.8/gnu-efi/inc/x86_64 -I/usr/src/azl/BUILD/shim-15.8/gnu-efi/inc/protocol -I/usr/src/azl/BUILD/shim-15.8/Cryptlib/OpenSSL/crypto/asn1 -I/usr/src/azl/BUILD/shim-15.8/Cryptlib/OpenSSL/crypto/evp -I/usr/src/azl/BUILD/shim-15.8/Cryptlib/OpenSSL/crypto/modes -I/usr/src/azl/BUILD/shim-15.8/Cryptlib/OpenSSL/crypto/include -isystem /usr/src/azl/BUILD/shim-15.8/include/system -isystem /usr/lib/gcc/x86_64-pc-linux-gnu/13.2.0/include -DL_ENDIAN -D_CRT_SECURE_NO_DEPRECATE -D_CRT_NONSTDC_NO_DEPRECATE -DOPENSSL_SMALL_FOOTPRINT -DPEDANTIC -DMDE_CPU_X64   -c -o crypto/bio/bss_conn.o /usr/src/azl/BUILD/shim-15.8/Cryptlib/OpenSSL/crypto/bio/bss_conn.c
#7 101.2 gcc -std=gnu11 -ggdb -ffreestanding -fmacro-prefix-map=/usr/src/azl/BUILD/shim-15.8/= -fno-stack-protector -fno-strict-aliasing -fpic -fshort-wchar -nostdinc -m64 -mno-mmx -mno-sse -mno-red-zone -maccumulate-outgoing-args -Os -Wall -Wextra -Wno-missing-field-initializers -Wno-empty-body -Wno-implicit-fallthrough -Wno-old-style-declaration -Wno-unused-but-set-variable -Wno-unused-parameter -Werror -I/usr/src/azl/BUILD/shim-15.8/Cryptlib/OpenSSL -I/usr/src/azl/BUILD/shim-15.8/Cryptlib -I/usr/src/azl/BUILD/shim-15.8/Cryptlib/OpenSSL/Include/ -I/usr/src/azl/BUILD/shim-15.8/Cryptlib/OpenSSL/crypto -I/usr/src/azl/BUILD/shim-15.8/Cryptlib/Include -I/usr/src/azl/BUILD/shim-15.8/gnu-efi/inc -I/usr/src/azl/BUILD/shim-15.8/gnu-efi/inc/x86_64 -I/usr/src/azl/BUILD/shim-15.8/gnu-efi/inc/protocol -I/usr/src/azl/BUILD/shim-15.8/Cryptlib/OpenSSL/crypto/asn1 -I/usr/src/azl/BUILD/shim-15.8/Cryptlib/OpenSSL/crypto/evp -I/usr/src/azl/BUILD/shim-15.8/Cryptlib/OpenSSL/crypto/modes -I/usr/src/azl/BUILD/shim-15.8/Cryptlib/OpenSSL/crypto/include -isystem /usr/src/azl/BUILD/shim-15.8/include/system -isystem /usr/lib/gcc/x86_64-pc-linux-gnu/13.2.0/include -DL_ENDIAN -D_CRT_SECURE_NO_DEPRECATE -D_CRT_NONSTDC_NO_DEPRECATE -DOPENSSL_SMALL_FOOTPRINT -DPEDANTIC -DMDE_CPU_X64   -c -o crypto/bio/bf_null.o /usr/src/azl/BUILD/shim-15.8/Cryptlib/OpenSSL/crypto/bio/bf_null.c
#7 101.2 gcc -std=gnu11 -ggdb -ffreestanding -fmacro-prefix-map=/usr/src/azl/BUILD/shim-15.8/= -fno-stack-protector -fno-strict-aliasing -fpic -fshort-wchar -nostdinc -m64 -mno-mmx -mno-sse -mno-red-zone -maccumulate-outgoing-args -Os -Wall -Wextra -Wno-missing-field-initializers -Wno-empty-body -Wno-implicit-fallthrough -Wno-old-style-declaration -Wno-unused-but-set-variable -Wno-unused-parameter -Werror -I/usr/src/azl/BUILD/shim-15.8/Cryptlib/OpenSSL -I/usr/src/azl/BUILD/shim-15.8/Cryptlib -I/usr/src/azl/BUILD/shim-15.8/Cryptlib/OpenSSL/Include/ -I/usr/src/azl/BUILD/shim-15.8/Cryptlib/OpenSSL/crypto -I/usr/src/azl/BUILD/shim-15.8/Cryptlib/Include -I/usr/src/azl/BUILD/shim-15.8/gnu-efi/inc -I/usr/src/azl/BUILD/shim-15.8/gnu-efi/inc/x86_64 -I/usr/src/azl/BUILD/shim-15.8/gnu-efi/inc/protocol -I/usr/src/azl/BUILD/shim-15.8/Cryptlib/OpenSSL/crypto/asn1 -I/usr/src/azl/BUILD/shim-15.8/Cryptlib/OpenSSL/crypto/evp -I/usr/src/azl/BUILD/shim-15.8/Cryptlib/OpenSSL/crypto/modes -I/usr/src/azl/BUILD/shim-15.8/Cryptlib/OpenSSL/crypto/include -isystem /usr/src/azl/BUILD/shim-15.8/include/system -isystem /usr/lib/gcc/x86_64-pc-linux-gnu/13.2.0/include -DL_ENDIAN -D_CRT_SECURE_NO_DEPRECATE -D_CRT_NONSTDC_NO_DEPRECATE -DOPENSSL_SMALL_FOOTPRINT -DPEDANTIC -DMDE_CPU_X64   -c -o crypto/bio/bf_buff.o /usr/src/azl/BUILD/shim-15.8/Cryptlib/OpenSSL/crypto/bio/bf_buff.c
#7 101.3 gcc -std=gnu11 -ggdb -ffreestanding -fmacro-prefix-map=/usr/src/azl/BUILD/shim-15.8/= -fno-stack-protector -fno-strict-aliasing -fpic -fshort-wchar -nostdinc -m64 -mno-mmx -mno-sse -mno-red-zone -maccumulate-outgoing-args -Os -Wall -Wextra -Wno-missing-field-initializers -Wno-empty-body -Wno-implicit-fallthrough -Wno-old-style-declaration -Wno-unused-but-set-variable -Wno-unused-parameter -Werror -I/usr/src/azl/BUILD/shim-15.8/Cryptlib/OpenSSL -I/usr/src/azl/BUILD/shim-15.8/Cryptlib -I/usr/src/azl/BUILD/shim-15.8/Cryptlib/OpenSSL/Include/ -I/usr/src/azl/BUILD/shim-15.8/Cryptlib/OpenSSL/crypto -I/usr/src/azl/BUILD/shim-15.8/Cryptlib/Include -I/usr/src/azl/BUILD/shim-15.8/gnu-efi/inc -I/usr/src/azl/BUILD/shim-15.8/gnu-efi/inc/x86_64 -I/usr/src/azl/BUILD/shim-15.8/gnu-efi/inc/protocol -I/usr/src/azl/BUILD/shim-15.8/Cryptlib/OpenSSL/crypto/asn1 -I/usr/src/azl/BUILD/shim-15.8/Cryptlib/OpenSSL/crypto/evp -I/usr/src/azl/BUILD/shim-15.8/Cryptlib/OpenSSL/crypto/modes -I/usr/src/azl/BUILD/shim-15.8/Cryptlib/OpenSSL/crypto/include -isystem /usr/src/azl/BUILD/shim-15.8/include/system -isystem /usr/lib/gcc/x86_64-pc-linux-gnu/13.2.0/include -DL_ENDIAN -D_CRT_SECURE_NO_DEPRECATE -D_CRT_NONSTDC_NO_DEPRECATE -DOPENSSL_SMALL_FOOTPRINT -DPEDANTIC -DMDE_CPU_X64   -c -o crypto/bio/b_dump.o /usr/src/azl/BUILD/shim-15.8/Cryptlib/OpenSSL/crypto/bio/b_dump.c
#7 101.5 gcc -std=gnu11 -ggdb -ffreestanding -fmacro-prefix-map=/usr/src/azl/BUILD/shim-15.8/= -fno-stack-protector -fno-strict-aliasing -fpic -fshort-wchar -nostdinc -m64 -mno-mmx -mno-sse -mno-red-zone -maccumulate-outgoing-args -Os -Wall -Wextra -Wno-missing-field-initializers -Wno-empty-body -Wno-implicit-fallthrough -Wno-old-style-declaration -Wno-unused-but-set-variable -Wno-unused-parameter -Werror -I/usr/src/azl/BUILD/shim-15.8/Cryptlib/OpenSSL -I/usr/src/azl/BUILD/shim-15.8/Cryptlib -I/usr/src/azl/BUILD/shim-15.8/Cryptlib/OpenSSL/Include/ -I/usr/src/azl/BUILD/shim-15.8/Cryptlib/OpenSSL/crypto -I/usr/src/azl/BUILD/shim-15.8/Cryptlib/Include -I/usr/src/azl/BUILD/shim-15.8/gnu-efi/inc -I/usr/src/azl/BUILD/shim-15.8/gnu-efi/inc/x86_64 -I/usr/src/azl/BUILD/shim-15.8/gnu-efi/inc/protocol -I/usr/src/azl/BUILD/shim-15.8/Cryptlib/OpenSSL/crypto/asn1 -I/usr/src/azl/BUILD/shim-15.8/Cryptlib/OpenSSL/crypto/evp -I/usr/src/azl/BUILD/shim-15.8/Cryptlib/OpenSSL/crypto/modes -I/usr/src/azl/BUILD/shim-15.8/Cryptlib/OpenSSL/crypto/include -isystem /usr/src/azl/BUILD/shim-15.8/include/system -isystem /usr/lib/gcc/x86_64-pc-linux-gnu/13.2.0/include -DL_ENDIAN -D_CRT_SECURE_NO_DEPRECATE -D_CRT_NONSTDC_NO_DEPRECATE -DOPENSSL_SMALL_FOOTPRINT -DPEDANTIC -DMDE_CPU_X64   -c -o crypto/bio/b_print.o /usr/src/azl/BUILD/shim-15.8/Cryptlib/OpenSSL/crypto/bio/b_print.c
#7 101.5 gcc -std=gnu11 -ggdb -ffreestanding -fmacro-prefix-map=/usr/src/azl/BUILD/shim-15.8/= -fno-stack-protector -fno-strict-aliasing -fpic -fshort-wchar -nostdinc -m64 -mno-mmx -mno-sse -mno-red-zone -maccumulate-outgoing-args -Os -Wall -Wextra -Wno-missing-field-initializers -Wno-empty-body -Wno-implicit-fallthrough -Wno-old-style-declaration -Wno-unused-but-set-variable -Wno-unused-parameter -Werror -I/usr/src/azl/BUILD/shim-15.8/Cryptlib/OpenSSL -I/usr/src/azl/BUILD/shim-15.8/Cryptlib -I/usr/src/azl/BUILD/shim-15.8/Cryptlib/OpenSSL/Include/ -I/usr/src/azl/BUILD/shim-15.8/Cryptlib/OpenSSL/crypto -I/usr/src/azl/BUILD/shim-15.8/Cryptlib/Include -I/usr/src/azl/BUILD/shim-15.8/gnu-efi/inc -I/usr/src/azl/BUILD/shim-15.8/gnu-efi/inc/x86_64 -I/usr/src/azl/BUILD/shim-15.8/gnu-efi/inc/protocol -I/usr/src/azl/BUILD/shim-15.8/Cryptlib/OpenSSL/crypto/asn1 -I/usr/src/azl/BUILD/shim-15.8/Cryptlib/OpenSSL/crypto/evp -I/usr/src/azl/BUILD/shim-15.8/Cryptlib/OpenSSL/crypto/modes -I/usr/src/azl/BUILD/shim-15.8/Cryptlib/OpenSSL/crypto/include -isystem /usr/src/azl/BUILD/shim-15.8/include/system -isystem /usr/lib/gcc/x86_64-pc-linux-gnu/13.2.0/include -DL_ENDIAN -D_CRT_SECURE_NO_DEPRECATE -D_CRT_NONSTDC_NO_DEPRECATE -DOPENSSL_SMALL_FOOTPRINT -DPEDANTIC -DMDE_CPU_X64   -c -o crypto/bio/b_sock.o /usr/src/azl/BUILD/shim-15.8/Cryptlib/OpenSSL/crypto/bio/b_sock.c
#7 101.5 gcc -std=gnu11 -ggdb -ffreestanding -fmacro-prefix-map=/usr/src/azl/BUILD/shim-15.8/= -fno-stack-protector -fno-strict-aliasing -fpic -fshort-wchar -nostdinc -m64 -mno-mmx -mno-sse -mno-red-zone -maccumulate-outgoing-args -Os -Wall -Wextra -Wno-missing-field-initializers -Wno-empty-body -Wno-implicit-fallthrough -Wno-old-style-declaration -Wno-unused-but-set-variable -Wno-unused-parameter -Werror -I/usr/src/azl/BUILD/shim-15.8/Cryptlib/OpenSSL -I/usr/src/azl/BUILD/shim-15.8/Cryptlib -I/usr/src/azl/BUILD/shim-15.8/Cryptlib/OpenSSL/Include/ -I/usr/src/azl/BUILD/shim-15.8/Cryptlib/OpenSSL/crypto -I/usr/src/azl/BUILD/shim-15.8/Cryptlib/Include -I/usr/src/azl/BUILD/shim-15.8/gnu-efi/inc -I/usr/src/azl/BUILD/shim-15.8/gnu-efi/inc/x86_64 -I/usr/src/azl/BUILD/shim-15.8/gnu-efi/inc/protocol -I/usr/src/azl/BUILD/shim-15.8/Cryptlib/OpenSSL/crypto/asn1 -I/usr/src/azl/BUILD/shim-15.8/Cryptlib/OpenSSL/crypto/evp -I/usr/src/azl/BUILD/shim-15.8/Cryptlib/OpenSSL/crypto/modes -I/usr/src/azl/BUILD/shim-15.8/Cryptlib/OpenSSL/crypto/include -isystem /usr/src/azl/BUILD/shim-15.8/include/system -isystem /usr/lib/gcc/x86_64-pc-linux-gnu/13.2.0/include -DL_ENDIAN -D_CRT_SECURE_NO_DEPRECATE -D_CRT_NONSTDC_NO_DEPRECATE -DOPENSSL_SMALL_FOOTPRINT -DPEDANTIC -DMDE_CPU_X64   -c -o crypto/bio/bss_acpt.o /usr/src/azl/BUILD/shim-15.8/Cryptlib/OpenSSL/crypto/bio/bss_acpt.c
#7 101.6 gcc -std=gnu11 -ggdb -ffreestanding -fmacro-prefix-map=/usr/src/azl/BUILD/shim-15.8/= -fno-stack-protector -fno-strict-aliasing -fpic -fshort-wchar -nostdinc -m64 -mno-mmx -mno-sse -mno-red-zone -maccumulate-outgoing-args -Os -Wall -Wextra -Wno-missing-field-initializers -Wno-empty-body -Wno-implicit-fallthrough -Wno-old-style-declaration -Wno-unused-but-set-variable -Wno-unused-parameter -Werror -I/usr/src/azl/BUILD/shim-15.8/Cryptlib/OpenSSL -I/usr/src/azl/BUILD/shim-15.8/Cryptlib -I/usr/src/azl/BUILD/shim-15.8/Cryptlib/OpenSSL/Include/ -I/usr/src/azl/BUILD/shim-15.8/Cryptlib/OpenSSL/crypto -I/usr/src/azl/BUILD/shim-15.8/Cryptlib/Include -I/usr/src/azl/BUILD/shim-15.8/gnu-efi/inc -I/usr/src/azl/BUILD/shim-15.8/gnu-efi/inc/x86_64 -I/usr/src/azl/BUILD/shim-15.8/gnu-efi/inc/protocol -I/usr/src/azl/BUILD/shim-15.8/Cryptlib/OpenSSL/crypto/asn1 -I/usr/src/azl/BUILD/shim-15.8/Cryptlib/OpenSSL/crypto/evp -I/usr/src/azl/BUILD/shim-15.8/Cryptlib/OpenSSL/crypto/modes -I/usr/src/azl/BUILD/shim-15.8/Cryptlib/OpenSSL/crypto/include -isystem /usr/src/azl/BUILD/shim-15.8/include/system -isystem /usr/lib/gcc/x86_64-pc-linux-gnu/13.2.0/include -DL_ENDIAN -D_CRT_SECURE_NO_DEPRECATE -D_CRT_NONSTDC_NO_DEPRECATE -DOPENSSL_SMALL_FOOTPRINT -DPEDANTIC -DMDE_CPU_X64   -c -o crypto/bio/bf_nbio.o /usr/src/azl/BUILD/shim-15.8/Cryptlib/OpenSSL/crypto/bio/bf_nbio.c
#7 101.7 gcc -std=gnu11 -ggdb -ffreestanding -fmacro-prefix-map=/usr/src/azl/BUILD/shim-15.8/= -fno-stack-protector -fno-strict-aliasing -fpic -fshort-wchar -nostdinc -m64 -mno-mmx -mno-sse -mno-red-zone -maccumulate-outgoing-args -Os -Wall -Wextra -Wno-missing-field-initializers -Wno-empty-body -Wno-implicit-fallthrough -Wno-old-style-declaration -Wno-unused-but-set-variable -Wno-unused-parameter -Werror -I/usr/src/azl/BUILD/shim-15.8/Cryptlib/OpenSSL -I/usr/src/azl/BUILD/shim-15.8/Cryptlib -I/usr/src/azl/BUILD/shim-15.8/Cryptlib/OpenSSL/Include/ -I/usr/src/azl/BUILD/shim-15.8/Cryptlib/OpenSSL/crypto -I/usr/src/azl/BUILD/shim-15.8/Cryptlib/Include -I/usr/src/azl/BUILD/shim-15.8/gnu-efi/inc -I/usr/src/azl/BUILD/shim-15.8/gnu-efi/inc/x86_64 -I/usr/src/azl/BUILD/shim-15.8/gnu-efi/inc/protocol -I/usr/src/azl/BUILD/shim-15.8/Cryptlib/OpenSSL/crypto/asn1 -I/usr/src/azl/BUILD/shim-15.8/Cryptlib/OpenSSL/crypto/evp -I/usr/src/azl/BUILD/shim-15.8/Cryptlib/OpenSSL/crypto/modes -I/usr/src/azl/BUILD/shim-15.8/Cryptlib/OpenSSL/crypto/include -isystem /usr/src/azl/BUILD/shim-15.8/include/system -isystem /usr/lib/gcc/x86_64-pc-linux-gnu/13.2.0/include -DL_ENDIAN -D_CRT_SECURE_NO_DEPRECATE -D_CRT_NONSTDC_NO_DEPRECATE -DOPENSSL_SMALL_FOOTPRINT -DPEDANTIC -DMDE_CPU_X64   -c -o crypto/bio/bss_log.o /usr/src/azl/BUILD/shim-15.8/Cryptlib/OpenSSL/crypto/bio/bss_log.c
#7 101.7 gcc -std=gnu11 -ggdb -ffreestanding -fmacro-prefix-map=/usr/src/azl/BUILD/shim-15.8/= -fno-stack-protector -fno-strict-aliasing -fpic -fshort-wchar -nostdinc -m64 -mno-mmx -mno-sse -mno-red-zone -maccumulate-outgoing-args -Os -Wall -Wextra -Wno-missing-field-initializers -Wno-empty-body -Wno-implicit-fallthrough -Wno-old-style-declaration -Wno-unused-but-set-variable -Wno-unused-parameter -Werror -I/usr/src/azl/BUILD/shim-15.8/Cryptlib/OpenSSL -I/usr/src/azl/BUILD/shim-15.8/Cryptlib -I/usr/src/azl/BUILD/shim-15.8/Cryptlib/OpenSSL/Include/ -I/usr/src/azl/BUILD/shim-15.8/Cryptlib/OpenSSL/crypto -I/usr/src/azl/BUILD/shim-15.8/Cryptlib/Include -I/usr/src/azl/BUILD/shim-15.8/gnu-efi/inc -I/usr/src/azl/BUILD/shim-15.8/gnu-efi/inc/x86_64 -I/usr/src/azl/BUILD/shim-15.8/gnu-efi/inc/protocol -I/usr/src/azl/BUILD/shim-15.8/Cryptlib/OpenSSL/crypto/asn1 -I/usr/src/azl/BUILD/shim-15.8/Cryptlib/OpenSSL/crypto/evp -I/usr/src/azl/BUILD/shim-15.8/Cryptlib/OpenSSL/crypto/modes -I/usr/src/azl/BUILD/shim-15.8/Cryptlib/OpenSSL/crypto/include -isystem /usr/src/azl/BUILD/shim-15.8/include/system -isystem /usr/lib/gcc/x86_64-pc-linux-gnu/13.2.0/include -DL_ENDIAN -D_CRT_SECURE_NO_DEPRECATE -D_CRT_NONSTDC_NO_DEPRECATE -DOPENSSL_SMALL_FOOTPRINT -DPEDANTIC -DMDE_CPU_X64   -c -o crypto/bio/bss_bio.o /usr/src/azl/BUILD/shim-15.8/Cryptlib/OpenSSL/crypto/bio/bss_bio.c
#7 101.8 gcc -std=gnu11 -ggdb -ffreestanding -fmacro-prefix-map=/usr/src/azl/BUILD/shim-15.8/= -fno-stack-protector -fno-strict-aliasing -fpic -fshort-wchar -nostdinc -m64 -mno-mmx -mno-sse -mno-red-zone -maccumulate-outgoing-args -Os -Wall -Wextra -Wno-missing-field-initializers -Wno-empty-body -Wno-implicit-fallthrough -Wno-old-style-declaration -Wno-unused-but-set-variable -Wno-unused-parameter -Werror -I/usr/src/azl/BUILD/shim-15.8/Cryptlib/OpenSSL -I/usr/src/azl/BUILD/shim-15.8/Cryptlib -I/usr/src/azl/BUILD/shim-15.8/Cryptlib/OpenSSL/Include/ -I/usr/src/azl/BUILD/shim-15.8/Cryptlib/OpenSSL/crypto -I/usr/src/azl/BUILD/shim-15.8/Cryptlib/Include -I/usr/src/azl/BUILD/shim-15.8/gnu-efi/inc -I/usr/src/azl/BUILD/shim-15.8/gnu-efi/inc/x86_64 -I/usr/src/azl/BUILD/shim-15.8/gnu-efi/inc/protocol -I/usr/src/azl/BUILD/shim-15.8/Cryptlib/OpenSSL/crypto/asn1 -I/usr/src/azl/BUILD/shim-15.8/Cryptlib/OpenSSL/crypto/evp -I/usr/src/azl/BUILD/shim-15.8/Cryptlib/OpenSSL/crypto/modes -I/usr/src/azl/BUILD/shim-15.8/Cryptlib/OpenSSL/crypto/include -isystem /usr/src/azl/BUILD/shim-15.8/include/system -isystem /usr/lib/gcc/x86_64-pc-linux-gnu/13.2.0/include -DL_ENDIAN -D_CRT_SECURE_NO_DEPRECATE -D_CRT_NONSTDC_NO_DEPRECATE -DOPENSSL_SMALL_FOOTPRINT -DPEDANTIC -DMDE_CPU_X64   -c -o crypto/bio/bss_dgram.o /usr/src/azl/BUILD/shim-15.8/Cryptlib/OpenSSL/crypto/bio/bss_dgram.c
#7 101.8 gcc -std=gnu11 -ggdb -ffreestanding -fmacro-prefix-map=/usr/src/azl/BUILD/shim-15.8/= -fno-stack-protector -fno-strict-aliasing -fpic -fshort-wchar -nostdinc -m64 -mno-mmx -mno-sse -mno-red-zone -maccumulate-outgoing-args -Os -Wall -Wextra -Wno-missing-field-initializers -Wno-empty-body -Wno-implicit-fallthrough -Wno-old-style-declaration -Wno-unused-but-set-variable -Wno-unused-parameter -Werror -I/usr/src/azl/BUILD/shim-15.8/Cryptlib/OpenSSL -I/usr/src/azl/BUILD/shim-15.8/Cryptlib -I/usr/src/azl/BUILD/shim-15.8/Cryptlib/OpenSSL/Include/ -I/usr/src/azl/BUILD/shim-15.8/Cryptlib/OpenSSL/crypto -I/usr/src/azl/BUILD/shim-15.8/Cryptlib/Include -I/usr/src/azl/BUILD/shim-15.8/gnu-efi/inc -I/usr/src/azl/BUILD/shim-15.8/gnu-efi/inc/x86_64 -I/usr/src/azl/BUILD/shim-15.8/gnu-efi/inc/protocol -I/usr/src/azl/BUILD/shim-15.8/Cryptlib/OpenSSL/crypto/asn1 -I/usr/src/azl/BUILD/shim-15.8/Cryptlib/OpenSSL/crypto/evp -I/usr/src/azl/BUILD/shim-15.8/Cryptlib/OpenSSL/crypto/modes -I/usr/src/azl/BUILD/shim-15.8/Cryptlib/OpenSSL/crypto/include -isystem /usr/src/azl/BUILD/shim-15.8/include/system -isystem /usr/lib/gcc/x86_64-pc-linux-gnu/13.2.0/include -DL_ENDIAN -D_CRT_SECURE_NO_DEPRECATE -D_CRT_NONSTDC_NO_DEPRECATE -DOPENSSL_SMALL_FOOTPRINT -DPEDANTIC -DMDE_CPU_X64   -c -o crypto/stack/stack.o /usr/src/azl/BUILD/shim-15.8/Cryptlib/OpenSSL/crypto/stack/stack.c
#7 102.0 gcc -std=gnu11 -ggdb -ffreestanding -fmacro-prefix-map=/usr/src/azl/BUILD/shim-15.8/= -fno-stack-protector -fno-strict-aliasing -fpic -fshort-wchar -nostdinc -m64 -mno-mmx -mno-sse -mno-red-zone -maccumulate-outgoing-args -Os -Wall -Wextra -Wno-missing-field-initializers -Wno-empty-body -Wno-implicit-fallthrough -Wno-old-style-declaration -Wno-unused-but-set-variable -Wno-unused-parameter -Werror -I/usr/src/azl/BUILD/shim-15.8/Cryptlib/OpenSSL -I/usr/src/azl/BUILD/shim-15.8/Cryptlib -I/usr/src/azl/BUILD/shim-15.8/Cryptlib/OpenSSL/Include/ -I/usr/src/azl/BUILD/shim-15.8/Cryptlib/OpenSSL/crypto -I/usr/src/azl/BUILD/shim-15.8/Cryptlib/Include -I/usr/src/azl/BUILD/shim-15.8/gnu-efi/inc -I/usr/src/azl/BUILD/shim-15.8/gnu-efi/inc/x86_64 -I/usr/src/azl/BUILD/shim-15.8/gnu-efi/inc/protocol -I/usr/src/azl/BUILD/shim-15.8/Cryptlib/OpenSSL/crypto/asn1 -I/usr/src/azl/BUILD/shim-15.8/Cryptlib/OpenSSL/crypto/evp -I/usr/src/azl/BUILD/shim-15.8/Cryptlib/OpenSSL/crypto/modes -I/usr/src/azl/BUILD/shim-15.8/Cryptlib/OpenSSL/crypto/include -isystem /usr/src/azl/BUILD/shim-15.8/include/system -isystem /usr/lib/gcc/x86_64-pc-linux-gnu/13.2.0/include -DL_ENDIAN -D_CRT_SECURE_NO_DEPRECATE -D_CRT_NONSTDC_NO_DEPRECATE -DOPENSSL_SMALL_FOOTPRINT -DPEDANTIC -DMDE_CPU_X64   -c -o crypto/lhash/lhash.o /usr/src/azl/BUILD/shim-15.8/Cryptlib/OpenSSL/crypto/lhash/lhash.c
#7 102.0 gcc -std=gnu11 -ggdb -ffreestanding -fmacro-prefix-map=/usr/src/azl/BUILD/shim-15.8/= -fno-stack-protector -fno-strict-aliasing -fpic -fshort-wchar -nostdinc -m64 -mno-mmx -mno-sse -mno-red-zone -maccumulate-outgoing-args -Os -Wall -Wextra -Wno-missing-field-initializers -Wno-empty-body -Wno-implicit-fallthrough -Wno-old-style-declaration -Wno-unused-but-set-variable -Wno-unused-parameter -Werror -I/usr/src/azl/BUILD/shim-15.8/Cryptlib/OpenSSL -I/usr/src/azl/BUILD/shim-15.8/Cryptlib -I/usr/src/azl/BUILD/shim-15.8/Cryptlib/OpenSSL/Include/ -I/usr/src/azl/BUILD/shim-15.8/Cryptlib/OpenSSL/crypto -I/usr/src/azl/BUILD/shim-15.8/Cryptlib/Include -I/usr/src/azl/BUILD/shim-15.8/gnu-efi/inc -I/usr/src/azl/BUILD/shim-15.8/gnu-efi/inc/x86_64 -I/usr/src/azl/BUILD/shim-15.8/gnu-efi/inc/protocol -I/usr/src/azl/BUILD/shim-15.8/Cryptlib/OpenSSL/crypto/asn1 -I/usr/src/azl/BUILD/shim-15.8/Cryptlib/OpenSSL/crypto/evp -I/usr/src/azl/BUILD/shim-15.8/Cryptlib/OpenSSL/crypto/modes -I/usr/src/azl/BUILD/shim-15.8/Cryptlib/OpenSSL/crypto/include -isystem /usr/src/azl/BUILD/shim-15.8/include/system -isystem /usr/lib/gcc/x86_64-pc-linux-gnu/13.2.0/include -DL_ENDIAN -D_CRT_SECURE_NO_DEPRECATE -D_CRT_NONSTDC_NO_DEPRECATE -DOPENSSL_SMALL_FOOTPRINT -DPEDANTIC -DMDE_CPU_X64   -c -o crypto/lhash/lh_stats.o /usr/src/azl/BUILD/shim-15.8/Cryptlib/OpenSSL/crypto/lhash/lh_stats.c
#7 102.1 gcc -std=gnu11 -ggdb -ffreestanding -fmacro-prefix-map=/usr/src/azl/BUILD/shim-15.8/= -fno-stack-protector -fno-strict-aliasing -fpic -fshort-wchar -nostdinc -m64 -mno-mmx -mno-sse -mno-red-zone -maccumulate-outgoing-args -Os -Wall -Wextra -Wno-missing-field-initializers -Wno-empty-body -Wno-implicit-fallthrough -Wno-old-style-declaration -Wno-unused-but-set-variable -Wno-unused-parameter -Werror -I/usr/src/azl/BUILD/shim-15.8/Cryptlib/OpenSSL -I/usr/src/azl/BUILD/shim-15.8/Cryptlib -I/usr/src/azl/BUILD/shim-15.8/Cryptlib/OpenSSL/Include/ -I/usr/src/azl/BUILD/shim-15.8/Cryptlib/OpenSSL/crypto -I/usr/src/azl/BUILD/shim-15.8/Cryptlib/Include -I/usr/src/azl/BUILD/shim-15.8/gnu-efi/inc -I/usr/src/azl/BUILD/shim-15.8/gnu-efi/inc/x86_64 -I/usr/src/azl/BUILD/shim-15.8/gnu-efi/inc/protocol -I/usr/src/azl/BUILD/shim-15.8/Cryptlib/OpenSSL/crypto/asn1 -I/usr/src/azl/BUILD/shim-15.8/Cryptlib/OpenSSL/crypto/evp -I/usr/src/azl/BUILD/shim-15.8/Cryptlib/OpenSSL/crypto/modes -I/usr/src/azl/BUILD/shim-15.8/Cryptlib/OpenSSL/crypto/include -isystem /usr/src/azl/BUILD/shim-15.8/include/system -isystem /usr/lib/gcc/x86_64-pc-linux-gnu/13.2.0/include -DL_ENDIAN -D_CRT_SECURE_NO_DEPRECATE -D_CRT_NONSTDC_NO_DEPRECATE -DOPENSSL_SMALL_FOOTPRINT -DPEDANTIC -DMDE_CPU_X64   -c -o crypto/rand/md_rand.o /usr/src/azl/BUILD/shim-15.8/Cryptlib/OpenSSL/crypto/rand/md_rand.c
#7 102.1 gcc -std=gnu11 -ggdb -ffreestanding -fmacro-prefix-map=/usr/src/azl/BUILD/shim-15.8/= -fno-stack-protector -fno-strict-aliasing -fpic -fshort-wchar -nostdinc -m64 -mno-mmx -mno-sse -mno-red-zone -maccumulate-outgoing-args -Os -Wall -Wextra -Wno-missing-field-initializers -Wno-empty-body -Wno-implicit-fallthrough -Wno-old-style-declaration -Wno-unused-but-set-variable -Wno-unused-parameter -Werror -I/usr/src/azl/BUILD/shim-15.8/Cryptlib/OpenSSL -I/usr/src/azl/BUILD/shim-15.8/Cryptlib -I/usr/src/azl/BUILD/shim-15.8/Cryptlib/OpenSSL/Include/ -I/usr/src/azl/BUILD/shim-15.8/Cryptlib/OpenSSL/crypto -I/usr/src/azl/BUILD/shim-15.8/Cryptlib/Include -I/usr/src/azl/BUILD/shim-15.8/gnu-efi/inc -I/usr/src/azl/BUILD/shim-15.8/gnu-efi/inc/x86_64 -I/usr/src/azl/BUILD/shim-15.8/gnu-efi/inc/protocol -I/usr/src/azl/BUILD/shim-15.8/Cryptlib/OpenSSL/crypto/asn1 -I/usr/src/azl/BUILD/shim-15.8/Cryptlib/OpenSSL/crypto/evp -I/usr/src/azl/BUILD/shim-15.8/Cryptlib/OpenSSL/crypto/modes -I/usr/src/azl/BUILD/shim-15.8/Cryptlib/OpenSSL/crypto/include -isystem /usr/src/azl/BUILD/shim-15.8/include/system -isystem /usr/lib/gcc/x86_64-pc-linux-gnu/13.2.0/include -DL_ENDIAN -D_CRT_SECURE_NO_DEPRECATE -D_CRT_NONSTDC_NO_DEPRECATE -DOPENSSL_SMALL_FOOTPRINT -DPEDANTIC -DMDE_CPU_X64   -c -o crypto/rand/randfile.o /usr/src/azl/BUILD/shim-15.8/Cryptlib/OpenSSL/crypto/rand/randfile.c
#7 102.2 gcc -std=gnu11 -ggdb -ffreestanding -fmacro-prefix-map=/usr/src/azl/BUILD/shim-15.8/= -fno-stack-protector -fno-strict-aliasing -fpic -fshort-wchar -nostdinc -m64 -mno-mmx -mno-sse -mno-red-zone -maccumulate-outgoing-args -Os -Wall -Wextra -Wno-missing-field-initializers -Wno-empty-body -Wno-implicit-fallthrough -Wno-old-style-declaration -Wno-unused-but-set-variable -Wno-unused-parameter -Werror -I/usr/src/azl/BUILD/shim-15.8/Cryptlib/OpenSSL -I/usr/src/azl/BUILD/shim-15.8/Cryptlib -I/usr/src/azl/BUILD/shim-15.8/Cryptlib/OpenSSL/Include/ -I/usr/src/azl/BUILD/shim-15.8/Cryptlib/OpenSSL/crypto -I/usr/src/azl/BUILD/shim-15.8/Cryptlib/Include -I/usr/src/azl/BUILD/shim-15.8/gnu-efi/inc -I/usr/src/azl/BUILD/shim-15.8/gnu-efi/inc/x86_64 -I/usr/src/azl/BUILD/shim-15.8/gnu-efi/inc/protocol -I/usr/src/azl/BUILD/shim-15.8/Cryptlib/OpenSSL/crypto/asn1 -I/usr/src/azl/BUILD/shim-15.8/Cryptlib/OpenSSL/crypto/evp -I/usr/src/azl/BUILD/shim-15.8/Cryptlib/OpenSSL/crypto/modes -I/usr/src/azl/BUILD/shim-15.8/Cryptlib/OpenSSL/crypto/include -isystem /usr/src/azl/BUILD/shim-15.8/include/system -isystem /usr/lib/gcc/x86_64-pc-linux-gnu/13.2.0/include -DL_ENDIAN -D_CRT_SECURE_NO_DEPRECATE -D_CRT_NONSTDC_NO_DEPRECATE -DOPENSSL_SMALL_FOOTPRINT -DPEDANTIC -DMDE_CPU_X64   -c -o crypto/rand/rand_lib.o /usr/src/azl/BUILD/shim-15.8/Cryptlib/OpenSSL/crypto/rand/rand_lib.c
#7 102.3 gcc -std=gnu11 -ggdb -ffreestanding -fmacro-prefix-map=/usr/src/azl/BUILD/shim-15.8/= -fno-stack-protector -fno-strict-aliasing -fpic -fshort-wchar -nostdinc -m64 -mno-mmx -mno-sse -mno-red-zone -maccumulate-outgoing-args -Os -Wall -Wextra -Wno-missing-field-initializers -Wno-empty-body -Wno-implicit-fallthrough -Wno-old-style-declaration -Wno-unused-but-set-variable -Wno-unused-parameter -Werror -I/usr/src/azl/BUILD/shim-15.8/Cryptlib/OpenSSL -I/usr/src/azl/BUILD/shim-15.8/Cryptlib -I/usr/src/azl/BUILD/shim-15.8/Cryptlib/OpenSSL/Include/ -I/usr/src/azl/BUILD/shim-15.8/Cryptlib/OpenSSL/crypto -I/usr/src/azl/BUILD/shim-15.8/Cryptlib/Include -I/usr/src/azl/BUILD/shim-15.8/gnu-efi/inc -I/usr/src/azl/BUILD/shim-15.8/gnu-efi/inc/x86_64 -I/usr/src/azl/BUILD/shim-15.8/gnu-efi/inc/protocol -I/usr/src/azl/BUILD/shim-15.8/Cryptlib/OpenSSL/crypto/asn1 -I/usr/src/azl/BUILD/shim-15.8/Cryptlib/OpenSSL/crypto/evp -I/usr/src/azl/BUILD/shim-15.8/Cryptlib/OpenSSL/crypto/modes -I/usr/src/azl/BUILD/shim-15.8/Cryptlib/OpenSSL/crypto/include -isystem /usr/src/azl/BUILD/shim-15.8/include/system -isystem /usr/lib/gcc/x86_64-pc-linux-gnu/13.2.0/include -DL_ENDIAN -D_CRT_SECURE_NO_DEPRECATE -D_CRT_NONSTDC_NO_DEPRECATE -DOPENSSL_SMALL_FOOTPRINT -DPEDANTIC -DMDE_CPU_X64   -c -o crypto/rand/rand_err.o /usr/src/azl/BUILD/shim-15.8/Cryptlib/OpenSSL/crypto/rand/rand_err.c
#7 102.3 gcc -std=gnu11 -ggdb -ffreestanding -fmacro-prefix-map=/usr/src/azl/BUILD/shim-15.8/= -fno-stack-protector -fno-strict-aliasing -fpic -fshort-wchar -nostdinc -m64 -mno-mmx -mno-sse -mno-red-zone -maccumulate-outgoing-args -Os -Wall -Wextra -Wno-missing-field-initializers -Wno-empty-body -Wno-implicit-fallthrough -Wno-old-style-declaration -Wno-unused-but-set-variable -Wno-unused-parameter -Werror -I/usr/src/azl/BUILD/shim-15.8/Cryptlib/OpenSSL -I/usr/src/azl/BUILD/shim-15.8/Cryptlib -I/usr/src/azl/BUILD/shim-15.8/Cryptlib/OpenSSL/Include/ -I/usr/src/azl/BUILD/shim-15.8/Cryptlib/OpenSSL/crypto -I/usr/src/azl/BUILD/shim-15.8/Cryptlib/Include -I/usr/src/azl/BUILD/shim-15.8/gnu-efi/inc -I/usr/src/azl/BUILD/shim-15.8/gnu-efi/inc/x86_64 -I/usr/src/azl/BUILD/shim-15.8/gnu-efi/inc/protocol -I/usr/src/azl/BUILD/shim-15.8/Cryptlib/OpenSSL/crypto/asn1 -I/usr/src/azl/BUILD/shim-15.8/Cryptlib/OpenSSL/crypto/evp -I/usr/src/azl/BUILD/shim-15.8/Cryptlib/OpenSSL/crypto/modes -I/usr/src/azl/BUILD/shim-15.8/Cryptlib/OpenSSL/crypto/include -isystem /usr/src/azl/BUILD/shim-15.8/include/system -isystem /usr/lib/gcc/x86_64-pc-linux-gnu/13.2.0/include -DL_ENDIAN -D_CRT_SECURE_NO_DEPRECATE -D_CRT_NONSTDC_NO_DEPRECATE -DOPENSSL_SMALL_FOOTPRINT -DPEDANTIC -DMDE_CPU_X64   -c -o crypto/rand/rand_unix.o /usr/src/azl/BUILD/shim-15.8/Cryptlib/OpenSSL/crypto/rand/rand_unix.c
#7 102.4 gcc -std=gnu11 -ggdb -ffreestanding -fmacro-prefix-map=/usr/src/azl/BUILD/shim-15.8/= -fno-stack-protector -fno-strict-aliasing -fpic -fshort-wchar -nostdinc -m64 -mno-mmx -mno-sse -mno-red-zone -maccumulate-outgoing-args -Os -Wall -Wextra -Wno-missing-field-initializers -Wno-empty-body -Wno-implicit-fallthrough -Wno-old-style-declaration -Wno-unused-but-set-variable -Wno-unused-parameter -Werror -I/usr/src/azl/BUILD/shim-15.8/Cryptlib/OpenSSL -I/usr/src/azl/BUILD/shim-15.8/Cryptlib -I/usr/src/azl/BUILD/shim-15.8/Cryptlib/OpenSSL/Include/ -I/usr/src/azl/BUILD/shim-15.8/Cryptlib/OpenSSL/crypto -I/usr/src/azl/BUILD/shim-15.8/Cryptlib/Include -I/usr/src/azl/BUILD/shim-15.8/gnu-efi/inc -I/usr/src/azl/BUILD/shim-15.8/gnu-efi/inc/x86_64 -I/usr/src/azl/BUILD/shim-15.8/gnu-efi/inc/protocol -I/usr/src/azl/BUILD/shim-15.8/Cryptlib/OpenSSL/crypto/asn1 -I/usr/src/azl/BUILD/shim-15.8/Cryptlib/OpenSSL/crypto/evp -I/usr/src/azl/BUILD/shim-15.8/Cryptlib/OpenSSL/crypto/modes -I/usr/src/azl/BUILD/shim-15.8/Cryptlib/OpenSSL/crypto/include -isystem /usr/src/azl/BUILD/shim-15.8/include/system -isystem /usr/lib/gcc/x86_64-pc-linux-gnu/13.2.0/include -DL_ENDIAN -D_CRT_SECURE_NO_DEPRECATE -D_CRT_NONSTDC_NO_DEPRECATE -DOPENSSL_SMALL_FOOTPRINT -DPEDANTIC -DMDE_CPU_X64   -c -o crypto/err/err.o /usr/src/azl/BUILD/shim-15.8/Cryptlib/OpenSSL/crypto/err/err.c
#7 102.4 gcc -std=gnu11 -ggdb -ffreestanding -fmacro-prefix-map=/usr/src/azl/BUILD/shim-15.8/= -fno-stack-protector -fno-strict-aliasing -fpic -fshort-wchar -nostdinc -m64 -mno-mmx -mno-sse -mno-red-zone -maccumulate-outgoing-args -Os -Wall -Wextra -Wno-missing-field-initializers -Wno-empty-body -Wno-implicit-fallthrough -Wno-old-style-declaration -Wno-unused-but-set-variable -Wno-unused-parameter -Werror -I/usr/src/azl/BUILD/shim-15.8/Cryptlib/OpenSSL -I/usr/src/azl/BUILD/shim-15.8/Cryptlib -I/usr/src/azl/BUILD/shim-15.8/Cryptlib/OpenSSL/Include/ -I/usr/src/azl/BUILD/shim-15.8/Cryptlib/OpenSSL/crypto -I/usr/src/azl/BUILD/shim-15.8/Cryptlib/Include -I/usr/src/azl/BUILD/shim-15.8/gnu-efi/inc -I/usr/src/azl/BUILD/shim-15.8/gnu-efi/inc/x86_64 -I/usr/src/azl/BUILD/shim-15.8/gnu-efi/inc/protocol -I/usr/src/azl/BUILD/shim-15.8/Cryptlib/OpenSSL/crypto/asn1 -I/usr/src/azl/BUILD/shim-15.8/Cryptlib/OpenSSL/crypto/evp -I/usr/src/azl/BUILD/shim-15.8/Cryptlib/OpenSSL/crypto/modes -I/usr/src/azl/BUILD/shim-15.8/Cryptlib/OpenSSL/crypto/include -isystem /usr/src/azl/BUILD/shim-15.8/include/system -isystem /usr/lib/gcc/x86_64-pc-linux-gnu/13.2.0/include -DL_ENDIAN -D_CRT_SECURE_NO_DEPRECATE -D_CRT_NONSTDC_NO_DEPRECATE -DOPENSSL_SMALL_FOOTPRINT -DPEDANTIC -DMDE_CPU_X64   -c -o crypto/err/err_all.o /usr/src/azl/BUILD/shim-15.8/Cryptlib/OpenSSL/crypto/err/err_all.c
#7 102.5 gcc -std=gnu11 -ggdb -ffreestanding -fmacro-prefix-map=/usr/src/azl/BUILD/shim-15.8/= -fno-stack-protector -fno-strict-aliasing -fpic -fshort-wchar -nostdinc -m64 -mno-mmx -mno-sse -mno-red-zone -maccumulate-outgoing-args -Os -Wall -Wextra -Wno-missing-field-initializers -Wno-empty-body -Wno-implicit-fallthrough -Wno-old-style-declaration -Wno-unused-but-set-variable -Wno-unused-parameter -Werror -I/usr/src/azl/BUILD/shim-15.8/Cryptlib/OpenSSL -I/usr/src/azl/BUILD/shim-15.8/Cryptlib -I/usr/src/azl/BUILD/shim-15.8/Cryptlib/OpenSSL/Include/ -I/usr/src/azl/BUILD/shim-15.8/Cryptlib/OpenSSL/crypto -I/usr/src/azl/BUILD/shim-15.8/Cryptlib/Include -I/usr/src/azl/BUILD/shim-15.8/gnu-efi/inc -I/usr/src/azl/BUILD/shim-15.8/gnu-efi/inc/x86_64 -I/usr/src/azl/BUILD/shim-15.8/gnu-efi/inc/protocol -I/usr/src/azl/BUILD/shim-15.8/Cryptlib/OpenSSL/crypto/asn1 -I/usr/src/azl/BUILD/shim-15.8/Cryptlib/OpenSSL/crypto/evp -I/usr/src/azl/BUILD/shim-15.8/Cryptlib/OpenSSL/crypto/modes -I/usr/src/azl/BUILD/shim-15.8/Cryptlib/OpenSSL/crypto/include -isystem /usr/src/azl/BUILD/shim-15.8/include/system -isystem /usr/lib/gcc/x86_64-pc-linux-gnu/13.2.0/include -DL_ENDIAN -D_CRT_SECURE_NO_DEPRECATE -D_CRT_NONSTDC_NO_DEPRECATE -DOPENSSL_SMALL_FOOTPRINT -DPEDANTIC -DMDE_CPU_X64   -c -o crypto/err/err_prn.o /usr/src/azl/BUILD/shim-15.8/Cryptlib/OpenSSL/crypto/err/err_prn.c
#7 102.6 gcc -std=gnu11 -ggdb -ffreestanding -fmacro-prefix-map=/usr/src/azl/BUILD/shim-15.8/= -fno-stack-protector -fno-strict-aliasing -fpic -fshort-wchar -nostdinc -m64 -mno-mmx -mno-sse -mno-red-zone -maccumulate-outgoing-args -Os -Wall -Wextra -Wno-missing-field-initializers -Wno-empty-body -Wno-implicit-fallthrough -Wno-old-style-declaration -Wno-unused-but-set-variable -Wno-unused-parameter -Werror -I/usr/src/azl/BUILD/shim-15.8/Cryptlib/OpenSSL -I/usr/src/azl/BUILD/shim-15.8/Cryptlib -I/usr/src/azl/BUILD/shim-15.8/Cryptlib/OpenSSL/Include/ -I/usr/src/azl/BUILD/shim-15.8/Cryptlib/OpenSSL/crypto -I/usr/src/azl/BUILD/shim-15.8/Cryptlib/Include -I/usr/src/azl/BUILD/shim-15.8/gnu-efi/inc -I/usr/src/azl/BUILD/shim-15.8/gnu-efi/inc/x86_64 -I/usr/src/azl/BUILD/shim-15.8/gnu-efi/inc/protocol -I/usr/src/azl/BUILD/shim-15.8/Cryptlib/OpenSSL/crypto/asn1 -I/usr/src/azl/BUILD/shim-15.8/Cryptlib/OpenSSL/crypto/evp -I/usr/src/azl/BUILD/shim-15.8/Cryptlib/OpenSSL/crypto/modes -I/usr/src/azl/BUILD/shim-15.8/Cryptlib/OpenSSL/crypto/include -isystem /usr/src/azl/BUILD/shim-15.8/include/system -isystem /usr/lib/gcc/x86_64-pc-linux-gnu/13.2.0/include -DL_ENDIAN -D_CRT_SECURE_NO_DEPRECATE -D_CRT_NONSTDC_NO_DEPRECATE -DOPENSSL_SMALL_FOOTPRINT -DPEDANTIC -DMDE_CPU_X64   -c -o crypto/objects/o_names.o /usr/src/azl/BUILD/shim-15.8/Cryptlib/OpenSSL/crypto/objects/o_names.c
#7 102.8 gcc -std=gnu11 -ggdb -ffreestanding -fmacro-prefix-map=/usr/src/azl/BUILD/shim-15.8/= -fno-stack-protector -fno-strict-aliasing -fpic -fshort-wchar -nostdinc -m64 -mno-mmx -mno-sse -mno-red-zone -maccumulate-outgoing-args -Os -Wall -Wextra -Wno-missing-field-initializers -Wno-empty-body -Wno-implicit-fallthrough -Wno-old-style-declaration -Wno-unused-but-set-variable -Wno-unused-parameter -Werror -I/usr/src/azl/BUILD/shim-15.8/Cryptlib/OpenSSL -I/usr/src/azl/BUILD/shim-15.8/Cryptlib -I/usr/src/azl/BUILD/shim-15.8/Cryptlib/OpenSSL/Include/ -I/usr/src/azl/BUILD/shim-15.8/Cryptlib/OpenSSL/crypto -I/usr/src/azl/BUILD/shim-15.8/Cryptlib/Include -I/usr/src/azl/BUILD/shim-15.8/gnu-efi/inc -I/usr/src/azl/BUILD/shim-15.8/gnu-efi/inc/x86_64 -I/usr/src/azl/BUILD/shim-15.8/gnu-efi/inc/protocol -I/usr/src/azl/BUILD/shim-15.8/Cryptlib/OpenSSL/crypto/asn1 -I/usr/src/azl/BUILD/shim-15.8/Cryptlib/OpenSSL/crypto/evp -I/usr/src/azl/BUILD/shim-15.8/Cryptlib/OpenSSL/crypto/modes -I/usr/src/azl/BUILD/shim-15.8/Cryptlib/OpenSSL/crypto/include -isystem /usr/src/azl/BUILD/shim-15.8/include/system -isystem /usr/lib/gcc/x86_64-pc-linux-gnu/13.2.0/include -DL_ENDIAN -D_CRT_SECURE_NO_DEPRECATE -D_CRT_NONSTDC_NO_DEPRECATE -DOPENSSL_SMALL_FOOTPRINT -DPEDANTIC -DMDE_CPU_X64   -c -o crypto/objects/obj_dat.o /usr/src/azl/BUILD/shim-15.8/Cryptlib/OpenSSL/crypto/objects/obj_dat.c
#7 102.8 gcc -std=gnu11 -ggdb -ffreestanding -fmacro-prefix-map=/usr/src/azl/BUILD/shim-15.8/= -fno-stack-protector -fno-strict-aliasing -fpic -fshort-wchar -nostdinc -m64 -mno-mmx -mno-sse -mno-red-zone -maccumulate-outgoing-args -Os -Wall -Wextra -Wno-missing-field-initializers -Wno-empty-body -Wno-implicit-fallthrough -Wno-old-style-declaration -Wno-unused-but-set-variable -Wno-unused-parameter -Werror -I/usr/src/azl/BUILD/shim-15.8/Cryptlib/OpenSSL -I/usr/src/azl/BUILD/shim-15.8/Cryptlib -I/usr/src/azl/BUILD/shim-15.8/Cryptlib/OpenSSL/Include/ -I/usr/src/azl/BUILD/shim-15.8/Cryptlib/OpenSSL/crypto -I/usr/src/azl/BUILD/shim-15.8/Cryptlib/Include -I/usr/src/azl/BUILD/shim-15.8/gnu-efi/inc -I/usr/src/azl/BUILD/shim-15.8/gnu-efi/inc/x86_64 -I/usr/src/azl/BUILD/shim-15.8/gnu-efi/inc/protocol -I/usr/src/azl/BUILD/shim-15.8/Cryptlib/OpenSSL/crypto/asn1 -I/usr/src/azl/BUILD/shim-15.8/Cryptlib/OpenSSL/crypto/evp -I/usr/src/azl/BUILD/shim-15.8/Cryptlib/OpenSSL/crypto/modes -I/usr/src/azl/BUILD/shim-15.8/Cryptlib/OpenSSL/crypto/include -isystem /usr/src/azl/BUILD/shim-15.8/include/system -isystem /usr/lib/gcc/x86_64-pc-linux-gnu/13.2.0/include -DL_ENDIAN -D_CRT_SECURE_NO_DEPRECATE -D_CRT_NONSTDC_NO_DEPRECATE -DOPENSSL_SMALL_FOOTPRINT -DPEDANTIC -DMDE_CPU_X64   -c -o crypto/objects/obj_lib.o /usr/src/azl/BUILD/shim-15.8/Cryptlib/OpenSSL/crypto/objects/obj_lib.c
#7 102.9 gcc -std=gnu11 -ggdb -ffreestanding -fmacro-prefix-map=/usr/src/azl/BUILD/shim-15.8/= -fno-stack-protector -fno-strict-aliasing -fpic -fshort-wchar -nostdinc -m64 -mno-mmx -mno-sse -mno-red-zone -maccumulate-outgoing-args -Os -Wall -Wextra -Wno-missing-field-initializers -Wno-empty-body -Wno-implicit-fallthrough -Wno-old-style-declaration -Wno-unused-but-set-variable -Wno-unused-parameter -Werror -I/usr/src/azl/BUILD/shim-15.8/Cryptlib/OpenSSL -I/usr/src/azl/BUILD/shim-15.8/Cryptlib -I/usr/src/azl/BUILD/shim-15.8/Cryptlib/OpenSSL/Include/ -I/usr/src/azl/BUILD/shim-15.8/Cryptlib/OpenSSL/crypto -I/usr/src/azl/BUILD/shim-15.8/Cryptlib/Include -I/usr/src/azl/BUILD/shim-15.8/gnu-efi/inc -I/usr/src/azl/BUILD/shim-15.8/gnu-efi/inc/x86_64 -I/usr/src/azl/BUILD/shim-15.8/gnu-efi/inc/protocol -I/usr/src/azl/BUILD/shim-15.8/Cryptlib/OpenSSL/crypto/asn1 -I/usr/src/azl/BUILD/shim-15.8/Cryptlib/OpenSSL/crypto/evp -I/usr/src/azl/BUILD/shim-15.8/Cryptlib/OpenSSL/crypto/modes -I/usr/src/azl/BUILD/shim-15.8/Cryptlib/OpenSSL/crypto/include -isystem /usr/src/azl/BUILD/shim-15.8/include/system -isystem /usr/lib/gcc/x86_64-pc-linux-gnu/13.2.0/include -DL_ENDIAN -D_CRT_SECURE_NO_DEPRECATE -D_CRT_NONSTDC_NO_DEPRECATE -DOPENSSL_SMALL_FOOTPRINT -DPEDANTIC -DMDE_CPU_X64   -c -o crypto/objects/obj_err.o /usr/src/azl/BUILD/shim-15.8/Cryptlib/OpenSSL/crypto/objects/obj_err.c
#7 102.9 gcc -std=gnu11 -ggdb -ffreestanding -fmacro-prefix-map=/usr/src/azl/BUILD/shim-15.8/= -fno-stack-protector -fno-strict-aliasing -fpic -fshort-wchar -nostdinc -m64 -mno-mmx -mno-sse -mno-red-zone -maccumulate-outgoing-args -Os -Wall -Wextra -Wno-missing-field-initializers -Wno-empty-body -Wno-implicit-fallthrough -Wno-old-style-declaration -Wno-unused-but-set-variable -Wno-unused-parameter -Werror -I/usr/src/azl/BUILD/shim-15.8/Cryptlib/OpenSSL -I/usr/src/azl/BUILD/shim-15.8/Cryptlib -I/usr/src/azl/BUILD/shim-15.8/Cryptlib/OpenSSL/Include/ -I/usr/src/azl/BUILD/shim-15.8/Cryptlib/OpenSSL/crypto -I/usr/src/azl/BUILD/shim-15.8/Cryptlib/Include -I/usr/src/azl/BUILD/shim-15.8/gnu-efi/inc -I/usr/src/azl/BUILD/shim-15.8/gnu-efi/inc/x86_64 -I/usr/src/azl/BUILD/shim-15.8/gnu-efi/inc/protocol -I/usr/src/azl/BUILD/shim-15.8/Cryptlib/OpenSSL/crypto/asn1 -I/usr/src/azl/BUILD/shim-15.8/Cryptlib/OpenSSL/crypto/evp -I/usr/src/azl/BUILD/shim-15.8/Cryptlib/OpenSSL/crypto/modes -I/usr/src/azl/BUILD/shim-15.8/Cryptlib/OpenSSL/crypto/include -isystem /usr/src/azl/BUILD/shim-15.8/include/system -isystem /usr/lib/gcc/x86_64-pc-linux-gnu/13.2.0/include -DL_ENDIAN -D_CRT_SECURE_NO_DEPRECATE -D_CRT_NONSTDC_NO_DEPRECATE -DOPENSSL_SMALL_FOOTPRINT -DPEDANTIC -DMDE_CPU_X64   -c -o crypto/objects/obj_xref.o /usr/src/azl/BUILD/shim-15.8/Cryptlib/OpenSSL/crypto/objects/obj_xref.c
#7 103.0 gcc -std=gnu11 -ggdb -ffreestanding -fmacro-prefix-map=/usr/src/azl/BUILD/shim-15.8/= -fno-stack-protector -fno-strict-aliasing -fpic -fshort-wchar -nostdinc -m64 -mno-mmx -mno-sse -mno-red-zone -maccumulate-outgoing-args -Os -Wall -Wextra -Wno-missing-field-initializers -Wno-empty-body -Wno-implicit-fallthrough -Wno-old-style-declaration -Wno-unused-but-set-variable -Wno-unused-parameter -Werror -I/usr/src/azl/BUILD/shim-15.8/Cryptlib/OpenSSL -I/usr/src/azl/BUILD/shim-15.8/Cryptlib -I/usr/src/azl/BUILD/shim-15.8/Cryptlib/OpenSSL/Include/ -I/usr/src/azl/BUILD/shim-15.8/Cryptlib/OpenSSL/crypto -I/usr/src/azl/BUILD/shim-15.8/Cryptlib/Include -I/usr/src/azl/BUILD/shim-15.8/gnu-efi/inc -I/usr/src/azl/BUILD/shim-15.8/gnu-efi/inc/x86_64 -I/usr/src/azl/BUILD/shim-15.8/gnu-efi/inc/protocol -I/usr/src/azl/BUILD/shim-15.8/Cryptlib/OpenSSL/crypto/asn1 -I/usr/src/azl/BUILD/shim-15.8/Cryptlib/OpenSSL/crypto/evp -I/usr/src/azl/BUILD/shim-15.8/Cryptlib/OpenSSL/crypto/modes -I/usr/src/azl/BUILD/shim-15.8/Cryptlib/OpenSSL/crypto/include -isystem /usr/src/azl/BUILD/shim-15.8/include/system -isystem /usr/lib/gcc/x86_64-pc-linux-gnu/13.2.0/include -DL_ENDIAN -D_CRT_SECURE_NO_DEPRECATE -D_CRT_NONSTDC_NO_DEPRECATE -DOPENSSL_SMALL_FOOTPRINT -DPEDANTIC -DMDE_CPU_X64   -c -o crypto/evp/encode.o /usr/src/azl/BUILD/shim-15.8/Cryptlib/OpenSSL/crypto/evp/encode.c
#7 103.2 gcc -std=gnu11 -ggdb -ffreestanding -fmacro-prefix-map=/usr/src/azl/BUILD/shim-15.8/= -fno-stack-protector -fno-strict-aliasing -fpic -fshort-wchar -nostdinc -m64 -mno-mmx -mno-sse -mno-red-zone -maccumulate-outgoing-args -Os -Wall -Wextra -Wno-missing-field-initializers -Wno-empty-body -Wno-implicit-fallthrough -Wno-old-style-declaration -Wno-unused-but-set-variable -Wno-unused-parameter -Werror -I/usr/src/azl/BUILD/shim-15.8/Cryptlib/OpenSSL -I/usr/src/azl/BUILD/shim-15.8/Cryptlib -I/usr/src/azl/BUILD/shim-15.8/Cryptlib/OpenSSL/Include/ -I/usr/src/azl/BUILD/shim-15.8/Cryptlib/OpenSSL/crypto -I/usr/src/azl/BUILD/shim-15.8/Cryptlib/Include -I/usr/src/azl/BUILD/shim-15.8/gnu-efi/inc -I/usr/src/azl/BUILD/shim-15.8/gnu-efi/inc/x86_64 -I/usr/src/azl/BUILD/shim-15.8/gnu-efi/inc/protocol -I/usr/src/azl/BUILD/shim-15.8/Cryptlib/OpenSSL/crypto/asn1 -I/usr/src/azl/BUILD/shim-15.8/Cryptlib/OpenSSL/crypto/evp -I/usr/src/azl/BUILD/shim-15.8/Cryptlib/OpenSSL/crypto/modes -I/usr/src/azl/BUILD/shim-15.8/Cryptlib/OpenSSL/crypto/include -isystem /usr/src/azl/BUILD/shim-15.8/include/system -isystem /usr/lib/gcc/x86_64-pc-linux-gnu/13.2.0/include -DL_ENDIAN -D_CRT_SECURE_NO_DEPRECATE -D_CRT_NONSTDC_NO_DEPRECATE -DOPENSSL_SMALL_FOOTPRINT -DPEDANTIC -DMDE_CPU_X64   -c -o crypto/evp/digest.o /usr/src/azl/BUILD/shim-15.8/Cryptlib/OpenSSL/crypto/evp/digest.c
#7 103.2 gcc -std=gnu11 -ggdb -ffreestanding -fmacro-prefix-map=/usr/src/azl/BUILD/shim-15.8/= -fno-stack-protector -fno-strict-aliasing -fpic -fshort-wchar -nostdinc -m64 -mno-mmx -mno-sse -mno-red-zone -maccumulate-outgoing-args -Os -Wall -Wextra -Wno-missing-field-initializers -Wno-empty-body -Wno-implicit-fallthrough -Wno-old-style-declaration -Wno-unused-but-set-variable -Wno-unused-parameter -Werror -I/usr/src/azl/BUILD/shim-15.8/Cryptlib/OpenSSL -I/usr/src/azl/BUILD/shim-15.8/Cryptlib -I/usr/src/azl/BUILD/shim-15.8/Cryptlib/OpenSSL/Include/ -I/usr/src/azl/BUILD/shim-15.8/Cryptlib/OpenSSL/crypto -I/usr/src/azl/BUILD/shim-15.8/Cryptlib/Include -I/usr/src/azl/BUILD/shim-15.8/gnu-efi/inc -I/usr/src/azl/BUILD/shim-15.8/gnu-efi/inc/x86_64 -I/usr/src/azl/BUILD/shim-15.8/gnu-efi/inc/protocol -I/usr/src/azl/BUILD/shim-15.8/Cryptlib/OpenSSL/crypto/asn1 -I/usr/src/azl/BUILD/shim-15.8/Cryptlib/OpenSSL/crypto/evp -I/usr/src/azl/BUILD/shim-15.8/Cryptlib/OpenSSL/crypto/modes -I/usr/src/azl/BUILD/shim-15.8/Cryptlib/OpenSSL/crypto/include -isystem /usr/src/azl/BUILD/shim-15.8/include/system -isystem /usr/lib/gcc/x86_64-pc-linux-gnu/13.2.0/include -DL_ENDIAN -D_CRT_SECURE_NO_DEPRECATE -D_CRT_NONSTDC_NO_DEPRECATE -DOPENSSL_SMALL_FOOTPRINT -DPEDANTIC -DMDE_CPU_X64   -c -o crypto/evp/evp_enc.o /usr/src/azl/BUILD/shim-15.8/Cryptlib/OpenSSL/crypto/evp/evp_enc.c
#7 103.3 gcc -std=gnu11 -ggdb -ffreestanding -fmacro-prefix-map=/usr/src/azl/BUILD/shim-15.8/= -fno-stack-protector -fno-strict-aliasing -fpic -fshort-wchar -nostdinc -m64 -mno-mmx -mno-sse -mno-red-zone -maccumulate-outgoing-args -Os -Wall -Wextra -Wno-missing-field-initializers -Wno-empty-body -Wno-implicit-fallthrough -Wno-old-style-declaration -Wno-unused-but-set-variable -Wno-unused-parameter -Werror -I/usr/src/azl/BUILD/shim-15.8/Cryptlib/OpenSSL -I/usr/src/azl/BUILD/shim-15.8/Cryptlib -I/usr/src/azl/BUILD/shim-15.8/Cryptlib/OpenSSL/Include/ -I/usr/src/azl/BUILD/shim-15.8/Cryptlib/OpenSSL/crypto -I/usr/src/azl/BUILD/shim-15.8/Cryptlib/Include -I/usr/src/azl/BUILD/shim-15.8/gnu-efi/inc -I/usr/src/azl/BUILD/shim-15.8/gnu-efi/inc/x86_64 -I/usr/src/azl/BUILD/shim-15.8/gnu-efi/inc/protocol -I/usr/src/azl/BUILD/shim-15.8/Cryptlib/OpenSSL/crypto/asn1 -I/usr/src/azl/BUILD/shim-15.8/Cryptlib/OpenSSL/crypto/evp -I/usr/src/azl/BUILD/shim-15.8/Cryptlib/OpenSSL/crypto/modes -I/usr/src/azl/BUILD/shim-15.8/Cryptlib/OpenSSL/crypto/include -isystem /usr/src/azl/BUILD/shim-15.8/include/system -isystem /usr/lib/gcc/x86_64-pc-linux-gnu/13.2.0/include -DL_ENDIAN -D_CRT_SECURE_NO_DEPRECATE -D_CRT_NONSTDC_NO_DEPRECATE -DOPENSSL_SMALL_FOOTPRINT -DPEDANTIC -DMDE_CPU_X64   -c -o crypto/evp/evp_key.o /usr/src/azl/BUILD/shim-15.8/Cryptlib/OpenSSL/crypto/evp/evp_key.c
#7 103.4 gcc -std=gnu11 -ggdb -ffreestanding -fmacro-prefix-map=/usr/src/azl/BUILD/shim-15.8/= -fno-stack-protector -fno-strict-aliasing -fpic -fshort-wchar -nostdinc -m64 -mno-mmx -mno-sse -mno-red-zone -maccumulate-outgoing-args -Os -Wall -Wextra -Wno-missing-field-initializers -Wno-empty-body -Wno-implicit-fallthrough -Wno-old-style-declaration -Wno-unused-but-set-variable -Wno-unused-parameter -Werror -I/usr/src/azl/BUILD/shim-15.8/Cryptlib/OpenSSL -I/usr/src/azl/BUILD/shim-15.8/Cryptlib -I/usr/src/azl/BUILD/shim-15.8/Cryptlib/OpenSSL/Include/ -I/usr/src/azl/BUILD/shim-15.8/Cryptlib/OpenSSL/crypto -I/usr/src/azl/BUILD/shim-15.8/Cryptlib/Include -I/usr/src/azl/BUILD/shim-15.8/gnu-efi/inc -I/usr/src/azl/BUILD/shim-15.8/gnu-efi/inc/x86_64 -I/usr/src/azl/BUILD/shim-15.8/gnu-efi/inc/protocol -I/usr/src/azl/BUILD/shim-15.8/Cryptlib/OpenSSL/crypto/asn1 -I/usr/src/azl/BUILD/shim-15.8/Cryptlib/OpenSSL/crypto/evp -I/usr/src/azl/BUILD/shim-15.8/Cryptlib/OpenSSL/crypto/modes -I/usr/src/azl/BUILD/shim-15.8/Cryptlib/OpenSSL/crypto/include -isystem /usr/src/azl/BUILD/shim-15.8/include/system -isystem /usr/lib/gcc/x86_64-pc-linux-gnu/13.2.0/include -DL_ENDIAN -D_CRT_SECURE_NO_DEPRECATE -D_CRT_NONSTDC_NO_DEPRECATE -DOPENSSL_SMALL_FOOTPRINT -DPEDANTIC -DMDE_CPU_X64   -c -o crypto/evp/evp_acnf.o /usr/src/azl/BUILD/shim-15.8/Cryptlib/OpenSSL/crypto/evp/evp_acnf.c
#7 103.5 gcc -std=gnu11 -ggdb -ffreestanding -fmacro-prefix-map=/usr/src/azl/BUILD/shim-15.8/= -fno-stack-protector -fno-strict-aliasing -fpic -fshort-wchar -nostdinc -m64 -mno-mmx -mno-sse -mno-red-zone -maccumulate-outgoing-args -Os -Wall -Wextra -Wno-missing-field-initializers -Wno-empty-body -Wno-implicit-fallthrough -Wno-old-style-declaration -Wno-unused-but-set-variable -Wno-unused-parameter -Werror -I/usr/src/azl/BUILD/shim-15.8/Cryptlib/OpenSSL -I/usr/src/azl/BUILD/shim-15.8/Cryptlib -I/usr/src/azl/BUILD/shim-15.8/Cryptlib/OpenSSL/Include/ -I/usr/src/azl/BUILD/shim-15.8/Cryptlib/OpenSSL/crypto -I/usr/src/azl/BUILD/shim-15.8/Cryptlib/Include -I/usr/src/azl/BUILD/shim-15.8/gnu-efi/inc -I/usr/src/azl/BUILD/shim-15.8/gnu-efi/inc/x86_64 -I/usr/src/azl/BUILD/shim-15.8/gnu-efi/inc/protocol -I/usr/src/azl/BUILD/shim-15.8/Cryptlib/OpenSSL/crypto/asn1 -I/usr/src/azl/BUILD/shim-15.8/Cryptlib/OpenSSL/crypto/evp -I/usr/src/azl/BUILD/shim-15.8/Cryptlib/OpenSSL/crypto/modes -I/usr/src/azl/BUILD/shim-15.8/Cryptlib/OpenSSL/crypto/include -isystem /usr/src/azl/BUILD/shim-15.8/include/system -isystem /usr/lib/gcc/x86_64-pc-linux-gnu/13.2.0/include -DL_ENDIAN -D_CRT_SECURE_NO_DEPRECATE -D_CRT_NONSTDC_NO_DEPRECATE -DOPENSSL_SMALL_FOOTPRINT -DPEDANTIC -DMDE_CPU_X64   -c -o crypto/evp/evp_cnf.o /usr/src/azl/BUILD/shim-15.8/Cryptlib/OpenSSL/crypto/evp/evp_cnf.c
#7 103.5 gcc -std=gnu11 -ggdb -ffreestanding -fmacro-prefix-map=/usr/src/azl/BUILD/shim-15.8/= -fno-stack-protector -fno-strict-aliasing -fpic -fshort-wchar -nostdinc -m64 -mno-mmx -mno-sse -mno-red-zone -maccumulate-outgoing-args -Os -Wall -Wextra -Wno-missing-field-initializers -Wno-empty-body -Wno-implicit-fallthrough -Wno-old-style-declaration -Wno-unused-but-set-variable -Wno-unused-parameter -Werror -I/usr/src/azl/BUILD/shim-15.8/Cryptlib/OpenSSL -I/usr/src/azl/BUILD/shim-15.8/Cryptlib -I/usr/src/azl/BUILD/shim-15.8/Cryptlib/OpenSSL/Include/ -I/usr/src/azl/BUILD/shim-15.8/Cryptlib/OpenSSL/crypto -I/usr/src/azl/BUILD/shim-15.8/Cryptlib/Include -I/usr/src/azl/BUILD/shim-15.8/gnu-efi/inc -I/usr/src/azl/BUILD/shim-15.8/gnu-efi/inc/x86_64 -I/usr/src/azl/BUILD/shim-15.8/gnu-efi/inc/protocol -I/usr/src/azl/BUILD/shim-15.8/Cryptlib/OpenSSL/crypto/asn1 -I/usr/src/azl/BUILD/shim-15.8/Cryptlib/OpenSSL/crypto/evp -I/usr/src/azl/BUILD/shim-15.8/Cryptlib/OpenSSL/crypto/modes -I/usr/src/azl/BUILD/shim-15.8/Cryptlib/OpenSSL/crypto/include -isystem /usr/src/azl/BUILD/shim-15.8/include/system -isystem /usr/lib/gcc/x86_64-pc-linux-gnu/13.2.0/include -DL_ENDIAN -D_CRT_SECURE_NO_DEPRECATE -D_CRT_NONSTDC_NO_DEPRECATE -DOPENSSL_SMALL_FOOTPRINT -DPEDANTIC -DMDE_CPU_X64   -c -o crypto/evp/e_des.o /usr/src/azl/BUILD/shim-15.8/Cryptlib/OpenSSL/crypto/evp/e_des.c
#7 103.6 gcc -std=gnu11 -ggdb -ffreestanding -fmacro-prefix-map=/usr/src/azl/BUILD/shim-15.8/= -fno-stack-protector -fno-strict-aliasing -fpic -fshort-wchar -nostdinc -m64 -mno-mmx -mno-sse -mno-red-zone -maccumulate-outgoing-args -Os -Wall -Wextra -Wno-missing-field-initializers -Wno-empty-body -Wno-implicit-fallthrough -Wno-old-style-declaration -Wno-unused-but-set-variable -Wno-unused-parameter -Werror -I/usr/src/azl/BUILD/shim-15.8/Cryptlib/OpenSSL -I/usr/src/azl/BUILD/shim-15.8/Cryptlib -I/usr/src/azl/BUILD/shim-15.8/Cryptlib/OpenSSL/Include/ -I/usr/src/azl/BUILD/shim-15.8/Cryptlib/OpenSSL/crypto -I/usr/src/azl/BUILD/shim-15.8/Cryptlib/Include -I/usr/src/azl/BUILD/shim-15.8/gnu-efi/inc -I/usr/src/azl/BUILD/shim-15.8/gnu-efi/inc/x86_64 -I/usr/src/azl/BUILD/shim-15.8/gnu-efi/inc/protocol -I/usr/src/azl/BUILD/shim-15.8/Cryptlib/OpenSSL/crypto/asn1 -I/usr/src/azl/BUILD/shim-15.8/Cryptlib/OpenSSL/crypto/evp -I/usr/src/azl/BUILD/shim-15.8/Cryptlib/OpenSSL/crypto/modes -I/usr/src/azl/BUILD/shim-15.8/Cryptlib/OpenSSL/crypto/include -isystem /usr/src/azl/BUILD/shim-15.8/include/system -isystem /usr/lib/gcc/x86_64-pc-linux-gnu/13.2.0/include -DL_ENDIAN -D_CRT_SECURE_NO_DEPRECATE -D_CRT_NONSTDC_NO_DEPRECATE -DOPENSSL_SMALL_FOOTPRINT -DPEDANTIC -DMDE_CPU_X64   -c -o crypto/evp/e_bf.o /usr/src/azl/BUILD/shim-15.8/Cryptlib/OpenSSL/crypto/evp/e_bf.c
#7 103.6 gcc -std=gnu11 -ggdb -ffreestanding -fmacro-prefix-map=/usr/src/azl/BUILD/shim-15.8/= -fno-stack-protector -fno-strict-aliasing -fpic -fshort-wchar -nostdinc -m64 -mno-mmx -mno-sse -mno-red-zone -maccumulate-outgoing-args -Os -Wall -Wextra -Wno-missing-field-initializers -Wno-empty-body -Wno-implicit-fallthrough -Wno-old-style-declaration -Wno-unused-but-set-variable -Wno-unused-parameter -Werror -I/usr/src/azl/BUILD/shim-15.8/Cryptlib/OpenSSL -I/usr/src/azl/BUILD/shim-15.8/Cryptlib -I/usr/src/azl/BUILD/shim-15.8/Cryptlib/OpenSSL/Include/ -I/usr/src/azl/BUILD/shim-15.8/Cryptlib/OpenSSL/crypto -I/usr/src/azl/BUILD/shim-15.8/Cryptlib/Include -I/usr/src/azl/BUILD/shim-15.8/gnu-efi/inc -I/usr/src/azl/BUILD/shim-15.8/gnu-efi/inc/x86_64 -I/usr/src/azl/BUILD/shim-15.8/gnu-efi/inc/protocol -I/usr/src/azl/BUILD/shim-15.8/Cryptlib/OpenSSL/crypto/asn1 -I/usr/src/azl/BUILD/shim-15.8/Cryptlib/OpenSSL/crypto/evp -I/usr/src/azl/BUILD/shim-15.8/Cryptlib/OpenSSL/crypto/modes -I/usr/src/azl/BUILD/shim-15.8/Cryptlib/OpenSSL/crypto/include -isystem /usr/src/azl/BUILD/shim-15.8/include/system -isystem /usr/lib/gcc/x86_64-pc-linux-gnu/13.2.0/include -DL_ENDIAN -D_CRT_SECURE_NO_DEPRECATE -D_CRT_NONSTDC_NO_DEPRECATE -DOPENSSL_SMALL_FOOTPRINT -DPEDANTIC -DMDE_CPU_X64   -c -o crypto/evp/e_idea.o /usr/src/azl/BUILD/shim-15.8/Cryptlib/OpenSSL/crypto/evp/e_idea.c
#7 103.6 gcc -std=gnu11 -ggdb -ffreestanding -fmacro-prefix-map=/usr/src/azl/BUILD/shim-15.8/= -fno-stack-protector -fno-strict-aliasing -fpic -fshort-wchar -nostdinc -m64 -mno-mmx -mno-sse -mno-red-zone -maccumulate-outgoing-args -Os -Wall -Wextra -Wno-missing-field-initializers -Wno-empty-body -Wno-implicit-fallthrough -Wno-old-style-declaration -Wno-unused-but-set-variable -Wno-unused-parameter -Werror -I/usr/src/azl/BUILD/shim-15.8/Cryptlib/OpenSSL -I/usr/src/azl/BUILD/shim-15.8/Cryptlib -I/usr/src/azl/BUILD/shim-15.8/Cryptlib/OpenSSL/Include/ -I/usr/src/azl/BUILD/shim-15.8/Cryptlib/OpenSSL/crypto -I/usr/src/azl/BUILD/shim-15.8/Cryptlib/Include -I/usr/src/azl/BUILD/shim-15.8/gnu-efi/inc -I/usr/src/azl/BUILD/shim-15.8/gnu-efi/inc/x86_64 -I/usr/src/azl/BUILD/shim-15.8/gnu-efi/inc/protocol -I/usr/src/azl/BUILD/shim-15.8/Cryptlib/OpenSSL/crypto/asn1 -I/usr/src/azl/BUILD/shim-15.8/Cryptlib/OpenSSL/crypto/evp -I/usr/src/azl/BUILD/shim-15.8/Cryptlib/OpenSSL/crypto/modes -I/usr/src/azl/BUILD/shim-15.8/Cryptlib/OpenSSL/crypto/include -isystem /usr/src/azl/BUILD/shim-15.8/include/system -isystem /usr/lib/gcc/x86_64-pc-linux-gnu/13.2.0/include -DL_ENDIAN -D_CRT_SECURE_NO_DEPRECATE -D_CRT_NONSTDC_NO_DEPRECATE -DOPENSSL_SMALL_FOOTPRINT -DPEDANTIC -DMDE_CPU_X64   -c -o crypto/evp/e_des3.o /usr/src/azl/BUILD/shim-15.8/Cryptlib/OpenSSL/crypto/evp/e_des3.c
#7 103.7 gcc -std=gnu11 -ggdb -ffreestanding -fmacro-prefix-map=/usr/src/azl/BUILD/shim-15.8/= -fno-stack-protector -fno-strict-aliasing -fpic -fshort-wchar -nostdinc -m64 -mno-mmx -mno-sse -mno-red-zone -maccumulate-outgoing-args -Os -Wall -Wextra -Wno-missing-field-initializers -Wno-empty-body -Wno-implicit-fallthrough -Wno-old-style-declaration -Wno-unused-but-set-variable -Wno-unused-parameter -Werror -I/usr/src/azl/BUILD/shim-15.8/Cryptlib/OpenSSL -I/usr/src/azl/BUILD/shim-15.8/Cryptlib -I/usr/src/azl/BUILD/shim-15.8/Cryptlib/OpenSSL/Include/ -I/usr/src/azl/BUILD/shim-15.8/Cryptlib/OpenSSL/crypto -I/usr/src/azl/BUILD/shim-15.8/Cryptlib/Include -I/usr/src/azl/BUILD/shim-15.8/gnu-efi/inc -I/usr/src/azl/BUILD/shim-15.8/gnu-efi/inc/x86_64 -I/usr/src/azl/BUILD/shim-15.8/gnu-efi/inc/protocol -I/usr/src/azl/BUILD/shim-15.8/Cryptlib/OpenSSL/crypto/asn1 -I/usr/src/azl/BUILD/shim-15.8/Cryptlib/OpenSSL/crypto/evp -I/usr/src/azl/BUILD/shim-15.8/Cryptlib/OpenSSL/crypto/modes -I/usr/src/azl/BUILD/shim-15.8/Cryptlib/OpenSSL/crypto/include -isystem /usr/src/azl/BUILD/shim-15.8/include/system -isystem /usr/lib/gcc/x86_64-pc-linux-gnu/13.2.0/include -DL_ENDIAN -D_CRT_SECURE_NO_DEPRECATE -D_CRT_NONSTDC_NO_DEPRECATE -DOPENSSL_SMALL_FOOTPRINT -DPEDANTIC -DMDE_CPU_X64   -c -o crypto/evp/e_camellia.o /usr/src/azl/BUILD/shim-15.8/Cryptlib/OpenSSL/crypto/evp/e_camellia.c
#7 103.7 gcc -std=gnu11 -ggdb -ffreestanding -fmacro-prefix-map=/usr/src/azl/BUILD/shim-15.8/= -fno-stack-protector -fno-strict-aliasing -fpic -fshort-wchar -nostdinc -m64 -mno-mmx -mno-sse -mno-red-zone -maccumulate-outgoing-args -Os -Wall -Wextra -Wno-missing-field-initializers -Wno-empty-body -Wno-implicit-fallthrough -Wno-old-style-declaration -Wno-unused-but-set-variable -Wno-unused-parameter -Werror -I/usr/src/azl/BUILD/shim-15.8/Cryptlib/OpenSSL -I/usr/src/azl/BUILD/shim-15.8/Cryptlib -I/usr/src/azl/BUILD/shim-15.8/Cryptlib/OpenSSL/Include/ -I/usr/src/azl/BUILD/shim-15.8/Cryptlib/OpenSSL/crypto -I/usr/src/azl/BUILD/shim-15.8/Cryptlib/Include -I/usr/src/azl/BUILD/shim-15.8/gnu-efi/inc -I/usr/src/azl/BUILD/shim-15.8/gnu-efi/inc/x86_64 -I/usr/src/azl/BUILD/shim-15.8/gnu-efi/inc/protocol -I/usr/src/azl/BUILD/shim-15.8/Cryptlib/OpenSSL/crypto/asn1 -I/usr/src/azl/BUILD/shim-15.8/Cryptlib/OpenSSL/crypto/evp -I/usr/src/azl/BUILD/shim-15.8/Cryptlib/OpenSSL/crypto/modes -I/usr/src/azl/BUILD/shim-15.8/Cryptlib/OpenSSL/crypto/include -isystem /usr/src/azl/BUILD/shim-15.8/include/system -isystem /usr/lib/gcc/x86_64-pc-linux-gnu/13.2.0/include -DL_ENDIAN -D_CRT_SECURE_NO_DEPRECATE -D_CRT_NONSTDC_NO_DEPRECATE -DOPENSSL_SMALL_FOOTPRINT -DPEDANTIC -DMDE_CPU_X64   -c -o crypto/evp/e_rc4.o /usr/src/azl/BUILD/shim-15.8/Cryptlib/OpenSSL/crypto/evp/e_rc4.c
#7 103.7 gcc -std=gnu11 -ggdb -ffreestanding -fmacro-prefix-map=/usr/src/azl/BUILD/shim-15.8/= -fno-stack-protector -fno-strict-aliasing -fpic -fshort-wchar -nostdinc -m64 -mno-mmx -mno-sse -mno-red-zone -maccumulate-outgoing-args -Os -Wall -Wextra -Wno-missing-field-initializers -Wno-empty-body -Wno-implicit-fallthrough -Wno-old-style-declaration -Wno-unused-but-set-variable -Wno-unused-parameter -Werror -I/usr/src/azl/BUILD/shim-15.8/Cryptlib/OpenSSL -I/usr/src/azl/BUILD/shim-15.8/Cryptlib -I/usr/src/azl/BUILD/shim-15.8/Cryptlib/OpenSSL/Include/ -I/usr/src/azl/BUILD/shim-15.8/Cryptlib/OpenSSL/crypto -I/usr/src/azl/BUILD/shim-15.8/Cryptlib/Include -I/usr/src/azl/BUILD/shim-15.8/gnu-efi/inc -I/usr/src/azl/BUILD/shim-15.8/gnu-efi/inc/x86_64 -I/usr/src/azl/BUILD/shim-15.8/gnu-efi/inc/protocol -I/usr/src/azl/BUILD/shim-15.8/Cryptlib/OpenSSL/crypto/asn1 -I/usr/src/azl/BUILD/shim-15.8/Cryptlib/OpenSSL/crypto/evp -I/usr/src/azl/BUILD/shim-15.8/Cryptlib/OpenSSL/crypto/modes -I/usr/src/azl/BUILD/shim-15.8/Cryptlib/OpenSSL/crypto/include -isystem /usr/src/azl/BUILD/shim-15.8/include/system -isystem /usr/lib/gcc/x86_64-pc-linux-gnu/13.2.0/include -DL_ENDIAN -D_CRT_SECURE_NO_DEPRECATE -D_CRT_NONSTDC_NO_DEPRECATE -DOPENSSL_SMALL_FOOTPRINT -DPEDANTIC -DMDE_CPU_X64   -c -o crypto/evp/e_aes.o /usr/src/azl/BUILD/shim-15.8/Cryptlib/OpenSSL/crypto/evp/e_aes.c
#7 103.8 gcc -std=gnu11 -ggdb -ffreestanding -fmacro-prefix-map=/usr/src/azl/BUILD/shim-15.8/= -fno-stack-protector -fno-strict-aliasing -fpic -fshort-wchar -nostdinc -m64 -mno-mmx -mno-sse -mno-red-zone -maccumulate-outgoing-args -Os -Wall -Wextra -Wno-missing-field-initializers -Wno-empty-body -Wno-implicit-fallthrough -Wno-old-style-declaration -Wno-unused-but-set-variable -Wno-unused-parameter -Werror -I/usr/src/azl/BUILD/shim-15.8/Cryptlib/OpenSSL -I/usr/src/azl/BUILD/shim-15.8/Cryptlib -I/usr/src/azl/BUILD/shim-15.8/Cryptlib/OpenSSL/Include/ -I/usr/src/azl/BUILD/shim-15.8/Cryptlib/OpenSSL/crypto -I/usr/src/azl/BUILD/shim-15.8/Cryptlib/Include -I/usr/src/azl/BUILD/shim-15.8/gnu-efi/inc -I/usr/src/azl/BUILD/shim-15.8/gnu-efi/inc/x86_64 -I/usr/src/azl/BUILD/shim-15.8/gnu-efi/inc/protocol -I/usr/src/azl/BUILD/shim-15.8/Cryptlib/OpenSSL/crypto/asn1 -I/usr/src/azl/BUILD/shim-15.8/Cryptlib/OpenSSL/crypto/evp -I/usr/src/azl/BUILD/shim-15.8/Cryptlib/OpenSSL/crypto/modes -I/usr/src/azl/BUILD/shim-15.8/Cryptlib/OpenSSL/crypto/include -isystem /usr/src/azl/BUILD/shim-15.8/include/system -isystem /usr/lib/gcc/x86_64-pc-linux-gnu/13.2.0/include -DL_ENDIAN -D_CRT_SECURE_NO_DEPRECATE -D_CRT_NONSTDC_NO_DEPRECATE -DOPENSSL_SMALL_FOOTPRINT -DPEDANTIC -DMDE_CPU_X64   -c -o crypto/evp/names.o /usr/src/azl/BUILD/shim-15.8/Cryptlib/OpenSSL/crypto/evp/names.c
#7 103.9 gcc -std=gnu11 -ggdb -ffreestanding -fmacro-prefix-map=/usr/src/azl/BUILD/shim-15.8/= -fno-stack-protector -fno-strict-aliasing -fpic -fshort-wchar -nostdinc -m64 -mno-mmx -mno-sse -mno-red-zone -maccumulate-outgoing-args -Os -Wall -Wextra -Wno-missing-field-initializers -Wno-empty-body -Wno-implicit-fallthrough -Wno-old-style-declaration -Wno-unused-but-set-variable -Wno-unused-parameter -Werror -I/usr/src/azl/BUILD/shim-15.8/Cryptlib/OpenSSL -I/usr/src/azl/BUILD/shim-15.8/Cryptlib -I/usr/src/azl/BUILD/shim-15.8/Cryptlib/OpenSSL/Include/ -I/usr/src/azl/BUILD/shim-15.8/Cryptlib/OpenSSL/crypto -I/usr/src/azl/BUILD/shim-15.8/Cryptlib/Include -I/usr/src/azl/BUILD/shim-15.8/gnu-efi/inc -I/usr/src/azl/BUILD/shim-15.8/gnu-efi/inc/x86_64 -I/usr/src/azl/BUILD/shim-15.8/gnu-efi/inc/protocol -I/usr/src/azl/BUILD/shim-15.8/Cryptlib/OpenSSL/crypto/asn1 -I/usr/src/azl/BUILD/shim-15.8/Cryptlib/OpenSSL/crypto/evp -I/usr/src/azl/BUILD/shim-15.8/Cryptlib/OpenSSL/crypto/modes -I/usr/src/azl/BUILD/shim-15.8/Cryptlib/OpenSSL/crypto/include -isystem /usr/src/azl/BUILD/shim-15.8/include/system -isystem /usr/lib/gcc/x86_64-pc-linux-gnu/13.2.0/include -DL_ENDIAN -D_CRT_SECURE_NO_DEPRECATE -D_CRT_NONSTDC_NO_DEPRECATE -DOPENSSL_SMALL_FOOTPRINT -DPEDANTIC -DMDE_CPU_X64   -c -o crypto/evp/e_seed.o /usr/src/azl/BUILD/shim-15.8/Cryptlib/OpenSSL/crypto/evp/e_seed.c
#7 103.9 gcc -std=gnu11 -ggdb -ffreestanding -fmacro-prefix-map=/usr/src/azl/BUILD/shim-15.8/= -fno-stack-protector -fno-strict-aliasing -fpic -fshort-wchar -nostdinc -m64 -mno-mmx -mno-sse -mno-red-zone -maccumulate-outgoing-args -Os -Wall -Wextra -Wno-missing-field-initializers -Wno-empty-body -Wno-implicit-fallthrough -Wno-old-style-declaration -Wno-unused-but-set-variable -Wno-unused-parameter -Werror -I/usr/src/azl/BUILD/shim-15.8/Cryptlib/OpenSSL -I/usr/src/azl/BUILD/shim-15.8/Cryptlib -I/usr/src/azl/BUILD/shim-15.8/Cryptlib/OpenSSL/Include/ -I/usr/src/azl/BUILD/shim-15.8/Cryptlib/OpenSSL/crypto -I/usr/src/azl/BUILD/shim-15.8/Cryptlib/Include -I/usr/src/azl/BUILD/shim-15.8/gnu-efi/inc -I/usr/src/azl/BUILD/shim-15.8/gnu-efi/inc/x86_64 -I/usr/src/azl/BUILD/shim-15.8/gnu-efi/inc/protocol -I/usr/src/azl/BUILD/shim-15.8/Cryptlib/OpenSSL/crypto/asn1 -I/usr/src/azl/BUILD/shim-15.8/Cryptlib/OpenSSL/crypto/evp -I/usr/src/azl/BUILD/shim-15.8/Cryptlib/OpenSSL/crypto/modes -I/usr/src/azl/BUILD/shim-15.8/Cryptlib/OpenSSL/crypto/include -isystem /usr/src/azl/BUILD/shim-15.8/include/system -isystem /usr/lib/gcc/x86_64-pc-linux-gnu/13.2.0/include -DL_ENDIAN -D_CRT_SECURE_NO_DEPRECATE -D_CRT_NONSTDC_NO_DEPRECATE -DOPENSSL_SMALL_FOOTPRINT -DPEDANTIC -DMDE_CPU_X64   -c -o crypto/evp/e_xcbc_d.o /usr/src/azl/BUILD/shim-15.8/Cryptlib/OpenSSL/crypto/evp/e_xcbc_d.c
#7 104.0 gcc -std=gnu11 -ggdb -ffreestanding -fmacro-prefix-map=/usr/src/azl/BUILD/shim-15.8/= -fno-stack-protector -fno-strict-aliasing -fpic -fshort-wchar -nostdinc -m64 -mno-mmx -mno-sse -mno-red-zone -maccumulate-outgoing-args -Os -Wall -Wextra -Wno-missing-field-initializers -Wno-empty-body -Wno-implicit-fallthrough -Wno-old-style-declaration -Wno-unused-but-set-variable -Wno-unused-parameter -Werror -I/usr/src/azl/BUILD/shim-15.8/Cryptlib/OpenSSL -I/usr/src/azl/BUILD/shim-15.8/Cryptlib -I/usr/src/azl/BUILD/shim-15.8/Cryptlib/OpenSSL/Include/ -I/usr/src/azl/BUILD/shim-15.8/Cryptlib/OpenSSL/crypto -I/usr/src/azl/BUILD/shim-15.8/Cryptlib/Include -I/usr/src/azl/BUILD/shim-15.8/gnu-efi/inc -I/usr/src/azl/BUILD/shim-15.8/gnu-efi/inc/x86_64 -I/usr/src/azl/BUILD/shim-15.8/gnu-efi/inc/protocol -I/usr/src/azl/BUILD/shim-15.8/Cryptlib/OpenSSL/crypto/asn1 -I/usr/src/azl/BUILD/shim-15.8/Cryptlib/OpenSSL/crypto/evp -I/usr/src/azl/BUILD/shim-15.8/Cryptlib/OpenSSL/crypto/modes -I/usr/src/azl/BUILD/shim-15.8/Cryptlib/OpenSSL/crypto/include -isystem /usr/src/azl/BUILD/shim-15.8/include/system -isystem /usr/lib/gcc/x86_64-pc-linux-gnu/13.2.0/include -DL_ENDIAN -D_CRT_SECURE_NO_DEPRECATE -D_CRT_NONSTDC_NO_DEPRECATE -DOPENSSL_SMALL_FOOTPRINT -DPEDANTIC -DMDE_CPU_X64   -c -o crypto/evp/e_rc2.o /usr/src/azl/BUILD/shim-15.8/Cryptlib/OpenSSL/crypto/evp/e_rc2.c
#7 104.0 gcc -std=gnu11 -ggdb -ffreestanding -fmacro-prefix-map=/usr/src/azl/BUILD/shim-15.8/= -fno-stack-protector -fno-strict-aliasing -fpic -fshort-wchar -nostdinc -m64 -mno-mmx -mno-sse -mno-red-zone -maccumulate-outgoing-args -Os -Wall -Wextra -Wno-missing-field-initializers -Wno-empty-body -Wno-implicit-fallthrough -Wno-old-style-declaration -Wno-unused-but-set-variable -Wno-unused-parameter -Werror -I/usr/src/azl/BUILD/shim-15.8/Cryptlib/OpenSSL -I/usr/src/azl/BUILD/shim-15.8/Cryptlib -I/usr/src/azl/BUILD/shim-15.8/Cryptlib/OpenSSL/Include/ -I/usr/src/azl/BUILD/shim-15.8/Cryptlib/OpenSSL/crypto -I/usr/src/azl/BUILD/shim-15.8/Cryptlib/Include -I/usr/src/azl/BUILD/shim-15.8/gnu-efi/inc -I/usr/src/azl/BUILD/shim-15.8/gnu-efi/inc/x86_64 -I/usr/src/azl/BUILD/shim-15.8/gnu-efi/inc/protocol -I/usr/src/azl/BUILD/shim-15.8/Cryptlib/OpenSSL/crypto/asn1 -I/usr/src/azl/BUILD/shim-15.8/Cryptlib/OpenSSL/crypto/evp -I/usr/src/azl/BUILD/shim-15.8/Cryptlib/OpenSSL/crypto/modes -I/usr/src/azl/BUILD/shim-15.8/Cryptlib/OpenSSL/crypto/include -isystem /usr/src/azl/BUILD/shim-15.8/include/system -isystem /usr/lib/gcc/x86_64-pc-linux-gnu/13.2.0/include -DL_ENDIAN -D_CRT_SECURE_NO_DEPRECATE -D_CRT_NONSTDC_NO_DEPRECATE -DOPENSSL_SMALL_FOOTPRINT -DPEDANTIC -DMDE_CPU_X64   -c -o crypto/evp/e_cast.o /usr/src/azl/BUILD/shim-15.8/Cryptlib/OpenSSL/crypto/evp/e_cast.c
#7 104.1 gcc -std=gnu11 -ggdb -ffreestanding -fmacro-prefix-map=/usr/src/azl/BUILD/shim-15.8/= -fno-stack-protector -fno-strict-aliasing -fpic -fshort-wchar -nostdinc -m64 -mno-mmx -mno-sse -mno-red-zone -maccumulate-outgoing-args -Os -Wall -Wextra -Wno-missing-field-initializers -Wno-empty-body -Wno-implicit-fallthrough -Wno-old-style-declaration -Wno-unused-but-set-variable -Wno-unused-parameter -Werror -I/usr/src/azl/BUILD/shim-15.8/Cryptlib/OpenSSL -I/usr/src/azl/BUILD/shim-15.8/Cryptlib -I/usr/src/azl/BUILD/shim-15.8/Cryptlib/OpenSSL/Include/ -I/usr/src/azl/BUILD/shim-15.8/Cryptlib/OpenSSL/crypto -I/usr/src/azl/BUILD/shim-15.8/Cryptlib/Include -I/usr/src/azl/BUILD/shim-15.8/gnu-efi/inc -I/usr/src/azl/BUILD/shim-15.8/gnu-efi/inc/x86_64 -I/usr/src/azl/BUILD/shim-15.8/gnu-efi/inc/protocol -I/usr/src/azl/BUILD/shim-15.8/Cryptlib/OpenSSL/crypto/asn1 -I/usr/src/azl/BUILD/shim-15.8/Cryptlib/OpenSSL/crypto/evp -I/usr/src/azl/BUILD/shim-15.8/Cryptlib/OpenSSL/crypto/modes -I/usr/src/azl/BUILD/shim-15.8/Cryptlib/OpenSSL/crypto/include -isystem /usr/src/azl/BUILD/shim-15.8/include/system -isystem /usr/lib/gcc/x86_64-pc-linux-gnu/13.2.0/include -DL_ENDIAN -D_CRT_SECURE_NO_DEPRECATE -D_CRT_NONSTDC_NO_DEPRECATE -DOPENSSL_SMALL_FOOTPRINT -DPEDANTIC -DMDE_CPU_X64   -c -o crypto/evp/e_rc5.o /usr/src/azl/BUILD/shim-15.8/Cryptlib/OpenSSL/crypto/evp/e_rc5.c
#7 104.1 gcc -std=gnu11 -ggdb -ffreestanding -fmacro-prefix-map=/usr/src/azl/BUILD/shim-15.8/= -fno-stack-protector -fno-strict-aliasing -fpic -fshort-wchar -nostdinc -m64 -mno-mmx -mno-sse -mno-red-zone -maccumulate-outgoing-args -Os -Wall -Wextra -Wno-missing-field-initializers -Wno-empty-body -Wno-implicit-fallthrough -Wno-old-style-declaration -Wno-unused-but-set-variable -Wno-unused-parameter -Werror -I/usr/src/azl/BUILD/shim-15.8/Cryptlib/OpenSSL -I/usr/src/azl/BUILD/shim-15.8/Cryptlib -I/usr/src/azl/BUILD/shim-15.8/Cryptlib/OpenSSL/Include/ -I/usr/src/azl/BUILD/shim-15.8/Cryptlib/OpenSSL/crypto -I/usr/src/azl/BUILD/shim-15.8/Cryptlib/Include -I/usr/src/azl/BUILD/shim-15.8/gnu-efi/inc -I/usr/src/azl/BUILD/shim-15.8/gnu-efi/inc/x86_64 -I/usr/src/azl/BUILD/shim-15.8/gnu-efi/inc/protocol -I/usr/src/azl/BUILD/shim-15.8/Cryptlib/OpenSSL/crypto/asn1 -I/usr/src/azl/BUILD/shim-15.8/Cryptlib/OpenSSL/crypto/evp -I/usr/src/azl/BUILD/shim-15.8/Cryptlib/OpenSSL/crypto/modes -I/usr/src/azl/BUILD/shim-15.8/Cryptlib/OpenSSL/crypto/include -isystem /usr/src/azl/BUILD/shim-15.8/include/system -isystem /usr/lib/gcc/x86_64-pc-linux-gnu/13.2.0/include -DL_ENDIAN -D_CRT_SECURE_NO_DEPRECATE -D_CRT_NONSTDC_NO_DEPRECATE -DOPENSSL_SMALL_FOOTPRINT -DPEDANTIC -DMDE_CPU_X64   -c -o crypto/evp/m_null.o /usr/src/azl/BUILD/shim-15.8/Cryptlib/OpenSSL/crypto/evp/m_null.c
#7 104.1 gcc -std=gnu11 -ggdb -ffreestanding -fmacro-prefix-map=/usr/src/azl/BUILD/shim-15.8/= -fno-stack-protector -fno-strict-aliasing -fpic -fshort-wchar -nostdinc -m64 -mno-mmx -mno-sse -mno-red-zone -maccumulate-outgoing-args -Os -Wall -Wextra -Wno-missing-field-initializers -Wno-empty-body -Wno-implicit-fallthrough -Wno-old-style-declaration -Wno-unused-but-set-variable -Wno-unused-parameter -Werror -I/usr/src/azl/BUILD/shim-15.8/Cryptlib/OpenSSL -I/usr/src/azl/BUILD/shim-15.8/Cryptlib -I/usr/src/azl/BUILD/shim-15.8/Cryptlib/OpenSSL/Include/ -I/usr/src/azl/BUILD/shim-15.8/Cryptlib/OpenSSL/crypto -I/usr/src/azl/BUILD/shim-15.8/Cryptlib/Include -I/usr/src/azl/BUILD/shim-15.8/gnu-efi/inc -I/usr/src/azl/BUILD/shim-15.8/gnu-efi/inc/x86_64 -I/usr/src/azl/BUILD/shim-15.8/gnu-efi/inc/protocol -I/usr/src/azl/BUILD/shim-15.8/Cryptlib/OpenSSL/crypto/asn1 -I/usr/src/azl/BUILD/shim-15.8/Cryptlib/OpenSSL/crypto/evp -I/usr/src/azl/BUILD/shim-15.8/Cryptlib/OpenSSL/crypto/modes -I/usr/src/azl/BUILD/shim-15.8/Cryptlib/OpenSSL/crypto/include -isystem /usr/src/azl/BUILD/shim-15.8/include/system -isystem /usr/lib/gcc/x86_64-pc-linux-gnu/13.2.0/include -DL_ENDIAN -D_CRT_SECURE_NO_DEPRECATE -D_CRT_NONSTDC_NO_DEPRECATE -DOPENSSL_SMALL_FOOTPRINT -DPEDANTIC -DMDE_CPU_X64   -c -o crypto/evp/m_md2.o /usr/src/azl/BUILD/shim-15.8/Cryptlib/OpenSSL/crypto/evp/m_md2.c
#7 104.2 gcc -std=gnu11 -ggdb -ffreestanding -fmacro-prefix-map=/usr/src/azl/BUILD/shim-15.8/= -fno-stack-protector -fno-strict-aliasing -fpic -fshort-wchar -nostdinc -m64 -mno-mmx -mno-sse -mno-red-zone -maccumulate-outgoing-args -Os -Wall -Wextra -Wno-missing-field-initializers -Wno-empty-body -Wno-implicit-fallthrough -Wno-old-style-declaration -Wno-unused-but-set-variable -Wno-unused-parameter -Werror -I/usr/src/azl/BUILD/shim-15.8/Cryptlib/OpenSSL -I/usr/src/azl/BUILD/shim-15.8/Cryptlib -I/usr/src/azl/BUILD/shim-15.8/Cryptlib/OpenSSL/Include/ -I/usr/src/azl/BUILD/shim-15.8/Cryptlib/OpenSSL/crypto -I/usr/src/azl/BUILD/shim-15.8/Cryptlib/Include -I/usr/src/azl/BUILD/shim-15.8/gnu-efi/inc -I/usr/src/azl/BUILD/shim-15.8/gnu-efi/inc/x86_64 -I/usr/src/azl/BUILD/shim-15.8/gnu-efi/inc/protocol -I/usr/src/azl/BUILD/shim-15.8/Cryptlib/OpenSSL/crypto/asn1 -I/usr/src/azl/BUILD/shim-15.8/Cryptlib/OpenSSL/crypto/evp -I/usr/src/azl/BUILD/shim-15.8/Cryptlib/OpenSSL/crypto/modes -I/usr/src/azl/BUILD/shim-15.8/Cryptlib/OpenSSL/crypto/include -isystem /usr/src/azl/BUILD/shim-15.8/include/system -isystem /usr/lib/gcc/x86_64-pc-linux-gnu/13.2.0/include -DL_ENDIAN -D_CRT_SECURE_NO_DEPRECATE -D_CRT_NONSTDC_NO_DEPRECATE -DOPENSSL_SMALL_FOOTPRINT -DPEDANTIC -DMDE_CPU_X64   -c -o crypto/evp/m_md4.o /usr/src/azl/BUILD/shim-15.8/Cryptlib/OpenSSL/crypto/evp/m_md4.c
#7 104.2 gcc -std=gnu11 -ggdb -ffreestanding -fmacro-prefix-map=/usr/src/azl/BUILD/shim-15.8/= -fno-stack-protector -fno-strict-aliasing -fpic -fshort-wchar -nostdinc -m64 -mno-mmx -mno-sse -mno-red-zone -maccumulate-outgoing-args -Os -Wall -Wextra -Wno-missing-field-initializers -Wno-empty-body -Wno-implicit-fallthrough -Wno-old-style-declaration -Wno-unused-but-set-variable -Wno-unused-parameter -Werror -I/usr/src/azl/BUILD/shim-15.8/Cryptlib/OpenSSL -I/usr/src/azl/BUILD/shim-15.8/Cryptlib -I/usr/src/azl/BUILD/shim-15.8/Cryptlib/OpenSSL/Include/ -I/usr/src/azl/BUILD/shim-15.8/Cryptlib/OpenSSL/crypto -I/usr/src/azl/BUILD/shim-15.8/Cryptlib/Include -I/usr/src/azl/BUILD/shim-15.8/gnu-efi/inc -I/usr/src/azl/BUILD/shim-15.8/gnu-efi/inc/x86_64 -I/usr/src/azl/BUILD/shim-15.8/gnu-efi/inc/protocol -I/usr/src/azl/BUILD/shim-15.8/Cryptlib/OpenSSL/crypto/asn1 -I/usr/src/azl/BUILD/shim-15.8/Cryptlib/OpenSSL/crypto/evp -I/usr/src/azl/BUILD/shim-15.8/Cryptlib/OpenSSL/crypto/modes -I/usr/src/azl/BUILD/shim-15.8/Cryptlib/OpenSSL/crypto/include -isystem /usr/src/azl/BUILD/shim-15.8/include/system -isystem /usr/lib/gcc/x86_64-pc-linux-gnu/13.2.0/include -DL_ENDIAN -D_CRT_SECURE_NO_DEPRECATE -D_CRT_NONSTDC_NO_DEPRECATE -DOPENSSL_SMALL_FOOTPRINT -DPEDANTIC -DMDE_CPU_X64   -c -o crypto/evp/m_md5.o /usr/src/azl/BUILD/shim-15.8/Cryptlib/OpenSSL/crypto/evp/m_md5.c
#7 104.2 gcc -std=gnu11 -ggdb -ffreestanding -fmacro-prefix-map=/usr/src/azl/BUILD/shim-15.8/= -fno-stack-protector -fno-strict-aliasing -fpic -fshort-wchar -nostdinc -m64 -mno-mmx -mno-sse -mno-red-zone -maccumulate-outgoing-args -Os -Wall -Wextra -Wno-missing-field-initializers -Wno-empty-body -Wno-implicit-fallthrough -Wno-old-style-declaration -Wno-unused-but-set-variable -Wno-unused-parameter -Werror -I/usr/src/azl/BUILD/shim-15.8/Cryptlib/OpenSSL -I/usr/src/azl/BUILD/shim-15.8/Cryptlib -I/usr/src/azl/BUILD/shim-15.8/Cryptlib/OpenSSL/Include/ -I/usr/src/azl/BUILD/shim-15.8/Cryptlib/OpenSSL/crypto -I/usr/src/azl/BUILD/shim-15.8/Cryptlib/Include -I/usr/src/azl/BUILD/shim-15.8/gnu-efi/inc -I/usr/src/azl/BUILD/shim-15.8/gnu-efi/inc/x86_64 -I/usr/src/azl/BUILD/shim-15.8/gnu-efi/inc/protocol -I/usr/src/azl/BUILD/shim-15.8/Cryptlib/OpenSSL/crypto/asn1 -I/usr/src/azl/BUILD/shim-15.8/Cryptlib/OpenSSL/crypto/evp -I/usr/src/azl/BUILD/shim-15.8/Cryptlib/OpenSSL/crypto/modes -I/usr/src/azl/BUILD/shim-15.8/Cryptlib/OpenSSL/crypto/include -isystem /usr/src/azl/BUILD/shim-15.8/include/system -isystem /usr/lib/gcc/x86_64-pc-linux-gnu/13.2.0/include -DL_ENDIAN -D_CRT_SECURE_NO_DEPRECATE -D_CRT_NONSTDC_NO_DEPRECATE -DOPENSSL_SMALL_FOOTPRINT -DPEDANTIC -DMDE_CPU_X64   -c -o crypto/evp/m_sha.o /usr/src/azl/BUILD/shim-15.8/Cryptlib/OpenSSL/crypto/evp/m_sha.c
#7 104.3 gcc -std=gnu11 -ggdb -ffreestanding -fmacro-prefix-map=/usr/src/azl/BUILD/shim-15.8/= -fno-stack-protector -fno-strict-aliasing -fpic -fshort-wchar -nostdinc -m64 -mno-mmx -mno-sse -mno-red-zone -maccumulate-outgoing-args -Os -Wall -Wextra -Wno-missing-field-initializers -Wno-empty-body -Wno-implicit-fallthrough -Wno-old-style-declaration -Wno-unused-but-set-variable -Wno-unused-parameter -Werror -I/usr/src/azl/BUILD/shim-15.8/Cryptlib/OpenSSL -I/usr/src/azl/BUILD/shim-15.8/Cryptlib -I/usr/src/azl/BUILD/shim-15.8/Cryptlib/OpenSSL/Include/ -I/usr/src/azl/BUILD/shim-15.8/Cryptlib/OpenSSL/crypto -I/usr/src/azl/BUILD/shim-15.8/Cryptlib/Include -I/usr/src/azl/BUILD/shim-15.8/gnu-efi/inc -I/usr/src/azl/BUILD/shim-15.8/gnu-efi/inc/x86_64 -I/usr/src/azl/BUILD/shim-15.8/gnu-efi/inc/protocol -I/usr/src/azl/BUILD/shim-15.8/Cryptlib/OpenSSL/crypto/asn1 -I/usr/src/azl/BUILD/shim-15.8/Cryptlib/OpenSSL/crypto/evp -I/usr/src/azl/BUILD/shim-15.8/Cryptlib/OpenSSL/crypto/modes -I/usr/src/azl/BUILD/shim-15.8/Cryptlib/OpenSSL/crypto/include -isystem /usr/src/azl/BUILD/shim-15.8/include/system -isystem /usr/lib/gcc/x86_64-pc-linux-gnu/13.2.0/include -DL_ENDIAN -D_CRT_SECURE_NO_DEPRECATE -D_CRT_NONSTDC_NO_DEPRECATE -DOPENSSL_SMALL_FOOTPRINT -DPEDANTIC -DMDE_CPU_X64   -c -o crypto/evp/m_sha1.o /usr/src/azl/BUILD/shim-15.8/Cryptlib/OpenSSL/crypto/evp/m_sha1.c
#7 104.3 gcc -std=gnu11 -ggdb -ffreestanding -fmacro-prefix-map=/usr/src/azl/BUILD/shim-15.8/= -fno-stack-protector -fno-strict-aliasing -fpic -fshort-wchar -nostdinc -m64 -mno-mmx -mno-sse -mno-red-zone -maccumulate-outgoing-args -Os -Wall -Wextra -Wno-missing-field-initializers -Wno-empty-body -Wno-implicit-fallthrough -Wno-old-style-declaration -Wno-unused-but-set-variable -Wno-unused-parameter -Werror -I/usr/src/azl/BUILD/shim-15.8/Cryptlib/OpenSSL -I/usr/src/azl/BUILD/shim-15.8/Cryptlib -I/usr/src/azl/BUILD/shim-15.8/Cryptlib/OpenSSL/Include/ -I/usr/src/azl/BUILD/shim-15.8/Cryptlib/OpenSSL/crypto -I/usr/src/azl/BUILD/shim-15.8/Cryptlib/Include -I/usr/src/azl/BUILD/shim-15.8/gnu-efi/inc -I/usr/src/azl/BUILD/shim-15.8/gnu-efi/inc/x86_64 -I/usr/src/azl/BUILD/shim-15.8/gnu-efi/inc/protocol -I/usr/src/azl/BUILD/shim-15.8/Cryptlib/OpenSSL/crypto/asn1 -I/usr/src/azl/BUILD/shim-15.8/Cryptlib/OpenSSL/crypto/evp -I/usr/src/azl/BUILD/shim-15.8/Cryptlib/OpenSSL/crypto/modes -I/usr/src/azl/BUILD/shim-15.8/Cryptlib/OpenSSL/crypto/include -isystem /usr/src/azl/BUILD/shim-15.8/include/system -isystem /usr/lib/gcc/x86_64-pc-linux-gnu/13.2.0/include -DL_ENDIAN -D_CRT_SECURE_NO_DEPRECATE -D_CRT_NONSTDC_NO_DEPRECATE -DOPENSSL_SMALL_FOOTPRINT -DPEDANTIC -DMDE_CPU_X64   -c -o crypto/evp/m_wp.o /usr/src/azl/BUILD/shim-15.8/Cryptlib/OpenSSL/crypto/evp/m_wp.c
#7 104.3 gcc -std=gnu11 -ggdb -ffreestanding -fmacro-prefix-map=/usr/src/azl/BUILD/shim-15.8/= -fno-stack-protector -fno-strict-aliasing -fpic -fshort-wchar -nostdinc -m64 -mno-mmx -mno-sse -mno-red-zone -maccumulate-outgoing-args -Os -Wall -Wextra -Wno-missing-field-initializers -Wno-empty-body -Wno-implicit-fallthrough -Wno-old-style-declaration -Wno-unused-but-set-variable -Wno-unused-parameter -Werror -I/usr/src/azl/BUILD/shim-15.8/Cryptlib/OpenSSL -I/usr/src/azl/BUILD/shim-15.8/Cryptlib -I/usr/src/azl/BUILD/shim-15.8/Cryptlib/OpenSSL/Include/ -I/usr/src/azl/BUILD/shim-15.8/Cryptlib/OpenSSL/crypto -I/usr/src/azl/BUILD/shim-15.8/Cryptlib/Include -I/usr/src/azl/BUILD/shim-15.8/gnu-efi/inc -I/usr/src/azl/BUILD/shim-15.8/gnu-efi/inc/x86_64 -I/usr/src/azl/BUILD/shim-15.8/gnu-efi/inc/protocol -I/usr/src/azl/BUILD/shim-15.8/Cryptlib/OpenSSL/crypto/asn1 -I/usr/src/azl/BUILD/shim-15.8/Cryptlib/OpenSSL/crypto/evp -I/usr/src/azl/BUILD/shim-15.8/Cryptlib/OpenSSL/crypto/modes -I/usr/src/azl/BUILD/shim-15.8/Cryptlib/OpenSSL/crypto/include -isystem /usr/src/azl/BUILD/shim-15.8/include/system -isystem /usr/lib/gcc/x86_64-pc-linux-gnu/13.2.0/include -DL_ENDIAN -D_CRT_SECURE_NO_DEPRECATE -D_CRT_NONSTDC_NO_DEPRECATE -DOPENSSL_SMALL_FOOTPRINT -DPEDANTIC -DMDE_CPU_X64   -c -o crypto/evp/m_dss.o /usr/src/azl/BUILD/shim-15.8/Cryptlib/OpenSSL/crypto/evp/m_dss.c
#7 104.4 gcc -std=gnu11 -ggdb -ffreestanding -fmacro-prefix-map=/usr/src/azl/BUILD/shim-15.8/= -fno-stack-protector -fno-strict-aliasing -fpic -fshort-wchar -nostdinc -m64 -mno-mmx -mno-sse -mno-red-zone -maccumulate-outgoing-args -Os -Wall -Wextra -Wno-missing-field-initializers -Wno-empty-body -Wno-implicit-fallthrough -Wno-old-style-declaration -Wno-unused-but-set-variable -Wno-unused-parameter -Werror -I/usr/src/azl/BUILD/shim-15.8/Cryptlib/OpenSSL -I/usr/src/azl/BUILD/shim-15.8/Cryptlib -I/usr/src/azl/BUILD/shim-15.8/Cryptlib/OpenSSL/Include/ -I/usr/src/azl/BUILD/shim-15.8/Cryptlib/OpenSSL/crypto -I/usr/src/azl/BUILD/shim-15.8/Cryptlib/Include -I/usr/src/azl/BUILD/shim-15.8/gnu-efi/inc -I/usr/src/azl/BUILD/shim-15.8/gnu-efi/inc/x86_64 -I/usr/src/azl/BUILD/shim-15.8/gnu-efi/inc/protocol -I/usr/src/azl/BUILD/shim-15.8/Cryptlib/OpenSSL/crypto/asn1 -I/usr/src/azl/BUILD/shim-15.8/Cryptlib/OpenSSL/crypto/evp -I/usr/src/azl/BUILD/shim-15.8/Cryptlib/OpenSSL/crypto/modes -I/usr/src/azl/BUILD/shim-15.8/Cryptlib/OpenSSL/crypto/include -isystem /usr/src/azl/BUILD/shim-15.8/include/system -isystem /usr/lib/gcc/x86_64-pc-linux-gnu/13.2.0/include -DL_ENDIAN -D_CRT_SECURE_NO_DEPRECATE -D_CRT_NONSTDC_NO_DEPRECATE -DOPENSSL_SMALL_FOOTPRINT -DPEDANTIC -DMDE_CPU_X64   -c -o crypto/evp/m_dss1.o /usr/src/azl/BUILD/shim-15.8/Cryptlib/OpenSSL/crypto/evp/m_dss1.c
#7 104.4 gcc -std=gnu11 -ggdb -ffreestanding -fmacro-prefix-map=/usr/src/azl/BUILD/shim-15.8/= -fno-stack-protector -fno-strict-aliasing -fpic -fshort-wchar -nostdinc -m64 -mno-mmx -mno-sse -mno-red-zone -maccumulate-outgoing-args -Os -Wall -Wextra -Wno-missing-field-initializers -Wno-empty-body -Wno-implicit-fallthrough -Wno-old-style-declaration -Wno-unused-but-set-variable -Wno-unused-parameter -Werror -I/usr/src/azl/BUILD/shim-15.8/Cryptlib/OpenSSL -I/usr/src/azl/BUILD/shim-15.8/Cryptlib -I/usr/src/azl/BUILD/shim-15.8/Cryptlib/OpenSSL/Include/ -I/usr/src/azl/BUILD/shim-15.8/Cryptlib/OpenSSL/crypto -I/usr/src/azl/BUILD/shim-15.8/Cryptlib/Include -I/usr/src/azl/BUILD/shim-15.8/gnu-efi/inc -I/usr/src/azl/BUILD/shim-15.8/gnu-efi/inc/x86_64 -I/usr/src/azl/BUILD/shim-15.8/gnu-efi/inc/protocol -I/usr/src/azl/BUILD/shim-15.8/Cryptlib/OpenSSL/crypto/asn1 -I/usr/src/azl/BUILD/shim-15.8/Cryptlib/OpenSSL/crypto/evp -I/usr/src/azl/BUILD/shim-15.8/Cryptlib/OpenSSL/crypto/modes -I/usr/src/azl/BUILD/shim-15.8/Cryptlib/OpenSSL/crypto/include -isystem /usr/src/azl/BUILD/shim-15.8/include/system -isystem /usr/lib/gcc/x86_64-pc-linux-gnu/13.2.0/include -DL_ENDIAN -D_CRT_SECURE_NO_DEPRECATE -D_CRT_NONSTDC_NO_DEPRECATE -DOPENSSL_SMALL_FOOTPRINT -DPEDANTIC -DMDE_CPU_X64   -c -o crypto/evp/m_mdc2.o /usr/src/azl/BUILD/shim-15.8/Cryptlib/OpenSSL/crypto/evp/m_mdc2.c
#7 104.5 gcc -std=gnu11 -ggdb -ffreestanding -fmacro-prefix-map=/usr/src/azl/BUILD/shim-15.8/= -fno-stack-protector -fno-strict-aliasing -fpic -fshort-wchar -nostdinc -m64 -mno-mmx -mno-sse -mno-red-zone -maccumulate-outgoing-args -Os -Wall -Wextra -Wno-missing-field-initializers -Wno-empty-body -Wno-implicit-fallthrough -Wno-old-style-declaration -Wno-unused-but-set-variable -Wno-unused-parameter -Werror -I/usr/src/azl/BUILD/shim-15.8/Cryptlib/OpenSSL -I/usr/src/azl/BUILD/shim-15.8/Cryptlib -I/usr/src/azl/BUILD/shim-15.8/Cryptlib/OpenSSL/Include/ -I/usr/src/azl/BUILD/shim-15.8/Cryptlib/OpenSSL/crypto -I/usr/src/azl/BUILD/shim-15.8/Cryptlib/Include -I/usr/src/azl/BUILD/shim-15.8/gnu-efi/inc -I/usr/src/azl/BUILD/shim-15.8/gnu-efi/inc/x86_64 -I/usr/src/azl/BUILD/shim-15.8/gnu-efi/inc/protocol -I/usr/src/azl/BUILD/shim-15.8/Cryptlib/OpenSSL/crypto/asn1 -I/usr/src/azl/BUILD/shim-15.8/Cryptlib/OpenSSL/crypto/evp -I/usr/src/azl/BUILD/shim-15.8/Cryptlib/OpenSSL/crypto/modes -I/usr/src/azl/BUILD/shim-15.8/Cryptlib/OpenSSL/crypto/include -isystem /usr/src/azl/BUILD/shim-15.8/include/system -isystem /usr/lib/gcc/x86_64-pc-linux-gnu/13.2.0/include -DL_ENDIAN -D_CRT_SECURE_NO_DEPRECATE -D_CRT_NONSTDC_NO_DEPRECATE -DOPENSSL_SMALL_FOOTPRINT -DPEDANTIC -DMDE_CPU_X64   -c -o crypto/evp/m_ripemd.o /usr/src/azl/BUILD/shim-15.8/Cryptlib/OpenSSL/crypto/evp/m_ripemd.c
#7 104.5 gcc -std=gnu11 -ggdb -ffreestanding -fmacro-prefix-map=/usr/src/azl/BUILD/shim-15.8/= -fno-stack-protector -fno-strict-aliasing -fpic -fshort-wchar -nostdinc -m64 -mno-mmx -mno-sse -mno-red-zone -maccumulate-outgoing-args -Os -Wall -Wextra -Wno-missing-field-initializers -Wno-empty-body -Wno-implicit-fallthrough -Wno-old-style-declaration -Wno-unused-but-set-variable -Wno-unused-parameter -Werror -I/usr/src/azl/BUILD/shim-15.8/Cryptlib/OpenSSL -I/usr/src/azl/BUILD/shim-15.8/Cryptlib -I/usr/src/azl/BUILD/shim-15.8/Cryptlib/OpenSSL/Include/ -I/usr/src/azl/BUILD/shim-15.8/Cryptlib/OpenSSL/crypto -I/usr/src/azl/BUILD/shim-15.8/Cryptlib/Include -I/usr/src/azl/BUILD/shim-15.8/gnu-efi/inc -I/usr/src/azl/BUILD/shim-15.8/gnu-efi/inc/x86_64 -I/usr/src/azl/BUILD/shim-15.8/gnu-efi/inc/protocol -I/usr/src/azl/BUILD/shim-15.8/Cryptlib/OpenSSL/crypto/asn1 -I/usr/src/azl/BUILD/shim-15.8/Cryptlib/OpenSSL/crypto/evp -I/usr/src/azl/BUILD/shim-15.8/Cryptlib/OpenSSL/crypto/modes -I/usr/src/azl/BUILD/shim-15.8/Cryptlib/OpenSSL/crypto/include -isystem /usr/src/azl/BUILD/shim-15.8/include/system -isystem /usr/lib/gcc/x86_64-pc-linux-gnu/13.2.0/include -DL_ENDIAN -D_CRT_SECURE_NO_DEPRECATE -D_CRT_NONSTDC_NO_DEPRECATE -DOPENSSL_SMALL_FOOTPRINT -DPEDANTIC -DMDE_CPU_X64   -c -o crypto/evp/m_ecdsa.o /usr/src/azl/BUILD/shim-15.8/Cryptlib/OpenSSL/crypto/evp/m_ecdsa.c
#7 104.5 gcc -std=gnu11 -ggdb -ffreestanding -fmacro-prefix-map=/usr/src/azl/BUILD/shim-15.8/= -fno-stack-protector -fno-strict-aliasing -fpic -fshort-wchar -nostdinc -m64 -mno-mmx -mno-sse -mno-red-zone -maccumulate-outgoing-args -Os -Wall -Wextra -Wno-missing-field-initializers -Wno-empty-body -Wno-implicit-fallthrough -Wno-old-style-declaration -Wno-unused-but-set-variable -Wno-unused-parameter -Werror -I/usr/src/azl/BUILD/shim-15.8/Cryptlib/OpenSSL -I/usr/src/azl/BUILD/shim-15.8/Cryptlib -I/usr/src/azl/BUILD/shim-15.8/Cryptlib/OpenSSL/Include/ -I/usr/src/azl/BUILD/shim-15.8/Cryptlib/OpenSSL/crypto -I/usr/src/azl/BUILD/shim-15.8/Cryptlib/Include -I/usr/src/azl/BUILD/shim-15.8/gnu-efi/inc -I/usr/src/azl/BUILD/shim-15.8/gnu-efi/inc/x86_64 -I/usr/src/azl/BUILD/shim-15.8/gnu-efi/inc/protocol -I/usr/src/azl/BUILD/shim-15.8/Cryptlib/OpenSSL/crypto/asn1 -I/usr/src/azl/BUILD/shim-15.8/Cryptlib/OpenSSL/crypto/evp -I/usr/src/azl/BUILD/shim-15.8/Cryptlib/OpenSSL/crypto/modes -I/usr/src/azl/BUILD/shim-15.8/Cryptlib/OpenSSL/crypto/include -isystem /usr/src/azl/BUILD/shim-15.8/include/system -isystem /usr/lib/gcc/x86_64-pc-linux-gnu/13.2.0/include -DL_ENDIAN -D_CRT_SECURE_NO_DEPRECATE -D_CRT_NONSTDC_NO_DEPRECATE -DOPENSSL_SMALL_FOOTPRINT -DPEDANTIC -DMDE_CPU_X64   -c -o crypto/evp/p_open.o /usr/src/azl/BUILD/shim-15.8/Cryptlib/OpenSSL/crypto/evp/p_open.c
#7 104.6 gcc -std=gnu11 -ggdb -ffreestanding -fmacro-prefix-map=/usr/src/azl/BUILD/shim-15.8/= -fno-stack-protector -fno-strict-aliasing -fpic -fshort-wchar -nostdinc -m64 -mno-mmx -mno-sse -mno-red-zone -maccumulate-outgoing-args -Os -Wall -Wextra -Wno-missing-field-initializers -Wno-empty-body -Wno-implicit-fallthrough -Wno-old-style-declaration -Wno-unused-but-set-variable -Wno-unused-parameter -Werror -I/usr/src/azl/BUILD/shim-15.8/Cryptlib/OpenSSL -I/usr/src/azl/BUILD/shim-15.8/Cryptlib -I/usr/src/azl/BUILD/shim-15.8/Cryptlib/OpenSSL/Include/ -I/usr/src/azl/BUILD/shim-15.8/Cryptlib/OpenSSL/crypto -I/usr/src/azl/BUILD/shim-15.8/Cryptlib/Include -I/usr/src/azl/BUILD/shim-15.8/gnu-efi/inc -I/usr/src/azl/BUILD/shim-15.8/gnu-efi/inc/x86_64 -I/usr/src/azl/BUILD/shim-15.8/gnu-efi/inc/protocol -I/usr/src/azl/BUILD/shim-15.8/Cryptlib/OpenSSL/crypto/asn1 -I/usr/src/azl/BUILD/shim-15.8/Cryptlib/OpenSSL/crypto/evp -I/usr/src/azl/BUILD/shim-15.8/Cryptlib/OpenSSL/crypto/modes -I/usr/src/azl/BUILD/shim-15.8/Cryptlib/OpenSSL/crypto/include -isystem /usr/src/azl/BUILD/shim-15.8/include/system -isystem /usr/lib/gcc/x86_64-pc-linux-gnu/13.2.0/include -DL_ENDIAN -D_CRT_SECURE_NO_DEPRECATE -D_CRT_NONSTDC_NO_DEPRECATE -DOPENSSL_SMALL_FOOTPRINT -DPEDANTIC -DMDE_CPU_X64   -c -o crypto/evp/p_seal.o /usr/src/azl/BUILD/shim-15.8/Cryptlib/OpenSSL/crypto/evp/p_seal.c
#7 104.6 gcc -std=gnu11 -ggdb -ffreestanding -fmacro-prefix-map=/usr/src/azl/BUILD/shim-15.8/= -fno-stack-protector -fno-strict-aliasing -fpic -fshort-wchar -nostdinc -m64 -mno-mmx -mno-sse -mno-red-zone -maccumulate-outgoing-args -Os -Wall -Wextra -Wno-missing-field-initializers -Wno-empty-body -Wno-implicit-fallthrough -Wno-old-style-declaration -Wno-unused-but-set-variable -Wno-unused-parameter -Werror -I/usr/src/azl/BUILD/shim-15.8/Cryptlib/OpenSSL -I/usr/src/azl/BUILD/shim-15.8/Cryptlib -I/usr/src/azl/BUILD/shim-15.8/Cryptlib/OpenSSL/Include/ -I/usr/src/azl/BUILD/shim-15.8/Cryptlib/OpenSSL/crypto -I/usr/src/azl/BUILD/shim-15.8/Cryptlib/Include -I/usr/src/azl/BUILD/shim-15.8/gnu-efi/inc -I/usr/src/azl/BUILD/shim-15.8/gnu-efi/inc/x86_64 -I/usr/src/azl/BUILD/shim-15.8/gnu-efi/inc/protocol -I/usr/src/azl/BUILD/shim-15.8/Cryptlib/OpenSSL/crypto/asn1 -I/usr/src/azl/BUILD/shim-15.8/Cryptlib/OpenSSL/crypto/evp -I/usr/src/azl/BUILD/shim-15.8/Cryptlib/OpenSSL/crypto/modes -I/usr/src/azl/BUILD/shim-15.8/Cryptlib/OpenSSL/crypto/include -isystem /usr/src/azl/BUILD/shim-15.8/include/system -isystem /usr/lib/gcc/x86_64-pc-linux-gnu/13.2.0/include -DL_ENDIAN -D_CRT_SECURE_NO_DEPRECATE -D_CRT_NONSTDC_NO_DEPRECATE -DOPENSSL_SMALL_FOOTPRINT -DPEDANTIC -DMDE_CPU_X64   -c -o crypto/evp/p_sign.o /usr/src/azl/BUILD/shim-15.8/Cryptlib/OpenSSL/crypto/evp/p_sign.c
#7 104.7 gcc -std=gnu11 -ggdb -ffreestanding -fmacro-prefix-map=/usr/src/azl/BUILD/shim-15.8/= -fno-stack-protector -fno-strict-aliasing -fpic -fshort-wchar -nostdinc -m64 -mno-mmx -mno-sse -mno-red-zone -maccumulate-outgoing-args -Os -Wall -Wextra -Wno-missing-field-initializers -Wno-empty-body -Wno-implicit-fallthrough -Wno-old-style-declaration -Wno-unused-but-set-variable -Wno-unused-parameter -Werror -I/usr/src/azl/BUILD/shim-15.8/Cryptlib/OpenSSL -I/usr/src/azl/BUILD/shim-15.8/Cryptlib -I/usr/src/azl/BUILD/shim-15.8/Cryptlib/OpenSSL/Include/ -I/usr/src/azl/BUILD/shim-15.8/Cryptlib/OpenSSL/crypto -I/usr/src/azl/BUILD/shim-15.8/Cryptlib/Include -I/usr/src/azl/BUILD/shim-15.8/gnu-efi/inc -I/usr/src/azl/BUILD/shim-15.8/gnu-efi/inc/x86_64 -I/usr/src/azl/BUILD/shim-15.8/gnu-efi/inc/protocol -I/usr/src/azl/BUILD/shim-15.8/Cryptlib/OpenSSL/crypto/asn1 -I/usr/src/azl/BUILD/shim-15.8/Cryptlib/OpenSSL/crypto/evp -I/usr/src/azl/BUILD/shim-15.8/Cryptlib/OpenSSL/crypto/modes -I/usr/src/azl/BUILD/shim-15.8/Cryptlib/OpenSSL/crypto/include -isystem /usr/src/azl/BUILD/shim-15.8/include/system -isystem /usr/lib/gcc/x86_64-pc-linux-gnu/13.2.0/include -DL_ENDIAN -D_CRT_SECURE_NO_DEPRECATE -D_CRT_NONSTDC_NO_DEPRECATE -DOPENSSL_SMALL_FOOTPRINT -DPEDANTIC -DMDE_CPU_X64   -c -o crypto/evp/p_verify.o /usr/src/azl/BUILD/shim-15.8/Cryptlib/OpenSSL/crypto/evp/p_verify.c
#7 104.8 gcc -std=gnu11 -ggdb -ffreestanding -fmacro-prefix-map=/usr/src/azl/BUILD/shim-15.8/= -fno-stack-protector -fno-strict-aliasing -fpic -fshort-wchar -nostdinc -m64 -mno-mmx -mno-sse -mno-red-zone -maccumulate-outgoing-args -Os -Wall -Wextra -Wno-missing-field-initializers -Wno-empty-body -Wno-implicit-fallthrough -Wno-old-style-declaration -Wno-unused-but-set-variable -Wno-unused-parameter -Werror -I/usr/src/azl/BUILD/shim-15.8/Cryptlib/OpenSSL -I/usr/src/azl/BUILD/shim-15.8/Cryptlib -I/usr/src/azl/BUILD/shim-15.8/Cryptlib/OpenSSL/Include/ -I/usr/src/azl/BUILD/shim-15.8/Cryptlib/OpenSSL/crypto -I/usr/src/azl/BUILD/shim-15.8/Cryptlib/Include -I/usr/src/azl/BUILD/shim-15.8/gnu-efi/inc -I/usr/src/azl/BUILD/shim-15.8/gnu-efi/inc/x86_64 -I/usr/src/azl/BUILD/shim-15.8/gnu-efi/inc/protocol -I/usr/src/azl/BUILD/shim-15.8/Cryptlib/OpenSSL/crypto/asn1 -I/usr/src/azl/BUILD/shim-15.8/Cryptlib/OpenSSL/crypto/evp -I/usr/src/azl/BUILD/shim-15.8/Cryptlib/OpenSSL/crypto/modes -I/usr/src/azl/BUILD/shim-15.8/Cryptlib/OpenSSL/crypto/include -isystem /usr/src/azl/BUILD/shim-15.8/include/system -isystem /usr/lib/gcc/x86_64-pc-linux-gnu/13.2.0/include -DL_ENDIAN -D_CRT_SECURE_NO_DEPRECATE -D_CRT_NONSTDC_NO_DEPRECATE -DOPENSSL_SMALL_FOOTPRINT -DPEDANTIC -DMDE_CPU_X64   -c -o crypto/evp/p_lib.o /usr/src/azl/BUILD/shim-15.8/Cryptlib/OpenSSL/crypto/evp/p_lib.c
#7 104.8 gcc -std=gnu11 -ggdb -ffreestanding -fmacro-prefix-map=/usr/src/azl/BUILD/shim-15.8/= -fno-stack-protector -fno-strict-aliasing -fpic -fshort-wchar -nostdinc -m64 -mno-mmx -mno-sse -mno-red-zone -maccumulate-outgoing-args -Os -Wall -Wextra -Wno-missing-field-initializers -Wno-empty-body -Wno-implicit-fallthrough -Wno-old-style-declaration -Wno-unused-but-set-variable -Wno-unused-parameter -Werror -I/usr/src/azl/BUILD/shim-15.8/Cryptlib/OpenSSL -I/usr/src/azl/BUILD/shim-15.8/Cryptlib -I/usr/src/azl/BUILD/shim-15.8/Cryptlib/OpenSSL/Include/ -I/usr/src/azl/BUILD/shim-15.8/Cryptlib/OpenSSL/crypto -I/usr/src/azl/BUILD/shim-15.8/Cryptlib/Include -I/usr/src/azl/BUILD/shim-15.8/gnu-efi/inc -I/usr/src/azl/BUILD/shim-15.8/gnu-efi/inc/x86_64 -I/usr/src/azl/BUILD/shim-15.8/gnu-efi/inc/protocol -I/usr/src/azl/BUILD/shim-15.8/Cryptlib/OpenSSL/crypto/asn1 -I/usr/src/azl/BUILD/shim-15.8/Cryptlib/OpenSSL/crypto/evp -I/usr/src/azl/BUILD/shim-15.8/Cryptlib/OpenSSL/crypto/modes -I/usr/src/azl/BUILD/shim-15.8/Cryptlib/OpenSSL/crypto/include -isystem /usr/src/azl/BUILD/shim-15.8/include/system -isystem /usr/lib/gcc/x86_64-pc-linux-gnu/13.2.0/include -DL_ENDIAN -D_CRT_SECURE_NO_DEPRECATE -D_CRT_NONSTDC_NO_DEPRECATE -DOPENSSL_SMALL_FOOTPRINT -DPEDANTIC -DMDE_CPU_X64   -c -o crypto/evp/p_enc.o /usr/src/azl/BUILD/shim-15.8/Cryptlib/OpenSSL/crypto/evp/p_enc.c
#7 104.9 gcc -std=gnu11 -ggdb -ffreestanding -fmacro-prefix-map=/usr/src/azl/BUILD/shim-15.8/= -fno-stack-protector -fno-strict-aliasing -fpic -fshort-wchar -nostdinc -m64 -mno-mmx -mno-sse -mno-red-zone -maccumulate-outgoing-args -Os -Wall -Wextra -Wno-missing-field-initializers -Wno-empty-body -Wno-implicit-fallthrough -Wno-old-style-declaration -Wno-unused-but-set-variable -Wno-unused-parameter -Werror -I/usr/src/azl/BUILD/shim-15.8/Cryptlib/OpenSSL -I/usr/src/azl/BUILD/shim-15.8/Cryptlib -I/usr/src/azl/BUILD/shim-15.8/Cryptlib/OpenSSL/Include/ -I/usr/src/azl/BUILD/shim-15.8/Cryptlib/OpenSSL/crypto -I/usr/src/azl/BUILD/shim-15.8/Cryptlib/Include -I/usr/src/azl/BUILD/shim-15.8/gnu-efi/inc -I/usr/src/azl/BUILD/shim-15.8/gnu-efi/inc/x86_64 -I/usr/src/azl/BUILD/shim-15.8/gnu-efi/inc/protocol -I/usr/src/azl/BUILD/shim-15.8/Cryptlib/OpenSSL/crypto/asn1 -I/usr/src/azl/BUILD/shim-15.8/Cryptlib/OpenSSL/crypto/evp -I/usr/src/azl/BUILD/shim-15.8/Cryptlib/OpenSSL/crypto/modes -I/usr/src/azl/BUILD/shim-15.8/Cryptlib/OpenSSL/crypto/include -isystem /usr/src/azl/BUILD/shim-15.8/include/system -isystem /usr/lib/gcc/x86_64-pc-linux-gnu/13.2.0/include -DL_ENDIAN -D_CRT_SECURE_NO_DEPRECATE -D_CRT_NONSTDC_NO_DEPRECATE -DOPENSSL_SMALL_FOOTPRINT -DPEDANTIC -DMDE_CPU_X64   -c -o crypto/evp/p_dec.o /usr/src/azl/BUILD/shim-15.8/Cryptlib/OpenSSL/crypto/evp/p_dec.c
#7 104.9 gcc -std=gnu11 -ggdb -ffreestanding -fmacro-prefix-map=/usr/src/azl/BUILD/shim-15.8/= -fno-stack-protector -fno-strict-aliasing -fpic -fshort-wchar -nostdinc -m64 -mno-mmx -mno-sse -mno-red-zone -maccumulate-outgoing-args -Os -Wall -Wextra -Wno-missing-field-initializers -Wno-empty-body -Wno-implicit-fallthrough -Wno-old-style-declaration -Wno-unused-but-set-variable -Wno-unused-parameter -Werror -I/usr/src/azl/BUILD/shim-15.8/Cryptlib/OpenSSL -I/usr/src/azl/BUILD/shim-15.8/Cryptlib -I/usr/src/azl/BUILD/shim-15.8/Cryptlib/OpenSSL/Include/ -I/usr/src/azl/BUILD/shim-15.8/Cryptlib/OpenSSL/crypto -I/usr/src/azl/BUILD/shim-15.8/Cryptlib/Include -I/usr/src/azl/BUILD/shim-15.8/gnu-efi/inc -I/usr/src/azl/BUILD/shim-15.8/gnu-efi/inc/x86_64 -I/usr/src/azl/BUILD/shim-15.8/gnu-efi/inc/protocol -I/usr/src/azl/BUILD/shim-15.8/Cryptlib/OpenSSL/crypto/asn1 -I/usr/src/azl/BUILD/shim-15.8/Cryptlib/OpenSSL/crypto/evp -I/usr/src/azl/BUILD/shim-15.8/Cryptlib/OpenSSL/crypto/modes -I/usr/src/azl/BUILD/shim-15.8/Cryptlib/OpenSSL/crypto/include -isystem /usr/src/azl/BUILD/shim-15.8/include/system -isystem /usr/lib/gcc/x86_64-pc-linux-gnu/13.2.0/include -DL_ENDIAN -D_CRT_SECURE_NO_DEPRECATE -D_CRT_NONSTDC_NO_DEPRECATE -DOPENSSL_SMALL_FOOTPRINT -DPEDANTIC -DMDE_CPU_X64   -c -o crypto/evp/bio_md.o /usr/src/azl/BUILD/shim-15.8/Cryptlib/OpenSSL/crypto/evp/bio_md.c
#7 105.0 gcc -std=gnu11 -ggdb -ffreestanding -fmacro-prefix-map=/usr/src/azl/BUILD/shim-15.8/= -fno-stack-protector -fno-strict-aliasing -fpic -fshort-wchar -nostdinc -m64 -mno-mmx -mno-sse -mno-red-zone -maccumulate-outgoing-args -Os -Wall -Wextra -Wno-missing-field-initializers -Wno-empty-body -Wno-implicit-fallthrough -Wno-old-style-declaration -Wno-unused-but-set-variable -Wno-unused-parameter -Werror -I/usr/src/azl/BUILD/shim-15.8/Cryptlib/OpenSSL -I/usr/src/azl/BUILD/shim-15.8/Cryptlib -I/usr/src/azl/BUILD/shim-15.8/Cryptlib/OpenSSL/Include/ -I/usr/src/azl/BUILD/shim-15.8/Cryptlib/OpenSSL/crypto -I/usr/src/azl/BUILD/shim-15.8/Cryptlib/Include -I/usr/src/azl/BUILD/shim-15.8/gnu-efi/inc -I/usr/src/azl/BUILD/shim-15.8/gnu-efi/inc/x86_64 -I/usr/src/azl/BUILD/shim-15.8/gnu-efi/inc/protocol -I/usr/src/azl/BUILD/shim-15.8/Cryptlib/OpenSSL/crypto/asn1 -I/usr/src/azl/BUILD/shim-15.8/Cryptlib/OpenSSL/crypto/evp -I/usr/src/azl/BUILD/shim-15.8/Cryptlib/OpenSSL/crypto/modes -I/usr/src/azl/BUILD/shim-15.8/Cryptlib/OpenSSL/crypto/include -isystem /usr/src/azl/BUILD/shim-15.8/include/system -isystem /usr/lib/gcc/x86_64-pc-linux-gnu/13.2.0/include -DL_ENDIAN -D_CRT_SECURE_NO_DEPRECATE -D_CRT_NONSTDC_NO_DEPRECATE -DOPENSSL_SMALL_FOOTPRINT -DPEDANTIC -DMDE_CPU_X64   -c -o crypto/evp/bio_b64.o /usr/src/azl/BUILD/shim-15.8/Cryptlib/OpenSSL/crypto/evp/bio_b64.c
#7 105.1 gcc -std=gnu11 -ggdb -ffreestanding -fmacro-prefix-map=/usr/src/azl/BUILD/shim-15.8/= -fno-stack-protector -fno-strict-aliasing -fpic -fshort-wchar -nostdinc -m64 -mno-mmx -mno-sse -mno-red-zone -maccumulate-outgoing-args -Os -Wall -Wextra -Wno-missing-field-initializers -Wno-empty-body -Wno-implicit-fallthrough -Wno-old-style-declaration -Wno-unused-but-set-variable -Wno-unused-parameter -Werror -I/usr/src/azl/BUILD/shim-15.8/Cryptlib/OpenSSL -I/usr/src/azl/BUILD/shim-15.8/Cryptlib -I/usr/src/azl/BUILD/shim-15.8/Cryptlib/OpenSSL/Include/ -I/usr/src/azl/BUILD/shim-15.8/Cryptlib/OpenSSL/crypto -I/usr/src/azl/BUILD/shim-15.8/Cryptlib/Include -I/usr/src/azl/BUILD/shim-15.8/gnu-efi/inc -I/usr/src/azl/BUILD/shim-15.8/gnu-efi/inc/x86_64 -I/usr/src/azl/BUILD/shim-15.8/gnu-efi/inc/protocol -I/usr/src/azl/BUILD/shim-15.8/Cryptlib/OpenSSL/crypto/asn1 -I/usr/src/azl/BUILD/shim-15.8/Cryptlib/OpenSSL/crypto/evp -I/usr/src/azl/BUILD/shim-15.8/Cryptlib/OpenSSL/crypto/modes -I/usr/src/azl/BUILD/shim-15.8/Cryptlib/OpenSSL/crypto/include -isystem /usr/src/azl/BUILD/shim-15.8/include/system -isystem /usr/lib/gcc/x86_64-pc-linux-gnu/13.2.0/include -DL_ENDIAN -D_CRT_SECURE_NO_DEPRECATE -D_CRT_NONSTDC_NO_DEPRECATE -DOPENSSL_SMALL_FOOTPRINT -DPEDANTIC -DMDE_CPU_X64   -c -o crypto/evp/bio_enc.o /usr/src/azl/BUILD/shim-15.8/Cryptlib/OpenSSL/crypto/evp/bio_enc.c
#7 105.2 gcc -std=gnu11 -ggdb -ffreestanding -fmacro-prefix-map=/usr/src/azl/BUILD/shim-15.8/= -fno-stack-protector -fno-strict-aliasing -fpic -fshort-wchar -nostdinc -m64 -mno-mmx -mno-sse -mno-red-zone -maccumulate-outgoing-args -Os -Wall -Wextra -Wno-missing-field-initializers -Wno-empty-body -Wno-implicit-fallthrough -Wno-old-style-declaration -Wno-unused-but-set-variable -Wno-unused-parameter -Werror -I/usr/src/azl/BUILD/shim-15.8/Cryptlib/OpenSSL -I/usr/src/azl/BUILD/shim-15.8/Cryptlib -I/usr/src/azl/BUILD/shim-15.8/Cryptlib/OpenSSL/Include/ -I/usr/src/azl/BUILD/shim-15.8/Cryptlib/OpenSSL/crypto -I/usr/src/azl/BUILD/shim-15.8/Cryptlib/Include -I/usr/src/azl/BUILD/shim-15.8/gnu-efi/inc -I/usr/src/azl/BUILD/shim-15.8/gnu-efi/inc/x86_64 -I/usr/src/azl/BUILD/shim-15.8/gnu-efi/inc/protocol -I/usr/src/azl/BUILD/shim-15.8/Cryptlib/OpenSSL/crypto/asn1 -I/usr/src/azl/BUILD/shim-15.8/Cryptlib/OpenSSL/crypto/evp -I/usr/src/azl/BUILD/shim-15.8/Cryptlib/OpenSSL/crypto/modes -I/usr/src/azl/BUILD/shim-15.8/Cryptlib/OpenSSL/crypto/include -isystem /usr/src/azl/BUILD/shim-15.8/include/system -isystem /usr/lib/gcc/x86_64-pc-linux-gnu/13.2.0/include -DL_ENDIAN -D_CRT_SECURE_NO_DEPRECATE -D_CRT_NONSTDC_NO_DEPRECATE -DOPENSSL_SMALL_FOOTPRINT -DPEDANTIC -DMDE_CPU_X64   -c -o crypto/evp/evp_err.o /usr/src/azl/BUILD/shim-15.8/Cryptlib/OpenSSL/crypto/evp/evp_err.c
#7 105.2 gcc -std=gnu11 -ggdb -ffreestanding -fmacro-prefix-map=/usr/src/azl/BUILD/shim-15.8/= -fno-stack-protector -fno-strict-aliasing -fpic -fshort-wchar -nostdinc -m64 -mno-mmx -mno-sse -mno-red-zone -maccumulate-outgoing-args -Os -Wall -Wextra -Wno-missing-field-initializers -Wno-empty-body -Wno-implicit-fallthrough -Wno-old-style-declaration -Wno-unused-but-set-variable -Wno-unused-parameter -Werror -I/usr/src/azl/BUILD/shim-15.8/Cryptlib/OpenSSL -I/usr/src/azl/BUILD/shim-15.8/Cryptlib -I/usr/src/azl/BUILD/shim-15.8/Cryptlib/OpenSSL/Include/ -I/usr/src/azl/BUILD/shim-15.8/Cryptlib/OpenSSL/crypto -I/usr/src/azl/BUILD/shim-15.8/Cryptlib/Include -I/usr/src/azl/BUILD/shim-15.8/gnu-efi/inc -I/usr/src/azl/BUILD/shim-15.8/gnu-efi/inc/x86_64 -I/usr/src/azl/BUILD/shim-15.8/gnu-efi/inc/protocol -I/usr/src/azl/BUILD/shim-15.8/Cryptlib/OpenSSL/crypto/asn1 -I/usr/src/azl/BUILD/shim-15.8/Cryptlib/OpenSSL/crypto/evp -I/usr/src/azl/BUILD/shim-15.8/Cryptlib/OpenSSL/crypto/modes -I/usr/src/azl/BUILD/shim-15.8/Cryptlib/OpenSSL/crypto/include -isystem /usr/src/azl/BUILD/shim-15.8/include/system -isystem /usr/lib/gcc/x86_64-pc-linux-gnu/13.2.0/include -DL_ENDIAN -D_CRT_SECURE_NO_DEPRECATE -D_CRT_NONSTDC_NO_DEPRECATE -DOPENSSL_SMALL_FOOTPRINT -DPEDANTIC -DMDE_CPU_X64   -c -o crypto/evp/e_null.o /usr/src/azl/BUILD/shim-15.8/Cryptlib/OpenSSL/crypto/evp/e_null.c
#7 105.3 gcc -std=gnu11 -ggdb -ffreestanding -fmacro-prefix-map=/usr/src/azl/BUILD/shim-15.8/= -fno-stack-protector -fno-strict-aliasing -fpic -fshort-wchar -nostdinc -m64 -mno-mmx -mno-sse -mno-red-zone -maccumulate-outgoing-args -Os -Wall -Wextra -Wno-missing-field-initializers -Wno-empty-body -Wno-implicit-fallthrough -Wno-old-style-declaration -Wno-unused-but-set-variable -Wno-unused-parameter -Werror -I/usr/src/azl/BUILD/shim-15.8/Cryptlib/OpenSSL -I/usr/src/azl/BUILD/shim-15.8/Cryptlib -I/usr/src/azl/BUILD/shim-15.8/Cryptlib/OpenSSL/Include/ -I/usr/src/azl/BUILD/shim-15.8/Cryptlib/OpenSSL/crypto -I/usr/src/azl/BUILD/shim-15.8/Cryptlib/Include -I/usr/src/azl/BUILD/shim-15.8/gnu-efi/inc -I/usr/src/azl/BUILD/shim-15.8/gnu-efi/inc/x86_64 -I/usr/src/azl/BUILD/shim-15.8/gnu-efi/inc/protocol -I/usr/src/azl/BUILD/shim-15.8/Cryptlib/OpenSSL/crypto/asn1 -I/usr/src/azl/BUILD/shim-15.8/Cryptlib/OpenSSL/crypto/evp -I/usr/src/azl/BUILD/shim-15.8/Cryptlib/OpenSSL/crypto/modes -I/usr/src/azl/BUILD/shim-15.8/Cryptlib/OpenSSL/crypto/include -isystem /usr/src/azl/BUILD/shim-15.8/include/system -isystem /usr/lib/gcc/x86_64-pc-linux-gnu/13.2.0/include -DL_ENDIAN -D_CRT_SECURE_NO_DEPRECATE -D_CRT_NONSTDC_NO_DEPRECATE -DOPENSSL_SMALL_FOOTPRINT -DPEDANTIC -DMDE_CPU_X64   -c -o crypto/evp/c_all.o /usr/src/azl/BUILD/shim-15.8/Cryptlib/OpenSSL/crypto/evp/c_all.c
#7 105.3 gcc -std=gnu11 -ggdb -ffreestanding -fmacro-prefix-map=/usr/src/azl/BUILD/shim-15.8/= -fno-stack-protector -fno-strict-aliasing -fpic -fshort-wchar -nostdinc -m64 -mno-mmx -mno-sse -mno-red-zone -maccumulate-outgoing-args -Os -Wall -Wextra -Wno-missing-field-initializers -Wno-empty-body -Wno-implicit-fallthrough -Wno-old-style-declaration -Wno-unused-but-set-variable -Wno-unused-parameter -Werror -I/usr/src/azl/BUILD/shim-15.8/Cryptlib/OpenSSL -I/usr/src/azl/BUILD/shim-15.8/Cryptlib -I/usr/src/azl/BUILD/shim-15.8/Cryptlib/OpenSSL/Include/ -I/usr/src/azl/BUILD/shim-15.8/Cryptlib/OpenSSL/crypto -I/usr/src/azl/BUILD/shim-15.8/Cryptlib/Include -I/usr/src/azl/BUILD/shim-15.8/gnu-efi/inc -I/usr/src/azl/BUILD/shim-15.8/gnu-efi/inc/x86_64 -I/usr/src/azl/BUILD/shim-15.8/gnu-efi/inc/protocol -I/usr/src/azl/BUILD/shim-15.8/Cryptlib/OpenSSL/crypto/asn1 -I/usr/src/azl/BUILD/shim-15.8/Cryptlib/OpenSSL/crypto/evp -I/usr/src/azl/BUILD/shim-15.8/Cryptlib/OpenSSL/crypto/modes -I/usr/src/azl/BUILD/shim-15.8/Cryptlib/OpenSSL/crypto/include -isystem /usr/src/azl/BUILD/shim-15.8/include/system -isystem /usr/lib/gcc/x86_64-pc-linux-gnu/13.2.0/include -DL_ENDIAN -D_CRT_SECURE_NO_DEPRECATE -D_CRT_NONSTDC_NO_DEPRECATE -DOPENSSL_SMALL_FOOTPRINT -DPEDANTIC -DMDE_CPU_X64   -c -o crypto/evp/c_allc.o /usr/src/azl/BUILD/shim-15.8/Cryptlib/OpenSSL/crypto/evp/c_allc.c
#7 105.4 gcc -std=gnu11 -ggdb -ffreestanding -fmacro-prefix-map=/usr/src/azl/BUILD/shim-15.8/= -fno-stack-protector -fno-strict-aliasing -fpic -fshort-wchar -nostdinc -m64 -mno-mmx -mno-sse -mno-red-zone -maccumulate-outgoing-args -Os -Wall -Wextra -Wno-missing-field-initializers -Wno-empty-body -Wno-implicit-fallthrough -Wno-old-style-declaration -Wno-unused-but-set-variable -Wno-unused-parameter -Werror -I/usr/src/azl/BUILD/shim-15.8/Cryptlib/OpenSSL -I/usr/src/azl/BUILD/shim-15.8/Cryptlib -I/usr/src/azl/BUILD/shim-15.8/Cryptlib/OpenSSL/Include/ -I/usr/src/azl/BUILD/shim-15.8/Cryptlib/OpenSSL/crypto -I/usr/src/azl/BUILD/shim-15.8/Cryptlib/Include -I/usr/src/azl/BUILD/shim-15.8/gnu-efi/inc -I/usr/src/azl/BUILD/shim-15.8/gnu-efi/inc/x86_64 -I/usr/src/azl/BUILD/shim-15.8/gnu-efi/inc/protocol -I/usr/src/azl/BUILD/shim-15.8/Cryptlib/OpenSSL/crypto/asn1 -I/usr/src/azl/BUILD/shim-15.8/Cryptlib/OpenSSL/crypto/evp -I/usr/src/azl/BUILD/shim-15.8/Cryptlib/OpenSSL/crypto/modes -I/usr/src/azl/BUILD/shim-15.8/Cryptlib/OpenSSL/crypto/include -isystem /usr/src/azl/BUILD/shim-15.8/include/system -isystem /usr/lib/gcc/x86_64-pc-linux-gnu/13.2.0/include -DL_ENDIAN -D_CRT_SECURE_NO_DEPRECATE -D_CRT_NONSTDC_NO_DEPRECATE -DOPENSSL_SMALL_FOOTPRINT -DPEDANTIC -DMDE_CPU_X64   -c -o crypto/evp/c_alld.o /usr/src/azl/BUILD/shim-15.8/Cryptlib/OpenSSL/crypto/evp/c_alld.c
#7 105.4 gcc -std=gnu11 -ggdb -ffreestanding -fmacro-prefix-map=/usr/src/azl/BUILD/shim-15.8/= -fno-stack-protector -fno-strict-aliasing -fpic -fshort-wchar -nostdinc -m64 -mno-mmx -mno-sse -mno-red-zone -maccumulate-outgoing-args -Os -Wall -Wextra -Wno-missing-field-initializers -Wno-empty-body -Wno-implicit-fallthrough -Wno-old-style-declaration -Wno-unused-but-set-variable -Wno-unused-parameter -Werror -I/usr/src/azl/BUILD/shim-15.8/Cryptlib/OpenSSL -I/usr/src/azl/BUILD/shim-15.8/Cryptlib -I/usr/src/azl/BUILD/shim-15.8/Cryptlib/OpenSSL/Include/ -I/usr/src/azl/BUILD/shim-15.8/Cryptlib/OpenSSL/crypto -I/usr/src/azl/BUILD/shim-15.8/Cryptlib/Include -I/usr/src/azl/BUILD/shim-15.8/gnu-efi/inc -I/usr/src/azl/BUILD/shim-15.8/gnu-efi/inc/x86_64 -I/usr/src/azl/BUILD/shim-15.8/gnu-efi/inc/protocol -I/usr/src/azl/BUILD/shim-15.8/Cryptlib/OpenSSL/crypto/asn1 -I/usr/src/azl/BUILD/shim-15.8/Cryptlib/OpenSSL/crypto/evp -I/usr/src/azl/BUILD/shim-15.8/Cryptlib/OpenSSL/crypto/modes -I/usr/src/azl/BUILD/shim-15.8/Cryptlib/OpenSSL/crypto/include -isystem /usr/src/azl/BUILD/shim-15.8/include/system -isystem /usr/lib/gcc/x86_64-pc-linux-gnu/13.2.0/include -DL_ENDIAN -D_CRT_SECURE_NO_DEPRECATE -D_CRT_NONSTDC_NO_DEPRECATE -DOPENSSL_SMALL_FOOTPRINT -DPEDANTIC -DMDE_CPU_X64   -c -o crypto/evp/evp_lib.o /usr/src/azl/BUILD/shim-15.8/Cryptlib/OpenSSL/crypto/evp/evp_lib.c
#7 105.5 gcc -std=gnu11 -ggdb -ffreestanding -fmacro-prefix-map=/usr/src/azl/BUILD/shim-15.8/= -fno-stack-protector -fno-strict-aliasing -fpic -fshort-wchar -nostdinc -m64 -mno-mmx -mno-sse -mno-red-zone -maccumulate-outgoing-args -Os -Wall -Wextra -Wno-missing-field-initializers -Wno-empty-body -Wno-implicit-fallthrough -Wno-old-style-declaration -Wno-unused-but-set-variable -Wno-unused-parameter -Werror -I/usr/src/azl/BUILD/shim-15.8/Cryptlib/OpenSSL -I/usr/src/azl/BUILD/shim-15.8/Cryptlib -I/usr/src/azl/BUILD/shim-15.8/Cryptlib/OpenSSL/Include/ -I/usr/src/azl/BUILD/shim-15.8/Cryptlib/OpenSSL/crypto -I/usr/src/azl/BUILD/shim-15.8/Cryptlib/Include -I/usr/src/azl/BUILD/shim-15.8/gnu-efi/inc -I/usr/src/azl/BUILD/shim-15.8/gnu-efi/inc/x86_64 -I/usr/src/azl/BUILD/shim-15.8/gnu-efi/inc/protocol -I/usr/src/azl/BUILD/shim-15.8/Cryptlib/OpenSSL/crypto/asn1 -I/usr/src/azl/BUILD/shim-15.8/Cryptlib/OpenSSL/crypto/evp -I/usr/src/azl/BUILD/shim-15.8/Cryptlib/OpenSSL/crypto/modes -I/usr/src/azl/BUILD/shim-15.8/Cryptlib/OpenSSL/crypto/include -isystem /usr/src/azl/BUILD/shim-15.8/include/system -isystem /usr/lib/gcc/x86_64-pc-linux-gnu/13.2.0/include -DL_ENDIAN -D_CRT_SECURE_NO_DEPRECATE -D_CRT_NONSTDC_NO_DEPRECATE -DOPENSSL_SMALL_FOOTPRINT -DPEDANTIC -DMDE_CPU_X64   -c -o crypto/evp/bio_ok.o /usr/src/azl/BUILD/shim-15.8/Cryptlib/OpenSSL/crypto/evp/bio_ok.c
#7 105.6 gcc -std=gnu11 -ggdb -ffreestanding -fmacro-prefix-map=/usr/src/azl/BUILD/shim-15.8/= -fno-stack-protector -fno-strict-aliasing -fpic -fshort-wchar -nostdinc -m64 -mno-mmx -mno-sse -mno-red-zone -maccumulate-outgoing-args -Os -Wall -Wextra -Wno-missing-field-initializers -Wno-empty-body -Wno-implicit-fallthrough -Wno-old-style-declaration -Wno-unused-but-set-variable -Wno-unused-parameter -Werror -I/usr/src/azl/BUILD/shim-15.8/Cryptlib/OpenSSL -I/usr/src/azl/BUILD/shim-15.8/Cryptlib -I/usr/src/azl/BUILD/shim-15.8/Cryptlib/OpenSSL/Include/ -I/usr/src/azl/BUILD/shim-15.8/Cryptlib/OpenSSL/crypto -I/usr/src/azl/BUILD/shim-15.8/Cryptlib/Include -I/usr/src/azl/BUILD/shim-15.8/gnu-efi/inc -I/usr/src/azl/BUILD/shim-15.8/gnu-efi/inc/x86_64 -I/usr/src/azl/BUILD/shim-15.8/gnu-efi/inc/protocol -I/usr/src/azl/BUILD/shim-15.8/Cryptlib/OpenSSL/crypto/asn1 -I/usr/src/azl/BUILD/shim-15.8/Cryptlib/OpenSSL/crypto/evp -I/usr/src/azl/BUILD/shim-15.8/Cryptlib/OpenSSL/crypto/modes -I/usr/src/azl/BUILD/shim-15.8/Cryptlib/OpenSSL/crypto/include -isystem /usr/src/azl/BUILD/shim-15.8/include/system -isystem /usr/lib/gcc/x86_64-pc-linux-gnu/13.2.0/include -DL_ENDIAN -D_CRT_SECURE_NO_DEPRECATE -D_CRT_NONSTDC_NO_DEPRECATE -DOPENSSL_SMALL_FOOTPRINT -DPEDANTIC -DMDE_CPU_X64   -c -o crypto/evp/evp_pkey.o /usr/src/azl/BUILD/shim-15.8/Cryptlib/OpenSSL/crypto/evp/evp_pkey.c
#7 105.7 gcc -std=gnu11 -ggdb -ffreestanding -fmacro-prefix-map=/usr/src/azl/BUILD/shim-15.8/= -fno-stack-protector -fno-strict-aliasing -fpic -fshort-wchar -nostdinc -m64 -mno-mmx -mno-sse -mno-red-zone -maccumulate-outgoing-args -Os -Wall -Wextra -Wno-missing-field-initializers -Wno-empty-body -Wno-implicit-fallthrough -Wno-old-style-declaration -Wno-unused-but-set-variable -Wno-unused-parameter -Werror -I/usr/src/azl/BUILD/shim-15.8/Cryptlib/OpenSSL -I/usr/src/azl/BUILD/shim-15.8/Cryptlib -I/usr/src/azl/BUILD/shim-15.8/Cryptlib/OpenSSL/Include/ -I/usr/src/azl/BUILD/shim-15.8/Cryptlib/OpenSSL/crypto -I/usr/src/azl/BUILD/shim-15.8/Cryptlib/Include -I/usr/src/azl/BUILD/shim-15.8/gnu-efi/inc -I/usr/src/azl/BUILD/shim-15.8/gnu-efi/inc/x86_64 -I/usr/src/azl/BUILD/shim-15.8/gnu-efi/inc/protocol -I/usr/src/azl/BUILD/shim-15.8/Cryptlib/OpenSSL/crypto/asn1 -I/usr/src/azl/BUILD/shim-15.8/Cryptlib/OpenSSL/crypto/evp -I/usr/src/azl/BUILD/shim-15.8/Cryptlib/OpenSSL/crypto/modes -I/usr/src/azl/BUILD/shim-15.8/Cryptlib/OpenSSL/crypto/include -isystem /usr/src/azl/BUILD/shim-15.8/include/system -isystem /usr/lib/gcc/x86_64-pc-linux-gnu/13.2.0/include -DL_ENDIAN -D_CRT_SECURE_NO_DEPRECATE -D_CRT_NONSTDC_NO_DEPRECATE -DOPENSSL_SMALL_FOOTPRINT -DPEDANTIC -DMDE_CPU_X64   -c -o crypto/evp/evp_pbe.o /usr/src/azl/BUILD/shim-15.8/Cryptlib/OpenSSL/crypto/evp/evp_pbe.c
#7 105.7 gcc -std=gnu11 -ggdb -ffreestanding -fmacro-prefix-map=/usr/src/azl/BUILD/shim-15.8/= -fno-stack-protector -fno-strict-aliasing -fpic -fshort-wchar -nostdinc -m64 -mno-mmx -mno-sse -mno-red-zone -maccumulate-outgoing-args -Os -Wall -Wextra -Wno-missing-field-initializers -Wno-empty-body -Wno-implicit-fallthrough -Wno-old-style-declaration -Wno-unused-but-set-variable -Wno-unused-parameter -Werror -I/usr/src/azl/BUILD/shim-15.8/Cryptlib/OpenSSL -I/usr/src/azl/BUILD/shim-15.8/Cryptlib -I/usr/src/azl/BUILD/shim-15.8/Cryptlib/OpenSSL/Include/ -I/usr/src/azl/BUILD/shim-15.8/Cryptlib/OpenSSL/crypto -I/usr/src/azl/BUILD/shim-15.8/Cryptlib/Include -I/usr/src/azl/BUILD/shim-15.8/gnu-efi/inc -I/usr/src/azl/BUILD/shim-15.8/gnu-efi/inc/x86_64 -I/usr/src/azl/BUILD/shim-15.8/gnu-efi/inc/protocol -I/usr/src/azl/BUILD/shim-15.8/Cryptlib/OpenSSL/crypto/asn1 -I/usr/src/azl/BUILD/shim-15.8/Cryptlib/OpenSSL/crypto/evp -I/usr/src/azl/BUILD/shim-15.8/Cryptlib/OpenSSL/crypto/modes -I/usr/src/azl/BUILD/shim-15.8/Cryptlib/OpenSSL/crypto/include -isystem /usr/src/azl/BUILD/shim-15.8/include/system -isystem /usr/lib/gcc/x86_64-pc-linux-gnu/13.2.0/include -DL_ENDIAN -D_CRT_SECURE_NO_DEPRECATE -D_CRT_NONSTDC_NO_DEPRECATE -DOPENSSL_SMALL_FOOTPRINT -DPEDANTIC -DMDE_CPU_X64   -c -o crypto/evp/p5_crpt.o /usr/src/azl/BUILD/shim-15.8/Cryptlib/OpenSSL/crypto/evp/p5_crpt.c
#7 105.8 gcc -std=gnu11 -ggdb -ffreestanding -fmacro-prefix-map=/usr/src/azl/BUILD/shim-15.8/= -fno-stack-protector -fno-strict-aliasing -fpic -fshort-wchar -nostdinc -m64 -mno-mmx -mno-sse -mno-red-zone -maccumulate-outgoing-args -Os -Wall -Wextra -Wno-missing-field-initializers -Wno-empty-body -Wno-implicit-fallthrough -Wno-old-style-declaration -Wno-unused-but-set-variable -Wno-unused-parameter -Werror -I/usr/src/azl/BUILD/shim-15.8/Cryptlib/OpenSSL -I/usr/src/azl/BUILD/shim-15.8/Cryptlib -I/usr/src/azl/BUILD/shim-15.8/Cryptlib/OpenSSL/Include/ -I/usr/src/azl/BUILD/shim-15.8/Cryptlib/OpenSSL/crypto -I/usr/src/azl/BUILD/shim-15.8/Cryptlib/Include -I/usr/src/azl/BUILD/shim-15.8/gnu-efi/inc -I/usr/src/azl/BUILD/shim-15.8/gnu-efi/inc/x86_64 -I/usr/src/azl/BUILD/shim-15.8/gnu-efi/inc/protocol -I/usr/src/azl/BUILD/shim-15.8/Cryptlib/OpenSSL/crypto/asn1 -I/usr/src/azl/BUILD/shim-15.8/Cryptlib/OpenSSL/crypto/evp -I/usr/src/azl/BUILD/shim-15.8/Cryptlib/OpenSSL/crypto/modes -I/usr/src/azl/BUILD/shim-15.8/Cryptlib/OpenSSL/crypto/include -isystem /usr/src/azl/BUILD/shim-15.8/include/system -isystem /usr/lib/gcc/x86_64-pc-linux-gnu/13.2.0/include -DL_ENDIAN -D_CRT_SECURE_NO_DEPRECATE -D_CRT_NONSTDC_NO_DEPRECATE -DOPENSSL_SMALL_FOOTPRINT -DPEDANTIC -DMDE_CPU_X64   -c -o crypto/evp/p5_crpt2.o /usr/src/azl/BUILD/shim-15.8/Cryptlib/OpenSSL/crypto/evp/p5_crpt2.c
#7 105.9 gcc -std=gnu11 -ggdb -ffreestanding -fmacro-prefix-map=/usr/src/azl/BUILD/shim-15.8/= -fno-stack-protector -fno-strict-aliasing -fpic -fshort-wchar -nostdinc -m64 -mno-mmx -mno-sse -mno-red-zone -maccumulate-outgoing-args -Os -Wall -Wextra -Wno-missing-field-initializers -Wno-empty-body -Wno-implicit-fallthrough -Wno-old-style-declaration -Wno-unused-but-set-variable -Wno-unused-parameter -Werror -I/usr/src/azl/BUILD/shim-15.8/Cryptlib/OpenSSL -I/usr/src/azl/BUILD/shim-15.8/Cryptlib -I/usr/src/azl/BUILD/shim-15.8/Cryptlib/OpenSSL/Include/ -I/usr/src/azl/BUILD/shim-15.8/Cryptlib/OpenSSL/crypto -I/usr/src/azl/BUILD/shim-15.8/Cryptlib/Include -I/usr/src/azl/BUILD/shim-15.8/gnu-efi/inc -I/usr/src/azl/BUILD/shim-15.8/gnu-efi/inc/x86_64 -I/usr/src/azl/BUILD/shim-15.8/gnu-efi/inc/protocol -I/usr/src/azl/BUILD/shim-15.8/Cryptlib/OpenSSL/crypto/asn1 -I/usr/src/azl/BUILD/shim-15.8/Cryptlib/OpenSSL/crypto/evp -I/usr/src/azl/BUILD/shim-15.8/Cryptlib/OpenSSL/crypto/modes -I/usr/src/azl/BUILD/shim-15.8/Cryptlib/OpenSSL/crypto/include -isystem /usr/src/azl/BUILD/shim-15.8/include/system -isystem /usr/lib/gcc/x86_64-pc-linux-gnu/13.2.0/include -DL_ENDIAN -D_CRT_SECURE_NO_DEPRECATE -D_CRT_NONSTDC_NO_DEPRECATE -DOPENSSL_SMALL_FOOTPRINT -DPEDANTIC -DMDE_CPU_X64   -c -o crypto/evp/e_old.o /usr/src/azl/BUILD/shim-15.8/Cryptlib/OpenSSL/crypto/evp/e_old.c
#7 105.9 gcc -std=gnu11 -ggdb -ffreestanding -fmacro-prefix-map=/usr/src/azl/BUILD/shim-15.8/= -fno-stack-protector -fno-strict-aliasing -fpic -fshort-wchar -nostdinc -m64 -mno-mmx -mno-sse -mno-red-zone -maccumulate-outgoing-args -Os -Wall -Wextra -Wno-missing-field-initializers -Wno-empty-body -Wno-implicit-fallthrough -Wno-old-style-declaration -Wno-unused-but-set-variable -Wno-unused-parameter -Werror -I/usr/src/azl/BUILD/shim-15.8/Cryptlib/OpenSSL -I/usr/src/azl/BUILD/shim-15.8/Cryptlib -I/usr/src/azl/BUILD/shim-15.8/Cryptlib/OpenSSL/Include/ -I/usr/src/azl/BUILD/shim-15.8/Cryptlib/OpenSSL/crypto -I/usr/src/azl/BUILD/shim-15.8/Cryptlib/Include -I/usr/src/azl/BUILD/shim-15.8/gnu-efi/inc -I/usr/src/azl/BUILD/shim-15.8/gnu-efi/inc/x86_64 -I/usr/src/azl/BUILD/shim-15.8/gnu-efi/inc/protocol -I/usr/src/azl/BUILD/shim-15.8/Cryptlib/OpenSSL/crypto/asn1 -I/usr/src/azl/BUILD/shim-15.8/Cryptlib/OpenSSL/crypto/evp -I/usr/src/azl/BUILD/shim-15.8/Cryptlib/OpenSSL/crypto/modes -I/usr/src/azl/BUILD/shim-15.8/Cryptlib/OpenSSL/crypto/include -isystem /usr/src/azl/BUILD/shim-15.8/include/system -isystem /usr/lib/gcc/x86_64-pc-linux-gnu/13.2.0/include -DL_ENDIAN -D_CRT_SECURE_NO_DEPRECATE -D_CRT_NONSTDC_NO_DEPRECATE -DOPENSSL_SMALL_FOOTPRINT -DPEDANTIC -DMDE_CPU_X64   -c -o crypto/evp/pmeth_lib.o /usr/src/azl/BUILD/shim-15.8/Cryptlib/OpenSSL/crypto/evp/pmeth_lib.c
#7 106.0 gcc -std=gnu11 -ggdb -ffreestanding -fmacro-prefix-map=/usr/src/azl/BUILD/shim-15.8/= -fno-stack-protector -fno-strict-aliasing -fpic -fshort-wchar -nostdinc -m64 -mno-mmx -mno-sse -mno-red-zone -maccumulate-outgoing-args -Os -Wall -Wextra -Wno-missing-field-initializers -Wno-empty-body -Wno-implicit-fallthrough -Wno-old-style-declaration -Wno-unused-but-set-variable -Wno-unused-parameter -Werror -I/usr/src/azl/BUILD/shim-15.8/Cryptlib/OpenSSL -I/usr/src/azl/BUILD/shim-15.8/Cryptlib -I/usr/src/azl/BUILD/shim-15.8/Cryptlib/OpenSSL/Include/ -I/usr/src/azl/BUILD/shim-15.8/Cryptlib/OpenSSL/crypto -I/usr/src/azl/BUILD/shim-15.8/Cryptlib/Include -I/usr/src/azl/BUILD/shim-15.8/gnu-efi/inc -I/usr/src/azl/BUILD/shim-15.8/gnu-efi/inc/x86_64 -I/usr/src/azl/BUILD/shim-15.8/gnu-efi/inc/protocol -I/usr/src/azl/BUILD/shim-15.8/Cryptlib/OpenSSL/crypto/asn1 -I/usr/src/azl/BUILD/shim-15.8/Cryptlib/OpenSSL/crypto/evp -I/usr/src/azl/BUILD/shim-15.8/Cryptlib/OpenSSL/crypto/modes -I/usr/src/azl/BUILD/shim-15.8/Cryptlib/OpenSSL/crypto/include -isystem /usr/src/azl/BUILD/shim-15.8/include/system -isystem /usr/lib/gcc/x86_64-pc-linux-gnu/13.2.0/include -DL_ENDIAN -D_CRT_SECURE_NO_DEPRECATE -D_CRT_NONSTDC_NO_DEPRECATE -DOPENSSL_SMALL_FOOTPRINT -DPEDANTIC -DMDE_CPU_X64   -c -o crypto/evp/pmeth_fn.o /usr/src/azl/BUILD/shim-15.8/Cryptlib/OpenSSL/crypto/evp/pmeth_fn.c
#7 106.1 gcc -std=gnu11 -ggdb -ffreestanding -fmacro-prefix-map=/usr/src/azl/BUILD/shim-15.8/= -fno-stack-protector -fno-strict-aliasing -fpic -fshort-wchar -nostdinc -m64 -mno-mmx -mno-sse -mno-red-zone -maccumulate-outgoing-args -Os -Wall -Wextra -Wno-missing-field-initializers -Wno-empty-body -Wno-implicit-fallthrough -Wno-old-style-declaration -Wno-unused-but-set-variable -Wno-unused-parameter -Werror -I/usr/src/azl/BUILD/shim-15.8/Cryptlib/OpenSSL -I/usr/src/azl/BUILD/shim-15.8/Cryptlib -I/usr/src/azl/BUILD/shim-15.8/Cryptlib/OpenSSL/Include/ -I/usr/src/azl/BUILD/shim-15.8/Cryptlib/OpenSSL/crypto -I/usr/src/azl/BUILD/shim-15.8/Cryptlib/Include -I/usr/src/azl/BUILD/shim-15.8/gnu-efi/inc -I/usr/src/azl/BUILD/shim-15.8/gnu-efi/inc/x86_64 -I/usr/src/azl/BUILD/shim-15.8/gnu-efi/inc/protocol -I/usr/src/azl/BUILD/shim-15.8/Cryptlib/OpenSSL/crypto/asn1 -I/usr/src/azl/BUILD/shim-15.8/Cryptlib/OpenSSL/crypto/evp -I/usr/src/azl/BUILD/shim-15.8/Cryptlib/OpenSSL/crypto/modes -I/usr/src/azl/BUILD/shim-15.8/Cryptlib/OpenSSL/crypto/include -isystem /usr/src/azl/BUILD/shim-15.8/include/system -isystem /usr/lib/gcc/x86_64-pc-linux-gnu/13.2.0/include -DL_ENDIAN -D_CRT_SECURE_NO_DEPRECATE -D_CRT_NONSTDC_NO_DEPRECATE -DOPENSSL_SMALL_FOOTPRINT -DPEDANTIC -DMDE_CPU_X64   -c -o crypto/evp/pmeth_gn.o /usr/src/azl/BUILD/shim-15.8/Cryptlib/OpenSSL/crypto/evp/pmeth_gn.c
#7 106.2 gcc -std=gnu11 -ggdb -ffreestanding -fmacro-prefix-map=/usr/src/azl/BUILD/shim-15.8/= -fno-stack-protector -fno-strict-aliasing -fpic -fshort-wchar -nostdinc -m64 -mno-mmx -mno-sse -mno-red-zone -maccumulate-outgoing-args -Os -Wall -Wextra -Wno-missing-field-initializers -Wno-empty-body -Wno-implicit-fallthrough -Wno-old-style-declaration -Wno-unused-but-set-variable -Wno-unused-parameter -Werror -I/usr/src/azl/BUILD/shim-15.8/Cryptlib/OpenSSL -I/usr/src/azl/BUILD/shim-15.8/Cryptlib -I/usr/src/azl/BUILD/shim-15.8/Cryptlib/OpenSSL/Include/ -I/usr/src/azl/BUILD/shim-15.8/Cryptlib/OpenSSL/crypto -I/usr/src/azl/BUILD/shim-15.8/Cryptlib/Include -I/usr/src/azl/BUILD/shim-15.8/gnu-efi/inc -I/usr/src/azl/BUILD/shim-15.8/gnu-efi/inc/x86_64 -I/usr/src/azl/BUILD/shim-15.8/gnu-efi/inc/protocol -I/usr/src/azl/BUILD/shim-15.8/Cryptlib/OpenSSL/crypto/asn1 -I/usr/src/azl/BUILD/shim-15.8/Cryptlib/OpenSSL/crypto/evp -I/usr/src/azl/BUILD/shim-15.8/Cryptlib/OpenSSL/crypto/modes -I/usr/src/azl/BUILD/shim-15.8/Cryptlib/OpenSSL/crypto/include -isystem /usr/src/azl/BUILD/shim-15.8/include/system -isystem /usr/lib/gcc/x86_64-pc-linux-gnu/13.2.0/include -DL_ENDIAN -D_CRT_SECURE_NO_DEPRECATE -D_CRT_NONSTDC_NO_DEPRECATE -DOPENSSL_SMALL_FOOTPRINT -DPEDANTIC -DMDE_CPU_X64   -c -o crypto/evp/m_sigver.o /usr/src/azl/BUILD/shim-15.8/Cryptlib/OpenSSL/crypto/evp/m_sigver.c
#7 106.3 gcc -std=gnu11 -ggdb -ffreestanding -fmacro-prefix-map=/usr/src/azl/BUILD/shim-15.8/= -fno-stack-protector -fno-strict-aliasing -fpic -fshort-wchar -nostdinc -m64 -mno-mmx -mno-sse -mno-red-zone -maccumulate-outgoing-args -Os -Wall -Wextra -Wno-missing-field-initializers -Wno-empty-body -Wno-implicit-fallthrough -Wno-old-style-declaration -Wno-unused-but-set-variable -Wno-unused-parameter -Werror -I/usr/src/azl/BUILD/shim-15.8/Cryptlib/OpenSSL -I/usr/src/azl/BUILD/shim-15.8/Cryptlib -I/usr/src/azl/BUILD/shim-15.8/Cryptlib/OpenSSL/Include/ -I/usr/src/azl/BUILD/shim-15.8/Cryptlib/OpenSSL/crypto -I/usr/src/azl/BUILD/shim-15.8/Cryptlib/Include -I/usr/src/azl/BUILD/shim-15.8/gnu-efi/inc -I/usr/src/azl/BUILD/shim-15.8/gnu-efi/inc/x86_64 -I/usr/src/azl/BUILD/shim-15.8/gnu-efi/inc/protocol -I/usr/src/azl/BUILD/shim-15.8/Cryptlib/OpenSSL/crypto/asn1 -I/usr/src/azl/BUILD/shim-15.8/Cryptlib/OpenSSL/crypto/evp -I/usr/src/azl/BUILD/shim-15.8/Cryptlib/OpenSSL/crypto/modes -I/usr/src/azl/BUILD/shim-15.8/Cryptlib/OpenSSL/crypto/include -isystem /usr/src/azl/BUILD/shim-15.8/include/system -isystem /usr/lib/gcc/x86_64-pc-linux-gnu/13.2.0/include -DL_ENDIAN -D_CRT_SECURE_NO_DEPRECATE -D_CRT_NONSTDC_NO_DEPRECATE -DOPENSSL_SMALL_FOOTPRINT -DPEDANTIC -DMDE_CPU_X64   -c -o crypto/evp/e_aes_cbc_hmac_sha1.o /usr/src/azl/BUILD/shim-15.8/Cryptlib/OpenSSL/crypto/evp/e_aes_cbc_hmac_sha1.c
#7 106.3 gcc -std=gnu11 -ggdb -ffreestanding -fmacro-prefix-map=/usr/src/azl/BUILD/shim-15.8/= -fno-stack-protector -fno-strict-aliasing -fpic -fshort-wchar -nostdinc -m64 -mno-mmx -mno-sse -mno-red-zone -maccumulate-outgoing-args -Os -Wall -Wextra -Wno-missing-field-initializers -Wno-empty-body -Wno-implicit-fallthrough -Wno-old-style-declaration -Wno-unused-but-set-variable -Wno-unused-parameter -Werror -I/usr/src/azl/BUILD/shim-15.8/Cryptlib/OpenSSL -I/usr/src/azl/BUILD/shim-15.8/Cryptlib -I/usr/src/azl/BUILD/shim-15.8/Cryptlib/OpenSSL/Include/ -I/usr/src/azl/BUILD/shim-15.8/Cryptlib/OpenSSL/crypto -I/usr/src/azl/BUILD/shim-15.8/Cryptlib/Include -I/usr/src/azl/BUILD/shim-15.8/gnu-efi/inc -I/usr/src/azl/BUILD/shim-15.8/gnu-efi/inc/x86_64 -I/usr/src/azl/BUILD/shim-15.8/gnu-efi/inc/protocol -I/usr/src/azl/BUILD/shim-15.8/Cryptlib/OpenSSL/crypto/asn1 -I/usr/src/azl/BUILD/shim-15.8/Cryptlib/OpenSSL/crypto/evp -I/usr/src/azl/BUILD/shim-15.8/Cryptlib/OpenSSL/crypto/modes -I/usr/src/azl/BUILD/shim-15.8/Cryptlib/OpenSSL/crypto/include -isystem /usr/src/azl/BUILD/shim-15.8/include/system -isystem /usr/lib/gcc/x86_64-pc-linux-gnu/13.2.0/include -DL_ENDIAN -D_CRT_SECURE_NO_DEPRECATE -D_CRT_NONSTDC_NO_DEPRECATE -DOPENSSL_SMALL_FOOTPRINT -DPEDANTIC -DMDE_CPU_X64   -c -o crypto/evp/e_aes_cbc_hmac_sha256.o /usr/src/azl/BUILD/shim-15.8/Cryptlib/OpenSSL/crypto/evp/e_aes_cbc_hmac_sha256.c
#7 106.3 gcc -std=gnu11 -ggdb -ffreestanding -fmacro-prefix-map=/usr/src/azl/BUILD/shim-15.8/= -fno-stack-protector -fno-strict-aliasing -fpic -fshort-wchar -nostdinc -m64 -mno-mmx -mno-sse -mno-red-zone -maccumulate-outgoing-args -Os -Wall -Wextra -Wno-missing-field-initializers -Wno-empty-body -Wno-implicit-fallthrough -Wno-old-style-declaration -Wno-unused-but-set-variable -Wno-unused-parameter -Werror -I/usr/src/azl/BUILD/shim-15.8/Cryptlib/OpenSSL -I/usr/src/azl/BUILD/shim-15.8/Cryptlib -I/usr/src/azl/BUILD/shim-15.8/Cryptlib/OpenSSL/Include/ -I/usr/src/azl/BUILD/shim-15.8/Cryptlib/OpenSSL/crypto -I/usr/src/azl/BUILD/shim-15.8/Cryptlib/Include -I/usr/src/azl/BUILD/shim-15.8/gnu-efi/inc -I/usr/src/azl/BUILD/shim-15.8/gnu-efi/inc/x86_64 -I/usr/src/azl/BUILD/shim-15.8/gnu-efi/inc/protocol -I/usr/src/azl/BUILD/shim-15.8/Cryptlib/OpenSSL/crypto/asn1 -I/usr/src/azl/BUILD/shim-15.8/Cryptlib/OpenSSL/crypto/evp -I/usr/src/azl/BUILD/shim-15.8/Cryptlib/OpenSSL/crypto/modes -I/usr/src/azl/BUILD/shim-15.8/Cryptlib/OpenSSL/crypto/include -isystem /usr/src/azl/BUILD/shim-15.8/include/system -isystem /usr/lib/gcc/x86_64-pc-linux-gnu/13.2.0/include -DL_ENDIAN -D_CRT_SECURE_NO_DEPRECATE -D_CRT_NONSTDC_NO_DEPRECATE -DOPENSSL_SMALL_FOOTPRINT -DPEDANTIC -DMDE_CPU_X64   -c -o crypto/evp/e_rc4_hmac_md5.o /usr/src/azl/BUILD/shim-15.8/Cryptlib/OpenSSL/crypto/evp/e_rc4_hmac_md5.c
#7 106.4 gcc -std=gnu11 -ggdb -ffreestanding -fmacro-prefix-map=/usr/src/azl/BUILD/shim-15.8/= -fno-stack-protector -fno-strict-aliasing -fpic -fshort-wchar -nostdinc -m64 -mno-mmx -mno-sse -mno-red-zone -maccumulate-outgoing-args -Os -Wall -Wextra -Wno-missing-field-initializers -Wno-empty-body -Wno-implicit-fallthrough -Wno-old-style-declaration -Wno-unused-but-set-variable -Wno-unused-parameter -Werror -I/usr/src/azl/BUILD/shim-15.8/Cryptlib/OpenSSL -I/usr/src/azl/BUILD/shim-15.8/Cryptlib -I/usr/src/azl/BUILD/shim-15.8/Cryptlib/OpenSSL/Include/ -I/usr/src/azl/BUILD/shim-15.8/Cryptlib/OpenSSL/crypto -I/usr/src/azl/BUILD/shim-15.8/Cryptlib/Include -I/usr/src/azl/BUILD/shim-15.8/gnu-efi/inc -I/usr/src/azl/BUILD/shim-15.8/gnu-efi/inc/x86_64 -I/usr/src/azl/BUILD/shim-15.8/gnu-efi/inc/protocol -I/usr/src/azl/BUILD/shim-15.8/Cryptlib/OpenSSL/crypto/asn1 -I/usr/src/azl/BUILD/shim-15.8/Cryptlib/OpenSSL/crypto/evp -I/usr/src/azl/BUILD/shim-15.8/Cryptlib/OpenSSL/crypto/modes -I/usr/src/azl/BUILD/shim-15.8/Cryptlib/OpenSSL/crypto/include -isystem /usr/src/azl/BUILD/shim-15.8/include/system -isystem /usr/lib/gcc/x86_64-pc-linux-gnu/13.2.0/include -DL_ENDIAN -D_CRT_SECURE_NO_DEPRECATE -D_CRT_NONSTDC_NO_DEPRECATE -DOPENSSL_SMALL_FOOTPRINT -DPEDANTIC -DMDE_CPU_X64   -c -o crypto/asn1/a_object.o /usr/src/azl/BUILD/shim-15.8/Cryptlib/OpenSSL/crypto/asn1/a_object.c
#7 106.4 gcc -std=gnu11 -ggdb -ffreestanding -fmacro-prefix-map=/usr/src/azl/BUILD/shim-15.8/= -fno-stack-protector -fno-strict-aliasing -fpic -fshort-wchar -nostdinc -m64 -mno-mmx -mno-sse -mno-red-zone -maccumulate-outgoing-args -Os -Wall -Wextra -Wno-missing-field-initializers -Wno-empty-body -Wno-implicit-fallthrough -Wno-old-style-declaration -Wno-unused-but-set-variable -Wno-unused-parameter -Werror -I/usr/src/azl/BUILD/shim-15.8/Cryptlib/OpenSSL -I/usr/src/azl/BUILD/shim-15.8/Cryptlib -I/usr/src/azl/BUILD/shim-15.8/Cryptlib/OpenSSL/Include/ -I/usr/src/azl/BUILD/shim-15.8/Cryptlib/OpenSSL/crypto -I/usr/src/azl/BUILD/shim-15.8/Cryptlib/Include -I/usr/src/azl/BUILD/shim-15.8/gnu-efi/inc -I/usr/src/azl/BUILD/shim-15.8/gnu-efi/inc/x86_64 -I/usr/src/azl/BUILD/shim-15.8/gnu-efi/inc/protocol -I/usr/src/azl/BUILD/shim-15.8/Cryptlib/OpenSSL/crypto/asn1 -I/usr/src/azl/BUILD/shim-15.8/Cryptlib/OpenSSL/crypto/evp -I/usr/src/azl/BUILD/shim-15.8/Cryptlib/OpenSSL/crypto/modes -I/usr/src/azl/BUILD/shim-15.8/Cryptlib/OpenSSL/crypto/include -isystem /usr/src/azl/BUILD/shim-15.8/include/system -isystem /usr/lib/gcc/x86_64-pc-linux-gnu/13.2.0/include -DL_ENDIAN -D_CRT_SECURE_NO_DEPRECATE -D_CRT_NONSTDC_NO_DEPRECATE -DOPENSSL_SMALL_FOOTPRINT -DPEDANTIC -DMDE_CPU_X64   -c -o crypto/asn1/a_bitstr.o /usr/src/azl/BUILD/shim-15.8/Cryptlib/OpenSSL/crypto/asn1/a_bitstr.c
#7 106.6 gcc -std=gnu11 -ggdb -ffreestanding -fmacro-prefix-map=/usr/src/azl/BUILD/shim-15.8/= -fno-stack-protector -fno-strict-aliasing -fpic -fshort-wchar -nostdinc -m64 -mno-mmx -mno-sse -mno-red-zone -maccumulate-outgoing-args -Os -Wall -Wextra -Wno-missing-field-initializers -Wno-empty-body -Wno-implicit-fallthrough -Wno-old-style-declaration -Wno-unused-but-set-variable -Wno-unused-parameter -Werror -I/usr/src/azl/BUILD/shim-15.8/Cryptlib/OpenSSL -I/usr/src/azl/BUILD/shim-15.8/Cryptlib -I/usr/src/azl/BUILD/shim-15.8/Cryptlib/OpenSSL/Include/ -I/usr/src/azl/BUILD/shim-15.8/Cryptlib/OpenSSL/crypto -I/usr/src/azl/BUILD/shim-15.8/Cryptlib/Include -I/usr/src/azl/BUILD/shim-15.8/gnu-efi/inc -I/usr/src/azl/BUILD/shim-15.8/gnu-efi/inc/x86_64 -I/usr/src/azl/BUILD/shim-15.8/gnu-efi/inc/protocol -I/usr/src/azl/BUILD/shim-15.8/Cryptlib/OpenSSL/crypto/asn1 -I/usr/src/azl/BUILD/shim-15.8/Cryptlib/OpenSSL/crypto/evp -I/usr/src/azl/BUILD/shim-15.8/Cryptlib/OpenSSL/crypto/modes -I/usr/src/azl/BUILD/shim-15.8/Cryptlib/OpenSSL/crypto/include -isystem /usr/src/azl/BUILD/shim-15.8/include/system -isystem /usr/lib/gcc/x86_64-pc-linux-gnu/13.2.0/include -DL_ENDIAN -D_CRT_SECURE_NO_DEPRECATE -D_CRT_NONSTDC_NO_DEPRECATE -DOPENSSL_SMALL_FOOTPRINT -DPEDANTIC -DMDE_CPU_X64   -c -o crypto/asn1/a_utctm.o /usr/src/azl/BUILD/shim-15.8/Cryptlib/OpenSSL/crypto/asn1/a_utctm.c
#7 106.6 gcc -std=gnu11 -ggdb -ffreestanding -fmacro-prefix-map=/usr/src/azl/BUILD/shim-15.8/= -fno-stack-protector -fno-strict-aliasing -fpic -fshort-wchar -nostdinc -m64 -mno-mmx -mno-sse -mno-red-zone -maccumulate-outgoing-args -Os -Wall -Wextra -Wno-missing-field-initializers -Wno-empty-body -Wno-implicit-fallthrough -Wno-old-style-declaration -Wno-unused-but-set-variable -Wno-unused-parameter -Werror -I/usr/src/azl/BUILD/shim-15.8/Cryptlib/OpenSSL -I/usr/src/azl/BUILD/shim-15.8/Cryptlib -I/usr/src/azl/BUILD/shim-15.8/Cryptlib/OpenSSL/Include/ -I/usr/src/azl/BUILD/shim-15.8/Cryptlib/OpenSSL/crypto -I/usr/src/azl/BUILD/shim-15.8/Cryptlib/Include -I/usr/src/azl/BUILD/shim-15.8/gnu-efi/inc -I/usr/src/azl/BUILD/shim-15.8/gnu-efi/inc/x86_64 -I/usr/src/azl/BUILD/shim-15.8/gnu-efi/inc/protocol -I/usr/src/azl/BUILD/shim-15.8/Cryptlib/OpenSSL/crypto/asn1 -I/usr/src/azl/BUILD/shim-15.8/Cryptlib/OpenSSL/crypto/evp -I/usr/src/azl/BUILD/shim-15.8/Cryptlib/OpenSSL/crypto/modes -I/usr/src/azl/BUILD/shim-15.8/Cryptlib/OpenSSL/crypto/include -isystem /usr/src/azl/BUILD/shim-15.8/include/system -isystem /usr/lib/gcc/x86_64-pc-linux-gnu/13.2.0/include -DL_ENDIAN -D_CRT_SECURE_NO_DEPRECATE -D_CRT_NONSTDC_NO_DEPRECATE -DOPENSSL_SMALL_FOOTPRINT -DPEDANTIC -DMDE_CPU_X64   -c -o crypto/asn1/a_gentm.o /usr/src/azl/BUILD/shim-15.8/Cryptlib/OpenSSL/crypto/asn1/a_gentm.c
#7 106.8 gcc -std=gnu11 -ggdb -ffreestanding -fmacro-prefix-map=/usr/src/azl/BUILD/shim-15.8/= -fno-stack-protector -fno-strict-aliasing -fpic -fshort-wchar -nostdinc -m64 -mno-mmx -mno-sse -mno-red-zone -maccumulate-outgoing-args -Os -Wall -Wextra -Wno-missing-field-initializers -Wno-empty-body -Wno-implicit-fallthrough -Wno-old-style-declaration -Wno-unused-but-set-variable -Wno-unused-parameter -Werror -I/usr/src/azl/BUILD/shim-15.8/Cryptlib/OpenSSL -I/usr/src/azl/BUILD/shim-15.8/Cryptlib -I/usr/src/azl/BUILD/shim-15.8/Cryptlib/OpenSSL/Include/ -I/usr/src/azl/BUILD/shim-15.8/Cryptlib/OpenSSL/crypto -I/usr/src/azl/BUILD/shim-15.8/Cryptlib/Include -I/usr/src/azl/BUILD/shim-15.8/gnu-efi/inc -I/usr/src/azl/BUILD/shim-15.8/gnu-efi/inc/x86_64 -I/usr/src/azl/BUILD/shim-15.8/gnu-efi/inc/protocol -I/usr/src/azl/BUILD/shim-15.8/Cryptlib/OpenSSL/crypto/asn1 -I/usr/src/azl/BUILD/shim-15.8/Cryptlib/OpenSSL/crypto/evp -I/usr/src/azl/BUILD/shim-15.8/Cryptlib/OpenSSL/crypto/modes -I/usr/src/azl/BUILD/shim-15.8/Cryptlib/OpenSSL/crypto/include -isystem /usr/src/azl/BUILD/shim-15.8/include/system -isystem /usr/lib/gcc/x86_64-pc-linux-gnu/13.2.0/include -DL_ENDIAN -D_CRT_SECURE_NO_DEPRECATE -D_CRT_NONSTDC_NO_DEPRECATE -DOPENSSL_SMALL_FOOTPRINT -DPEDANTIC -DMDE_CPU_X64   -c -o crypto/asn1/a_time.o /usr/src/azl/BUILD/shim-15.8/Cryptlib/OpenSSL/crypto/asn1/a_time.c
#7 106.8 gcc -std=gnu11 -ggdb -ffreestanding -fmacro-prefix-map=/usr/src/azl/BUILD/shim-15.8/= -fno-stack-protector -fno-strict-aliasing -fpic -fshort-wchar -nostdinc -m64 -mno-mmx -mno-sse -mno-red-zone -maccumulate-outgoing-args -Os -Wall -Wextra -Wno-missing-field-initializers -Wno-empty-body -Wno-implicit-fallthrough -Wno-old-style-declaration -Wno-unused-but-set-variable -Wno-unused-parameter -Werror -I/usr/src/azl/BUILD/shim-15.8/Cryptlib/OpenSSL -I/usr/src/azl/BUILD/shim-15.8/Cryptlib -I/usr/src/azl/BUILD/shim-15.8/Cryptlib/OpenSSL/Include/ -I/usr/src/azl/BUILD/shim-15.8/Cryptlib/OpenSSL/crypto -I/usr/src/azl/BUILD/shim-15.8/Cryptlib/Include -I/usr/src/azl/BUILD/shim-15.8/gnu-efi/inc -I/usr/src/azl/BUILD/shim-15.8/gnu-efi/inc/x86_64 -I/usr/src/azl/BUILD/shim-15.8/gnu-efi/inc/protocol -I/usr/src/azl/BUILD/shim-15.8/Cryptlib/OpenSSL/crypto/asn1 -I/usr/src/azl/BUILD/shim-15.8/Cryptlib/OpenSSL/crypto/evp -I/usr/src/azl/BUILD/shim-15.8/Cryptlib/OpenSSL/crypto/modes -I/usr/src/azl/BUILD/shim-15.8/Cryptlib/OpenSSL/crypto/include -isystem /usr/src/azl/BUILD/shim-15.8/include/system -isystem /usr/lib/gcc/x86_64-pc-linux-gnu/13.2.0/include -DL_ENDIAN -D_CRT_SECURE_NO_DEPRECATE -D_CRT_NONSTDC_NO_DEPRECATE -DOPENSSL_SMALL_FOOTPRINT -DPEDANTIC -DMDE_CPU_X64   -c -o crypto/asn1/a_int.o /usr/src/azl/BUILD/shim-15.8/Cryptlib/OpenSSL/crypto/asn1/a_int.c
#7 106.9 gcc -std=gnu11 -ggdb -ffreestanding -fmacro-prefix-map=/usr/src/azl/BUILD/shim-15.8/= -fno-stack-protector -fno-strict-aliasing -fpic -fshort-wchar -nostdinc -m64 -mno-mmx -mno-sse -mno-red-zone -maccumulate-outgoing-args -Os -Wall -Wextra -Wno-missing-field-initializers -Wno-empty-body -Wno-implicit-fallthrough -Wno-old-style-declaration -Wno-unused-but-set-variable -Wno-unused-parameter -Werror -I/usr/src/azl/BUILD/shim-15.8/Cryptlib/OpenSSL -I/usr/src/azl/BUILD/shim-15.8/Cryptlib -I/usr/src/azl/BUILD/shim-15.8/Cryptlib/OpenSSL/Include/ -I/usr/src/azl/BUILD/shim-15.8/Cryptlib/OpenSSL/crypto -I/usr/src/azl/BUILD/shim-15.8/Cryptlib/Include -I/usr/src/azl/BUILD/shim-15.8/gnu-efi/inc -I/usr/src/azl/BUILD/shim-15.8/gnu-efi/inc/x86_64 -I/usr/src/azl/BUILD/shim-15.8/gnu-efi/inc/protocol -I/usr/src/azl/BUILD/shim-15.8/Cryptlib/OpenSSL/crypto/asn1 -I/usr/src/azl/BUILD/shim-15.8/Cryptlib/OpenSSL/crypto/evp -I/usr/src/azl/BUILD/shim-15.8/Cryptlib/OpenSSL/crypto/modes -I/usr/src/azl/BUILD/shim-15.8/Cryptlib/OpenSSL/crypto/include -isystem /usr/src/azl/BUILD/shim-15.8/include/system -isystem /usr/lib/gcc/x86_64-pc-linux-gnu/13.2.0/include -DL_ENDIAN -D_CRT_SECURE_NO_DEPRECATE -D_CRT_NONSTDC_NO_DEPRECATE -DOPENSSL_SMALL_FOOTPRINT -DPEDANTIC -DMDE_CPU_X64   -c -o crypto/asn1/a_octet.o /usr/src/azl/BUILD/shim-15.8/Cryptlib/OpenSSL/crypto/asn1/a_octet.c
#7 106.9 gcc -std=gnu11 -ggdb -ffreestanding -fmacro-prefix-map=/usr/src/azl/BUILD/shim-15.8/= -fno-stack-protector -fno-strict-aliasing -fpic -fshort-wchar -nostdinc -m64 -mno-mmx -mno-sse -mno-red-zone -maccumulate-outgoing-args -Os -Wall -Wextra -Wno-missing-field-initializers -Wno-empty-body -Wno-implicit-fallthrough -Wno-old-style-declaration -Wno-unused-but-set-variable -Wno-unused-parameter -Werror -I/usr/src/azl/BUILD/shim-15.8/Cryptlib/OpenSSL -I/usr/src/azl/BUILD/shim-15.8/Cryptlib -I/usr/src/azl/BUILD/shim-15.8/Cryptlib/OpenSSL/Include/ -I/usr/src/azl/BUILD/shim-15.8/Cryptlib/OpenSSL/crypto -I/usr/src/azl/BUILD/shim-15.8/Cryptlib/Include -I/usr/src/azl/BUILD/shim-15.8/gnu-efi/inc -I/usr/src/azl/BUILD/shim-15.8/gnu-efi/inc/x86_64 -I/usr/src/azl/BUILD/shim-15.8/gnu-efi/inc/protocol -I/usr/src/azl/BUILD/shim-15.8/Cryptlib/OpenSSL/crypto/asn1 -I/usr/src/azl/BUILD/shim-15.8/Cryptlib/OpenSSL/crypto/evp -I/usr/src/azl/BUILD/shim-15.8/Cryptlib/OpenSSL/crypto/modes -I/usr/src/azl/BUILD/shim-15.8/Cryptlib/OpenSSL/crypto/include -isystem /usr/src/azl/BUILD/shim-15.8/include/system -isystem /usr/lib/gcc/x86_64-pc-linux-gnu/13.2.0/include -DL_ENDIAN -D_CRT_SECURE_NO_DEPRECATE -D_CRT_NONSTDC_NO_DEPRECATE -DOPENSSL_SMALL_FOOTPRINT -DPEDANTIC -DMDE_CPU_X64   -c -o crypto/asn1/a_print.o /usr/src/azl/BUILD/shim-15.8/Cryptlib/OpenSSL/crypto/asn1/a_print.c
#7 107.0 gcc -std=gnu11 -ggdb -ffreestanding -fmacro-prefix-map=/usr/src/azl/BUILD/shim-15.8/= -fno-stack-protector -fno-strict-aliasing -fpic -fshort-wchar -nostdinc -m64 -mno-mmx -mno-sse -mno-red-zone -maccumulate-outgoing-args -Os -Wall -Wextra -Wno-missing-field-initializers -Wno-empty-body -Wno-implicit-fallthrough -Wno-old-style-declaration -Wno-unused-but-set-variable -Wno-unused-parameter -Werror -I/usr/src/azl/BUILD/shim-15.8/Cryptlib/OpenSSL -I/usr/src/azl/BUILD/shim-15.8/Cryptlib -I/usr/src/azl/BUILD/shim-15.8/Cryptlib/OpenSSL/Include/ -I/usr/src/azl/BUILD/shim-15.8/Cryptlib/OpenSSL/crypto -I/usr/src/azl/BUILD/shim-15.8/Cryptlib/Include -I/usr/src/azl/BUILD/shim-15.8/gnu-efi/inc -I/usr/src/azl/BUILD/shim-15.8/gnu-efi/inc/x86_64 -I/usr/src/azl/BUILD/shim-15.8/gnu-efi/inc/protocol -I/usr/src/azl/BUILD/shim-15.8/Cryptlib/OpenSSL/crypto/asn1 -I/usr/src/azl/BUILD/shim-15.8/Cryptlib/OpenSSL/crypto/evp -I/usr/src/azl/BUILD/shim-15.8/Cryptlib/OpenSSL/crypto/modes -I/usr/src/azl/BUILD/shim-15.8/Cryptlib/OpenSSL/crypto/include -isystem /usr/src/azl/BUILD/shim-15.8/include/system -isystem /usr/lib/gcc/x86_64-pc-linux-gnu/13.2.0/include -DL_ENDIAN -D_CRT_SECURE_NO_DEPRECATE -D_CRT_NONSTDC_NO_DEPRECATE -DOPENSSL_SMALL_FOOTPRINT -DPEDANTIC -DMDE_CPU_X64   -c -o crypto/asn1/a_type.o /usr/src/azl/BUILD/shim-15.8/Cryptlib/OpenSSL/crypto/asn1/a_type.c
#7 107.0 gcc -std=gnu11 -ggdb -ffreestanding -fmacro-prefix-map=/usr/src/azl/BUILD/shim-15.8/= -fno-stack-protector -fno-strict-aliasing -fpic -fshort-wchar -nostdinc -m64 -mno-mmx -mno-sse -mno-red-zone -maccumulate-outgoing-args -Os -Wall -Wextra -Wno-missing-field-initializers -Wno-empty-body -Wno-implicit-fallthrough -Wno-old-style-declaration -Wno-unused-but-set-variable -Wno-unused-parameter -Werror -I/usr/src/azl/BUILD/shim-15.8/Cryptlib/OpenSSL -I/usr/src/azl/BUILD/shim-15.8/Cryptlib -I/usr/src/azl/BUILD/shim-15.8/Cryptlib/OpenSSL/Include/ -I/usr/src/azl/BUILD/shim-15.8/Cryptlib/OpenSSL/crypto -I/usr/src/azl/BUILD/shim-15.8/Cryptlib/Include -I/usr/src/azl/BUILD/shim-15.8/gnu-efi/inc -I/usr/src/azl/BUILD/shim-15.8/gnu-efi/inc/x86_64 -I/usr/src/azl/BUILD/shim-15.8/gnu-efi/inc/protocol -I/usr/src/azl/BUILD/shim-15.8/Cryptlib/OpenSSL/crypto/asn1 -I/usr/src/azl/BUILD/shim-15.8/Cryptlib/OpenSSL/crypto/evp -I/usr/src/azl/BUILD/shim-15.8/Cryptlib/OpenSSL/crypto/modes -I/usr/src/azl/BUILD/shim-15.8/Cryptlib/OpenSSL/crypto/include -isystem /usr/src/azl/BUILD/shim-15.8/include/system -isystem /usr/lib/gcc/x86_64-pc-linux-gnu/13.2.0/include -DL_ENDIAN -D_CRT_SECURE_NO_DEPRECATE -D_CRT_NONSTDC_NO_DEPRECATE -DOPENSSL_SMALL_FOOTPRINT -DPEDANTIC -DMDE_CPU_X64   -c -o crypto/asn1/a_set.o /usr/src/azl/BUILD/shim-15.8/Cryptlib/OpenSSL/crypto/asn1/a_set.c
#7 107.1 gcc -std=gnu11 -ggdb -ffreestanding -fmacro-prefix-map=/usr/src/azl/BUILD/shim-15.8/= -fno-stack-protector -fno-strict-aliasing -fpic -fshort-wchar -nostdinc -m64 -mno-mmx -mno-sse -mno-red-zone -maccumulate-outgoing-args -Os -Wall -Wextra -Wno-missing-field-initializers -Wno-empty-body -Wno-implicit-fallthrough -Wno-old-style-declaration -Wno-unused-but-set-variable -Wno-unused-parameter -Werror -I/usr/src/azl/BUILD/shim-15.8/Cryptlib/OpenSSL -I/usr/src/azl/BUILD/shim-15.8/Cryptlib -I/usr/src/azl/BUILD/shim-15.8/Cryptlib/OpenSSL/Include/ -I/usr/src/azl/BUILD/shim-15.8/Cryptlib/OpenSSL/crypto -I/usr/src/azl/BUILD/shim-15.8/Cryptlib/Include -I/usr/src/azl/BUILD/shim-15.8/gnu-efi/inc -I/usr/src/azl/BUILD/shim-15.8/gnu-efi/inc/x86_64 -I/usr/src/azl/BUILD/shim-15.8/gnu-efi/inc/protocol -I/usr/src/azl/BUILD/shim-15.8/Cryptlib/OpenSSL/crypto/asn1 -I/usr/src/azl/BUILD/shim-15.8/Cryptlib/OpenSSL/crypto/evp -I/usr/src/azl/BUILD/shim-15.8/Cryptlib/OpenSSL/crypto/modes -I/usr/src/azl/BUILD/shim-15.8/Cryptlib/OpenSSL/crypto/include -isystem /usr/src/azl/BUILD/shim-15.8/include/system -isystem /usr/lib/gcc/x86_64-pc-linux-gnu/13.2.0/include -DL_ENDIAN -D_CRT_SECURE_NO_DEPRECATE -D_CRT_NONSTDC_NO_DEPRECATE -DOPENSSL_SMALL_FOOTPRINT -DPEDANTIC -DMDE_CPU_X64   -c -o crypto/asn1/a_dup.o /usr/src/azl/BUILD/shim-15.8/Cryptlib/OpenSSL/crypto/asn1/a_dup.c
#7 107.1 gcc -std=gnu11 -ggdb -ffreestanding -fmacro-prefix-map=/usr/src/azl/BUILD/shim-15.8/= -fno-stack-protector -fno-strict-aliasing -fpic -fshort-wchar -nostdinc -m64 -mno-mmx -mno-sse -mno-red-zone -maccumulate-outgoing-args -Os -Wall -Wextra -Wno-missing-field-initializers -Wno-empty-body -Wno-implicit-fallthrough -Wno-old-style-declaration -Wno-unused-but-set-variable -Wno-unused-parameter -Werror -I/usr/src/azl/BUILD/shim-15.8/Cryptlib/OpenSSL -I/usr/src/azl/BUILD/shim-15.8/Cryptlib -I/usr/src/azl/BUILD/shim-15.8/Cryptlib/OpenSSL/Include/ -I/usr/src/azl/BUILD/shim-15.8/Cryptlib/OpenSSL/crypto -I/usr/src/azl/BUILD/shim-15.8/Cryptlib/Include -I/usr/src/azl/BUILD/shim-15.8/gnu-efi/inc -I/usr/src/azl/BUILD/shim-15.8/gnu-efi/inc/x86_64 -I/usr/src/azl/BUILD/shim-15.8/gnu-efi/inc/protocol -I/usr/src/azl/BUILD/shim-15.8/Cryptlib/OpenSSL/crypto/asn1 -I/usr/src/azl/BUILD/shim-15.8/Cryptlib/OpenSSL/crypto/evp -I/usr/src/azl/BUILD/shim-15.8/Cryptlib/OpenSSL/crypto/modes -I/usr/src/azl/BUILD/shim-15.8/Cryptlib/OpenSSL/crypto/include -isystem /usr/src/azl/BUILD/shim-15.8/include/system -isystem /usr/lib/gcc/x86_64-pc-linux-gnu/13.2.0/include -DL_ENDIAN -D_CRT_SECURE_NO_DEPRECATE -D_CRT_NONSTDC_NO_DEPRECATE -DOPENSSL_SMALL_FOOTPRINT -DPEDANTIC -DMDE_CPU_X64   -c -o crypto/asn1/a_d2i_fp.o /usr/src/azl/BUILD/shim-15.8/Cryptlib/OpenSSL/crypto/asn1/a_d2i_fp.c
#7 107.2 gcc -std=gnu11 -ggdb -ffreestanding -fmacro-prefix-map=/usr/src/azl/BUILD/shim-15.8/= -fno-stack-protector -fno-strict-aliasing -fpic -fshort-wchar -nostdinc -m64 -mno-mmx -mno-sse -mno-red-zone -maccumulate-outgoing-args -Os -Wall -Wextra -Wno-missing-field-initializers -Wno-empty-body -Wno-implicit-fallthrough -Wno-old-style-declaration -Wno-unused-but-set-variable -Wno-unused-parameter -Werror -I/usr/src/azl/BUILD/shim-15.8/Cryptlib/OpenSSL -I/usr/src/azl/BUILD/shim-15.8/Cryptlib -I/usr/src/azl/BUILD/shim-15.8/Cryptlib/OpenSSL/Include/ -I/usr/src/azl/BUILD/shim-15.8/Cryptlib/OpenSSL/crypto -I/usr/src/azl/BUILD/shim-15.8/Cryptlib/Include -I/usr/src/azl/BUILD/shim-15.8/gnu-efi/inc -I/usr/src/azl/BUILD/shim-15.8/gnu-efi/inc/x86_64 -I/usr/src/azl/BUILD/shim-15.8/gnu-efi/inc/protocol -I/usr/src/azl/BUILD/shim-15.8/Cryptlib/OpenSSL/crypto/asn1 -I/usr/src/azl/BUILD/shim-15.8/Cryptlib/OpenSSL/crypto/evp -I/usr/src/azl/BUILD/shim-15.8/Cryptlib/OpenSSL/crypto/modes -I/usr/src/azl/BUILD/shim-15.8/Cryptlib/OpenSSL/crypto/include -isystem /usr/src/azl/BUILD/shim-15.8/include/system -isystem /usr/lib/gcc/x86_64-pc-linux-gnu/13.2.0/include -DL_ENDIAN -D_CRT_SECURE_NO_DEPRECATE -D_CRT_NONSTDC_NO_DEPRECATE -DOPENSSL_SMALL_FOOTPRINT -DPEDANTIC -DMDE_CPU_X64   -c -o crypto/asn1/a_i2d_fp.o /usr/src/azl/BUILD/shim-15.8/Cryptlib/OpenSSL/crypto/asn1/a_i2d_fp.c
#7 107.3 gcc -std=gnu11 -ggdb -ffreestanding -fmacro-prefix-map=/usr/src/azl/BUILD/shim-15.8/= -fno-stack-protector -fno-strict-aliasing -fpic -fshort-wchar -nostdinc -m64 -mno-mmx -mno-sse -mno-red-zone -maccumulate-outgoing-args -Os -Wall -Wextra -Wno-missing-field-initializers -Wno-empty-body -Wno-implicit-fallthrough -Wno-old-style-declaration -Wno-unused-but-set-variable -Wno-unused-parameter -Werror -I/usr/src/azl/BUILD/shim-15.8/Cryptlib/OpenSSL -I/usr/src/azl/BUILD/shim-15.8/Cryptlib -I/usr/src/azl/BUILD/shim-15.8/Cryptlib/OpenSSL/Include/ -I/usr/src/azl/BUILD/shim-15.8/Cryptlib/OpenSSL/crypto -I/usr/src/azl/BUILD/shim-15.8/Cryptlib/Include -I/usr/src/azl/BUILD/shim-15.8/gnu-efi/inc -I/usr/src/azl/BUILD/shim-15.8/gnu-efi/inc/x86_64 -I/usr/src/azl/BUILD/shim-15.8/gnu-efi/inc/protocol -I/usr/src/azl/BUILD/shim-15.8/Cryptlib/OpenSSL/crypto/asn1 -I/usr/src/azl/BUILD/shim-15.8/Cryptlib/OpenSSL/crypto/evp -I/usr/src/azl/BUILD/shim-15.8/Cryptlib/OpenSSL/crypto/modes -I/usr/src/azl/BUILD/shim-15.8/Cryptlib/OpenSSL/crypto/include -isystem /usr/src/azl/BUILD/shim-15.8/include/system -isystem /usr/lib/gcc/x86_64-pc-linux-gnu/13.2.0/include -DL_ENDIAN -D_CRT_SECURE_NO_DEPRECATE -D_CRT_NONSTDC_NO_DEPRECATE -DOPENSSL_SMALL_FOOTPRINT -DPEDANTIC -DMDE_CPU_X64   -c -o crypto/asn1/a_enum.o /usr/src/azl/BUILD/shim-15.8/Cryptlib/OpenSSL/crypto/asn1/a_enum.c
#7 107.3 gcc -std=gnu11 -ggdb -ffreestanding -fmacro-prefix-map=/usr/src/azl/BUILD/shim-15.8/= -fno-stack-protector -fno-strict-aliasing -fpic -fshort-wchar -nostdinc -m64 -mno-mmx -mno-sse -mno-red-zone -maccumulate-outgoing-args -Os -Wall -Wextra -Wno-missing-field-initializers -Wno-empty-body -Wno-implicit-fallthrough -Wno-old-style-declaration -Wno-unused-but-set-variable -Wno-unused-parameter -Werror -I/usr/src/azl/BUILD/shim-15.8/Cryptlib/OpenSSL -I/usr/src/azl/BUILD/shim-15.8/Cryptlib -I/usr/src/azl/BUILD/shim-15.8/Cryptlib/OpenSSL/Include/ -I/usr/src/azl/BUILD/shim-15.8/Cryptlib/OpenSSL/crypto -I/usr/src/azl/BUILD/shim-15.8/Cryptlib/Include -I/usr/src/azl/BUILD/shim-15.8/gnu-efi/inc -I/usr/src/azl/BUILD/shim-15.8/gnu-efi/inc/x86_64 -I/usr/src/azl/BUILD/shim-15.8/gnu-efi/inc/protocol -I/usr/src/azl/BUILD/shim-15.8/Cryptlib/OpenSSL/crypto/asn1 -I/usr/src/azl/BUILD/shim-15.8/Cryptlib/OpenSSL/crypto/evp -I/usr/src/azl/BUILD/shim-15.8/Cryptlib/OpenSSL/crypto/modes -I/usr/src/azl/BUILD/shim-15.8/Cryptlib/OpenSSL/crypto/include -isystem /usr/src/azl/BUILD/shim-15.8/include/system -isystem /usr/lib/gcc/x86_64-pc-linux-gnu/13.2.0/include -DL_ENDIAN -D_CRT_SECURE_NO_DEPRECATE -D_CRT_NONSTDC_NO_DEPRECATE -DOPENSSL_SMALL_FOOTPRINT -DPEDANTIC -DMDE_CPU_X64   -c -o crypto/asn1/a_utf8.o /usr/src/azl/BUILD/shim-15.8/Cryptlib/OpenSSL/crypto/asn1/a_utf8.c
#7 107.4 gcc -std=gnu11 -ggdb -ffreestanding -fmacro-prefix-map=/usr/src/azl/BUILD/shim-15.8/= -fno-stack-protector -fno-strict-aliasing -fpic -fshort-wchar -nostdinc -m64 -mno-mmx -mno-sse -mno-red-zone -maccumulate-outgoing-args -Os -Wall -Wextra -Wno-missing-field-initializers -Wno-empty-body -Wno-implicit-fallthrough -Wno-old-style-declaration -Wno-unused-but-set-variable -Wno-unused-parameter -Werror -I/usr/src/azl/BUILD/shim-15.8/Cryptlib/OpenSSL -I/usr/src/azl/BUILD/shim-15.8/Cryptlib -I/usr/src/azl/BUILD/shim-15.8/Cryptlib/OpenSSL/Include/ -I/usr/src/azl/BUILD/shim-15.8/Cryptlib/OpenSSL/crypto -I/usr/src/azl/BUILD/shim-15.8/Cryptlib/Include -I/usr/src/azl/BUILD/shim-15.8/gnu-efi/inc -I/usr/src/azl/BUILD/shim-15.8/gnu-efi/inc/x86_64 -I/usr/src/azl/BUILD/shim-15.8/gnu-efi/inc/protocol -I/usr/src/azl/BUILD/shim-15.8/Cryptlib/OpenSSL/crypto/asn1 -I/usr/src/azl/BUILD/shim-15.8/Cryptlib/OpenSSL/crypto/evp -I/usr/src/azl/BUILD/shim-15.8/Cryptlib/OpenSSL/crypto/modes -I/usr/src/azl/BUILD/shim-15.8/Cryptlib/OpenSSL/crypto/include -isystem /usr/src/azl/BUILD/shim-15.8/include/system -isystem /usr/lib/gcc/x86_64-pc-linux-gnu/13.2.0/include -DL_ENDIAN -D_CRT_SECURE_NO_DEPRECATE -D_CRT_NONSTDC_NO_DEPRECATE -DOPENSSL_SMALL_FOOTPRINT -DPEDANTIC -DMDE_CPU_X64   -c -o crypto/asn1/a_sign.o /usr/src/azl/BUILD/shim-15.8/Cryptlib/OpenSSL/crypto/asn1/a_sign.c
#7 107.4 gcc -std=gnu11 -ggdb -ffreestanding -fmacro-prefix-map=/usr/src/azl/BUILD/shim-15.8/= -fno-stack-protector -fno-strict-aliasing -fpic -fshort-wchar -nostdinc -m64 -mno-mmx -mno-sse -mno-red-zone -maccumulate-outgoing-args -Os -Wall -Wextra -Wno-missing-field-initializers -Wno-empty-body -Wno-implicit-fallthrough -Wno-old-style-declaration -Wno-unused-but-set-variable -Wno-unused-parameter -Werror -I/usr/src/azl/BUILD/shim-15.8/Cryptlib/OpenSSL -I/usr/src/azl/BUILD/shim-15.8/Cryptlib -I/usr/src/azl/BUILD/shim-15.8/Cryptlib/OpenSSL/Include/ -I/usr/src/azl/BUILD/shim-15.8/Cryptlib/OpenSSL/crypto -I/usr/src/azl/BUILD/shim-15.8/Cryptlib/Include -I/usr/src/azl/BUILD/shim-15.8/gnu-efi/inc -I/usr/src/azl/BUILD/shim-15.8/gnu-efi/inc/x86_64 -I/usr/src/azl/BUILD/shim-15.8/gnu-efi/inc/protocol -I/usr/src/azl/BUILD/shim-15.8/Cryptlib/OpenSSL/crypto/asn1 -I/usr/src/azl/BUILD/shim-15.8/Cryptlib/OpenSSL/crypto/evp -I/usr/src/azl/BUILD/shim-15.8/Cryptlib/OpenSSL/crypto/modes -I/usr/src/azl/BUILD/shim-15.8/Cryptlib/OpenSSL/crypto/include -isystem /usr/src/azl/BUILD/shim-15.8/include/system -isystem /usr/lib/gcc/x86_64-pc-linux-gnu/13.2.0/include -DL_ENDIAN -D_CRT_SECURE_NO_DEPRECATE -D_CRT_NONSTDC_NO_DEPRECATE -DOPENSSL_SMALL_FOOTPRINT -DPEDANTIC -DMDE_CPU_X64   -c -o crypto/asn1/a_digest.o /usr/src/azl/BUILD/shim-15.8/Cryptlib/OpenSSL/crypto/asn1/a_digest.c
#7 107.5 gcc -std=gnu11 -ggdb -ffreestanding -fmacro-prefix-map=/usr/src/azl/BUILD/shim-15.8/= -fno-stack-protector -fno-strict-aliasing -fpic -fshort-wchar -nostdinc -m64 -mno-mmx -mno-sse -mno-red-zone -maccumulate-outgoing-args -Os -Wall -Wextra -Wno-missing-field-initializers -Wno-empty-body -Wno-implicit-fallthrough -Wno-old-style-declaration -Wno-unused-but-set-variable -Wno-unused-parameter -Werror -I/usr/src/azl/BUILD/shim-15.8/Cryptlib/OpenSSL -I/usr/src/azl/BUILD/shim-15.8/Cryptlib -I/usr/src/azl/BUILD/shim-15.8/Cryptlib/OpenSSL/Include/ -I/usr/src/azl/BUILD/shim-15.8/Cryptlib/OpenSSL/crypto -I/usr/src/azl/BUILD/shim-15.8/Cryptlib/Include -I/usr/src/azl/BUILD/shim-15.8/gnu-efi/inc -I/usr/src/azl/BUILD/shim-15.8/gnu-efi/inc/x86_64 -I/usr/src/azl/BUILD/shim-15.8/gnu-efi/inc/protocol -I/usr/src/azl/BUILD/shim-15.8/Cryptlib/OpenSSL/crypto/asn1 -I/usr/src/azl/BUILD/shim-15.8/Cryptlib/OpenSSL/crypto/evp -I/usr/src/azl/BUILD/shim-15.8/Cryptlib/OpenSSL/crypto/modes -I/usr/src/azl/BUILD/shim-15.8/Cryptlib/OpenSSL/crypto/include -isystem /usr/src/azl/BUILD/shim-15.8/include/system -isystem /usr/lib/gcc/x86_64-pc-linux-gnu/13.2.0/include -DL_ENDIAN -D_CRT_SECURE_NO_DEPRECATE -D_CRT_NONSTDC_NO_DEPRECATE -DOPENSSL_SMALL_FOOTPRINT -DPEDANTIC -DMDE_CPU_X64   -c -o crypto/asn1/a_verify.o /usr/src/azl/BUILD/shim-15.8/Cryptlib/OpenSSL/crypto/asn1/a_verify.c
#7 107.6 gcc -std=gnu11 -ggdb -ffreestanding -fmacro-prefix-map=/usr/src/azl/BUILD/shim-15.8/= -fno-stack-protector -fno-strict-aliasing -fpic -fshort-wchar -nostdinc -m64 -mno-mmx -mno-sse -mno-red-zone -maccumulate-outgoing-args -Os -Wall -Wextra -Wno-missing-field-initializers -Wno-empty-body -Wno-implicit-fallthrough -Wno-old-style-declaration -Wno-unused-but-set-variable -Wno-unused-parameter -Werror -I/usr/src/azl/BUILD/shim-15.8/Cryptlib/OpenSSL -I/usr/src/azl/BUILD/shim-15.8/Cryptlib -I/usr/src/azl/BUILD/shim-15.8/Cryptlib/OpenSSL/Include/ -I/usr/src/azl/BUILD/shim-15.8/Cryptlib/OpenSSL/crypto -I/usr/src/azl/BUILD/shim-15.8/Cryptlib/Include -I/usr/src/azl/BUILD/shim-15.8/gnu-efi/inc -I/usr/src/azl/BUILD/shim-15.8/gnu-efi/inc/x86_64 -I/usr/src/azl/BUILD/shim-15.8/gnu-efi/inc/protocol -I/usr/src/azl/BUILD/shim-15.8/Cryptlib/OpenSSL/crypto/asn1 -I/usr/src/azl/BUILD/shim-15.8/Cryptlib/OpenSSL/crypto/evp -I/usr/src/azl/BUILD/shim-15.8/Cryptlib/OpenSSL/crypto/modes -I/usr/src/azl/BUILD/shim-15.8/Cryptlib/OpenSSL/crypto/include -isystem /usr/src/azl/BUILD/shim-15.8/include/system -isystem /usr/lib/gcc/x86_64-pc-linux-gnu/13.2.0/include -DL_ENDIAN -D_CRT_SECURE_NO_DEPRECATE -D_CRT_NONSTDC_NO_DEPRECATE -DOPENSSL_SMALL_FOOTPRINT -DPEDANTIC -DMDE_CPU_X64   -c -o crypto/asn1/a_mbstr.o /usr/src/azl/BUILD/shim-15.8/Cryptlib/OpenSSL/crypto/asn1/a_mbstr.c
#7 107.6 gcc -std=gnu11 -ggdb -ffreestanding -fmacro-prefix-map=/usr/src/azl/BUILD/shim-15.8/= -fno-stack-protector -fno-strict-aliasing -fpic -fshort-wchar -nostdinc -m64 -mno-mmx -mno-sse -mno-red-zone -maccumulate-outgoing-args -Os -Wall -Wextra -Wno-missing-field-initializers -Wno-empty-body -Wno-implicit-fallthrough -Wno-old-style-declaration -Wno-unused-but-set-variable -Wno-unused-parameter -Werror -I/usr/src/azl/BUILD/shim-15.8/Cryptlib/OpenSSL -I/usr/src/azl/BUILD/shim-15.8/Cryptlib -I/usr/src/azl/BUILD/shim-15.8/Cryptlib/OpenSSL/Include/ -I/usr/src/azl/BUILD/shim-15.8/Cryptlib/OpenSSL/crypto -I/usr/src/azl/BUILD/shim-15.8/Cryptlib/Include -I/usr/src/azl/BUILD/shim-15.8/gnu-efi/inc -I/usr/src/azl/BUILD/shim-15.8/gnu-efi/inc/x86_64 -I/usr/src/azl/BUILD/shim-15.8/gnu-efi/inc/protocol -I/usr/src/azl/BUILD/shim-15.8/Cryptlib/OpenSSL/crypto/asn1 -I/usr/src/azl/BUILD/shim-15.8/Cryptlib/OpenSSL/crypto/evp -I/usr/src/azl/BUILD/shim-15.8/Cryptlib/OpenSSL/crypto/modes -I/usr/src/azl/BUILD/shim-15.8/Cryptlib/OpenSSL/crypto/include -isystem /usr/src/azl/BUILD/shim-15.8/include/system -isystem /usr/lib/gcc/x86_64-pc-linux-gnu/13.2.0/include -DL_ENDIAN -D_CRT_SECURE_NO_DEPRECATE -D_CRT_NONSTDC_NO_DEPRECATE -DOPENSSL_SMALL_FOOTPRINT -DPEDANTIC -DMDE_CPU_X64   -c -o crypto/asn1/a_strex.o /usr/src/azl/BUILD/shim-15.8/Cryptlib/OpenSSL/crypto/asn1/a_strex.c
#7 107.7 gcc -std=gnu11 -ggdb -ffreestanding -fmacro-prefix-map=/usr/src/azl/BUILD/shim-15.8/= -fno-stack-protector -fno-strict-aliasing -fpic -fshort-wchar -nostdinc -m64 -mno-mmx -mno-sse -mno-red-zone -maccumulate-outgoing-args -Os -Wall -Wextra -Wno-missing-field-initializers -Wno-empty-body -Wno-implicit-fallthrough -Wno-old-style-declaration -Wno-unused-but-set-variable -Wno-unused-parameter -Werror -I/usr/src/azl/BUILD/shim-15.8/Cryptlib/OpenSSL -I/usr/src/azl/BUILD/shim-15.8/Cryptlib -I/usr/src/azl/BUILD/shim-15.8/Cryptlib/OpenSSL/Include/ -I/usr/src/azl/BUILD/shim-15.8/Cryptlib/OpenSSL/crypto -I/usr/src/azl/BUILD/shim-15.8/Cryptlib/Include -I/usr/src/azl/BUILD/shim-15.8/gnu-efi/inc -I/usr/src/azl/BUILD/shim-15.8/gnu-efi/inc/x86_64 -I/usr/src/azl/BUILD/shim-15.8/gnu-efi/inc/protocol -I/usr/src/azl/BUILD/shim-15.8/Cryptlib/OpenSSL/crypto/asn1 -I/usr/src/azl/BUILD/shim-15.8/Cryptlib/OpenSSL/crypto/evp -I/usr/src/azl/BUILD/shim-15.8/Cryptlib/OpenSSL/crypto/modes -I/usr/src/azl/BUILD/shim-15.8/Cryptlib/OpenSSL/crypto/include -isystem /usr/src/azl/BUILD/shim-15.8/include/system -isystem /usr/lib/gcc/x86_64-pc-linux-gnu/13.2.0/include -DL_ENDIAN -D_CRT_SECURE_NO_DEPRECATE -D_CRT_NONSTDC_NO_DEPRECATE -DOPENSSL_SMALL_FOOTPRINT -DPEDANTIC -DMDE_CPU_X64   -c -o crypto/asn1/x_algor.o /usr/src/azl/BUILD/shim-15.8/Cryptlib/OpenSSL/crypto/asn1/x_algor.c
#7 107.9 gcc -std=gnu11 -ggdb -ffreestanding -fmacro-prefix-map=/usr/src/azl/BUILD/shim-15.8/= -fno-stack-protector -fno-strict-aliasing -fpic -fshort-wchar -nostdinc -m64 -mno-mmx -mno-sse -mno-red-zone -maccumulate-outgoing-args -Os -Wall -Wextra -Wno-missing-field-initializers -Wno-empty-body -Wno-implicit-fallthrough -Wno-old-style-declaration -Wno-unused-but-set-variable -Wno-unused-parameter -Werror -I/usr/src/azl/BUILD/shim-15.8/Cryptlib/OpenSSL -I/usr/src/azl/BUILD/shim-15.8/Cryptlib -I/usr/src/azl/BUILD/shim-15.8/Cryptlib/OpenSSL/Include/ -I/usr/src/azl/BUILD/shim-15.8/Cryptlib/OpenSSL/crypto -I/usr/src/azl/BUILD/shim-15.8/Cryptlib/Include -I/usr/src/azl/BUILD/shim-15.8/gnu-efi/inc -I/usr/src/azl/BUILD/shim-15.8/gnu-efi/inc/x86_64 -I/usr/src/azl/BUILD/shim-15.8/gnu-efi/inc/protocol -I/usr/src/azl/BUILD/shim-15.8/Cryptlib/OpenSSL/crypto/asn1 -I/usr/src/azl/BUILD/shim-15.8/Cryptlib/OpenSSL/crypto/evp -I/usr/src/azl/BUILD/shim-15.8/Cryptlib/OpenSSL/crypto/modes -I/usr/src/azl/BUILD/shim-15.8/Cryptlib/OpenSSL/crypto/include -isystem /usr/src/azl/BUILD/shim-15.8/include/system -isystem /usr/lib/gcc/x86_64-pc-linux-gnu/13.2.0/include -DL_ENDIAN -D_CRT_SECURE_NO_DEPRECATE -D_CRT_NONSTDC_NO_DEPRECATE -DOPENSSL_SMALL_FOOTPRINT -DPEDANTIC -DMDE_CPU_X64   -c -o crypto/asn1/x_val.o /usr/src/azl/BUILD/shim-15.8/Cryptlib/OpenSSL/crypto/asn1/x_val.c
#7 107.9 gcc -std=gnu11 -ggdb -ffreestanding -fmacro-prefix-map=/usr/src/azl/BUILD/shim-15.8/= -fno-stack-protector -fno-strict-aliasing -fpic -fshort-wchar -nostdinc -m64 -mno-mmx -mno-sse -mno-red-zone -maccumulate-outgoing-args -Os -Wall -Wextra -Wno-missing-field-initializers -Wno-empty-body -Wno-implicit-fallthrough -Wno-old-style-declaration -Wno-unused-but-set-variable -Wno-unused-parameter -Werror -I/usr/src/azl/BUILD/shim-15.8/Cryptlib/OpenSSL -I/usr/src/azl/BUILD/shim-15.8/Cryptlib -I/usr/src/azl/BUILD/shim-15.8/Cryptlib/OpenSSL/Include/ -I/usr/src/azl/BUILD/shim-15.8/Cryptlib/OpenSSL/crypto -I/usr/src/azl/BUILD/shim-15.8/Cryptlib/Include -I/usr/src/azl/BUILD/shim-15.8/gnu-efi/inc -I/usr/src/azl/BUILD/shim-15.8/gnu-efi/inc/x86_64 -I/usr/src/azl/BUILD/shim-15.8/gnu-efi/inc/protocol -I/usr/src/azl/BUILD/shim-15.8/Cryptlib/OpenSSL/crypto/asn1 -I/usr/src/azl/BUILD/shim-15.8/Cryptlib/OpenSSL/crypto/evp -I/usr/src/azl/BUILD/shim-15.8/Cryptlib/OpenSSL/crypto/modes -I/usr/src/azl/BUILD/shim-15.8/Cryptlib/OpenSSL/crypto/include -isystem /usr/src/azl/BUILD/shim-15.8/include/system -isystem /usr/lib/gcc/x86_64-pc-linux-gnu/13.2.0/include -DL_ENDIAN -D_CRT_SECURE_NO_DEPRECATE -D_CRT_NONSTDC_NO_DEPRECATE -DOPENSSL_SMALL_FOOTPRINT -DPEDANTIC -DMDE_CPU_X64   -c -o crypto/asn1/x_pubkey.o /usr/src/azl/BUILD/shim-15.8/Cryptlib/OpenSSL/crypto/asn1/x_pubkey.c
#7 108.0 gcc -std=gnu11 -ggdb -ffreestanding -fmacro-prefix-map=/usr/src/azl/BUILD/shim-15.8/= -fno-stack-protector -fno-strict-aliasing -fpic -fshort-wchar -nostdinc -m64 -mno-mmx -mno-sse -mno-red-zone -maccumulate-outgoing-args -Os -Wall -Wextra -Wno-missing-field-initializers -Wno-empty-body -Wno-implicit-fallthrough -Wno-old-style-declaration -Wno-unused-but-set-variable -Wno-unused-parameter -Werror -I/usr/src/azl/BUILD/shim-15.8/Cryptlib/OpenSSL -I/usr/src/azl/BUILD/shim-15.8/Cryptlib -I/usr/src/azl/BUILD/shim-15.8/Cryptlib/OpenSSL/Include/ -I/usr/src/azl/BUILD/shim-15.8/Cryptlib/OpenSSL/crypto -I/usr/src/azl/BUILD/shim-15.8/Cryptlib/Include -I/usr/src/azl/BUILD/shim-15.8/gnu-efi/inc -I/usr/src/azl/BUILD/shim-15.8/gnu-efi/inc/x86_64 -I/usr/src/azl/BUILD/shim-15.8/gnu-efi/inc/protocol -I/usr/src/azl/BUILD/shim-15.8/Cryptlib/OpenSSL/crypto/asn1 -I/usr/src/azl/BUILD/shim-15.8/Cryptlib/OpenSSL/crypto/evp -I/usr/src/azl/BUILD/shim-15.8/Cryptlib/OpenSSL/crypto/modes -I/usr/src/azl/BUILD/shim-15.8/Cryptlib/OpenSSL/crypto/include -isystem /usr/src/azl/BUILD/shim-15.8/include/system -isystem /usr/lib/gcc/x86_64-pc-linux-gnu/13.2.0/include -DL_ENDIAN -D_CRT_SECURE_NO_DEPRECATE -D_CRT_NONSTDC_NO_DEPRECATE -DOPENSSL_SMALL_FOOTPRINT -DPEDANTIC -DMDE_CPU_X64   -c -o crypto/asn1/x_sig.o /usr/src/azl/BUILD/shim-15.8/Cryptlib/OpenSSL/crypto/asn1/x_sig.c
#7 108.0 gcc -std=gnu11 -ggdb -ffreestanding -fmacro-prefix-map=/usr/src/azl/BUILD/shim-15.8/= -fno-stack-protector -fno-strict-aliasing -fpic -fshort-wchar -nostdinc -m64 -mno-mmx -mno-sse -mno-red-zone -maccumulate-outgoing-args -Os -Wall -Wextra -Wno-missing-field-initializers -Wno-empty-body -Wno-implicit-fallthrough -Wno-old-style-declaration -Wno-unused-but-set-variable -Wno-unused-parameter -Werror -I/usr/src/azl/BUILD/shim-15.8/Cryptlib/OpenSSL -I/usr/src/azl/BUILD/shim-15.8/Cryptlib -I/usr/src/azl/BUILD/shim-15.8/Cryptlib/OpenSSL/Include/ -I/usr/src/azl/BUILD/shim-15.8/Cryptlib/OpenSSL/crypto -I/usr/src/azl/BUILD/shim-15.8/Cryptlib/Include -I/usr/src/azl/BUILD/shim-15.8/gnu-efi/inc -I/usr/src/azl/BUILD/shim-15.8/gnu-efi/inc/x86_64 -I/usr/src/azl/BUILD/shim-15.8/gnu-efi/inc/protocol -I/usr/src/azl/BUILD/shim-15.8/Cryptlib/OpenSSL/crypto/asn1 -I/usr/src/azl/BUILD/shim-15.8/Cryptlib/OpenSSL/crypto/evp -I/usr/src/azl/BUILD/shim-15.8/Cryptlib/OpenSSL/crypto/modes -I/usr/src/azl/BUILD/shim-15.8/Cryptlib/OpenSSL/crypto/include -isystem /usr/src/azl/BUILD/shim-15.8/include/system -isystem /usr/lib/gcc/x86_64-pc-linux-gnu/13.2.0/include -DL_ENDIAN -D_CRT_SECURE_NO_DEPRECATE -D_CRT_NONSTDC_NO_DEPRECATE -DOPENSSL_SMALL_FOOTPRINT -DPEDANTIC -DMDE_CPU_X64   -c -o crypto/asn1/x_req.o /usr/src/azl/BUILD/shim-15.8/Cryptlib/OpenSSL/crypto/asn1/x_req.c
#7 108.1 gcc -std=gnu11 -ggdb -ffreestanding -fmacro-prefix-map=/usr/src/azl/BUILD/shim-15.8/= -fno-stack-protector -fno-strict-aliasing -fpic -fshort-wchar -nostdinc -m64 -mno-mmx -mno-sse -mno-red-zone -maccumulate-outgoing-args -Os -Wall -Wextra -Wno-missing-field-initializers -Wno-empty-body -Wno-implicit-fallthrough -Wno-old-style-declaration -Wno-unused-but-set-variable -Wno-unused-parameter -Werror -I/usr/src/azl/BUILD/shim-15.8/Cryptlib/OpenSSL -I/usr/src/azl/BUILD/shim-15.8/Cryptlib -I/usr/src/azl/BUILD/shim-15.8/Cryptlib/OpenSSL/Include/ -I/usr/src/azl/BUILD/shim-15.8/Cryptlib/OpenSSL/crypto -I/usr/src/azl/BUILD/shim-15.8/Cryptlib/Include -I/usr/src/azl/BUILD/shim-15.8/gnu-efi/inc -I/usr/src/azl/BUILD/shim-15.8/gnu-efi/inc/x86_64 -I/usr/src/azl/BUILD/shim-15.8/gnu-efi/inc/protocol -I/usr/src/azl/BUILD/shim-15.8/Cryptlib/OpenSSL/crypto/asn1 -I/usr/src/azl/BUILD/shim-15.8/Cryptlib/OpenSSL/crypto/evp -I/usr/src/azl/BUILD/shim-15.8/Cryptlib/OpenSSL/crypto/modes -I/usr/src/azl/BUILD/shim-15.8/Cryptlib/OpenSSL/crypto/include -isystem /usr/src/azl/BUILD/shim-15.8/include/system -isystem /usr/lib/gcc/x86_64-pc-linux-gnu/13.2.0/include -DL_ENDIAN -D_CRT_SECURE_NO_DEPRECATE -D_CRT_NONSTDC_NO_DEPRECATE -DOPENSSL_SMALL_FOOTPRINT -DPEDANTIC -DMDE_CPU_X64   -c -o crypto/asn1/x_attrib.o /usr/src/azl/BUILD/shim-15.8/Cryptlib/OpenSSL/crypto/asn1/x_attrib.c
#7 108.2 gcc -std=gnu11 -ggdb -ffreestanding -fmacro-prefix-map=/usr/src/azl/BUILD/shim-15.8/= -fno-stack-protector -fno-strict-aliasing -fpic -fshort-wchar -nostdinc -m64 -mno-mmx -mno-sse -mno-red-zone -maccumulate-outgoing-args -Os -Wall -Wextra -Wno-missing-field-initializers -Wno-empty-body -Wno-implicit-fallthrough -Wno-old-style-declaration -Wno-unused-but-set-variable -Wno-unused-parameter -Werror -I/usr/src/azl/BUILD/shim-15.8/Cryptlib/OpenSSL -I/usr/src/azl/BUILD/shim-15.8/Cryptlib -I/usr/src/azl/BUILD/shim-15.8/Cryptlib/OpenSSL/Include/ -I/usr/src/azl/BUILD/shim-15.8/Cryptlib/OpenSSL/crypto -I/usr/src/azl/BUILD/shim-15.8/Cryptlib/Include -I/usr/src/azl/BUILD/shim-15.8/gnu-efi/inc -I/usr/src/azl/BUILD/shim-15.8/gnu-efi/inc/x86_64 -I/usr/src/azl/BUILD/shim-15.8/gnu-efi/inc/protocol -I/usr/src/azl/BUILD/shim-15.8/Cryptlib/OpenSSL/crypto/asn1 -I/usr/src/azl/BUILD/shim-15.8/Cryptlib/OpenSSL/crypto/evp -I/usr/src/azl/BUILD/shim-15.8/Cryptlib/OpenSSL/crypto/modes -I/usr/src/azl/BUILD/shim-15.8/Cryptlib/OpenSSL/crypto/include -isystem /usr/src/azl/BUILD/shim-15.8/include/system -isystem /usr/lib/gcc/x86_64-pc-linux-gnu/13.2.0/include -DL_ENDIAN -D_CRT_SECURE_NO_DEPRECATE -D_CRT_NONSTDC_NO_DEPRECATE -DOPENSSL_SMALL_FOOTPRINT -DPEDANTIC -DMDE_CPU_X64   -c -o crypto/asn1/x_bignum.o /usr/src/azl/BUILD/shim-15.8/Cryptlib/OpenSSL/crypto/asn1/x_bignum.c
#7 108.2 gcc -std=gnu11 -ggdb -ffreestanding -fmacro-prefix-map=/usr/src/azl/BUILD/shim-15.8/= -fno-stack-protector -fno-strict-aliasing -fpic -fshort-wchar -nostdinc -m64 -mno-mmx -mno-sse -mno-red-zone -maccumulate-outgoing-args -Os -Wall -Wextra -Wno-missing-field-initializers -Wno-empty-body -Wno-implicit-fallthrough -Wno-old-style-declaration -Wno-unused-but-set-variable -Wno-unused-parameter -Werror -I/usr/src/azl/BUILD/shim-15.8/Cryptlib/OpenSSL -I/usr/src/azl/BUILD/shim-15.8/Cryptlib -I/usr/src/azl/BUILD/shim-15.8/Cryptlib/OpenSSL/Include/ -I/usr/src/azl/BUILD/shim-15.8/Cryptlib/OpenSSL/crypto -I/usr/src/azl/BUILD/shim-15.8/Cryptlib/Include -I/usr/src/azl/BUILD/shim-15.8/gnu-efi/inc -I/usr/src/azl/BUILD/shim-15.8/gnu-efi/inc/x86_64 -I/usr/src/azl/BUILD/shim-15.8/gnu-efi/inc/protocol -I/usr/src/azl/BUILD/shim-15.8/Cryptlib/OpenSSL/crypto/asn1 -I/usr/src/azl/BUILD/shim-15.8/Cryptlib/OpenSSL/crypto/evp -I/usr/src/azl/BUILD/shim-15.8/Cryptlib/OpenSSL/crypto/modes -I/usr/src/azl/BUILD/shim-15.8/Cryptlib/OpenSSL/crypto/include -isystem /usr/src/azl/BUILD/shim-15.8/include/system -isystem /usr/lib/gcc/x86_64-pc-linux-gnu/13.2.0/include -DL_ENDIAN -D_CRT_SECURE_NO_DEPRECATE -D_CRT_NONSTDC_NO_DEPRECATE -DOPENSSL_SMALL_FOOTPRINT -DPEDANTIC -DMDE_CPU_X64   -c -o crypto/asn1/x_long.o /usr/src/azl/BUILD/shim-15.8/Cryptlib/OpenSSL/crypto/asn1/x_long.c
#7 108.2 gcc -std=gnu11 -ggdb -ffreestanding -fmacro-prefix-map=/usr/src/azl/BUILD/shim-15.8/= -fno-stack-protector -fno-strict-aliasing -fpic -fshort-wchar -nostdinc -m64 -mno-mmx -mno-sse -mno-red-zone -maccumulate-outgoing-args -Os -Wall -Wextra -Wno-missing-field-initializers -Wno-empty-body -Wno-implicit-fallthrough -Wno-old-style-declaration -Wno-unused-but-set-variable -Wno-unused-parameter -Werror -I/usr/src/azl/BUILD/shim-15.8/Cryptlib/OpenSSL -I/usr/src/azl/BUILD/shim-15.8/Cryptlib -I/usr/src/azl/BUILD/shim-15.8/Cryptlib/OpenSSL/Include/ -I/usr/src/azl/BUILD/shim-15.8/Cryptlib/OpenSSL/crypto -I/usr/src/azl/BUILD/shim-15.8/Cryptlib/Include -I/usr/src/azl/BUILD/shim-15.8/gnu-efi/inc -I/usr/src/azl/BUILD/shim-15.8/gnu-efi/inc/x86_64 -I/usr/src/azl/BUILD/shim-15.8/gnu-efi/inc/protocol -I/usr/src/azl/BUILD/shim-15.8/Cryptlib/OpenSSL/crypto/asn1 -I/usr/src/azl/BUILD/shim-15.8/Cryptlib/OpenSSL/crypto/evp -I/usr/src/azl/BUILD/shim-15.8/Cryptlib/OpenSSL/crypto/modes -I/usr/src/azl/BUILD/shim-15.8/Cryptlib/OpenSSL/crypto/include -isystem /usr/src/azl/BUILD/shim-15.8/include/system -isystem /usr/lib/gcc/x86_64-pc-linux-gnu/13.2.0/include -DL_ENDIAN -D_CRT_SECURE_NO_DEPRECATE -D_CRT_NONSTDC_NO_DEPRECATE -DOPENSSL_SMALL_FOOTPRINT -DPEDANTIC -DMDE_CPU_X64   -c -o crypto/asn1/x_name.o /usr/src/azl/BUILD/shim-15.8/Cryptlib/OpenSSL/crypto/asn1/x_name.c
#7 108.3 gcc -std=gnu11 -ggdb -ffreestanding -fmacro-prefix-map=/usr/src/azl/BUILD/shim-15.8/= -fno-stack-protector -fno-strict-aliasing -fpic -fshort-wchar -nostdinc -m64 -mno-mmx -mno-sse -mno-red-zone -maccumulate-outgoing-args -Os -Wall -Wextra -Wno-missing-field-initializers -Wno-empty-body -Wno-implicit-fallthrough -Wno-old-style-declaration -Wno-unused-but-set-variable -Wno-unused-parameter -Werror -I/usr/src/azl/BUILD/shim-15.8/Cryptlib/OpenSSL -I/usr/src/azl/BUILD/shim-15.8/Cryptlib -I/usr/src/azl/BUILD/shim-15.8/Cryptlib/OpenSSL/Include/ -I/usr/src/azl/BUILD/shim-15.8/Cryptlib/OpenSSL/crypto -I/usr/src/azl/BUILD/shim-15.8/Cryptlib/Include -I/usr/src/azl/BUILD/shim-15.8/gnu-efi/inc -I/usr/src/azl/BUILD/shim-15.8/gnu-efi/inc/x86_64 -I/usr/src/azl/BUILD/shim-15.8/gnu-efi/inc/protocol -I/usr/src/azl/BUILD/shim-15.8/Cryptlib/OpenSSL/crypto/asn1 -I/usr/src/azl/BUILD/shim-15.8/Cryptlib/OpenSSL/crypto/evp -I/usr/src/azl/BUILD/shim-15.8/Cryptlib/OpenSSL/crypto/modes -I/usr/src/azl/BUILD/shim-15.8/Cryptlib/OpenSSL/crypto/include -isystem /usr/src/azl/BUILD/shim-15.8/include/system -isystem /usr/lib/gcc/x86_64-pc-linux-gnu/13.2.0/include -DL_ENDIAN -D_CRT_SECURE_NO_DEPRECATE -D_CRT_NONSTDC_NO_DEPRECATE -DOPENSSL_SMALL_FOOTPRINT -DPEDANTIC -DMDE_CPU_X64   -c -o crypto/asn1/x_x509.o /usr/src/azl/BUILD/shim-15.8/Cryptlib/OpenSSL/crypto/asn1/x_x509.c
#7 108.4 gcc -std=gnu11 -ggdb -ffreestanding -fmacro-prefix-map=/usr/src/azl/BUILD/shim-15.8/= -fno-stack-protector -fno-strict-aliasing -fpic -fshort-wchar -nostdinc -m64 -mno-mmx -mno-sse -mno-red-zone -maccumulate-outgoing-args -Os -Wall -Wextra -Wno-missing-field-initializers -Wno-empty-body -Wno-implicit-fallthrough -Wno-old-style-declaration -Wno-unused-but-set-variable -Wno-unused-parameter -Werror -I/usr/src/azl/BUILD/shim-15.8/Cryptlib/OpenSSL -I/usr/src/azl/BUILD/shim-15.8/Cryptlib -I/usr/src/azl/BUILD/shim-15.8/Cryptlib/OpenSSL/Include/ -I/usr/src/azl/BUILD/shim-15.8/Cryptlib/OpenSSL/crypto -I/usr/src/azl/BUILD/shim-15.8/Cryptlib/Include -I/usr/src/azl/BUILD/shim-15.8/gnu-efi/inc -I/usr/src/azl/BUILD/shim-15.8/gnu-efi/inc/x86_64 -I/usr/src/azl/BUILD/shim-15.8/gnu-efi/inc/protocol -I/usr/src/azl/BUILD/shim-15.8/Cryptlib/OpenSSL/crypto/asn1 -I/usr/src/azl/BUILD/shim-15.8/Cryptlib/OpenSSL/crypto/evp -I/usr/src/azl/BUILD/shim-15.8/Cryptlib/OpenSSL/crypto/modes -I/usr/src/azl/BUILD/shim-15.8/Cryptlib/OpenSSL/crypto/include -isystem /usr/src/azl/BUILD/shim-15.8/include/system -isystem /usr/lib/gcc/x86_64-pc-linux-gnu/13.2.0/include -DL_ENDIAN -D_CRT_SECURE_NO_DEPRECATE -D_CRT_NONSTDC_NO_DEPRECATE -DOPENSSL_SMALL_FOOTPRINT -DPEDANTIC -DMDE_CPU_X64   -c -o crypto/asn1/x_x509a.o /usr/src/azl/BUILD/shim-15.8/Cryptlib/OpenSSL/crypto/asn1/x_x509a.c
#7 108.5 gcc -std=gnu11 -ggdb -ffreestanding -fmacro-prefix-map=/usr/src/azl/BUILD/shim-15.8/= -fno-stack-protector -fno-strict-aliasing -fpic -fshort-wchar -nostdinc -m64 -mno-mmx -mno-sse -mno-red-zone -maccumulate-outgoing-args -Os -Wall -Wextra -Wno-missing-field-initializers -Wno-empty-body -Wno-implicit-fallthrough -Wno-old-style-declaration -Wno-unused-but-set-variable -Wno-unused-parameter -Werror -I/usr/src/azl/BUILD/shim-15.8/Cryptlib/OpenSSL -I/usr/src/azl/BUILD/shim-15.8/Cryptlib -I/usr/src/azl/BUILD/shim-15.8/Cryptlib/OpenSSL/Include/ -I/usr/src/azl/BUILD/shim-15.8/Cryptlib/OpenSSL/crypto -I/usr/src/azl/BUILD/shim-15.8/Cryptlib/Include -I/usr/src/azl/BUILD/shim-15.8/gnu-efi/inc -I/usr/src/azl/BUILD/shim-15.8/gnu-efi/inc/x86_64 -I/usr/src/azl/BUILD/shim-15.8/gnu-efi/inc/protocol -I/usr/src/azl/BUILD/shim-15.8/Cryptlib/OpenSSL/crypto/asn1 -I/usr/src/azl/BUILD/shim-15.8/Cryptlib/OpenSSL/crypto/evp -I/usr/src/azl/BUILD/shim-15.8/Cryptlib/OpenSSL/crypto/modes -I/usr/src/azl/BUILD/shim-15.8/Cryptlib/OpenSSL/crypto/include -isystem /usr/src/azl/BUILD/shim-15.8/include/system -isystem /usr/lib/gcc/x86_64-pc-linux-gnu/13.2.0/include -DL_ENDIAN -D_CRT_SECURE_NO_DEPRECATE -D_CRT_NONSTDC_NO_DEPRECATE -DOPENSSL_SMALL_FOOTPRINT -DPEDANTIC -DMDE_CPU_X64   -c -o crypto/asn1/x_crl.o /usr/src/azl/BUILD/shim-15.8/Cryptlib/OpenSSL/crypto/asn1/x_crl.c
#7 108.6 gcc -std=gnu11 -ggdb -ffreestanding -fmacro-prefix-map=/usr/src/azl/BUILD/shim-15.8/= -fno-stack-protector -fno-strict-aliasing -fpic -fshort-wchar -nostdinc -m64 -mno-mmx -mno-sse -mno-red-zone -maccumulate-outgoing-args -Os -Wall -Wextra -Wno-missing-field-initializers -Wno-empty-body -Wno-implicit-fallthrough -Wno-old-style-declaration -Wno-unused-but-set-variable -Wno-unused-parameter -Werror -I/usr/src/azl/BUILD/shim-15.8/Cryptlib/OpenSSL -I/usr/src/azl/BUILD/shim-15.8/Cryptlib -I/usr/src/azl/BUILD/shim-15.8/Cryptlib/OpenSSL/Include/ -I/usr/src/azl/BUILD/shim-15.8/Cryptlib/OpenSSL/crypto -I/usr/src/azl/BUILD/shim-15.8/Cryptlib/Include -I/usr/src/azl/BUILD/shim-15.8/gnu-efi/inc -I/usr/src/azl/BUILD/shim-15.8/gnu-efi/inc/x86_64 -I/usr/src/azl/BUILD/shim-15.8/gnu-efi/inc/protocol -I/usr/src/azl/BUILD/shim-15.8/Cryptlib/OpenSSL/crypto/asn1 -I/usr/src/azl/BUILD/shim-15.8/Cryptlib/OpenSSL/crypto/evp -I/usr/src/azl/BUILD/shim-15.8/Cryptlib/OpenSSL/crypto/modes -I/usr/src/azl/BUILD/shim-15.8/Cryptlib/OpenSSL/crypto/include -isystem /usr/src/azl/BUILD/shim-15.8/include/system -isystem /usr/lib/gcc/x86_64-pc-linux-gnu/13.2.0/include -DL_ENDIAN -D_CRT_SECURE_NO_DEPRECATE -D_CRT_NONSTDC_NO_DEPRECATE -DOPENSSL_SMALL_FOOTPRINT -DPEDANTIC -DMDE_CPU_X64   -c -o crypto/asn1/x_info.o /usr/src/azl/BUILD/shim-15.8/Cryptlib/OpenSSL/crypto/asn1/x_info.c
#7 108.7 gcc -std=gnu11 -ggdb -ffreestanding -fmacro-prefix-map=/usr/src/azl/BUILD/shim-15.8/= -fno-stack-protector -fno-strict-aliasing -fpic -fshort-wchar -nostdinc -m64 -mno-mmx -mno-sse -mno-red-zone -maccumulate-outgoing-args -Os -Wall -Wextra -Wno-missing-field-initializers -Wno-empty-body -Wno-implicit-fallthrough -Wno-old-style-declaration -Wno-unused-but-set-variable -Wno-unused-parameter -Werror -I/usr/src/azl/BUILD/shim-15.8/Cryptlib/OpenSSL -I/usr/src/azl/BUILD/shim-15.8/Cryptlib -I/usr/src/azl/BUILD/shim-15.8/Cryptlib/OpenSSL/Include/ -I/usr/src/azl/BUILD/shim-15.8/Cryptlib/OpenSSL/crypto -I/usr/src/azl/BUILD/shim-15.8/Cryptlib/Include -I/usr/src/azl/BUILD/shim-15.8/gnu-efi/inc -I/usr/src/azl/BUILD/shim-15.8/gnu-efi/inc/x86_64 -I/usr/src/azl/BUILD/shim-15.8/gnu-efi/inc/protocol -I/usr/src/azl/BUILD/shim-15.8/Cryptlib/OpenSSL/crypto/asn1 -I/usr/src/azl/BUILD/shim-15.8/Cryptlib/OpenSSL/crypto/evp -I/usr/src/azl/BUILD/shim-15.8/Cryptlib/OpenSSL/crypto/modes -I/usr/src/azl/BUILD/shim-15.8/Cryptlib/OpenSSL/crypto/include -isystem /usr/src/azl/BUILD/shim-15.8/include/system -isystem /usr/lib/gcc/x86_64-pc-linux-gnu/13.2.0/include -DL_ENDIAN -D_CRT_SECURE_NO_DEPRECATE -D_CRT_NONSTDC_NO_DEPRECATE -DOPENSSL_SMALL_FOOTPRINT -DPEDANTIC -DMDE_CPU_X64   -c -o crypto/asn1/x_spki.o /usr/src/azl/BUILD/shim-15.8/Cryptlib/OpenSSL/crypto/asn1/x_spki.c
#7 108.7 gcc -std=gnu11 -ggdb -ffreestanding -fmacro-prefix-map=/usr/src/azl/BUILD/shim-15.8/= -fno-stack-protector -fno-strict-aliasing -fpic -fshort-wchar -nostdinc -m64 -mno-mmx -mno-sse -mno-red-zone -maccumulate-outgoing-args -Os -Wall -Wextra -Wno-missing-field-initializers -Wno-empty-body -Wno-implicit-fallthrough -Wno-old-style-declaration -Wno-unused-but-set-variable -Wno-unused-parameter -Werror -I/usr/src/azl/BUILD/shim-15.8/Cryptlib/OpenSSL -I/usr/src/azl/BUILD/shim-15.8/Cryptlib -I/usr/src/azl/BUILD/shim-15.8/Cryptlib/OpenSSL/Include/ -I/usr/src/azl/BUILD/shim-15.8/Cryptlib/OpenSSL/crypto -I/usr/src/azl/BUILD/shim-15.8/Cryptlib/Include -I/usr/src/azl/BUILD/shim-15.8/gnu-efi/inc -I/usr/src/azl/BUILD/shim-15.8/gnu-efi/inc/x86_64 -I/usr/src/azl/BUILD/shim-15.8/gnu-efi/inc/protocol -I/usr/src/azl/BUILD/shim-15.8/Cryptlib/OpenSSL/crypto/asn1 -I/usr/src/azl/BUILD/shim-15.8/Cryptlib/OpenSSL/crypto/evp -I/usr/src/azl/BUILD/shim-15.8/Cryptlib/OpenSSL/crypto/modes -I/usr/src/azl/BUILD/shim-15.8/Cryptlib/OpenSSL/crypto/include -isystem /usr/src/azl/BUILD/shim-15.8/include/system -isystem /usr/lib/gcc/x86_64-pc-linux-gnu/13.2.0/include -DL_ENDIAN -D_CRT_SECURE_NO_DEPRECATE -D_CRT_NONSTDC_NO_DEPRECATE -DOPENSSL_SMALL_FOOTPRINT -DPEDANTIC -DMDE_CPU_X64   -c -o crypto/asn1/nsseq.o /usr/src/azl/BUILD/shim-15.8/Cryptlib/OpenSSL/crypto/asn1/nsseq.c
#7 108.8 gcc -std=gnu11 -ggdb -ffreestanding -fmacro-prefix-map=/usr/src/azl/BUILD/shim-15.8/= -fno-stack-protector -fno-strict-aliasing -fpic -fshort-wchar -nostdinc -m64 -mno-mmx -mno-sse -mno-red-zone -maccumulate-outgoing-args -Os -Wall -Wextra -Wno-missing-field-initializers -Wno-empty-body -Wno-implicit-fallthrough -Wno-old-style-declaration -Wno-unused-but-set-variable -Wno-unused-parameter -Werror -I/usr/src/azl/BUILD/shim-15.8/Cryptlib/OpenSSL -I/usr/src/azl/BUILD/shim-15.8/Cryptlib -I/usr/src/azl/BUILD/shim-15.8/Cryptlib/OpenSSL/Include/ -I/usr/src/azl/BUILD/shim-15.8/Cryptlib/OpenSSL/crypto -I/usr/src/azl/BUILD/shim-15.8/Cryptlib/Include -I/usr/src/azl/BUILD/shim-15.8/gnu-efi/inc -I/usr/src/azl/BUILD/shim-15.8/gnu-efi/inc/x86_64 -I/usr/src/azl/BUILD/shim-15.8/gnu-efi/inc/protocol -I/usr/src/azl/BUILD/shim-15.8/Cryptlib/OpenSSL/crypto/asn1 -I/usr/src/azl/BUILD/shim-15.8/Cryptlib/OpenSSL/crypto/evp -I/usr/src/azl/BUILD/shim-15.8/Cryptlib/OpenSSL/crypto/modes -I/usr/src/azl/BUILD/shim-15.8/Cryptlib/OpenSSL/crypto/include -isystem /usr/src/azl/BUILD/shim-15.8/include/system -isystem /usr/lib/gcc/x86_64-pc-linux-gnu/13.2.0/include -DL_ENDIAN -D_CRT_SECURE_NO_DEPRECATE -D_CRT_NONSTDC_NO_DEPRECATE -DOPENSSL_SMALL_FOOTPRINT -DPEDANTIC -DMDE_CPU_X64   -c -o crypto/asn1/x_nx509.o /usr/src/azl/BUILD/shim-15.8/Cryptlib/OpenSSL/crypto/asn1/x_nx509.c
#7 108.8 gcc -std=gnu11 -ggdb -ffreestanding -fmacro-prefix-map=/usr/src/azl/BUILD/shim-15.8/= -fno-stack-protector -fno-strict-aliasing -fpic -fshort-wchar -nostdinc -m64 -mno-mmx -mno-sse -mno-red-zone -maccumulate-outgoing-args -Os -Wall -Wextra -Wno-missing-field-initializers -Wno-empty-body -Wno-implicit-fallthrough -Wno-old-style-declaration -Wno-unused-but-set-variable -Wno-unused-parameter -Werror -I/usr/src/azl/BUILD/shim-15.8/Cryptlib/OpenSSL -I/usr/src/azl/BUILD/shim-15.8/Cryptlib -I/usr/src/azl/BUILD/shim-15.8/Cryptlib/OpenSSL/Include/ -I/usr/src/azl/BUILD/shim-15.8/Cryptlib/OpenSSL/crypto -I/usr/src/azl/BUILD/shim-15.8/Cryptlib/Include -I/usr/src/azl/BUILD/shim-15.8/gnu-efi/inc -I/usr/src/azl/BUILD/shim-15.8/gnu-efi/inc/x86_64 -I/usr/src/azl/BUILD/shim-15.8/gnu-efi/inc/protocol -I/usr/src/azl/BUILD/shim-15.8/Cryptlib/OpenSSL/crypto/asn1 -I/usr/src/azl/BUILD/shim-15.8/Cryptlib/OpenSSL/crypto/evp -I/usr/src/azl/BUILD/shim-15.8/Cryptlib/OpenSSL/crypto/modes -I/usr/src/azl/BUILD/shim-15.8/Cryptlib/OpenSSL/crypto/include -isystem /usr/src/azl/BUILD/shim-15.8/include/system -isystem /usr/lib/gcc/x86_64-pc-linux-gnu/13.2.0/include -DL_ENDIAN -D_CRT_SECURE_NO_DEPRECATE -D_CRT_NONSTDC_NO_DEPRECATE -DOPENSSL_SMALL_FOOTPRINT -DPEDANTIC -DMDE_CPU_X64   -c -o crypto/asn1/d2i_pu.o /usr/src/azl/BUILD/shim-15.8/Cryptlib/OpenSSL/crypto/asn1/d2i_pu.c
#7 108.9 gcc -std=gnu11 -ggdb -ffreestanding -fmacro-prefix-map=/usr/src/azl/BUILD/shim-15.8/= -fno-stack-protector -fno-strict-aliasing -fpic -fshort-wchar -nostdinc -m64 -mno-mmx -mno-sse -mno-red-zone -maccumulate-outgoing-args -Os -Wall -Wextra -Wno-missing-field-initializers -Wno-empty-body -Wno-implicit-fallthrough -Wno-old-style-declaration -Wno-unused-but-set-variable -Wno-unused-parameter -Werror -I/usr/src/azl/BUILD/shim-15.8/Cryptlib/OpenSSL -I/usr/src/azl/BUILD/shim-15.8/Cryptlib -I/usr/src/azl/BUILD/shim-15.8/Cryptlib/OpenSSL/Include/ -I/usr/src/azl/BUILD/shim-15.8/Cryptlib/OpenSSL/crypto -I/usr/src/azl/BUILD/shim-15.8/Cryptlib/Include -I/usr/src/azl/BUILD/shim-15.8/gnu-efi/inc -I/usr/src/azl/BUILD/shim-15.8/gnu-efi/inc/x86_64 -I/usr/src/azl/BUILD/shim-15.8/gnu-efi/inc/protocol -I/usr/src/azl/BUILD/shim-15.8/Cryptlib/OpenSSL/crypto/asn1 -I/usr/src/azl/BUILD/shim-15.8/Cryptlib/OpenSSL/crypto/evp -I/usr/src/azl/BUILD/shim-15.8/Cryptlib/OpenSSL/crypto/modes -I/usr/src/azl/BUILD/shim-15.8/Cryptlib/OpenSSL/crypto/include -isystem /usr/src/azl/BUILD/shim-15.8/include/system -isystem /usr/lib/gcc/x86_64-pc-linux-gnu/13.2.0/include -DL_ENDIAN -D_CRT_SECURE_NO_DEPRECATE -D_CRT_NONSTDC_NO_DEPRECATE -DOPENSSL_SMALL_FOOTPRINT -DPEDANTIC -DMDE_CPU_X64   -c -o crypto/asn1/d2i_pr.o /usr/src/azl/BUILD/shim-15.8/Cryptlib/OpenSSL/crypto/asn1/d2i_pr.c
#7 108.9 gcc -std=gnu11 -ggdb -ffreestanding -fmacro-prefix-map=/usr/src/azl/BUILD/shim-15.8/= -fno-stack-protector -fno-strict-aliasing -fpic -fshort-wchar -nostdinc -m64 -mno-mmx -mno-sse -mno-red-zone -maccumulate-outgoing-args -Os -Wall -Wextra -Wno-missing-field-initializers -Wno-empty-body -Wno-implicit-fallthrough -Wno-old-style-declaration -Wno-unused-but-set-variable -Wno-unused-parameter -Werror -I/usr/src/azl/BUILD/shim-15.8/Cryptlib/OpenSSL -I/usr/src/azl/BUILD/shim-15.8/Cryptlib -I/usr/src/azl/BUILD/shim-15.8/Cryptlib/OpenSSL/Include/ -I/usr/src/azl/BUILD/shim-15.8/Cryptlib/OpenSSL/crypto -I/usr/src/azl/BUILD/shim-15.8/Cryptlib/Include -I/usr/src/azl/BUILD/shim-15.8/gnu-efi/inc -I/usr/src/azl/BUILD/shim-15.8/gnu-efi/inc/x86_64 -I/usr/src/azl/BUILD/shim-15.8/gnu-efi/inc/protocol -I/usr/src/azl/BUILD/shim-15.8/Cryptlib/OpenSSL/crypto/asn1 -I/usr/src/azl/BUILD/shim-15.8/Cryptlib/OpenSSL/crypto/evp -I/usr/src/azl/BUILD/shim-15.8/Cryptlib/OpenSSL/crypto/modes -I/usr/src/azl/BUILD/shim-15.8/Cryptlib/OpenSSL/crypto/include -isystem /usr/src/azl/BUILD/shim-15.8/include/system -isystem /usr/lib/gcc/x86_64-pc-linux-gnu/13.2.0/include -DL_ENDIAN -D_CRT_SECURE_NO_DEPRECATE -D_CRT_NONSTDC_NO_DEPRECATE -DOPENSSL_SMALL_FOOTPRINT -DPEDANTIC -DMDE_CPU_X64   -c -o crypto/asn1/i2d_pu.o /usr/src/azl/BUILD/shim-15.8/Cryptlib/OpenSSL/crypto/asn1/i2d_pu.c
#7 109.0 gcc -std=gnu11 -ggdb -ffreestanding -fmacro-prefix-map=/usr/src/azl/BUILD/shim-15.8/= -fno-stack-protector -fno-strict-aliasing -fpic -fshort-wchar -nostdinc -m64 -mno-mmx -mno-sse -mno-red-zone -maccumulate-outgoing-args -Os -Wall -Wextra -Wno-missing-field-initializers -Wno-empty-body -Wno-implicit-fallthrough -Wno-old-style-declaration -Wno-unused-but-set-variable -Wno-unused-parameter -Werror -I/usr/src/azl/BUILD/shim-15.8/Cryptlib/OpenSSL -I/usr/src/azl/BUILD/shim-15.8/Cryptlib -I/usr/src/azl/BUILD/shim-15.8/Cryptlib/OpenSSL/Include/ -I/usr/src/azl/BUILD/shim-15.8/Cryptlib/OpenSSL/crypto -I/usr/src/azl/BUILD/shim-15.8/Cryptlib/Include -I/usr/src/azl/BUILD/shim-15.8/gnu-efi/inc -I/usr/src/azl/BUILD/shim-15.8/gnu-efi/inc/x86_64 -I/usr/src/azl/BUILD/shim-15.8/gnu-efi/inc/protocol -I/usr/src/azl/BUILD/shim-15.8/Cryptlib/OpenSSL/crypto/asn1 -I/usr/src/azl/BUILD/shim-15.8/Cryptlib/OpenSSL/crypto/evp -I/usr/src/azl/BUILD/shim-15.8/Cryptlib/OpenSSL/crypto/modes -I/usr/src/azl/BUILD/shim-15.8/Cryptlib/OpenSSL/crypto/include -isystem /usr/src/azl/BUILD/shim-15.8/include/system -isystem /usr/lib/gcc/x86_64-pc-linux-gnu/13.2.0/include -DL_ENDIAN -D_CRT_SECURE_NO_DEPRECATE -D_CRT_NONSTDC_NO_DEPRECATE -DOPENSSL_SMALL_FOOTPRINT -DPEDANTIC -DMDE_CPU_X64   -c -o crypto/asn1/i2d_pr.o /usr/src/azl/BUILD/shim-15.8/Cryptlib/OpenSSL/crypto/asn1/i2d_pr.c
#7 109.0 gcc -std=gnu11 -ggdb -ffreestanding -fmacro-prefix-map=/usr/src/azl/BUILD/shim-15.8/= -fno-stack-protector -fno-strict-aliasing -fpic -fshort-wchar -nostdinc -m64 -mno-mmx -mno-sse -mno-red-zone -maccumulate-outgoing-args -Os -Wall -Wextra -Wno-missing-field-initializers -Wno-empty-body -Wno-implicit-fallthrough -Wno-old-style-declaration -Wno-unused-but-set-variable -Wno-unused-parameter -Werror -I/usr/src/azl/BUILD/shim-15.8/Cryptlib/OpenSSL -I/usr/src/azl/BUILD/shim-15.8/Cryptlib -I/usr/src/azl/BUILD/shim-15.8/Cryptlib/OpenSSL/Include/ -I/usr/src/azl/BUILD/shim-15.8/Cryptlib/OpenSSL/crypto -I/usr/src/azl/BUILD/shim-15.8/Cryptlib/Include -I/usr/src/azl/BUILD/shim-15.8/gnu-efi/inc -I/usr/src/azl/BUILD/shim-15.8/gnu-efi/inc/x86_64 -I/usr/src/azl/BUILD/shim-15.8/gnu-efi/inc/protocol -I/usr/src/azl/BUILD/shim-15.8/Cryptlib/OpenSSL/crypto/asn1 -I/usr/src/azl/BUILD/shim-15.8/Cryptlib/OpenSSL/crypto/evp -I/usr/src/azl/BUILD/shim-15.8/Cryptlib/OpenSSL/crypto/modes -I/usr/src/azl/BUILD/shim-15.8/Cryptlib/OpenSSL/crypto/include -isystem /usr/src/azl/BUILD/shim-15.8/include/system -isystem /usr/lib/gcc/x86_64-pc-linux-gnu/13.2.0/include -DL_ENDIAN -D_CRT_SECURE_NO_DEPRECATE -D_CRT_NONSTDC_NO_DEPRECATE -DOPENSSL_SMALL_FOOTPRINT -DPEDANTIC -DMDE_CPU_X64   -c -o crypto/asn1/t_req.o /usr/src/azl/BUILD/shim-15.8/Cryptlib/OpenSSL/crypto/asn1/t_req.c
#7 109.1 gcc -std=gnu11 -ggdb -ffreestanding -fmacro-prefix-map=/usr/src/azl/BUILD/shim-15.8/= -fno-stack-protector -fno-strict-aliasing -fpic -fshort-wchar -nostdinc -m64 -mno-mmx -mno-sse -mno-red-zone -maccumulate-outgoing-args -Os -Wall -Wextra -Wno-missing-field-initializers -Wno-empty-body -Wno-implicit-fallthrough -Wno-old-style-declaration -Wno-unused-but-set-variable -Wno-unused-parameter -Werror -I/usr/src/azl/BUILD/shim-15.8/Cryptlib/OpenSSL -I/usr/src/azl/BUILD/shim-15.8/Cryptlib -I/usr/src/azl/BUILD/shim-15.8/Cryptlib/OpenSSL/Include/ -I/usr/src/azl/BUILD/shim-15.8/Cryptlib/OpenSSL/crypto -I/usr/src/azl/BUILD/shim-15.8/Cryptlib/Include -I/usr/src/azl/BUILD/shim-15.8/gnu-efi/inc -I/usr/src/azl/BUILD/shim-15.8/gnu-efi/inc/x86_64 -I/usr/src/azl/BUILD/shim-15.8/gnu-efi/inc/protocol -I/usr/src/azl/BUILD/shim-15.8/Cryptlib/OpenSSL/crypto/asn1 -I/usr/src/azl/BUILD/shim-15.8/Cryptlib/OpenSSL/crypto/evp -I/usr/src/azl/BUILD/shim-15.8/Cryptlib/OpenSSL/crypto/modes -I/usr/src/azl/BUILD/shim-15.8/Cryptlib/OpenSSL/crypto/include -isystem /usr/src/azl/BUILD/shim-15.8/include/system -isystem /usr/lib/gcc/x86_64-pc-linux-gnu/13.2.0/include -DL_ENDIAN -D_CRT_SECURE_NO_DEPRECATE -D_CRT_NONSTDC_NO_DEPRECATE -DOPENSSL_SMALL_FOOTPRINT -DPEDANTIC -DMDE_CPU_X64   -c -o crypto/asn1/t_x509.o /usr/src/azl/BUILD/shim-15.8/Cryptlib/OpenSSL/crypto/asn1/t_x509.c
#7 109.1 gcc -std=gnu11 -ggdb -ffreestanding -fmacro-prefix-map=/usr/src/azl/BUILD/shim-15.8/= -fno-stack-protector -fno-strict-aliasing -fpic -fshort-wchar -nostdinc -m64 -mno-mmx -mno-sse -mno-red-zone -maccumulate-outgoing-args -Os -Wall -Wextra -Wno-missing-field-initializers -Wno-empty-body -Wno-implicit-fallthrough -Wno-old-style-declaration -Wno-unused-but-set-variable -Wno-unused-parameter -Werror -I/usr/src/azl/BUILD/shim-15.8/Cryptlib/OpenSSL -I/usr/src/azl/BUILD/shim-15.8/Cryptlib -I/usr/src/azl/BUILD/shim-15.8/Cryptlib/OpenSSL/Include/ -I/usr/src/azl/BUILD/shim-15.8/Cryptlib/OpenSSL/crypto -I/usr/src/azl/BUILD/shim-15.8/Cryptlib/Include -I/usr/src/azl/BUILD/shim-15.8/gnu-efi/inc -I/usr/src/azl/BUILD/shim-15.8/gnu-efi/inc/x86_64 -I/usr/src/azl/BUILD/shim-15.8/gnu-efi/inc/protocol -I/usr/src/azl/BUILD/shim-15.8/Cryptlib/OpenSSL/crypto/asn1 -I/usr/src/azl/BUILD/shim-15.8/Cryptlib/OpenSSL/crypto/evp -I/usr/src/azl/BUILD/shim-15.8/Cryptlib/OpenSSL/crypto/modes -I/usr/src/azl/BUILD/shim-15.8/Cryptlib/OpenSSL/crypto/include -isystem /usr/src/azl/BUILD/shim-15.8/include/system -isystem /usr/lib/gcc/x86_64-pc-linux-gnu/13.2.0/include -DL_ENDIAN -D_CRT_SECURE_NO_DEPRECATE -D_CRT_NONSTDC_NO_DEPRECATE -DOPENSSL_SMALL_FOOTPRINT -DPEDANTIC -DMDE_CPU_X64   -c -o crypto/asn1/t_x509a.o /usr/src/azl/BUILD/shim-15.8/Cryptlib/OpenSSL/crypto/asn1/t_x509a.c
#7 109.3 gcc -std=gnu11 -ggdb -ffreestanding -fmacro-prefix-map=/usr/src/azl/BUILD/shim-15.8/= -fno-stack-protector -fno-strict-aliasing -fpic -fshort-wchar -nostdinc -m64 -mno-mmx -mno-sse -mno-red-zone -maccumulate-outgoing-args -Os -Wall -Wextra -Wno-missing-field-initializers -Wno-empty-body -Wno-implicit-fallthrough -Wno-old-style-declaration -Wno-unused-but-set-variable -Wno-unused-parameter -Werror -I/usr/src/azl/BUILD/shim-15.8/Cryptlib/OpenSSL -I/usr/src/azl/BUILD/shim-15.8/Cryptlib -I/usr/src/azl/BUILD/shim-15.8/Cryptlib/OpenSSL/Include/ -I/usr/src/azl/BUILD/shim-15.8/Cryptlib/OpenSSL/crypto -I/usr/src/azl/BUILD/shim-15.8/Cryptlib/Include -I/usr/src/azl/BUILD/shim-15.8/gnu-efi/inc -I/usr/src/azl/BUILD/shim-15.8/gnu-efi/inc/x86_64 -I/usr/src/azl/BUILD/shim-15.8/gnu-efi/inc/protocol -I/usr/src/azl/BUILD/shim-15.8/Cryptlib/OpenSSL/crypto/asn1 -I/usr/src/azl/BUILD/shim-15.8/Cryptlib/OpenSSL/crypto/evp -I/usr/src/azl/BUILD/shim-15.8/Cryptlib/OpenSSL/crypto/modes -I/usr/src/azl/BUILD/shim-15.8/Cryptlib/OpenSSL/crypto/include -isystem /usr/src/azl/BUILD/shim-15.8/include/system -isystem /usr/lib/gcc/x86_64-pc-linux-gnu/13.2.0/include -DL_ENDIAN -D_CRT_SECURE_NO_DEPRECATE -D_CRT_NONSTDC_NO_DEPRECATE -DOPENSSL_SMALL_FOOTPRINT -DPEDANTIC -DMDE_CPU_X64   -c -o crypto/asn1/t_crl.o /usr/src/azl/BUILD/shim-15.8/Cryptlib/OpenSSL/crypto/asn1/t_crl.c
#7 109.4 gcc -std=gnu11 -ggdb -ffreestanding -fmacro-prefix-map=/usr/src/azl/BUILD/shim-15.8/= -fno-stack-protector -fno-strict-aliasing -fpic -fshort-wchar -nostdinc -m64 -mno-mmx -mno-sse -mno-red-zone -maccumulate-outgoing-args -Os -Wall -Wextra -Wno-missing-field-initializers -Wno-empty-body -Wno-implicit-fallthrough -Wno-old-style-declaration -Wno-unused-but-set-variable -Wno-unused-parameter -Werror -I/usr/src/azl/BUILD/shim-15.8/Cryptlib/OpenSSL -I/usr/src/azl/BUILD/shim-15.8/Cryptlib -I/usr/src/azl/BUILD/shim-15.8/Cryptlib/OpenSSL/Include/ -I/usr/src/azl/BUILD/shim-15.8/Cryptlib/OpenSSL/crypto -I/usr/src/azl/BUILD/shim-15.8/Cryptlib/Include -I/usr/src/azl/BUILD/shim-15.8/gnu-efi/inc -I/usr/src/azl/BUILD/shim-15.8/gnu-efi/inc/x86_64 -I/usr/src/azl/BUILD/shim-15.8/gnu-efi/inc/protocol -I/usr/src/azl/BUILD/shim-15.8/Cryptlib/OpenSSL/crypto/asn1 -I/usr/src/azl/BUILD/shim-15.8/Cryptlib/OpenSSL/crypto/evp -I/usr/src/azl/BUILD/shim-15.8/Cryptlib/OpenSSL/crypto/modes -I/usr/src/azl/BUILD/shim-15.8/Cryptlib/OpenSSL/crypto/include -isystem /usr/src/azl/BUILD/shim-15.8/include/system -isystem /usr/lib/gcc/x86_64-pc-linux-gnu/13.2.0/include -DL_ENDIAN -D_CRT_SECURE_NO_DEPRECATE -D_CRT_NONSTDC_NO_DEPRECATE -DOPENSSL_SMALL_FOOTPRINT -DPEDANTIC -DMDE_CPU_X64   -c -o crypto/asn1/t_pkey.o /usr/src/azl/BUILD/shim-15.8/Cryptlib/OpenSSL/crypto/asn1/t_pkey.c
#7 109.4 gcc -std=gnu11 -ggdb -ffreestanding -fmacro-prefix-map=/usr/src/azl/BUILD/shim-15.8/= -fno-stack-protector -fno-strict-aliasing -fpic -fshort-wchar -nostdinc -m64 -mno-mmx -mno-sse -mno-red-zone -maccumulate-outgoing-args -Os -Wall -Wextra -Wno-missing-field-initializers -Wno-empty-body -Wno-implicit-fallthrough -Wno-old-style-declaration -Wno-unused-but-set-variable -Wno-unused-parameter -Werror -I/usr/src/azl/BUILD/shim-15.8/Cryptlib/OpenSSL -I/usr/src/azl/BUILD/shim-15.8/Cryptlib -I/usr/src/azl/BUILD/shim-15.8/Cryptlib/OpenSSL/Include/ -I/usr/src/azl/BUILD/shim-15.8/Cryptlib/OpenSSL/crypto -I/usr/src/azl/BUILD/shim-15.8/Cryptlib/Include -I/usr/src/azl/BUILD/shim-15.8/gnu-efi/inc -I/usr/src/azl/BUILD/shim-15.8/gnu-efi/inc/x86_64 -I/usr/src/azl/BUILD/shim-15.8/gnu-efi/inc/protocol -I/usr/src/azl/BUILD/shim-15.8/Cryptlib/OpenSSL/crypto/asn1 -I/usr/src/azl/BUILD/shim-15.8/Cryptlib/OpenSSL/crypto/evp -I/usr/src/azl/BUILD/shim-15.8/Cryptlib/OpenSSL/crypto/modes -I/usr/src/azl/BUILD/shim-15.8/Cryptlib/OpenSSL/crypto/include -isystem /usr/src/azl/BUILD/shim-15.8/include/system -isystem /usr/lib/gcc/x86_64-pc-linux-gnu/13.2.0/include -DL_ENDIAN -D_CRT_SECURE_NO_DEPRECATE -D_CRT_NONSTDC_NO_DEPRECATE -DOPENSSL_SMALL_FOOTPRINT -DPEDANTIC -DMDE_CPU_X64   -c -o crypto/asn1/t_spki.o /usr/src/azl/BUILD/shim-15.8/Cryptlib/OpenSSL/crypto/asn1/t_spki.c
#7 109.5 gcc -std=gnu11 -ggdb -ffreestanding -fmacro-prefix-map=/usr/src/azl/BUILD/shim-15.8/= -fno-stack-protector -fno-strict-aliasing -fpic -fshort-wchar -nostdinc -m64 -mno-mmx -mno-sse -mno-red-zone -maccumulate-outgoing-args -Os -Wall -Wextra -Wno-missing-field-initializers -Wno-empty-body -Wno-implicit-fallthrough -Wno-old-style-declaration -Wno-unused-but-set-variable -Wno-unused-parameter -Werror -I/usr/src/azl/BUILD/shim-15.8/Cryptlib/OpenSSL -I/usr/src/azl/BUILD/shim-15.8/Cryptlib -I/usr/src/azl/BUILD/shim-15.8/Cryptlib/OpenSSL/Include/ -I/usr/src/azl/BUILD/shim-15.8/Cryptlib/OpenSSL/crypto -I/usr/src/azl/BUILD/shim-15.8/Cryptlib/Include -I/usr/src/azl/BUILD/shim-15.8/gnu-efi/inc -I/usr/src/azl/BUILD/shim-15.8/gnu-efi/inc/x86_64 -I/usr/src/azl/BUILD/shim-15.8/gnu-efi/inc/protocol -I/usr/src/azl/BUILD/shim-15.8/Cryptlib/OpenSSL/crypto/asn1 -I/usr/src/azl/BUILD/shim-15.8/Cryptlib/OpenSSL/crypto/evp -I/usr/src/azl/BUILD/shim-15.8/Cryptlib/OpenSSL/crypto/modes -I/usr/src/azl/BUILD/shim-15.8/Cryptlib/OpenSSL/crypto/include -isystem /usr/src/azl/BUILD/shim-15.8/include/system -isystem /usr/lib/gcc/x86_64-pc-linux-gnu/13.2.0/include -DL_ENDIAN -D_CRT_SECURE_NO_DEPRECATE -D_CRT_NONSTDC_NO_DEPRECATE -DOPENSSL_SMALL_FOOTPRINT -DPEDANTIC -DMDE_CPU_X64   -c -o crypto/asn1/t_bitst.o /usr/src/azl/BUILD/shim-15.8/Cryptlib/OpenSSL/crypto/asn1/t_bitst.c
#7 109.5 gcc -std=gnu11 -ggdb -ffreestanding -fmacro-prefix-map=/usr/src/azl/BUILD/shim-15.8/= -fno-stack-protector -fno-strict-aliasing -fpic -fshort-wchar -nostdinc -m64 -mno-mmx -mno-sse -mno-red-zone -maccumulate-outgoing-args -Os -Wall -Wextra -Wno-missing-field-initializers -Wno-empty-body -Wno-implicit-fallthrough -Wno-old-style-declaration -Wno-unused-but-set-variable -Wno-unused-parameter -Werror -I/usr/src/azl/BUILD/shim-15.8/Cryptlib/OpenSSL -I/usr/src/azl/BUILD/shim-15.8/Cryptlib -I/usr/src/azl/BUILD/shim-15.8/Cryptlib/OpenSSL/Include/ -I/usr/src/azl/BUILD/shim-15.8/Cryptlib/OpenSSL/crypto -I/usr/src/azl/BUILD/shim-15.8/Cryptlib/Include -I/usr/src/azl/BUILD/shim-15.8/gnu-efi/inc -I/usr/src/azl/BUILD/shim-15.8/gnu-efi/inc/x86_64 -I/usr/src/azl/BUILD/shim-15.8/gnu-efi/inc/protocol -I/usr/src/azl/BUILD/shim-15.8/Cryptlib/OpenSSL/crypto/asn1 -I/usr/src/azl/BUILD/shim-15.8/Cryptlib/OpenSSL/crypto/evp -I/usr/src/azl/BUILD/shim-15.8/Cryptlib/OpenSSL/crypto/modes -I/usr/src/azl/BUILD/shim-15.8/Cryptlib/OpenSSL/crypto/include -isystem /usr/src/azl/BUILD/shim-15.8/include/system -isystem /usr/lib/gcc/x86_64-pc-linux-gnu/13.2.0/include -DL_ENDIAN -D_CRT_SECURE_NO_DEPRECATE -D_CRT_NONSTDC_NO_DEPRECATE -DOPENSSL_SMALL_FOOTPRINT -DPEDANTIC -DMDE_CPU_X64   -c -o crypto/asn1/tasn_new.o /usr/src/azl/BUILD/shim-15.8/Cryptlib/OpenSSL/crypto/asn1/tasn_new.c
#7 109.6 gcc -std=gnu11 -ggdb -ffreestanding -fmacro-prefix-map=/usr/src/azl/BUILD/shim-15.8/= -fno-stack-protector -fno-strict-aliasing -fpic -fshort-wchar -nostdinc -m64 -mno-mmx -mno-sse -mno-red-zone -maccumulate-outgoing-args -Os -Wall -Wextra -Wno-missing-field-initializers -Wno-empty-body -Wno-implicit-fallthrough -Wno-old-style-declaration -Wno-unused-but-set-variable -Wno-unused-parameter -Werror -I/usr/src/azl/BUILD/shim-15.8/Cryptlib/OpenSSL -I/usr/src/azl/BUILD/shim-15.8/Cryptlib -I/usr/src/azl/BUILD/shim-15.8/Cryptlib/OpenSSL/Include/ -I/usr/src/azl/BUILD/shim-15.8/Cryptlib/OpenSSL/crypto -I/usr/src/azl/BUILD/shim-15.8/Cryptlib/Include -I/usr/src/azl/BUILD/shim-15.8/gnu-efi/inc -I/usr/src/azl/BUILD/shim-15.8/gnu-efi/inc/x86_64 -I/usr/src/azl/BUILD/shim-15.8/gnu-efi/inc/protocol -I/usr/src/azl/BUILD/shim-15.8/Cryptlib/OpenSSL/crypto/asn1 -I/usr/src/azl/BUILD/shim-15.8/Cryptlib/OpenSSL/crypto/evp -I/usr/src/azl/BUILD/shim-15.8/Cryptlib/OpenSSL/crypto/modes -I/usr/src/azl/BUILD/shim-15.8/Cryptlib/OpenSSL/crypto/include -isystem /usr/src/azl/BUILD/shim-15.8/include/system -isystem /usr/lib/gcc/x86_64-pc-linux-gnu/13.2.0/include -DL_ENDIAN -D_CRT_SECURE_NO_DEPRECATE -D_CRT_NONSTDC_NO_DEPRECATE -DOPENSSL_SMALL_FOOTPRINT -DPEDANTIC -DMDE_CPU_X64   -c -o crypto/asn1/tasn_fre.o /usr/src/azl/BUILD/shim-15.8/Cryptlib/OpenSSL/crypto/asn1/tasn_fre.c
#7 109.7 gcc -std=gnu11 -ggdb -ffreestanding -fmacro-prefix-map=/usr/src/azl/BUILD/shim-15.8/= -fno-stack-protector -fno-strict-aliasing -fpic -fshort-wchar -nostdinc -m64 -mno-mmx -mno-sse -mno-red-zone -maccumulate-outgoing-args -Os -Wall -Wextra -Wno-missing-field-initializers -Wno-empty-body -Wno-implicit-fallthrough -Wno-old-style-declaration -Wno-unused-but-set-variable -Wno-unused-parameter -Werror -I/usr/src/azl/BUILD/shim-15.8/Cryptlib/OpenSSL -I/usr/src/azl/BUILD/shim-15.8/Cryptlib -I/usr/src/azl/BUILD/shim-15.8/Cryptlib/OpenSSL/Include/ -I/usr/src/azl/BUILD/shim-15.8/Cryptlib/OpenSSL/crypto -I/usr/src/azl/BUILD/shim-15.8/Cryptlib/Include -I/usr/src/azl/BUILD/shim-15.8/gnu-efi/inc -I/usr/src/azl/BUILD/shim-15.8/gnu-efi/inc/x86_64 -I/usr/src/azl/BUILD/shim-15.8/gnu-efi/inc/protocol -I/usr/src/azl/BUILD/shim-15.8/Cryptlib/OpenSSL/crypto/asn1 -I/usr/src/azl/BUILD/shim-15.8/Cryptlib/OpenSSL/crypto/evp -I/usr/src/azl/BUILD/shim-15.8/Cryptlib/OpenSSL/crypto/modes -I/usr/src/azl/BUILD/shim-15.8/Cryptlib/OpenSSL/crypto/include -isystem /usr/src/azl/BUILD/shim-15.8/include/system -isystem /usr/lib/gcc/x86_64-pc-linux-gnu/13.2.0/include -DL_ENDIAN -D_CRT_SECURE_NO_DEPRECATE -D_CRT_NONSTDC_NO_DEPRECATE -DOPENSSL_SMALL_FOOTPRINT -DPEDANTIC -DMDE_CPU_X64   -c -o crypto/asn1/tasn_enc.o /usr/src/azl/BUILD/shim-15.8/Cryptlib/OpenSSL/crypto/asn1/tasn_enc.c
#7 109.7 gcc -std=gnu11 -ggdb -ffreestanding -fmacro-prefix-map=/usr/src/azl/BUILD/shim-15.8/= -fno-stack-protector -fno-strict-aliasing -fpic -fshort-wchar -nostdinc -m64 -mno-mmx -mno-sse -mno-red-zone -maccumulate-outgoing-args -Os -Wall -Wextra -Wno-missing-field-initializers -Wno-empty-body -Wno-implicit-fallthrough -Wno-old-style-declaration -Wno-unused-but-set-variable -Wno-unused-parameter -Werror -I/usr/src/azl/BUILD/shim-15.8/Cryptlib/OpenSSL -I/usr/src/azl/BUILD/shim-15.8/Cryptlib -I/usr/src/azl/BUILD/shim-15.8/Cryptlib/OpenSSL/Include/ -I/usr/src/azl/BUILD/shim-15.8/Cryptlib/OpenSSL/crypto -I/usr/src/azl/BUILD/shim-15.8/Cryptlib/Include -I/usr/src/azl/BUILD/shim-15.8/gnu-efi/inc -I/usr/src/azl/BUILD/shim-15.8/gnu-efi/inc/x86_64 -I/usr/src/azl/BUILD/shim-15.8/gnu-efi/inc/protocol -I/usr/src/azl/BUILD/shim-15.8/Cryptlib/OpenSSL/crypto/asn1 -I/usr/src/azl/BUILD/shim-15.8/Cryptlib/OpenSSL/crypto/evp -I/usr/src/azl/BUILD/shim-15.8/Cryptlib/OpenSSL/crypto/modes -I/usr/src/azl/BUILD/shim-15.8/Cryptlib/OpenSSL/crypto/include -isystem /usr/src/azl/BUILD/shim-15.8/include/system -isystem /usr/lib/gcc/x86_64-pc-linux-gnu/13.2.0/include -DL_ENDIAN -D_CRT_SECURE_NO_DEPRECATE -D_CRT_NONSTDC_NO_DEPRECATE -DOPENSSL_SMALL_FOOTPRINT -DPEDANTIC -DMDE_CPU_X64   -c -o crypto/asn1/tasn_dec.o /usr/src/azl/BUILD/shim-15.8/Cryptlib/OpenSSL/crypto/asn1/tasn_dec.c
#7 109.9 gcc -std=gnu11 -ggdb -ffreestanding -fmacro-prefix-map=/usr/src/azl/BUILD/shim-15.8/= -fno-stack-protector -fno-strict-aliasing -fpic -fshort-wchar -nostdinc -m64 -mno-mmx -mno-sse -mno-red-zone -maccumulate-outgoing-args -Os -Wall -Wextra -Wno-missing-field-initializers -Wno-empty-body -Wno-implicit-fallthrough -Wno-old-style-declaration -Wno-unused-but-set-variable -Wno-unused-parameter -Werror -I/usr/src/azl/BUILD/shim-15.8/Cryptlib/OpenSSL -I/usr/src/azl/BUILD/shim-15.8/Cryptlib -I/usr/src/azl/BUILD/shim-15.8/Cryptlib/OpenSSL/Include/ -I/usr/src/azl/BUILD/shim-15.8/Cryptlib/OpenSSL/crypto -I/usr/src/azl/BUILD/shim-15.8/Cryptlib/Include -I/usr/src/azl/BUILD/shim-15.8/gnu-efi/inc -I/usr/src/azl/BUILD/shim-15.8/gnu-efi/inc/x86_64 -I/usr/src/azl/BUILD/shim-15.8/gnu-efi/inc/protocol -I/usr/src/azl/BUILD/shim-15.8/Cryptlib/OpenSSL/crypto/asn1 -I/usr/src/azl/BUILD/shim-15.8/Cryptlib/OpenSSL/crypto/evp -I/usr/src/azl/BUILD/shim-15.8/Cryptlib/OpenSSL/crypto/modes -I/usr/src/azl/BUILD/shim-15.8/Cryptlib/OpenSSL/crypto/include -isystem /usr/src/azl/BUILD/shim-15.8/include/system -isystem /usr/lib/gcc/x86_64-pc-linux-gnu/13.2.0/include -DL_ENDIAN -D_CRT_SECURE_NO_DEPRECATE -D_CRT_NONSTDC_NO_DEPRECATE -DOPENSSL_SMALL_FOOTPRINT -DPEDANTIC -DMDE_CPU_X64   -c -o crypto/asn1/tasn_utl.o /usr/src/azl/BUILD/shim-15.8/Cryptlib/OpenSSL/crypto/asn1/tasn_utl.c
#7 110.0 gcc -std=gnu11 -ggdb -ffreestanding -fmacro-prefix-map=/usr/src/azl/BUILD/shim-15.8/= -fno-stack-protector -fno-strict-aliasing -fpic -fshort-wchar -nostdinc -m64 -mno-mmx -mno-sse -mno-red-zone -maccumulate-outgoing-args -Os -Wall -Wextra -Wno-missing-field-initializers -Wno-empty-body -Wno-implicit-fallthrough -Wno-old-style-declaration -Wno-unused-but-set-variable -Wno-unused-parameter -Werror -I/usr/src/azl/BUILD/shim-15.8/Cryptlib/OpenSSL -I/usr/src/azl/BUILD/shim-15.8/Cryptlib -I/usr/src/azl/BUILD/shim-15.8/Cryptlib/OpenSSL/Include/ -I/usr/src/azl/BUILD/shim-15.8/Cryptlib/OpenSSL/crypto -I/usr/src/azl/BUILD/shim-15.8/Cryptlib/Include -I/usr/src/azl/BUILD/shim-15.8/gnu-efi/inc -I/usr/src/azl/BUILD/shim-15.8/gnu-efi/inc/x86_64 -I/usr/src/azl/BUILD/shim-15.8/gnu-efi/inc/protocol -I/usr/src/azl/BUILD/shim-15.8/Cryptlib/OpenSSL/crypto/asn1 -I/usr/src/azl/BUILD/shim-15.8/Cryptlib/OpenSSL/crypto/evp -I/usr/src/azl/BUILD/shim-15.8/Cryptlib/OpenSSL/crypto/modes -I/usr/src/azl/BUILD/shim-15.8/Cryptlib/OpenSSL/crypto/include -isystem /usr/src/azl/BUILD/shim-15.8/include/system -isystem /usr/lib/gcc/x86_64-pc-linux-gnu/13.2.0/include -DL_ENDIAN -D_CRT_SECURE_NO_DEPRECATE -D_CRT_NONSTDC_NO_DEPRECATE -DOPENSSL_SMALL_FOOTPRINT -DPEDANTIC -DMDE_CPU_X64   -c -o crypto/asn1/tasn_typ.o /usr/src/azl/BUILD/shim-15.8/Cryptlib/OpenSSL/crypto/asn1/tasn_typ.c
#7 110.1 gcc -std=gnu11 -ggdb -ffreestanding -fmacro-prefix-map=/usr/src/azl/BUILD/shim-15.8/= -fno-stack-protector -fno-strict-aliasing -fpic -fshort-wchar -nostdinc -m64 -mno-mmx -mno-sse -mno-red-zone -maccumulate-outgoing-args -Os -Wall -Wextra -Wno-missing-field-initializers -Wno-empty-body -Wno-implicit-fallthrough -Wno-old-style-declaration -Wno-unused-but-set-variable -Wno-unused-parameter -Werror -I/usr/src/azl/BUILD/shim-15.8/Cryptlib/OpenSSL -I/usr/src/azl/BUILD/shim-15.8/Cryptlib -I/usr/src/azl/BUILD/shim-15.8/Cryptlib/OpenSSL/Include/ -I/usr/src/azl/BUILD/shim-15.8/Cryptlib/OpenSSL/crypto -I/usr/src/azl/BUILD/shim-15.8/Cryptlib/Include -I/usr/src/azl/BUILD/shim-15.8/gnu-efi/inc -I/usr/src/azl/BUILD/shim-15.8/gnu-efi/inc/x86_64 -I/usr/src/azl/BUILD/shim-15.8/gnu-efi/inc/protocol -I/usr/src/azl/BUILD/shim-15.8/Cryptlib/OpenSSL/crypto/asn1 -I/usr/src/azl/BUILD/shim-15.8/Cryptlib/OpenSSL/crypto/evp -I/usr/src/azl/BUILD/shim-15.8/Cryptlib/OpenSSL/crypto/modes -I/usr/src/azl/BUILD/shim-15.8/Cryptlib/OpenSSL/crypto/include -isystem /usr/src/azl/BUILD/shim-15.8/include/system -isystem /usr/lib/gcc/x86_64-pc-linux-gnu/13.2.0/include -DL_ENDIAN -D_CRT_SECURE_NO_DEPRECATE -D_CRT_NONSTDC_NO_DEPRECATE -DOPENSSL_SMALL_FOOTPRINT -DPEDANTIC -DMDE_CPU_X64   -c -o crypto/asn1/tasn_prn.o /usr/src/azl/BUILD/shim-15.8/Cryptlib/OpenSSL/crypto/asn1/tasn_prn.c
#7 110.2 gcc -std=gnu11 -ggdb -ffreestanding -fmacro-prefix-map=/usr/src/azl/BUILD/shim-15.8/= -fno-stack-protector -fno-strict-aliasing -fpic -fshort-wchar -nostdinc -m64 -mno-mmx -mno-sse -mno-red-zone -maccumulate-outgoing-args -Os -Wall -Wextra -Wno-missing-field-initializers -Wno-empty-body -Wno-implicit-fallthrough -Wno-old-style-declaration -Wno-unused-but-set-variable -Wno-unused-parameter -Werror -I/usr/src/azl/BUILD/shim-15.8/Cryptlib/OpenSSL -I/usr/src/azl/BUILD/shim-15.8/Cryptlib -I/usr/src/azl/BUILD/shim-15.8/Cryptlib/OpenSSL/Include/ -I/usr/src/azl/BUILD/shim-15.8/Cryptlib/OpenSSL/crypto -I/usr/src/azl/BUILD/shim-15.8/Cryptlib/Include -I/usr/src/azl/BUILD/shim-15.8/gnu-efi/inc -I/usr/src/azl/BUILD/shim-15.8/gnu-efi/inc/x86_64 -I/usr/src/azl/BUILD/shim-15.8/gnu-efi/inc/protocol -I/usr/src/azl/BUILD/shim-15.8/Cryptlib/OpenSSL/crypto/asn1 -I/usr/src/azl/BUILD/shim-15.8/Cryptlib/OpenSSL/crypto/evp -I/usr/src/azl/BUILD/shim-15.8/Cryptlib/OpenSSL/crypto/modes -I/usr/src/azl/BUILD/shim-15.8/Cryptlib/OpenSSL/crypto/include -isystem /usr/src/azl/BUILD/shim-15.8/include/system -isystem /usr/lib/gcc/x86_64-pc-linux-gnu/13.2.0/include -DL_ENDIAN -D_CRT_SECURE_NO_DEPRECATE -D_CRT_NONSTDC_NO_DEPRECATE -DOPENSSL_SMALL_FOOTPRINT -DPEDANTIC -DMDE_CPU_X64   -c -o crypto/asn1/ameth_lib.o /usr/src/azl/BUILD/shim-15.8/Cryptlib/OpenSSL/crypto/asn1/ameth_lib.c
#7 110.4 gcc -std=gnu11 -ggdb -ffreestanding -fmacro-prefix-map=/usr/src/azl/BUILD/shim-15.8/= -fno-stack-protector -fno-strict-aliasing -fpic -fshort-wchar -nostdinc -m64 -mno-mmx -mno-sse -mno-red-zone -maccumulate-outgoing-args -Os -Wall -Wextra -Wno-missing-field-initializers -Wno-empty-body -Wno-implicit-fallthrough -Wno-old-style-declaration -Wno-unused-but-set-variable -Wno-unused-parameter -Werror -I/usr/src/azl/BUILD/shim-15.8/Cryptlib/OpenSSL -I/usr/src/azl/BUILD/shim-15.8/Cryptlib -I/usr/src/azl/BUILD/shim-15.8/Cryptlib/OpenSSL/Include/ -I/usr/src/azl/BUILD/shim-15.8/Cryptlib/OpenSSL/crypto -I/usr/src/azl/BUILD/shim-15.8/Cryptlib/Include -I/usr/src/azl/BUILD/shim-15.8/gnu-efi/inc -I/usr/src/azl/BUILD/shim-15.8/gnu-efi/inc/x86_64 -I/usr/src/azl/BUILD/shim-15.8/gnu-efi/inc/protocol -I/usr/src/azl/BUILD/shim-15.8/Cryptlib/OpenSSL/crypto/asn1 -I/usr/src/azl/BUILD/shim-15.8/Cryptlib/OpenSSL/crypto/evp -I/usr/src/azl/BUILD/shim-15.8/Cryptlib/OpenSSL/crypto/modes -I/usr/src/azl/BUILD/shim-15.8/Cryptlib/OpenSSL/crypto/include -isystem /usr/src/azl/BUILD/shim-15.8/include/system -isystem /usr/lib/gcc/x86_64-pc-linux-gnu/13.2.0/include -DL_ENDIAN -D_CRT_SECURE_NO_DEPRECATE -D_CRT_NONSTDC_NO_DEPRECATE -DOPENSSL_SMALL_FOOTPRINT -DPEDANTIC -DMDE_CPU_X64   -c -o crypto/asn1/f_int.o /usr/src/azl/BUILD/shim-15.8/Cryptlib/OpenSSL/crypto/asn1/f_int.c
#7 110.4 gcc -std=gnu11 -ggdb -ffreestanding -fmacro-prefix-map=/usr/src/azl/BUILD/shim-15.8/= -fno-stack-protector -fno-strict-aliasing -fpic -fshort-wchar -nostdinc -m64 -mno-mmx -mno-sse -mno-red-zone -maccumulate-outgoing-args -Os -Wall -Wextra -Wno-missing-field-initializers -Wno-empty-body -Wno-implicit-fallthrough -Wno-old-style-declaration -Wno-unused-but-set-variable -Wno-unused-parameter -Werror -I/usr/src/azl/BUILD/shim-15.8/Cryptlib/OpenSSL -I/usr/src/azl/BUILD/shim-15.8/Cryptlib -I/usr/src/azl/BUILD/shim-15.8/Cryptlib/OpenSSL/Include/ -I/usr/src/azl/BUILD/shim-15.8/Cryptlib/OpenSSL/crypto -I/usr/src/azl/BUILD/shim-15.8/Cryptlib/Include -I/usr/src/azl/BUILD/shim-15.8/gnu-efi/inc -I/usr/src/azl/BUILD/shim-15.8/gnu-efi/inc/x86_64 -I/usr/src/azl/BUILD/shim-15.8/gnu-efi/inc/protocol -I/usr/src/azl/BUILD/shim-15.8/Cryptlib/OpenSSL/crypto/asn1 -I/usr/src/azl/BUILD/shim-15.8/Cryptlib/OpenSSL/crypto/evp -I/usr/src/azl/BUILD/shim-15.8/Cryptlib/OpenSSL/crypto/modes -I/usr/src/azl/BUILD/shim-15.8/Cryptlib/OpenSSL/crypto/include -isystem /usr/src/azl/BUILD/shim-15.8/include/system -isystem /usr/lib/gcc/x86_64-pc-linux-gnu/13.2.0/include -DL_ENDIAN -D_CRT_SECURE_NO_DEPRECATE -D_CRT_NONSTDC_NO_DEPRECATE -DOPENSSL_SMALL_FOOTPRINT -DPEDANTIC -DMDE_CPU_X64   -c -o crypto/asn1/f_string.o /usr/src/azl/BUILD/shim-15.8/Cryptlib/OpenSSL/crypto/asn1/f_string.c
#7 110.5 gcc -std=gnu11 -ggdb -ffreestanding -fmacro-prefix-map=/usr/src/azl/BUILD/shim-15.8/= -fno-stack-protector -fno-strict-aliasing -fpic -fshort-wchar -nostdinc -m64 -mno-mmx -mno-sse -mno-red-zone -maccumulate-outgoing-args -Os -Wall -Wextra -Wno-missing-field-initializers -Wno-empty-body -Wno-implicit-fallthrough -Wno-old-style-declaration -Wno-unused-but-set-variable -Wno-unused-parameter -Werror -I/usr/src/azl/BUILD/shim-15.8/Cryptlib/OpenSSL -I/usr/src/azl/BUILD/shim-15.8/Cryptlib -I/usr/src/azl/BUILD/shim-15.8/Cryptlib/OpenSSL/Include/ -I/usr/src/azl/BUILD/shim-15.8/Cryptlib/OpenSSL/crypto -I/usr/src/azl/BUILD/shim-15.8/Cryptlib/Include -I/usr/src/azl/BUILD/shim-15.8/gnu-efi/inc -I/usr/src/azl/BUILD/shim-15.8/gnu-efi/inc/x86_64 -I/usr/src/azl/BUILD/shim-15.8/gnu-efi/inc/protocol -I/usr/src/azl/BUILD/shim-15.8/Cryptlib/OpenSSL/crypto/asn1 -I/usr/src/azl/BUILD/shim-15.8/Cryptlib/OpenSSL/crypto/evp -I/usr/src/azl/BUILD/shim-15.8/Cryptlib/OpenSSL/crypto/modes -I/usr/src/azl/BUILD/shim-15.8/Cryptlib/OpenSSL/crypto/include -isystem /usr/src/azl/BUILD/shim-15.8/include/system -isystem /usr/lib/gcc/x86_64-pc-linux-gnu/13.2.0/include -DL_ENDIAN -D_CRT_SECURE_NO_DEPRECATE -D_CRT_NONSTDC_NO_DEPRECATE -DOPENSSL_SMALL_FOOTPRINT -DPEDANTIC -DMDE_CPU_X64   -c -o crypto/asn1/n_pkey.o /usr/src/azl/BUILD/shim-15.8/Cryptlib/OpenSSL/crypto/asn1/n_pkey.c
#7 110.6 gcc -std=gnu11 -ggdb -ffreestanding -fmacro-prefix-map=/usr/src/azl/BUILD/shim-15.8/= -fno-stack-protector -fno-strict-aliasing -fpic -fshort-wchar -nostdinc -m64 -mno-mmx -mno-sse -mno-red-zone -maccumulate-outgoing-args -Os -Wall -Wextra -Wno-missing-field-initializers -Wno-empty-body -Wno-implicit-fallthrough -Wno-old-style-declaration -Wno-unused-but-set-variable -Wno-unused-parameter -Werror -I/usr/src/azl/BUILD/shim-15.8/Cryptlib/OpenSSL -I/usr/src/azl/BUILD/shim-15.8/Cryptlib -I/usr/src/azl/BUILD/shim-15.8/Cryptlib/OpenSSL/Include/ -I/usr/src/azl/BUILD/shim-15.8/Cryptlib/OpenSSL/crypto -I/usr/src/azl/BUILD/shim-15.8/Cryptlib/Include -I/usr/src/azl/BUILD/shim-15.8/gnu-efi/inc -I/usr/src/azl/BUILD/shim-15.8/gnu-efi/inc/x86_64 -I/usr/src/azl/BUILD/shim-15.8/gnu-efi/inc/protocol -I/usr/src/azl/BUILD/shim-15.8/Cryptlib/OpenSSL/crypto/asn1 -I/usr/src/azl/BUILD/shim-15.8/Cryptlib/OpenSSL/crypto/evp -I/usr/src/azl/BUILD/shim-15.8/Cryptlib/OpenSSL/crypto/modes -I/usr/src/azl/BUILD/shim-15.8/Cryptlib/OpenSSL/crypto/include -isystem /usr/src/azl/BUILD/shim-15.8/include/system -isystem /usr/lib/gcc/x86_64-pc-linux-gnu/13.2.0/include -DL_ENDIAN -D_CRT_SECURE_NO_DEPRECATE -D_CRT_NONSTDC_NO_DEPRECATE -DOPENSSL_SMALL_FOOTPRINT -DPEDANTIC -DMDE_CPU_X64   -c -o crypto/asn1/f_enum.o /usr/src/azl/BUILD/shim-15.8/Cryptlib/OpenSSL/crypto/asn1/f_enum.c
#7 110.7 gcc -std=gnu11 -ggdb -ffreestanding -fmacro-prefix-map=/usr/src/azl/BUILD/shim-15.8/= -fno-stack-protector -fno-strict-aliasing -fpic -fshort-wchar -nostdinc -m64 -mno-mmx -mno-sse -mno-red-zone -maccumulate-outgoing-args -Os -Wall -Wextra -Wno-missing-field-initializers -Wno-empty-body -Wno-implicit-fallthrough -Wno-old-style-declaration -Wno-unused-but-set-variable -Wno-unused-parameter -Werror -I/usr/src/azl/BUILD/shim-15.8/Cryptlib/OpenSSL -I/usr/src/azl/BUILD/shim-15.8/Cryptlib -I/usr/src/azl/BUILD/shim-15.8/Cryptlib/OpenSSL/Include/ -I/usr/src/azl/BUILD/shim-15.8/Cryptlib/OpenSSL/crypto -I/usr/src/azl/BUILD/shim-15.8/Cryptlib/Include -I/usr/src/azl/BUILD/shim-15.8/gnu-efi/inc -I/usr/src/azl/BUILD/shim-15.8/gnu-efi/inc/x86_64 -I/usr/src/azl/BUILD/shim-15.8/gnu-efi/inc/protocol -I/usr/src/azl/BUILD/shim-15.8/Cryptlib/OpenSSL/crypto/asn1 -I/usr/src/azl/BUILD/shim-15.8/Cryptlib/OpenSSL/crypto/evp -I/usr/src/azl/BUILD/shim-15.8/Cryptlib/OpenSSL/crypto/modes -I/usr/src/azl/BUILD/shim-15.8/Cryptlib/OpenSSL/crypto/include -isystem /usr/src/azl/BUILD/shim-15.8/include/system -isystem /usr/lib/gcc/x86_64-pc-linux-gnu/13.2.0/include -DL_ENDIAN -D_CRT_SECURE_NO_DEPRECATE -D_CRT_NONSTDC_NO_DEPRECATE -DOPENSSL_SMALL_FOOTPRINT -DPEDANTIC -DMDE_CPU_X64   -c -o crypto/asn1/x_pkey.o /usr/src/azl/BUILD/shim-15.8/Cryptlib/OpenSSL/crypto/asn1/x_pkey.c
#7 110.7 gcc -std=gnu11 -ggdb -ffreestanding -fmacro-prefix-map=/usr/src/azl/BUILD/shim-15.8/= -fno-stack-protector -fno-strict-aliasing -fpic -fshort-wchar -nostdinc -m64 -mno-mmx -mno-sse -mno-red-zone -maccumulate-outgoing-args -Os -Wall -Wextra -Wno-missing-field-initializers -Wno-empty-body -Wno-implicit-fallthrough -Wno-old-style-declaration -Wno-unused-but-set-variable -Wno-unused-parameter -Werror -I/usr/src/azl/BUILD/shim-15.8/Cryptlib/OpenSSL -I/usr/src/azl/BUILD/shim-15.8/Cryptlib -I/usr/src/azl/BUILD/shim-15.8/Cryptlib/OpenSSL/Include/ -I/usr/src/azl/BUILD/shim-15.8/Cryptlib/OpenSSL/crypto -I/usr/src/azl/BUILD/shim-15.8/Cryptlib/Include -I/usr/src/azl/BUILD/shim-15.8/gnu-efi/inc -I/usr/src/azl/BUILD/shim-15.8/gnu-efi/inc/x86_64 -I/usr/src/azl/BUILD/shim-15.8/gnu-efi/inc/protocol -I/usr/src/azl/BUILD/shim-15.8/Cryptlib/OpenSSL/crypto/asn1 -I/usr/src/azl/BUILD/shim-15.8/Cryptlib/OpenSSL/crypto/evp -I/usr/src/azl/BUILD/shim-15.8/Cryptlib/OpenSSL/crypto/modes -I/usr/src/azl/BUILD/shim-15.8/Cryptlib/OpenSSL/crypto/include -isystem /usr/src/azl/BUILD/shim-15.8/include/system -isystem /usr/lib/gcc/x86_64-pc-linux-gnu/13.2.0/include -DL_ENDIAN -D_CRT_SECURE_NO_DEPRECATE -D_CRT_NONSTDC_NO_DEPRECATE -DOPENSSL_SMALL_FOOTPRINT -DPEDANTIC -DMDE_CPU_X64   -c -o crypto/asn1/a_bool.o /usr/src/azl/BUILD/shim-15.8/Cryptlib/OpenSSL/crypto/asn1/a_bool.c
#7 110.8 gcc -std=gnu11 -ggdb -ffreestanding -fmacro-prefix-map=/usr/src/azl/BUILD/shim-15.8/= -fno-stack-protector -fno-strict-aliasing -fpic -fshort-wchar -nostdinc -m64 -mno-mmx -mno-sse -mno-red-zone -maccumulate-outgoing-args -Os -Wall -Wextra -Wno-missing-field-initializers -Wno-empty-body -Wno-implicit-fallthrough -Wno-old-style-declaration -Wno-unused-but-set-variable -Wno-unused-parameter -Werror -I/usr/src/azl/BUILD/shim-15.8/Cryptlib/OpenSSL -I/usr/src/azl/BUILD/shim-15.8/Cryptlib -I/usr/src/azl/BUILD/shim-15.8/Cryptlib/OpenSSL/Include/ -I/usr/src/azl/BUILD/shim-15.8/Cryptlib/OpenSSL/crypto -I/usr/src/azl/BUILD/shim-15.8/Cryptlib/Include -I/usr/src/azl/BUILD/shim-15.8/gnu-efi/inc -I/usr/src/azl/BUILD/shim-15.8/gnu-efi/inc/x86_64 -I/usr/src/azl/BUILD/shim-15.8/gnu-efi/inc/protocol -I/usr/src/azl/BUILD/shim-15.8/Cryptlib/OpenSSL/crypto/asn1 -I/usr/src/azl/BUILD/shim-15.8/Cryptlib/OpenSSL/crypto/evp -I/usr/src/azl/BUILD/shim-15.8/Cryptlib/OpenSSL/crypto/modes -I/usr/src/azl/BUILD/shim-15.8/Cryptlib/OpenSSL/crypto/include -isystem /usr/src/azl/BUILD/shim-15.8/include/system -isystem /usr/lib/gcc/x86_64-pc-linux-gnu/13.2.0/include -DL_ENDIAN -D_CRT_SECURE_NO_DEPRECATE -D_CRT_NONSTDC_NO_DEPRECATE -DOPENSSL_SMALL_FOOTPRINT -DPEDANTIC -DMDE_CPU_X64   -c -o crypto/asn1/x_exten.o /usr/src/azl/BUILD/shim-15.8/Cryptlib/OpenSSL/crypto/asn1/x_exten.c
#7 110.8 gcc -std=gnu11 -ggdb -ffreestanding -fmacro-prefix-map=/usr/src/azl/BUILD/shim-15.8/= -fno-stack-protector -fno-strict-aliasing -fpic -fshort-wchar -nostdinc -m64 -mno-mmx -mno-sse -mno-red-zone -maccumulate-outgoing-args -Os -Wall -Wextra -Wno-missing-field-initializers -Wno-empty-body -Wno-implicit-fallthrough -Wno-old-style-declaration -Wno-unused-but-set-variable -Wno-unused-parameter -Werror -I/usr/src/azl/BUILD/shim-15.8/Cryptlib/OpenSSL -I/usr/src/azl/BUILD/shim-15.8/Cryptlib -I/usr/src/azl/BUILD/shim-15.8/Cryptlib/OpenSSL/Include/ -I/usr/src/azl/BUILD/shim-15.8/Cryptlib/OpenSSL/crypto -I/usr/src/azl/BUILD/shim-15.8/Cryptlib/Include -I/usr/src/azl/BUILD/shim-15.8/gnu-efi/inc -I/usr/src/azl/BUILD/shim-15.8/gnu-efi/inc/x86_64 -I/usr/src/azl/BUILD/shim-15.8/gnu-efi/inc/protocol -I/usr/src/azl/BUILD/shim-15.8/Cryptlib/OpenSSL/crypto/asn1 -I/usr/src/azl/BUILD/shim-15.8/Cryptlib/OpenSSL/crypto/evp -I/usr/src/azl/BUILD/shim-15.8/Cryptlib/OpenSSL/crypto/modes -I/usr/src/azl/BUILD/shim-15.8/Cryptlib/OpenSSL/crypto/include -isystem /usr/src/azl/BUILD/shim-15.8/include/system -isystem /usr/lib/gcc/x86_64-pc-linux-gnu/13.2.0/include -DL_ENDIAN -D_CRT_SECURE_NO_DEPRECATE -D_CRT_NONSTDC_NO_DEPRECATE -DOPENSSL_SMALL_FOOTPRINT -DPEDANTIC -DMDE_CPU_X64   -c -o crypto/asn1/bio_asn1.o /usr/src/azl/BUILD/shim-15.8/Cryptlib/OpenSSL/crypto/asn1/bio_asn1.c
#7 110.9 gcc -std=gnu11 -ggdb -ffreestanding -fmacro-prefix-map=/usr/src/azl/BUILD/shim-15.8/= -fno-stack-protector -fno-strict-aliasing -fpic -fshort-wchar -nostdinc -m64 -mno-mmx -mno-sse -mno-red-zone -maccumulate-outgoing-args -Os -Wall -Wextra -Wno-missing-field-initializers -Wno-empty-body -Wno-implicit-fallthrough -Wno-old-style-declaration -Wno-unused-but-set-variable -Wno-unused-parameter -Werror -I/usr/src/azl/BUILD/shim-15.8/Cryptlib/OpenSSL -I/usr/src/azl/BUILD/shim-15.8/Cryptlib -I/usr/src/azl/BUILD/shim-15.8/Cryptlib/OpenSSL/Include/ -I/usr/src/azl/BUILD/shim-15.8/Cryptlib/OpenSSL/crypto -I/usr/src/azl/BUILD/shim-15.8/Cryptlib/Include -I/usr/src/azl/BUILD/shim-15.8/gnu-efi/inc -I/usr/src/azl/BUILD/shim-15.8/gnu-efi/inc/x86_64 -I/usr/src/azl/BUILD/shim-15.8/gnu-efi/inc/protocol -I/usr/src/azl/BUILD/shim-15.8/Cryptlib/OpenSSL/crypto/asn1 -I/usr/src/azl/BUILD/shim-15.8/Cryptlib/OpenSSL/crypto/evp -I/usr/src/azl/BUILD/shim-15.8/Cryptlib/OpenSSL/crypto/modes -I/usr/src/azl/BUILD/shim-15.8/Cryptlib/OpenSSL/crypto/include -isystem /usr/src/azl/BUILD/shim-15.8/include/system -isystem /usr/lib/gcc/x86_64-pc-linux-gnu/13.2.0/include -DL_ENDIAN -D_CRT_SECURE_NO_DEPRECATE -D_CRT_NONSTDC_NO_DEPRECATE -DOPENSSL_SMALL_FOOTPRINT -DPEDANTIC -DMDE_CPU_X64   -c -o crypto/asn1/bio_ndef.o /usr/src/azl/BUILD/shim-15.8/Cryptlib/OpenSSL/crypto/asn1/bio_ndef.c
#7 111.0 gcc -std=gnu11 -ggdb -ffreestanding -fmacro-prefix-map=/usr/src/azl/BUILD/shim-15.8/= -fno-stack-protector -fno-strict-aliasing -fpic -fshort-wchar -nostdinc -m64 -mno-mmx -mno-sse -mno-red-zone -maccumulate-outgoing-args -Os -Wall -Wextra -Wno-missing-field-initializers -Wno-empty-body -Wno-implicit-fallthrough -Wno-old-style-declaration -Wno-unused-but-set-variable -Wno-unused-parameter -Werror -I/usr/src/azl/BUILD/shim-15.8/Cryptlib/OpenSSL -I/usr/src/azl/BUILD/shim-15.8/Cryptlib -I/usr/src/azl/BUILD/shim-15.8/Cryptlib/OpenSSL/Include/ -I/usr/src/azl/BUILD/shim-15.8/Cryptlib/OpenSSL/crypto -I/usr/src/azl/BUILD/shim-15.8/Cryptlib/Include -I/usr/src/azl/BUILD/shim-15.8/gnu-efi/inc -I/usr/src/azl/BUILD/shim-15.8/gnu-efi/inc/x86_64 -I/usr/src/azl/BUILD/shim-15.8/gnu-efi/inc/protocol -I/usr/src/azl/BUILD/shim-15.8/Cryptlib/OpenSSL/crypto/asn1 -I/usr/src/azl/BUILD/shim-15.8/Cryptlib/OpenSSL/crypto/evp -I/usr/src/azl/BUILD/shim-15.8/Cryptlib/OpenSSL/crypto/modes -I/usr/src/azl/BUILD/shim-15.8/Cryptlib/OpenSSL/crypto/include -isystem /usr/src/azl/BUILD/shim-15.8/include/system -isystem /usr/lib/gcc/x86_64-pc-linux-gnu/13.2.0/include -DL_ENDIAN -D_CRT_SECURE_NO_DEPRECATE -D_CRT_NONSTDC_NO_DEPRECATE -DOPENSSL_SMALL_FOOTPRINT -DPEDANTIC -DMDE_CPU_X64   -c -o crypto/asn1/asn_mime.o /usr/src/azl/BUILD/shim-15.8/Cryptlib/OpenSSL/crypto/asn1/asn_mime.c
#7 111.0 gcc -std=gnu11 -ggdb -ffreestanding -fmacro-prefix-map=/usr/src/azl/BUILD/shim-15.8/= -fno-stack-protector -fno-strict-aliasing -fpic -fshort-wchar -nostdinc -m64 -mno-mmx -mno-sse -mno-red-zone -maccumulate-outgoing-args -Os -Wall -Wextra -Wno-missing-field-initializers -Wno-empty-body -Wno-implicit-fallthrough -Wno-old-style-declaration -Wno-unused-but-set-variable -Wno-unused-parameter -Werror -I/usr/src/azl/BUILD/shim-15.8/Cryptlib/OpenSSL -I/usr/src/azl/BUILD/shim-15.8/Cryptlib -I/usr/src/azl/BUILD/shim-15.8/Cryptlib/OpenSSL/Include/ -I/usr/src/azl/BUILD/shim-15.8/Cryptlib/OpenSSL/crypto -I/usr/src/azl/BUILD/shim-15.8/Cryptlib/Include -I/usr/src/azl/BUILD/shim-15.8/gnu-efi/inc -I/usr/src/azl/BUILD/shim-15.8/gnu-efi/inc/x86_64 -I/usr/src/azl/BUILD/shim-15.8/gnu-efi/inc/protocol -I/usr/src/azl/BUILD/shim-15.8/Cryptlib/OpenSSL/crypto/asn1 -I/usr/src/azl/BUILD/shim-15.8/Cryptlib/OpenSSL/crypto/evp -I/usr/src/azl/BUILD/shim-15.8/Cryptlib/OpenSSL/crypto/modes -I/usr/src/azl/BUILD/shim-15.8/Cryptlib/OpenSSL/crypto/include -isystem /usr/src/azl/BUILD/shim-15.8/include/system -isystem /usr/lib/gcc/x86_64-pc-linux-gnu/13.2.0/include -DL_ENDIAN -D_CRT_SECURE_NO_DEPRECATE -D_CRT_NONSTDC_NO_DEPRECATE -DOPENSSL_SMALL_FOOTPRINT -DPEDANTIC -DMDE_CPU_X64   -c -o crypto/asn1/asn1_gen.o /usr/src/azl/BUILD/shim-15.8/Cryptlib/OpenSSL/crypto/asn1/asn1_gen.c
#7 111.3 gcc -std=gnu11 -ggdb -ffreestanding -fmacro-prefix-map=/usr/src/azl/BUILD/shim-15.8/= -fno-stack-protector -fno-strict-aliasing -fpic -fshort-wchar -nostdinc -m64 -mno-mmx -mno-sse -mno-red-zone -maccumulate-outgoing-args -Os -Wall -Wextra -Wno-missing-field-initializers -Wno-empty-body -Wno-implicit-fallthrough -Wno-old-style-declaration -Wno-unused-but-set-variable -Wno-unused-parameter -Werror -I/usr/src/azl/BUILD/shim-15.8/Cryptlib/OpenSSL -I/usr/src/azl/BUILD/shim-15.8/Cryptlib -I/usr/src/azl/BUILD/shim-15.8/Cryptlib/OpenSSL/Include/ -I/usr/src/azl/BUILD/shim-15.8/Cryptlib/OpenSSL/crypto -I/usr/src/azl/BUILD/shim-15.8/Cryptlib/Include -I/usr/src/azl/BUILD/shim-15.8/gnu-efi/inc -I/usr/src/azl/BUILD/shim-15.8/gnu-efi/inc/x86_64 -I/usr/src/azl/BUILD/shim-15.8/gnu-efi/inc/protocol -I/usr/src/azl/BUILD/shim-15.8/Cryptlib/OpenSSL/crypto/asn1 -I/usr/src/azl/BUILD/shim-15.8/Cryptlib/OpenSSL/crypto/evp -I/usr/src/azl/BUILD/shim-15.8/Cryptlib/OpenSSL/crypto/modes -I/usr/src/azl/BUILD/shim-15.8/Cryptlib/OpenSSL/crypto/include -isystem /usr/src/azl/BUILD/shim-15.8/include/system -isystem /usr/lib/gcc/x86_64-pc-linux-gnu/13.2.0/include -DL_ENDIAN -D_CRT_SECURE_NO_DEPRECATE -D_CRT_NONSTDC_NO_DEPRECATE -DOPENSSL_SMALL_FOOTPRINT -DPEDANTIC -DMDE_CPU_X64   -c -o crypto/asn1/asn1_par.o /usr/src/azl/BUILD/shim-15.8/Cryptlib/OpenSSL/crypto/asn1/asn1_par.c
#7 111.4 gcc -std=gnu11 -ggdb -ffreestanding -fmacro-prefix-map=/usr/src/azl/BUILD/shim-15.8/= -fno-stack-protector -fno-strict-aliasing -fpic -fshort-wchar -nostdinc -m64 -mno-mmx -mno-sse -mno-red-zone -maccumulate-outgoing-args -Os -Wall -Wextra -Wno-missing-field-initializers -Wno-empty-body -Wno-implicit-fallthrough -Wno-old-style-declaration -Wno-unused-but-set-variable -Wno-unused-parameter -Werror -I/usr/src/azl/BUILD/shim-15.8/Cryptlib/OpenSSL -I/usr/src/azl/BUILD/shim-15.8/Cryptlib -I/usr/src/azl/BUILD/shim-15.8/Cryptlib/OpenSSL/Include/ -I/usr/src/azl/BUILD/shim-15.8/Cryptlib/OpenSSL/crypto -I/usr/src/azl/BUILD/shim-15.8/Cryptlib/Include -I/usr/src/azl/BUILD/shim-15.8/gnu-efi/inc -I/usr/src/azl/BUILD/shim-15.8/gnu-efi/inc/x86_64 -I/usr/src/azl/BUILD/shim-15.8/gnu-efi/inc/protocol -I/usr/src/azl/BUILD/shim-15.8/Cryptlib/OpenSSL/crypto/asn1 -I/usr/src/azl/BUILD/shim-15.8/Cryptlib/OpenSSL/crypto/evp -I/usr/src/azl/BUILD/shim-15.8/Cryptlib/OpenSSL/crypto/modes -I/usr/src/azl/BUILD/shim-15.8/Cryptlib/OpenSSL/crypto/include -isystem /usr/src/azl/BUILD/shim-15.8/include/system -isystem /usr/lib/gcc/x86_64-pc-linux-gnu/13.2.0/include -DL_ENDIAN -D_CRT_SECURE_NO_DEPRECATE -D_CRT_NONSTDC_NO_DEPRECATE -DOPENSSL_SMALL_FOOTPRINT -DPEDANTIC -DMDE_CPU_X64   -c -o crypto/asn1/asn1_lib.o /usr/src/azl/BUILD/shim-15.8/Cryptlib/OpenSSL/crypto/asn1/asn1_lib.c
#7 111.5 gcc -std=gnu11 -ggdb -ffreestanding -fmacro-prefix-map=/usr/src/azl/BUILD/shim-15.8/= -fno-stack-protector -fno-strict-aliasing -fpic -fshort-wchar -nostdinc -m64 -mno-mmx -mno-sse -mno-red-zone -maccumulate-outgoing-args -Os -Wall -Wextra -Wno-missing-field-initializers -Wno-empty-body -Wno-implicit-fallthrough -Wno-old-style-declaration -Wno-unused-but-set-variable -Wno-unused-parameter -Werror -I/usr/src/azl/BUILD/shim-15.8/Cryptlib/OpenSSL -I/usr/src/azl/BUILD/shim-15.8/Cryptlib -I/usr/src/azl/BUILD/shim-15.8/Cryptlib/OpenSSL/Include/ -I/usr/src/azl/BUILD/shim-15.8/Cryptlib/OpenSSL/crypto -I/usr/src/azl/BUILD/shim-15.8/Cryptlib/Include -I/usr/src/azl/BUILD/shim-15.8/gnu-efi/inc -I/usr/src/azl/BUILD/shim-15.8/gnu-efi/inc/x86_64 -I/usr/src/azl/BUILD/shim-15.8/gnu-efi/inc/protocol -I/usr/src/azl/BUILD/shim-15.8/Cryptlib/OpenSSL/crypto/asn1 -I/usr/src/azl/BUILD/shim-15.8/Cryptlib/OpenSSL/crypto/evp -I/usr/src/azl/BUILD/shim-15.8/Cryptlib/OpenSSL/crypto/modes -I/usr/src/azl/BUILD/shim-15.8/Cryptlib/OpenSSL/crypto/include -isystem /usr/src/azl/BUILD/shim-15.8/include/system -isystem /usr/lib/gcc/x86_64-pc-linux-gnu/13.2.0/include -DL_ENDIAN -D_CRT_SECURE_NO_DEPRECATE -D_CRT_NONSTDC_NO_DEPRECATE -DOPENSSL_SMALL_FOOTPRINT -DPEDANTIC -DMDE_CPU_X64   -c -o crypto/asn1/asn1_err.o /usr/src/azl/BUILD/shim-15.8/Cryptlib/OpenSSL/crypto/asn1/asn1_err.c
#7 111.6 gcc -std=gnu11 -ggdb -ffreestanding -fmacro-prefix-map=/usr/src/azl/BUILD/shim-15.8/= -fno-stack-protector -fno-strict-aliasing -fpic -fshort-wchar -nostdinc -m64 -mno-mmx -mno-sse -mno-red-zone -maccumulate-outgoing-args -Os -Wall -Wextra -Wno-missing-field-initializers -Wno-empty-body -Wno-implicit-fallthrough -Wno-old-style-declaration -Wno-unused-but-set-variable -Wno-unused-parameter -Werror -I/usr/src/azl/BUILD/shim-15.8/Cryptlib/OpenSSL -I/usr/src/azl/BUILD/shim-15.8/Cryptlib -I/usr/src/azl/BUILD/shim-15.8/Cryptlib/OpenSSL/Include/ -I/usr/src/azl/BUILD/shim-15.8/Cryptlib/OpenSSL/crypto -I/usr/src/azl/BUILD/shim-15.8/Cryptlib/Include -I/usr/src/azl/BUILD/shim-15.8/gnu-efi/inc -I/usr/src/azl/BUILD/shim-15.8/gnu-efi/inc/x86_64 -I/usr/src/azl/BUILD/shim-15.8/gnu-efi/inc/protocol -I/usr/src/azl/BUILD/shim-15.8/Cryptlib/OpenSSL/crypto/asn1 -I/usr/src/azl/BUILD/shim-15.8/Cryptlib/OpenSSL/crypto/evp -I/usr/src/azl/BUILD/shim-15.8/Cryptlib/OpenSSL/crypto/modes -I/usr/src/azl/BUILD/shim-15.8/Cryptlib/OpenSSL/crypto/include -isystem /usr/src/azl/BUILD/shim-15.8/include/system -isystem /usr/lib/gcc/x86_64-pc-linux-gnu/13.2.0/include -DL_ENDIAN -D_CRT_SECURE_NO_DEPRECATE -D_CRT_NONSTDC_NO_DEPRECATE -DOPENSSL_SMALL_FOOTPRINT -DPEDANTIC -DMDE_CPU_X64   -c -o crypto/asn1/a_bytes.o /usr/src/azl/BUILD/shim-15.8/Cryptlib/OpenSSL/crypto/asn1/a_bytes.c
#7 111.6 gcc -std=gnu11 -ggdb -ffreestanding -fmacro-prefix-map=/usr/src/azl/BUILD/shim-15.8/= -fno-stack-protector -fno-strict-aliasing -fpic -fshort-wchar -nostdinc -m64 -mno-mmx -mno-sse -mno-red-zone -maccumulate-outgoing-args -Os -Wall -Wextra -Wno-missing-field-initializers -Wno-empty-body -Wno-implicit-fallthrough -Wno-old-style-declaration -Wno-unused-but-set-variable -Wno-unused-parameter -Werror -I/usr/src/azl/BUILD/shim-15.8/Cryptlib/OpenSSL -I/usr/src/azl/BUILD/shim-15.8/Cryptlib -I/usr/src/azl/BUILD/shim-15.8/Cryptlib/OpenSSL/Include/ -I/usr/src/azl/BUILD/shim-15.8/Cryptlib/OpenSSL/crypto -I/usr/src/azl/BUILD/shim-15.8/Cryptlib/Include -I/usr/src/azl/BUILD/shim-15.8/gnu-efi/inc -I/usr/src/azl/BUILD/shim-15.8/gnu-efi/inc/x86_64 -I/usr/src/azl/BUILD/shim-15.8/gnu-efi/inc/protocol -I/usr/src/azl/BUILD/shim-15.8/Cryptlib/OpenSSL/crypto/asn1 -I/usr/src/azl/BUILD/shim-15.8/Cryptlib/OpenSSL/crypto/evp -I/usr/src/azl/BUILD/shim-15.8/Cryptlib/OpenSSL/crypto/modes -I/usr/src/azl/BUILD/shim-15.8/Cryptlib/OpenSSL/crypto/include -isystem /usr/src/azl/BUILD/shim-15.8/include/system -isystem /usr/lib/gcc/x86_64-pc-linux-gnu/13.2.0/include -DL_ENDIAN -D_CRT_SECURE_NO_DEPRECATE -D_CRT_NONSTDC_NO_DEPRECATE -DOPENSSL_SMALL_FOOTPRINT -DPEDANTIC -DMDE_CPU_X64   -c -o crypto/asn1/a_strnid.o /usr/src/azl/BUILD/shim-15.8/Cryptlib/OpenSSL/crypto/asn1/a_strnid.c
#7 111.7 gcc -std=gnu11 -ggdb -ffreestanding -fmacro-prefix-map=/usr/src/azl/BUILD/shim-15.8/= -fno-stack-protector -fno-strict-aliasing -fpic -fshort-wchar -nostdinc -m64 -mno-mmx -mno-sse -mno-red-zone -maccumulate-outgoing-args -Os -Wall -Wextra -Wno-missing-field-initializers -Wno-empty-body -Wno-implicit-fallthrough -Wno-old-style-declaration -Wno-unused-but-set-variable -Wno-unused-parameter -Werror -I/usr/src/azl/BUILD/shim-15.8/Cryptlib/OpenSSL -I/usr/src/azl/BUILD/shim-15.8/Cryptlib -I/usr/src/azl/BUILD/shim-15.8/Cryptlib/OpenSSL/Include/ -I/usr/src/azl/BUILD/shim-15.8/Cryptlib/OpenSSL/crypto -I/usr/src/azl/BUILD/shim-15.8/Cryptlib/Include -I/usr/src/azl/BUILD/shim-15.8/gnu-efi/inc -I/usr/src/azl/BUILD/shim-15.8/gnu-efi/inc/x86_64 -I/usr/src/azl/BUILD/shim-15.8/gnu-efi/inc/protocol -I/usr/src/azl/BUILD/shim-15.8/Cryptlib/OpenSSL/crypto/asn1 -I/usr/src/azl/BUILD/shim-15.8/Cryptlib/OpenSSL/crypto/evp -I/usr/src/azl/BUILD/shim-15.8/Cryptlib/OpenSSL/crypto/modes -I/usr/src/azl/BUILD/shim-15.8/Cryptlib/OpenSSL/crypto/include -isystem /usr/src/azl/BUILD/shim-15.8/include/system -isystem /usr/lib/gcc/x86_64-pc-linux-gnu/13.2.0/include -DL_ENDIAN -D_CRT_SECURE_NO_DEPRECATE -D_CRT_NONSTDC_NO_DEPRECATE -DOPENSSL_SMALL_FOOTPRINT -DPEDANTIC -DMDE_CPU_X64   -c -o crypto/asn1/evp_asn1.o /usr/src/azl/BUILD/shim-15.8/Cryptlib/OpenSSL/crypto/asn1/evp_asn1.c
#7 111.7 gcc -std=gnu11 -ggdb -ffreestanding -fmacro-prefix-map=/usr/src/azl/BUILD/shim-15.8/= -fno-stack-protector -fno-strict-aliasing -fpic -fshort-wchar -nostdinc -m64 -mno-mmx -mno-sse -mno-red-zone -maccumulate-outgoing-args -Os -Wall -Wextra -Wno-missing-field-initializers -Wno-empty-body -Wno-implicit-fallthrough -Wno-old-style-declaration -Wno-unused-but-set-variable -Wno-unused-parameter -Werror -I/usr/src/azl/BUILD/shim-15.8/Cryptlib/OpenSSL -I/usr/src/azl/BUILD/shim-15.8/Cryptlib -I/usr/src/azl/BUILD/shim-15.8/Cryptlib/OpenSSL/Include/ -I/usr/src/azl/BUILD/shim-15.8/Cryptlib/OpenSSL/crypto -I/usr/src/azl/BUILD/shim-15.8/Cryptlib/Include -I/usr/src/azl/BUILD/shim-15.8/gnu-efi/inc -I/usr/src/azl/BUILD/shim-15.8/gnu-efi/inc/x86_64 -I/usr/src/azl/BUILD/shim-15.8/gnu-efi/inc/protocol -I/usr/src/azl/BUILD/shim-15.8/Cryptlib/OpenSSL/crypto/asn1 -I/usr/src/azl/BUILD/shim-15.8/Cryptlib/OpenSSL/crypto/evp -I/usr/src/azl/BUILD/shim-15.8/Cryptlib/OpenSSL/crypto/modes -I/usr/src/azl/BUILD/shim-15.8/Cryptlib/OpenSSL/crypto/include -isystem /usr/src/azl/BUILD/shim-15.8/include/system -isystem /usr/lib/gcc/x86_64-pc-linux-gnu/13.2.0/include -DL_ENDIAN -D_CRT_SECURE_NO_DEPRECATE -D_CRT_NONSTDC_NO_DEPRECATE -DOPENSSL_SMALL_FOOTPRINT -DPEDANTIC -DMDE_CPU_X64   -c -o crypto/asn1/asn_pack.o /usr/src/azl/BUILD/shim-15.8/Cryptlib/OpenSSL/crypto/asn1/asn_pack.c
#7 111.8 gcc -std=gnu11 -ggdb -ffreestanding -fmacro-prefix-map=/usr/src/azl/BUILD/shim-15.8/= -fno-stack-protector -fno-strict-aliasing -fpic -fshort-wchar -nostdinc -m64 -mno-mmx -mno-sse -mno-red-zone -maccumulate-outgoing-args -Os -Wall -Wextra -Wno-missing-field-initializers -Wno-empty-body -Wno-implicit-fallthrough -Wno-old-style-declaration -Wno-unused-but-set-variable -Wno-unused-parameter -Werror -I/usr/src/azl/BUILD/shim-15.8/Cryptlib/OpenSSL -I/usr/src/azl/BUILD/shim-15.8/Cryptlib -I/usr/src/azl/BUILD/shim-15.8/Cryptlib/OpenSSL/Include/ -I/usr/src/azl/BUILD/shim-15.8/Cryptlib/OpenSSL/crypto -I/usr/src/azl/BUILD/shim-15.8/Cryptlib/Include -I/usr/src/azl/BUILD/shim-15.8/gnu-efi/inc -I/usr/src/azl/BUILD/shim-15.8/gnu-efi/inc/x86_64 -I/usr/src/azl/BUILD/shim-15.8/gnu-efi/inc/protocol -I/usr/src/azl/BUILD/shim-15.8/Cryptlib/OpenSSL/crypto/asn1 -I/usr/src/azl/BUILD/shim-15.8/Cryptlib/OpenSSL/crypto/evp -I/usr/src/azl/BUILD/shim-15.8/Cryptlib/OpenSSL/crypto/modes -I/usr/src/azl/BUILD/shim-15.8/Cryptlib/OpenSSL/crypto/include -isystem /usr/src/azl/BUILD/shim-15.8/include/system -isystem /usr/lib/gcc/x86_64-pc-linux-gnu/13.2.0/include -DL_ENDIAN -D_CRT_SECURE_NO_DEPRECATE -D_CRT_NONSTDC_NO_DEPRECATE -DOPENSSL_SMALL_FOOTPRINT -DPEDANTIC -DMDE_CPU_X64   -c -o crypto/asn1/p5_pbe.o /usr/src/azl/BUILD/shim-15.8/Cryptlib/OpenSSL/crypto/asn1/p5_pbe.c
#7 111.8 gcc -std=gnu11 -ggdb -ffreestanding -fmacro-prefix-map=/usr/src/azl/BUILD/shim-15.8/= -fno-stack-protector -fno-strict-aliasing -fpic -fshort-wchar -nostdinc -m64 -mno-mmx -mno-sse -mno-red-zone -maccumulate-outgoing-args -Os -Wall -Wextra -Wno-missing-field-initializers -Wno-empty-body -Wno-implicit-fallthrough -Wno-old-style-declaration -Wno-unused-but-set-variable -Wno-unused-parameter -Werror -I/usr/src/azl/BUILD/shim-15.8/Cryptlib/OpenSSL -I/usr/src/azl/BUILD/shim-15.8/Cryptlib -I/usr/src/azl/BUILD/shim-15.8/Cryptlib/OpenSSL/Include/ -I/usr/src/azl/BUILD/shim-15.8/Cryptlib/OpenSSL/crypto -I/usr/src/azl/BUILD/shim-15.8/Cryptlib/Include -I/usr/src/azl/BUILD/shim-15.8/gnu-efi/inc -I/usr/src/azl/BUILD/shim-15.8/gnu-efi/inc/x86_64 -I/usr/src/azl/BUILD/shim-15.8/gnu-efi/inc/protocol -I/usr/src/azl/BUILD/shim-15.8/Cryptlib/OpenSSL/crypto/asn1 -I/usr/src/azl/BUILD/shim-15.8/Cryptlib/OpenSSL/crypto/evp -I/usr/src/azl/BUILD/shim-15.8/Cryptlib/OpenSSL/crypto/modes -I/usr/src/azl/BUILD/shim-15.8/Cryptlib/OpenSSL/crypto/include -isystem /usr/src/azl/BUILD/shim-15.8/include/system -isystem /usr/lib/gcc/x86_64-pc-linux-gnu/13.2.0/include -DL_ENDIAN -D_CRT_SECURE_NO_DEPRECATE -D_CRT_NONSTDC_NO_DEPRECATE -DOPENSSL_SMALL_FOOTPRINT -DPEDANTIC -DMDE_CPU_X64   -c -o crypto/asn1/p5_pbev2.o /usr/src/azl/BUILD/shim-15.8/Cryptlib/OpenSSL/crypto/asn1/p5_pbev2.c
#7 112.0 gcc -std=gnu11 -ggdb -ffreestanding -fmacro-prefix-map=/usr/src/azl/BUILD/shim-15.8/= -fno-stack-protector -fno-strict-aliasing -fpic -fshort-wchar -nostdinc -m64 -mno-mmx -mno-sse -mno-red-zone -maccumulate-outgoing-args -Os -Wall -Wextra -Wno-missing-field-initializers -Wno-empty-body -Wno-implicit-fallthrough -Wno-old-style-declaration -Wno-unused-but-set-variable -Wno-unused-parameter -Werror -I/usr/src/azl/BUILD/shim-15.8/Cryptlib/OpenSSL -I/usr/src/azl/BUILD/shim-15.8/Cryptlib -I/usr/src/azl/BUILD/shim-15.8/Cryptlib/OpenSSL/Include/ -I/usr/src/azl/BUILD/shim-15.8/Cryptlib/OpenSSL/crypto -I/usr/src/azl/BUILD/shim-15.8/Cryptlib/Include -I/usr/src/azl/BUILD/shim-15.8/gnu-efi/inc -I/usr/src/azl/BUILD/shim-15.8/gnu-efi/inc/x86_64 -I/usr/src/azl/BUILD/shim-15.8/gnu-efi/inc/protocol -I/usr/src/azl/BUILD/shim-15.8/Cryptlib/OpenSSL/crypto/asn1 -I/usr/src/azl/BUILD/shim-15.8/Cryptlib/OpenSSL/crypto/evp -I/usr/src/azl/BUILD/shim-15.8/Cryptlib/OpenSSL/crypto/modes -I/usr/src/azl/BUILD/shim-15.8/Cryptlib/OpenSSL/crypto/include -isystem /usr/src/azl/BUILD/shim-15.8/include/system -isystem /usr/lib/gcc/x86_64-pc-linux-gnu/13.2.0/include -DL_ENDIAN -D_CRT_SECURE_NO_DEPRECATE -D_CRT_NONSTDC_NO_DEPRECATE -DOPENSSL_SMALL_FOOTPRINT -DPEDANTIC -DMDE_CPU_X64   -c -o crypto/asn1/p8_pkey.o /usr/src/azl/BUILD/shim-15.8/Cryptlib/OpenSSL/crypto/asn1/p8_pkey.c
#7 112.0 gcc -std=gnu11 -ggdb -ffreestanding -fmacro-prefix-map=/usr/src/azl/BUILD/shim-15.8/= -fno-stack-protector -fno-strict-aliasing -fpic -fshort-wchar -nostdinc -m64 -mno-mmx -mno-sse -mno-red-zone -maccumulate-outgoing-args -Os -Wall -Wextra -Wno-missing-field-initializers -Wno-empty-body -Wno-implicit-fallthrough -Wno-old-style-declaration -Wno-unused-but-set-variable -Wno-unused-parameter -Werror -I/usr/src/azl/BUILD/shim-15.8/Cryptlib/OpenSSL -I/usr/src/azl/BUILD/shim-15.8/Cryptlib -I/usr/src/azl/BUILD/shim-15.8/Cryptlib/OpenSSL/Include/ -I/usr/src/azl/BUILD/shim-15.8/Cryptlib/OpenSSL/crypto -I/usr/src/azl/BUILD/shim-15.8/Cryptlib/Include -I/usr/src/azl/BUILD/shim-15.8/gnu-efi/inc -I/usr/src/azl/BUILD/shim-15.8/gnu-efi/inc/x86_64 -I/usr/src/azl/BUILD/shim-15.8/gnu-efi/inc/protocol -I/usr/src/azl/BUILD/shim-15.8/Cryptlib/OpenSSL/crypto/asn1 -I/usr/src/azl/BUILD/shim-15.8/Cryptlib/OpenSSL/crypto/evp -I/usr/src/azl/BUILD/shim-15.8/Cryptlib/OpenSSL/crypto/modes -I/usr/src/azl/BUILD/shim-15.8/Cryptlib/OpenSSL/crypto/include -isystem /usr/src/azl/BUILD/shim-15.8/include/system -isystem /usr/lib/gcc/x86_64-pc-linux-gnu/13.2.0/include -DL_ENDIAN -D_CRT_SECURE_NO_DEPRECATE -D_CRT_NONSTDC_NO_DEPRECATE -DOPENSSL_SMALL_FOOTPRINT -DPEDANTIC -DMDE_CPU_X64   -c -o crypto/asn1/asn_moid.o /usr/src/azl/BUILD/shim-15.8/Cryptlib/OpenSSL/crypto/asn1/asn_moid.c
#7 112.1 gcc -std=gnu11 -ggdb -ffreestanding -fmacro-prefix-map=/usr/src/azl/BUILD/shim-15.8/= -fno-stack-protector -fno-strict-aliasing -fpic -fshort-wchar -nostdinc -m64 -mno-mmx -mno-sse -mno-red-zone -maccumulate-outgoing-args -Os -Wall -Wextra -Wno-missing-field-initializers -Wno-empty-body -Wno-implicit-fallthrough -Wno-old-style-declaration -Wno-unused-but-set-variable -Wno-unused-parameter -Werror -I/usr/src/azl/BUILD/shim-15.8/Cryptlib/OpenSSL -I/usr/src/azl/BUILD/shim-15.8/Cryptlib -I/usr/src/azl/BUILD/shim-15.8/Cryptlib/OpenSSL/Include/ -I/usr/src/azl/BUILD/shim-15.8/Cryptlib/OpenSSL/crypto -I/usr/src/azl/BUILD/shim-15.8/Cryptlib/Include -I/usr/src/azl/BUILD/shim-15.8/gnu-efi/inc -I/usr/src/azl/BUILD/shim-15.8/gnu-efi/inc/x86_64 -I/usr/src/azl/BUILD/shim-15.8/gnu-efi/inc/protocol -I/usr/src/azl/BUILD/shim-15.8/Cryptlib/OpenSSL/crypto/asn1 -I/usr/src/azl/BUILD/shim-15.8/Cryptlib/OpenSSL/crypto/evp -I/usr/src/azl/BUILD/shim-15.8/Cryptlib/OpenSSL/crypto/modes -I/usr/src/azl/BUILD/shim-15.8/Cryptlib/OpenSSL/crypto/include -isystem /usr/src/azl/BUILD/shim-15.8/include/system -isystem /usr/lib/gcc/x86_64-pc-linux-gnu/13.2.0/include -DL_ENDIAN -D_CRT_SECURE_NO_DEPRECATE -D_CRT_NONSTDC_NO_DEPRECATE -DOPENSSL_SMALL_FOOTPRINT -DPEDANTIC -DMDE_CPU_X64   -c -o crypto/pem/pem_sign.o /usr/src/azl/BUILD/shim-15.8/Cryptlib/OpenSSL/crypto/pem/pem_sign.c
#7 112.1 gcc -std=gnu11 -ggdb -ffreestanding -fmacro-prefix-map=/usr/src/azl/BUILD/shim-15.8/= -fno-stack-protector -fno-strict-aliasing -fpic -fshort-wchar -nostdinc -m64 -mno-mmx -mno-sse -mno-red-zone -maccumulate-outgoing-args -Os -Wall -Wextra -Wno-missing-field-initializers -Wno-empty-body -Wno-implicit-fallthrough -Wno-old-style-declaration -Wno-unused-but-set-variable -Wno-unused-parameter -Werror -I/usr/src/azl/BUILD/shim-15.8/Cryptlib/OpenSSL -I/usr/src/azl/BUILD/shim-15.8/Cryptlib -I/usr/src/azl/BUILD/shim-15.8/Cryptlib/OpenSSL/Include/ -I/usr/src/azl/BUILD/shim-15.8/Cryptlib/OpenSSL/crypto -I/usr/src/azl/BUILD/shim-15.8/Cryptlib/Include -I/usr/src/azl/BUILD/shim-15.8/gnu-efi/inc -I/usr/src/azl/BUILD/shim-15.8/gnu-efi/inc/x86_64 -I/usr/src/azl/BUILD/shim-15.8/gnu-efi/inc/protocol -I/usr/src/azl/BUILD/shim-15.8/Cryptlib/OpenSSL/crypto/asn1 -I/usr/src/azl/BUILD/shim-15.8/Cryptlib/OpenSSL/crypto/evp -I/usr/src/azl/BUILD/shim-15.8/Cryptlib/OpenSSL/crypto/modes -I/usr/src/azl/BUILD/shim-15.8/Cryptlib/OpenSSL/crypto/include -isystem /usr/src/azl/BUILD/shim-15.8/include/system -isystem /usr/lib/gcc/x86_64-pc-linux-gnu/13.2.0/include -DL_ENDIAN -D_CRT_SECURE_NO_DEPRECATE -D_CRT_NONSTDC_NO_DEPRECATE -DOPENSSL_SMALL_FOOTPRINT -DPEDANTIC -DMDE_CPU_X64   -c -o crypto/pem/pem_seal.o /usr/src/azl/BUILD/shim-15.8/Cryptlib/OpenSSL/crypto/pem/pem_seal.c
#7 112.2 gcc -std=gnu11 -ggdb -ffreestanding -fmacro-prefix-map=/usr/src/azl/BUILD/shim-15.8/= -fno-stack-protector -fno-strict-aliasing -fpic -fshort-wchar -nostdinc -m64 -mno-mmx -mno-sse -mno-red-zone -maccumulate-outgoing-args -Os -Wall -Wextra -Wno-missing-field-initializers -Wno-empty-body -Wno-implicit-fallthrough -Wno-old-style-declaration -Wno-unused-but-set-variable -Wno-unused-parameter -Werror -I/usr/src/azl/BUILD/shim-15.8/Cryptlib/OpenSSL -I/usr/src/azl/BUILD/shim-15.8/Cryptlib -I/usr/src/azl/BUILD/shim-15.8/Cryptlib/OpenSSL/Include/ -I/usr/src/azl/BUILD/shim-15.8/Cryptlib/OpenSSL/crypto -I/usr/src/azl/BUILD/shim-15.8/Cryptlib/Include -I/usr/src/azl/BUILD/shim-15.8/gnu-efi/inc -I/usr/src/azl/BUILD/shim-15.8/gnu-efi/inc/x86_64 -I/usr/src/azl/BUILD/shim-15.8/gnu-efi/inc/protocol -I/usr/src/azl/BUILD/shim-15.8/Cryptlib/OpenSSL/crypto/asn1 -I/usr/src/azl/BUILD/shim-15.8/Cryptlib/OpenSSL/crypto/evp -I/usr/src/azl/BUILD/shim-15.8/Cryptlib/OpenSSL/crypto/modes -I/usr/src/azl/BUILD/shim-15.8/Cryptlib/OpenSSL/crypto/include -isystem /usr/src/azl/BUILD/shim-15.8/include/system -isystem /usr/lib/gcc/x86_64-pc-linux-gnu/13.2.0/include -DL_ENDIAN -D_CRT_SECURE_NO_DEPRECATE -D_CRT_NONSTDC_NO_DEPRECATE -DOPENSSL_SMALL_FOOTPRINT -DPEDANTIC -DMDE_CPU_X64   -c -o crypto/pem/pem_info.o /usr/src/azl/BUILD/shim-15.8/Cryptlib/OpenSSL/crypto/pem/pem_info.c
#7 112.2 gcc -std=gnu11 -ggdb -ffreestanding -fmacro-prefix-map=/usr/src/azl/BUILD/shim-15.8/= -fno-stack-protector -fno-strict-aliasing -fpic -fshort-wchar -nostdinc -m64 -mno-mmx -mno-sse -mno-red-zone -maccumulate-outgoing-args -Os -Wall -Wextra -Wno-missing-field-initializers -Wno-empty-body -Wno-implicit-fallthrough -Wno-old-style-declaration -Wno-unused-but-set-variable -Wno-unused-parameter -Werror -I/usr/src/azl/BUILD/shim-15.8/Cryptlib/OpenSSL -I/usr/src/azl/BUILD/shim-15.8/Cryptlib -I/usr/src/azl/BUILD/shim-15.8/Cryptlib/OpenSSL/Include/ -I/usr/src/azl/BUILD/shim-15.8/Cryptlib/OpenSSL/crypto -I/usr/src/azl/BUILD/shim-15.8/Cryptlib/Include -I/usr/src/azl/BUILD/shim-15.8/gnu-efi/inc -I/usr/src/azl/BUILD/shim-15.8/gnu-efi/inc/x86_64 -I/usr/src/azl/BUILD/shim-15.8/gnu-efi/inc/protocol -I/usr/src/azl/BUILD/shim-15.8/Cryptlib/OpenSSL/crypto/asn1 -I/usr/src/azl/BUILD/shim-15.8/Cryptlib/OpenSSL/crypto/evp -I/usr/src/azl/BUILD/shim-15.8/Cryptlib/OpenSSL/crypto/modes -I/usr/src/azl/BUILD/shim-15.8/Cryptlib/OpenSSL/crypto/include -isystem /usr/src/azl/BUILD/shim-15.8/include/system -isystem /usr/lib/gcc/x86_64-pc-linux-gnu/13.2.0/include -DL_ENDIAN -D_CRT_SECURE_NO_DEPRECATE -D_CRT_NONSTDC_NO_DEPRECATE -DOPENSSL_SMALL_FOOTPRINT -DPEDANTIC -DMDE_CPU_X64   -c -o crypto/pem/pem_lib.o /usr/src/azl/BUILD/shim-15.8/Cryptlib/OpenSSL/crypto/pem/pem_lib.c
#7 112.4 gcc -std=gnu11 -ggdb -ffreestanding -fmacro-prefix-map=/usr/src/azl/BUILD/shim-15.8/= -fno-stack-protector -fno-strict-aliasing -fpic -fshort-wchar -nostdinc -m64 -mno-mmx -mno-sse -mno-red-zone -maccumulate-outgoing-args -Os -Wall -Wextra -Wno-missing-field-initializers -Wno-empty-body -Wno-implicit-fallthrough -Wno-old-style-declaration -Wno-unused-but-set-variable -Wno-unused-parameter -Werror -I/usr/src/azl/BUILD/shim-15.8/Cryptlib/OpenSSL -I/usr/src/azl/BUILD/shim-15.8/Cryptlib -I/usr/src/azl/BUILD/shim-15.8/Cryptlib/OpenSSL/Include/ -I/usr/src/azl/BUILD/shim-15.8/Cryptlib/OpenSSL/crypto -I/usr/src/azl/BUILD/shim-15.8/Cryptlib/Include -I/usr/src/azl/BUILD/shim-15.8/gnu-efi/inc -I/usr/src/azl/BUILD/shim-15.8/gnu-efi/inc/x86_64 -I/usr/src/azl/BUILD/shim-15.8/gnu-efi/inc/protocol -I/usr/src/azl/BUILD/shim-15.8/Cryptlib/OpenSSL/crypto/asn1 -I/usr/src/azl/BUILD/shim-15.8/Cryptlib/OpenSSL/crypto/evp -I/usr/src/azl/BUILD/shim-15.8/Cryptlib/OpenSSL/crypto/modes -I/usr/src/azl/BUILD/shim-15.8/Cryptlib/OpenSSL/crypto/include -isystem /usr/src/azl/BUILD/shim-15.8/include/system -isystem /usr/lib/gcc/x86_64-pc-linux-gnu/13.2.0/include -DL_ENDIAN -D_CRT_SECURE_NO_DEPRECATE -D_CRT_NONSTDC_NO_DEPRECATE -DOPENSSL_SMALL_FOOTPRINT -DPEDANTIC -DMDE_CPU_X64   -c -o crypto/pem/pem_all.o /usr/src/azl/BUILD/shim-15.8/Cryptlib/OpenSSL/crypto/pem/pem_all.c
#7 112.5 gcc -std=gnu11 -ggdb -ffreestanding -fmacro-prefix-map=/usr/src/azl/BUILD/shim-15.8/= -fno-stack-protector -fno-strict-aliasing -fpic -fshort-wchar -nostdinc -m64 -mno-mmx -mno-sse -mno-red-zone -maccumulate-outgoing-args -Os -Wall -Wextra -Wno-missing-field-initializers -Wno-empty-body -Wno-implicit-fallthrough -Wno-old-style-declaration -Wno-unused-but-set-variable -Wno-unused-parameter -Werror -I/usr/src/azl/BUILD/shim-15.8/Cryptlib/OpenSSL -I/usr/src/azl/BUILD/shim-15.8/Cryptlib -I/usr/src/azl/BUILD/shim-15.8/Cryptlib/OpenSSL/Include/ -I/usr/src/azl/BUILD/shim-15.8/Cryptlib/OpenSSL/crypto -I/usr/src/azl/BUILD/shim-15.8/Cryptlib/Include -I/usr/src/azl/BUILD/shim-15.8/gnu-efi/inc -I/usr/src/azl/BUILD/shim-15.8/gnu-efi/inc/x86_64 -I/usr/src/azl/BUILD/shim-15.8/gnu-efi/inc/protocol -I/usr/src/azl/BUILD/shim-15.8/Cryptlib/OpenSSL/crypto/asn1 -I/usr/src/azl/BUILD/shim-15.8/Cryptlib/OpenSSL/crypto/evp -I/usr/src/azl/BUILD/shim-15.8/Cryptlib/OpenSSL/crypto/modes -I/usr/src/azl/BUILD/shim-15.8/Cryptlib/OpenSSL/crypto/include -isystem /usr/src/azl/BUILD/shim-15.8/include/system -isystem /usr/lib/gcc/x86_64-pc-linux-gnu/13.2.0/include -DL_ENDIAN -D_CRT_SECURE_NO_DEPRECATE -D_CRT_NONSTDC_NO_DEPRECATE -DOPENSSL_SMALL_FOOTPRINT -DPEDANTIC -DMDE_CPU_X64   -c -o crypto/pem/pem_err.o /usr/src/azl/BUILD/shim-15.8/Cryptlib/OpenSSL/crypto/pem/pem_err.c
#7 112.6 gcc -std=gnu11 -ggdb -ffreestanding -fmacro-prefix-map=/usr/src/azl/BUILD/shim-15.8/= -fno-stack-protector -fno-strict-aliasing -fpic -fshort-wchar -nostdinc -m64 -mno-mmx -mno-sse -mno-red-zone -maccumulate-outgoing-args -Os -Wall -Wextra -Wno-missing-field-initializers -Wno-empty-body -Wno-implicit-fallthrough -Wno-old-style-declaration -Wno-unused-but-set-variable -Wno-unused-parameter -Werror -I/usr/src/azl/BUILD/shim-15.8/Cryptlib/OpenSSL -I/usr/src/azl/BUILD/shim-15.8/Cryptlib -I/usr/src/azl/BUILD/shim-15.8/Cryptlib/OpenSSL/Include/ -I/usr/src/azl/BUILD/shim-15.8/Cryptlib/OpenSSL/crypto -I/usr/src/azl/BUILD/shim-15.8/Cryptlib/Include -I/usr/src/azl/BUILD/shim-15.8/gnu-efi/inc -I/usr/src/azl/BUILD/shim-15.8/gnu-efi/inc/x86_64 -I/usr/src/azl/BUILD/shim-15.8/gnu-efi/inc/protocol -I/usr/src/azl/BUILD/shim-15.8/Cryptlib/OpenSSL/crypto/asn1 -I/usr/src/azl/BUILD/shim-15.8/Cryptlib/OpenSSL/crypto/evp -I/usr/src/azl/BUILD/shim-15.8/Cryptlib/OpenSSL/crypto/modes -I/usr/src/azl/BUILD/shim-15.8/Cryptlib/OpenSSL/crypto/include -isystem /usr/src/azl/BUILD/shim-15.8/include/system -isystem /usr/lib/gcc/x86_64-pc-linux-gnu/13.2.0/include -DL_ENDIAN -D_CRT_SECURE_NO_DEPRECATE -D_CRT_NONSTDC_NO_DEPRECATE -DOPENSSL_SMALL_FOOTPRINT -DPEDANTIC -DMDE_CPU_X64   -c -o crypto/pem/pem_x509.o /usr/src/azl/BUILD/shim-15.8/Cryptlib/OpenSSL/crypto/pem/pem_x509.c
#7 112.6 gcc -std=gnu11 -ggdb -ffreestanding -fmacro-prefix-map=/usr/src/azl/BUILD/shim-15.8/= -fno-stack-protector -fno-strict-aliasing -fpic -fshort-wchar -nostdinc -m64 -mno-mmx -mno-sse -mno-red-zone -maccumulate-outgoing-args -Os -Wall -Wextra -Wno-missing-field-initializers -Wno-empty-body -Wno-implicit-fallthrough -Wno-old-style-declaration -Wno-unused-but-set-variable -Wno-unused-parameter -Werror -I/usr/src/azl/BUILD/shim-15.8/Cryptlib/OpenSSL -I/usr/src/azl/BUILD/shim-15.8/Cryptlib -I/usr/src/azl/BUILD/shim-15.8/Cryptlib/OpenSSL/Include/ -I/usr/src/azl/BUILD/shim-15.8/Cryptlib/OpenSSL/crypto -I/usr/src/azl/BUILD/shim-15.8/Cryptlib/Include -I/usr/src/azl/BUILD/shim-15.8/gnu-efi/inc -I/usr/src/azl/BUILD/shim-15.8/gnu-efi/inc/x86_64 -I/usr/src/azl/BUILD/shim-15.8/gnu-efi/inc/protocol -I/usr/src/azl/BUILD/shim-15.8/Cryptlib/OpenSSL/crypto/asn1 -I/usr/src/azl/BUILD/shim-15.8/Cryptlib/OpenSSL/crypto/evp -I/usr/src/azl/BUILD/shim-15.8/Cryptlib/OpenSSL/crypto/modes -I/usr/src/azl/BUILD/shim-15.8/Cryptlib/OpenSSL/crypto/include -isystem /usr/src/azl/BUILD/shim-15.8/include/system -isystem /usr/lib/gcc/x86_64-pc-linux-gnu/13.2.0/include -DL_ENDIAN -D_CRT_SECURE_NO_DEPRECATE -D_CRT_NONSTDC_NO_DEPRECATE -DOPENSSL_SMALL_FOOTPRINT -DPEDANTIC -DMDE_CPU_X64   -c -o crypto/pem/pem_xaux.o /usr/src/azl/BUILD/shim-15.8/Cryptlib/OpenSSL/crypto/pem/pem_xaux.c
#7 112.7 gcc -std=gnu11 -ggdb -ffreestanding -fmacro-prefix-map=/usr/src/azl/BUILD/shim-15.8/= -fno-stack-protector -fno-strict-aliasing -fpic -fshort-wchar -nostdinc -m64 -mno-mmx -mno-sse -mno-red-zone -maccumulate-outgoing-args -Os -Wall -Wextra -Wno-missing-field-initializers -Wno-empty-body -Wno-implicit-fallthrough -Wno-old-style-declaration -Wno-unused-but-set-variable -Wno-unused-parameter -Werror -I/usr/src/azl/BUILD/shim-15.8/Cryptlib/OpenSSL -I/usr/src/azl/BUILD/shim-15.8/Cryptlib -I/usr/src/azl/BUILD/shim-15.8/Cryptlib/OpenSSL/Include/ -I/usr/src/azl/BUILD/shim-15.8/Cryptlib/OpenSSL/crypto -I/usr/src/azl/BUILD/shim-15.8/Cryptlib/Include -I/usr/src/azl/BUILD/shim-15.8/gnu-efi/inc -I/usr/src/azl/BUILD/shim-15.8/gnu-efi/inc/x86_64 -I/usr/src/azl/BUILD/shim-15.8/gnu-efi/inc/protocol -I/usr/src/azl/BUILD/shim-15.8/Cryptlib/OpenSSL/crypto/asn1 -I/usr/src/azl/BUILD/shim-15.8/Cryptlib/OpenSSL/crypto/evp -I/usr/src/azl/BUILD/shim-15.8/Cryptlib/OpenSSL/crypto/modes -I/usr/src/azl/BUILD/shim-15.8/Cryptlib/OpenSSL/crypto/include -isystem /usr/src/azl/BUILD/shim-15.8/include/system -isystem /usr/lib/gcc/x86_64-pc-linux-gnu/13.2.0/include -DL_ENDIAN -D_CRT_SECURE_NO_DEPRECATE -D_CRT_NONSTDC_NO_DEPRECATE -DOPENSSL_SMALL_FOOTPRINT -DPEDANTIC -DMDE_CPU_X64   -c -o crypto/pem/pem_oth.o /usr/src/azl/BUILD/shim-15.8/Cryptlib/OpenSSL/crypto/pem/pem_oth.c
#7 112.7 gcc -std=gnu11 -ggdb -ffreestanding -fmacro-prefix-map=/usr/src/azl/BUILD/shim-15.8/= -fno-stack-protector -fno-strict-aliasing -fpic -fshort-wchar -nostdinc -m64 -mno-mmx -mno-sse -mno-red-zone -maccumulate-outgoing-args -Os -Wall -Wextra -Wno-missing-field-initializers -Wno-empty-body -Wno-implicit-fallthrough -Wno-old-style-declaration -Wno-unused-but-set-variable -Wno-unused-parameter -Werror -I/usr/src/azl/BUILD/shim-15.8/Cryptlib/OpenSSL -I/usr/src/azl/BUILD/shim-15.8/Cryptlib -I/usr/src/azl/BUILD/shim-15.8/Cryptlib/OpenSSL/Include/ -I/usr/src/azl/BUILD/shim-15.8/Cryptlib/OpenSSL/crypto -I/usr/src/azl/BUILD/shim-15.8/Cryptlib/Include -I/usr/src/azl/BUILD/shim-15.8/gnu-efi/inc -I/usr/src/azl/BUILD/shim-15.8/gnu-efi/inc/x86_64 -I/usr/src/azl/BUILD/shim-15.8/gnu-efi/inc/protocol -I/usr/src/azl/BUILD/shim-15.8/Cryptlib/OpenSSL/crypto/asn1 -I/usr/src/azl/BUILD/shim-15.8/Cryptlib/OpenSSL/crypto/evp -I/usr/src/azl/BUILD/shim-15.8/Cryptlib/OpenSSL/crypto/modes -I/usr/src/azl/BUILD/shim-15.8/Cryptlib/OpenSSL/crypto/include -isystem /usr/src/azl/BUILD/shim-15.8/include/system -isystem /usr/lib/gcc/x86_64-pc-linux-gnu/13.2.0/include -DL_ENDIAN -D_CRT_SECURE_NO_DEPRECATE -D_CRT_NONSTDC_NO_DEPRECATE -DOPENSSL_SMALL_FOOTPRINT -DPEDANTIC -DMDE_CPU_X64   -c -o crypto/pem/pem_pk8.o /usr/src/azl/BUILD/shim-15.8/Cryptlib/OpenSSL/crypto/pem/pem_pk8.c
#7 112.8 gcc -std=gnu11 -ggdb -ffreestanding -fmacro-prefix-map=/usr/src/azl/BUILD/shim-15.8/= -fno-stack-protector -fno-strict-aliasing -fpic -fshort-wchar -nostdinc -m64 -mno-mmx -mno-sse -mno-red-zone -maccumulate-outgoing-args -Os -Wall -Wextra -Wno-missing-field-initializers -Wno-empty-body -Wno-implicit-fallthrough -Wno-old-style-declaration -Wno-unused-but-set-variable -Wno-unused-parameter -Werror -I/usr/src/azl/BUILD/shim-15.8/Cryptlib/OpenSSL -I/usr/src/azl/BUILD/shim-15.8/Cryptlib -I/usr/src/azl/BUILD/shim-15.8/Cryptlib/OpenSSL/Include/ -I/usr/src/azl/BUILD/shim-15.8/Cryptlib/OpenSSL/crypto -I/usr/src/azl/BUILD/shim-15.8/Cryptlib/Include -I/usr/src/azl/BUILD/shim-15.8/gnu-efi/inc -I/usr/src/azl/BUILD/shim-15.8/gnu-efi/inc/x86_64 -I/usr/src/azl/BUILD/shim-15.8/gnu-efi/inc/protocol -I/usr/src/azl/BUILD/shim-15.8/Cryptlib/OpenSSL/crypto/asn1 -I/usr/src/azl/BUILD/shim-15.8/Cryptlib/OpenSSL/crypto/evp -I/usr/src/azl/BUILD/shim-15.8/Cryptlib/OpenSSL/crypto/modes -I/usr/src/azl/BUILD/shim-15.8/Cryptlib/OpenSSL/crypto/include -isystem /usr/src/azl/BUILD/shim-15.8/include/system -isystem /usr/lib/gcc/x86_64-pc-linux-gnu/13.2.0/include -DL_ENDIAN -D_CRT_SECURE_NO_DEPRECATE -D_CRT_NONSTDC_NO_DEPRECATE -DOPENSSL_SMALL_FOOTPRINT -DPEDANTIC -DMDE_CPU_X64   -c -o crypto/pem/pem_pkey.o /usr/src/azl/BUILD/shim-15.8/Cryptlib/OpenSSL/crypto/pem/pem_pkey.c
#7 112.9 gcc -std=gnu11 -ggdb -ffreestanding -fmacro-prefix-map=/usr/src/azl/BUILD/shim-15.8/= -fno-stack-protector -fno-strict-aliasing -fpic -fshort-wchar -nostdinc -m64 -mno-mmx -mno-sse -mno-red-zone -maccumulate-outgoing-args -Os -Wall -Wextra -Wno-missing-field-initializers -Wno-empty-body -Wno-implicit-fallthrough -Wno-old-style-declaration -Wno-unused-but-set-variable -Wno-unused-parameter -Werror -I/usr/src/azl/BUILD/shim-15.8/Cryptlib/OpenSSL -I/usr/src/azl/BUILD/shim-15.8/Cryptlib -I/usr/src/azl/BUILD/shim-15.8/Cryptlib/OpenSSL/Include/ -I/usr/src/azl/BUILD/shim-15.8/Cryptlib/OpenSSL/crypto -I/usr/src/azl/BUILD/shim-15.8/Cryptlib/Include -I/usr/src/azl/BUILD/shim-15.8/gnu-efi/inc -I/usr/src/azl/BUILD/shim-15.8/gnu-efi/inc/x86_64 -I/usr/src/azl/BUILD/shim-15.8/gnu-efi/inc/protocol -I/usr/src/azl/BUILD/shim-15.8/Cryptlib/OpenSSL/crypto/asn1 -I/usr/src/azl/BUILD/shim-15.8/Cryptlib/OpenSSL/crypto/evp -I/usr/src/azl/BUILD/shim-15.8/Cryptlib/OpenSSL/crypto/modes -I/usr/src/azl/BUILD/shim-15.8/Cryptlib/OpenSSL/crypto/include -isystem /usr/src/azl/BUILD/shim-15.8/include/system -isystem /usr/lib/gcc/x86_64-pc-linux-gnu/13.2.0/include -DL_ENDIAN -D_CRT_SECURE_NO_DEPRECATE -D_CRT_NONSTDC_NO_DEPRECATE -DOPENSSL_SMALL_FOOTPRINT -DPEDANTIC -DMDE_CPU_X64   -c -o crypto/pem/pvkfmt.o /usr/src/azl/BUILD/shim-15.8/Cryptlib/OpenSSL/crypto/pem/pvkfmt.c
#7 112.9 gcc -std=gnu11 -ggdb -ffreestanding -fmacro-prefix-map=/usr/src/azl/BUILD/shim-15.8/= -fno-stack-protector -fno-strict-aliasing -fpic -fshort-wchar -nostdinc -m64 -mno-mmx -mno-sse -mno-red-zone -maccumulate-outgoing-args -Os -Wall -Wextra -Wno-missing-field-initializers -Wno-empty-body -Wno-implicit-fallthrough -Wno-old-style-declaration -Wno-unused-but-set-variable -Wno-unused-parameter -Werror -I/usr/src/azl/BUILD/shim-15.8/Cryptlib/OpenSSL -I/usr/src/azl/BUILD/shim-15.8/Cryptlib -I/usr/src/azl/BUILD/shim-15.8/Cryptlib/OpenSSL/Include/ -I/usr/src/azl/BUILD/shim-15.8/Cryptlib/OpenSSL/crypto -I/usr/src/azl/BUILD/shim-15.8/Cryptlib/Include -I/usr/src/azl/BUILD/shim-15.8/gnu-efi/inc -I/usr/src/azl/BUILD/shim-15.8/gnu-efi/inc/x86_64 -I/usr/src/azl/BUILD/shim-15.8/gnu-efi/inc/protocol -I/usr/src/azl/BUILD/shim-15.8/Cryptlib/OpenSSL/crypto/asn1 -I/usr/src/azl/BUILD/shim-15.8/Cryptlib/OpenSSL/crypto/evp -I/usr/src/azl/BUILD/shim-15.8/Cryptlib/OpenSSL/crypto/modes -I/usr/src/azl/BUILD/shim-15.8/Cryptlib/OpenSSL/crypto/include -isystem /usr/src/azl/BUILD/shim-15.8/include/system -isystem /usr/lib/gcc/x86_64-pc-linux-gnu/13.2.0/include -DL_ENDIAN -D_CRT_SECURE_NO_DEPRECATE -D_CRT_NONSTDC_NO_DEPRECATE -DOPENSSL_SMALL_FOOTPRINT -DPEDANTIC -DMDE_CPU_X64   -c -o crypto/x509/x509_def.o /usr/src/azl/BUILD/shim-15.8/Cryptlib/OpenSSL/crypto/x509/x509_def.c
#7 112.9 gcc -std=gnu11 -ggdb -ffreestanding -fmacro-prefix-map=/usr/src/azl/BUILD/shim-15.8/= -fno-stack-protector -fno-strict-aliasing -fpic -fshort-wchar -nostdinc -m64 -mno-mmx -mno-sse -mno-red-zone -maccumulate-outgoing-args -Os -Wall -Wextra -Wno-missing-field-initializers -Wno-empty-body -Wno-implicit-fallthrough -Wno-old-style-declaration -Wno-unused-but-set-variable -Wno-unused-parameter -Werror -I/usr/src/azl/BUILD/shim-15.8/Cryptlib/OpenSSL -I/usr/src/azl/BUILD/shim-15.8/Cryptlib -I/usr/src/azl/BUILD/shim-15.8/Cryptlib/OpenSSL/Include/ -I/usr/src/azl/BUILD/shim-15.8/Cryptlib/OpenSSL/crypto -I/usr/src/azl/BUILD/shim-15.8/Cryptlib/Include -I/usr/src/azl/BUILD/shim-15.8/gnu-efi/inc -I/usr/src/azl/BUILD/shim-15.8/gnu-efi/inc/x86_64 -I/usr/src/azl/BUILD/shim-15.8/gnu-efi/inc/protocol -I/usr/src/azl/BUILD/shim-15.8/Cryptlib/OpenSSL/crypto/asn1 -I/usr/src/azl/BUILD/shim-15.8/Cryptlib/OpenSSL/crypto/evp -I/usr/src/azl/BUILD/shim-15.8/Cryptlib/OpenSSL/crypto/modes -I/usr/src/azl/BUILD/shim-15.8/Cryptlib/OpenSSL/crypto/include -isystem /usr/src/azl/BUILD/shim-15.8/include/system -isystem /usr/lib/gcc/x86_64-pc-linux-gnu/13.2.0/include -DL_ENDIAN -D_CRT_SECURE_NO_DEPRECATE -D_CRT_NONSTDC_NO_DEPRECATE -DOPENSSL_SMALL_FOOTPRINT -DPEDANTIC -DMDE_CPU_X64   -c -o crypto/x509/x509_d2.o /usr/src/azl/BUILD/shim-15.8/Cryptlib/OpenSSL/crypto/x509/x509_d2.c
#7 113.0 gcc -std=gnu11 -ggdb -ffreestanding -fmacro-prefix-map=/usr/src/azl/BUILD/shim-15.8/= -fno-stack-protector -fno-strict-aliasing -fpic -fshort-wchar -nostdinc -m64 -mno-mmx -mno-sse -mno-red-zone -maccumulate-outgoing-args -Os -Wall -Wextra -Wno-missing-field-initializers -Wno-empty-body -Wno-implicit-fallthrough -Wno-old-style-declaration -Wno-unused-but-set-variable -Wno-unused-parameter -Werror -I/usr/src/azl/BUILD/shim-15.8/Cryptlib/OpenSSL -I/usr/src/azl/BUILD/shim-15.8/Cryptlib -I/usr/src/azl/BUILD/shim-15.8/Cryptlib/OpenSSL/Include/ -I/usr/src/azl/BUILD/shim-15.8/Cryptlib/OpenSSL/crypto -I/usr/src/azl/BUILD/shim-15.8/Cryptlib/Include -I/usr/src/azl/BUILD/shim-15.8/gnu-efi/inc -I/usr/src/azl/BUILD/shim-15.8/gnu-efi/inc/x86_64 -I/usr/src/azl/BUILD/shim-15.8/gnu-efi/inc/protocol -I/usr/src/azl/BUILD/shim-15.8/Cryptlib/OpenSSL/crypto/asn1 -I/usr/src/azl/BUILD/shim-15.8/Cryptlib/OpenSSL/crypto/evp -I/usr/src/azl/BUILD/shim-15.8/Cryptlib/OpenSSL/crypto/modes -I/usr/src/azl/BUILD/shim-15.8/Cryptlib/OpenSSL/crypto/include -isystem /usr/src/azl/BUILD/shim-15.8/include/system -isystem /usr/lib/gcc/x86_64-pc-linux-gnu/13.2.0/include -DL_ENDIAN -D_CRT_SECURE_NO_DEPRECATE -D_CRT_NONSTDC_NO_DEPRECATE -DOPENSSL_SMALL_FOOTPRINT -DPEDANTIC -DMDE_CPU_X64   -c -o crypto/x509/x509_r2x.o /usr/src/azl/BUILD/shim-15.8/Cryptlib/OpenSSL/crypto/x509/x509_r2x.c
#7 113.0 gcc -std=gnu11 -ggdb -ffreestanding -fmacro-prefix-map=/usr/src/azl/BUILD/shim-15.8/= -fno-stack-protector -fno-strict-aliasing -fpic -fshort-wchar -nostdinc -m64 -mno-mmx -mno-sse -mno-red-zone -maccumulate-outgoing-args -Os -Wall -Wextra -Wno-missing-field-initializers -Wno-empty-body -Wno-implicit-fallthrough -Wno-old-style-declaration -Wno-unused-but-set-variable -Wno-unused-parameter -Werror -I/usr/src/azl/BUILD/shim-15.8/Cryptlib/OpenSSL -I/usr/src/azl/BUILD/shim-15.8/Cryptlib -I/usr/src/azl/BUILD/shim-15.8/Cryptlib/OpenSSL/Include/ -I/usr/src/azl/BUILD/shim-15.8/Cryptlib/OpenSSL/crypto -I/usr/src/azl/BUILD/shim-15.8/Cryptlib/Include -I/usr/src/azl/BUILD/shim-15.8/gnu-efi/inc -I/usr/src/azl/BUILD/shim-15.8/gnu-efi/inc/x86_64 -I/usr/src/azl/BUILD/shim-15.8/gnu-efi/inc/protocol -I/usr/src/azl/BUILD/shim-15.8/Cryptlib/OpenSSL/crypto/asn1 -I/usr/src/azl/BUILD/shim-15.8/Cryptlib/OpenSSL/crypto/evp -I/usr/src/azl/BUILD/shim-15.8/Cryptlib/OpenSSL/crypto/modes -I/usr/src/azl/BUILD/shim-15.8/Cryptlib/OpenSSL/crypto/include -isystem /usr/src/azl/BUILD/shim-15.8/include/system -isystem /usr/lib/gcc/x86_64-pc-linux-gnu/13.2.0/include -DL_ENDIAN -D_CRT_SECURE_NO_DEPRECATE -D_CRT_NONSTDC_NO_DEPRECATE -DOPENSSL_SMALL_FOOTPRINT -DPEDANTIC -DMDE_CPU_X64   -c -o crypto/x509/x509_cmp.o /usr/src/azl/BUILD/shim-15.8/Cryptlib/OpenSSL/crypto/x509/x509_cmp.c
#7 113.1 gcc -std=gnu11 -ggdb -ffreestanding -fmacro-prefix-map=/usr/src/azl/BUILD/shim-15.8/= -fno-stack-protector -fno-strict-aliasing -fpic -fshort-wchar -nostdinc -m64 -mno-mmx -mno-sse -mno-red-zone -maccumulate-outgoing-args -Os -Wall -Wextra -Wno-missing-field-initializers -Wno-empty-body -Wno-implicit-fallthrough -Wno-old-style-declaration -Wno-unused-but-set-variable -Wno-unused-parameter -Werror -I/usr/src/azl/BUILD/shim-15.8/Cryptlib/OpenSSL -I/usr/src/azl/BUILD/shim-15.8/Cryptlib -I/usr/src/azl/BUILD/shim-15.8/Cryptlib/OpenSSL/Include/ -I/usr/src/azl/BUILD/shim-15.8/Cryptlib/OpenSSL/crypto -I/usr/src/azl/BUILD/shim-15.8/Cryptlib/Include -I/usr/src/azl/BUILD/shim-15.8/gnu-efi/inc -I/usr/src/azl/BUILD/shim-15.8/gnu-efi/inc/x86_64 -I/usr/src/azl/BUILD/shim-15.8/gnu-efi/inc/protocol -I/usr/src/azl/BUILD/shim-15.8/Cryptlib/OpenSSL/crypto/asn1 -I/usr/src/azl/BUILD/shim-15.8/Cryptlib/OpenSSL/crypto/evp -I/usr/src/azl/BUILD/shim-15.8/Cryptlib/OpenSSL/crypto/modes -I/usr/src/azl/BUILD/shim-15.8/Cryptlib/OpenSSL/crypto/include -isystem /usr/src/azl/BUILD/shim-15.8/include/system -isystem /usr/lib/gcc/x86_64-pc-linux-gnu/13.2.0/include -DL_ENDIAN -D_CRT_SECURE_NO_DEPRECATE -D_CRT_NONSTDC_NO_DEPRECATE -DOPENSSL_SMALL_FOOTPRINT -DPEDANTIC -DMDE_CPU_X64   -c -o crypto/x509/x509_obj.o /usr/src/azl/BUILD/shim-15.8/Cryptlib/OpenSSL/crypto/x509/x509_obj.c
#7 113.3 gcc -std=gnu11 -ggdb -ffreestanding -fmacro-prefix-map=/usr/src/azl/BUILD/shim-15.8/= -fno-stack-protector -fno-strict-aliasing -fpic -fshort-wchar -nostdinc -m64 -mno-mmx -mno-sse -mno-red-zone -maccumulate-outgoing-args -Os -Wall -Wextra -Wno-missing-field-initializers -Wno-empty-body -Wno-implicit-fallthrough -Wno-old-style-declaration -Wno-unused-but-set-variable -Wno-unused-parameter -Werror -I/usr/src/azl/BUILD/shim-15.8/Cryptlib/OpenSSL -I/usr/src/azl/BUILD/shim-15.8/Cryptlib -I/usr/src/azl/BUILD/shim-15.8/Cryptlib/OpenSSL/Include/ -I/usr/src/azl/BUILD/shim-15.8/Cryptlib/OpenSSL/crypto -I/usr/src/azl/BUILD/shim-15.8/Cryptlib/Include -I/usr/src/azl/BUILD/shim-15.8/gnu-efi/inc -I/usr/src/azl/BUILD/shim-15.8/gnu-efi/inc/x86_64 -I/usr/src/azl/BUILD/shim-15.8/gnu-efi/inc/protocol -I/usr/src/azl/BUILD/shim-15.8/Cryptlib/OpenSSL/crypto/asn1 -I/usr/src/azl/BUILD/shim-15.8/Cryptlib/OpenSSL/crypto/evp -I/usr/src/azl/BUILD/shim-15.8/Cryptlib/OpenSSL/crypto/modes -I/usr/src/azl/BUILD/shim-15.8/Cryptlib/OpenSSL/crypto/include -isystem /usr/src/azl/BUILD/shim-15.8/include/system -isystem /usr/lib/gcc/x86_64-pc-linux-gnu/13.2.0/include -DL_ENDIAN -D_CRT_SECURE_NO_DEPRECATE -D_CRT_NONSTDC_NO_DEPRECATE -DOPENSSL_SMALL_FOOTPRINT -DPEDANTIC -DMDE_CPU_X64   -c -o crypto/x509/x509_req.o /usr/src/azl/BUILD/shim-15.8/Cryptlib/OpenSSL/crypto/x509/x509_req.c
#7 113.3 gcc -std=gnu11 -ggdb -ffreestanding -fmacro-prefix-map=/usr/src/azl/BUILD/shim-15.8/= -fno-stack-protector -fno-strict-aliasing -fpic -fshort-wchar -nostdinc -m64 -mno-mmx -mno-sse -mno-red-zone -maccumulate-outgoing-args -Os -Wall -Wextra -Wno-missing-field-initializers -Wno-empty-body -Wno-implicit-fallthrough -Wno-old-style-declaration -Wno-unused-but-set-variable -Wno-unused-parameter -Werror -I/usr/src/azl/BUILD/shim-15.8/Cryptlib/OpenSSL -I/usr/src/azl/BUILD/shim-15.8/Cryptlib -I/usr/src/azl/BUILD/shim-15.8/Cryptlib/OpenSSL/Include/ -I/usr/src/azl/BUILD/shim-15.8/Cryptlib/OpenSSL/crypto -I/usr/src/azl/BUILD/shim-15.8/Cryptlib/Include -I/usr/src/azl/BUILD/shim-15.8/gnu-efi/inc -I/usr/src/azl/BUILD/shim-15.8/gnu-efi/inc/x86_64 -I/usr/src/azl/BUILD/shim-15.8/gnu-efi/inc/protocol -I/usr/src/azl/BUILD/shim-15.8/Cryptlib/OpenSSL/crypto/asn1 -I/usr/src/azl/BUILD/shim-15.8/Cryptlib/OpenSSL/crypto/evp -I/usr/src/azl/BUILD/shim-15.8/Cryptlib/OpenSSL/crypto/modes -I/usr/src/azl/BUILD/shim-15.8/Cryptlib/OpenSSL/crypto/include -isystem /usr/src/azl/BUILD/shim-15.8/include/system -isystem /usr/lib/gcc/x86_64-pc-linux-gnu/13.2.0/include -DL_ENDIAN -D_CRT_SECURE_NO_DEPRECATE -D_CRT_NONSTDC_NO_DEPRECATE -DOPENSSL_SMALL_FOOTPRINT -DPEDANTIC -DMDE_CPU_X64   -c -o crypto/x509/x509spki.o /usr/src/azl/BUILD/shim-15.8/Cryptlib/OpenSSL/crypto/x509/x509spki.c
#7 113.4 gcc -std=gnu11 -ggdb -ffreestanding -fmacro-prefix-map=/usr/src/azl/BUILD/shim-15.8/= -fno-stack-protector -fno-strict-aliasing -fpic -fshort-wchar -nostdinc -m64 -mno-mmx -mno-sse -mno-red-zone -maccumulate-outgoing-args -Os -Wall -Wextra -Wno-missing-field-initializers -Wno-empty-body -Wno-implicit-fallthrough -Wno-old-style-declaration -Wno-unused-but-set-variable -Wno-unused-parameter -Werror -I/usr/src/azl/BUILD/shim-15.8/Cryptlib/OpenSSL -I/usr/src/azl/BUILD/shim-15.8/Cryptlib -I/usr/src/azl/BUILD/shim-15.8/Cryptlib/OpenSSL/Include/ -I/usr/src/azl/BUILD/shim-15.8/Cryptlib/OpenSSL/crypto -I/usr/src/azl/BUILD/shim-15.8/Cryptlib/Include -I/usr/src/azl/BUILD/shim-15.8/gnu-efi/inc -I/usr/src/azl/BUILD/shim-15.8/gnu-efi/inc/x86_64 -I/usr/src/azl/BUILD/shim-15.8/gnu-efi/inc/protocol -I/usr/src/azl/BUILD/shim-15.8/Cryptlib/OpenSSL/crypto/asn1 -I/usr/src/azl/BUILD/shim-15.8/Cryptlib/OpenSSL/crypto/evp -I/usr/src/azl/BUILD/shim-15.8/Cryptlib/OpenSSL/crypto/modes -I/usr/src/azl/BUILD/shim-15.8/Cryptlib/OpenSSL/crypto/include -isystem /usr/src/azl/BUILD/shim-15.8/include/system -isystem /usr/lib/gcc/x86_64-pc-linux-gnu/13.2.0/include -DL_ENDIAN -D_CRT_SECURE_NO_DEPRECATE -D_CRT_NONSTDC_NO_DEPRECATE -DOPENSSL_SMALL_FOOTPRINT -DPEDANTIC -DMDE_CPU_X64   -c -o crypto/x509/x509_vfy.o /usr/src/azl/BUILD/shim-15.8/Cryptlib/OpenSSL/crypto/x509/x509_vfy.c
#7 113.4 gcc -std=gnu11 -ggdb -ffreestanding -fmacro-prefix-map=/usr/src/azl/BUILD/shim-15.8/= -fno-stack-protector -fno-strict-aliasing -fpic -fshort-wchar -nostdinc -m64 -mno-mmx -mno-sse -mno-red-zone -maccumulate-outgoing-args -Os -Wall -Wextra -Wno-missing-field-initializers -Wno-empty-body -Wno-implicit-fallthrough -Wno-old-style-declaration -Wno-unused-but-set-variable -Wno-unused-parameter -Werror -I/usr/src/azl/BUILD/shim-15.8/Cryptlib/OpenSSL -I/usr/src/azl/BUILD/shim-15.8/Cryptlib -I/usr/src/azl/BUILD/shim-15.8/Cryptlib/OpenSSL/Include/ -I/usr/src/azl/BUILD/shim-15.8/Cryptlib/OpenSSL/crypto -I/usr/src/azl/BUILD/shim-15.8/Cryptlib/Include -I/usr/src/azl/BUILD/shim-15.8/gnu-efi/inc -I/usr/src/azl/BUILD/shim-15.8/gnu-efi/inc/x86_64 -I/usr/src/azl/BUILD/shim-15.8/gnu-efi/inc/protocol -I/usr/src/azl/BUILD/shim-15.8/Cryptlib/OpenSSL/crypto/asn1 -I/usr/src/azl/BUILD/shim-15.8/Cryptlib/OpenSSL/crypto/evp -I/usr/src/azl/BUILD/shim-15.8/Cryptlib/OpenSSL/crypto/modes -I/usr/src/azl/BUILD/shim-15.8/Cryptlib/OpenSSL/crypto/include -isystem /usr/src/azl/BUILD/shim-15.8/include/system -isystem /usr/lib/gcc/x86_64-pc-linux-gnu/13.2.0/include -DL_ENDIAN -D_CRT_SECURE_NO_DEPRECATE -D_CRT_NONSTDC_NO_DEPRECATE -DOPENSSL_SMALL_FOOTPRINT -DPEDANTIC -DMDE_CPU_X64   -c -o crypto/x509/x509_set.o /usr/src/azl/BUILD/shim-15.8/Cryptlib/OpenSSL/crypto/x509/x509_set.c
#7 113.6 gcc -std=gnu11 -ggdb -ffreestanding -fmacro-prefix-map=/usr/src/azl/BUILD/shim-15.8/= -fno-stack-protector -fno-strict-aliasing -fpic -fshort-wchar -nostdinc -m64 -mno-mmx -mno-sse -mno-red-zone -maccumulate-outgoing-args -Os -Wall -Wextra -Wno-missing-field-initializers -Wno-empty-body -Wno-implicit-fallthrough -Wno-old-style-declaration -Wno-unused-but-set-variable -Wno-unused-parameter -Werror -I/usr/src/azl/BUILD/shim-15.8/Cryptlib/OpenSSL -I/usr/src/azl/BUILD/shim-15.8/Cryptlib -I/usr/src/azl/BUILD/shim-15.8/Cryptlib/OpenSSL/Include/ -I/usr/src/azl/BUILD/shim-15.8/Cryptlib/OpenSSL/crypto -I/usr/src/azl/BUILD/shim-15.8/Cryptlib/Include -I/usr/src/azl/BUILD/shim-15.8/gnu-efi/inc -I/usr/src/azl/BUILD/shim-15.8/gnu-efi/inc/x86_64 -I/usr/src/azl/BUILD/shim-15.8/gnu-efi/inc/protocol -I/usr/src/azl/BUILD/shim-15.8/Cryptlib/OpenSSL/crypto/asn1 -I/usr/src/azl/BUILD/shim-15.8/Cryptlib/OpenSSL/crypto/evp -I/usr/src/azl/BUILD/shim-15.8/Cryptlib/OpenSSL/crypto/modes -I/usr/src/azl/BUILD/shim-15.8/Cryptlib/OpenSSL/crypto/include -isystem /usr/src/azl/BUILD/shim-15.8/include/system -isystem /usr/lib/gcc/x86_64-pc-linux-gnu/13.2.0/include -DL_ENDIAN -D_CRT_SECURE_NO_DEPRECATE -D_CRT_NONSTDC_NO_DEPRECATE -DOPENSSL_SMALL_FOOTPRINT -DPEDANTIC -DMDE_CPU_X64   -c -o crypto/x509/x509cset.o /usr/src/azl/BUILD/shim-15.8/Cryptlib/OpenSSL/crypto/x509/x509cset.c
#7 113.7 gcc -std=gnu11 -ggdb -ffreestanding -fmacro-prefix-map=/usr/src/azl/BUILD/shim-15.8/= -fno-stack-protector -fno-strict-aliasing -fpic -fshort-wchar -nostdinc -m64 -mno-mmx -mno-sse -mno-red-zone -maccumulate-outgoing-args -Os -Wall -Wextra -Wno-missing-field-initializers -Wno-empty-body -Wno-implicit-fallthrough -Wno-old-style-declaration -Wno-unused-but-set-variable -Wno-unused-parameter -Werror -I/usr/src/azl/BUILD/shim-15.8/Cryptlib/OpenSSL -I/usr/src/azl/BUILD/shim-15.8/Cryptlib -I/usr/src/azl/BUILD/shim-15.8/Cryptlib/OpenSSL/Include/ -I/usr/src/azl/BUILD/shim-15.8/Cryptlib/OpenSSL/crypto -I/usr/src/azl/BUILD/shim-15.8/Cryptlib/Include -I/usr/src/azl/BUILD/shim-15.8/gnu-efi/inc -I/usr/src/azl/BUILD/shim-15.8/gnu-efi/inc/x86_64 -I/usr/src/azl/BUILD/shim-15.8/gnu-efi/inc/protocol -I/usr/src/azl/BUILD/shim-15.8/Cryptlib/OpenSSL/crypto/asn1 -I/usr/src/azl/BUILD/shim-15.8/Cryptlib/OpenSSL/crypto/evp -I/usr/src/azl/BUILD/shim-15.8/Cryptlib/OpenSSL/crypto/modes -I/usr/src/azl/BUILD/shim-15.8/Cryptlib/OpenSSL/crypto/include -isystem /usr/src/azl/BUILD/shim-15.8/include/system -isystem /usr/lib/gcc/x86_64-pc-linux-gnu/13.2.0/include -DL_ENDIAN -D_CRT_SECURE_NO_DEPRECATE -D_CRT_NONSTDC_NO_DEPRECATE -DOPENSSL_SMALL_FOOTPRINT -DPEDANTIC -DMDE_CPU_X64   -c -o crypto/x509/x509rset.o /usr/src/azl/BUILD/shim-15.8/Cryptlib/OpenSSL/crypto/x509/x509rset.c
#7 113.8 gcc -std=gnu11 -ggdb -ffreestanding -fmacro-prefix-map=/usr/src/azl/BUILD/shim-15.8/= -fno-stack-protector -fno-strict-aliasing -fpic -fshort-wchar -nostdinc -m64 -mno-mmx -mno-sse -mno-red-zone -maccumulate-outgoing-args -Os -Wall -Wextra -Wno-missing-field-initializers -Wno-empty-body -Wno-implicit-fallthrough -Wno-old-style-declaration -Wno-unused-but-set-variable -Wno-unused-parameter -Werror -I/usr/src/azl/BUILD/shim-15.8/Cryptlib/OpenSSL -I/usr/src/azl/BUILD/shim-15.8/Cryptlib -I/usr/src/azl/BUILD/shim-15.8/Cryptlib/OpenSSL/Include/ -I/usr/src/azl/BUILD/shim-15.8/Cryptlib/OpenSSL/crypto -I/usr/src/azl/BUILD/shim-15.8/Cryptlib/Include -I/usr/src/azl/BUILD/shim-15.8/gnu-efi/inc -I/usr/src/azl/BUILD/shim-15.8/gnu-efi/inc/x86_64 -I/usr/src/azl/BUILD/shim-15.8/gnu-efi/inc/protocol -I/usr/src/azl/BUILD/shim-15.8/Cryptlib/OpenSSL/crypto/asn1 -I/usr/src/azl/BUILD/shim-15.8/Cryptlib/OpenSSL/crypto/evp -I/usr/src/azl/BUILD/shim-15.8/Cryptlib/OpenSSL/crypto/modes -I/usr/src/azl/BUILD/shim-15.8/Cryptlib/OpenSSL/crypto/include -isystem /usr/src/azl/BUILD/shim-15.8/include/system -isystem /usr/lib/gcc/x86_64-pc-linux-gnu/13.2.0/include -DL_ENDIAN -D_CRT_SECURE_NO_DEPRECATE -D_CRT_NONSTDC_NO_DEPRECATE -DOPENSSL_SMALL_FOOTPRINT -DPEDANTIC -DMDE_CPU_X64   -c -o crypto/x509/x509_err.o /usr/src/azl/BUILD/shim-15.8/Cryptlib/OpenSSL/crypto/x509/x509_err.c
#7 113.9 gcc -std=gnu11 -ggdb -ffreestanding -fmacro-prefix-map=/usr/src/azl/BUILD/shim-15.8/= -fno-stack-protector -fno-strict-aliasing -fpic -fshort-wchar -nostdinc -m64 -mno-mmx -mno-sse -mno-red-zone -maccumulate-outgoing-args -Os -Wall -Wextra -Wno-missing-field-initializers -Wno-empty-body -Wno-implicit-fallthrough -Wno-old-style-declaration -Wno-unused-but-set-variable -Wno-unused-parameter -Werror -I/usr/src/azl/BUILD/shim-15.8/Cryptlib/OpenSSL -I/usr/src/azl/BUILD/shim-15.8/Cryptlib -I/usr/src/azl/BUILD/shim-15.8/Cryptlib/OpenSSL/Include/ -I/usr/src/azl/BUILD/shim-15.8/Cryptlib/OpenSSL/crypto -I/usr/src/azl/BUILD/shim-15.8/Cryptlib/Include -I/usr/src/azl/BUILD/shim-15.8/gnu-efi/inc -I/usr/src/azl/BUILD/shim-15.8/gnu-efi/inc/x86_64 -I/usr/src/azl/BUILD/shim-15.8/gnu-efi/inc/protocol -I/usr/src/azl/BUILD/shim-15.8/Cryptlib/OpenSSL/crypto/asn1 -I/usr/src/azl/BUILD/shim-15.8/Cryptlib/OpenSSL/crypto/evp -I/usr/src/azl/BUILD/shim-15.8/Cryptlib/OpenSSL/crypto/modes -I/usr/src/azl/BUILD/shim-15.8/Cryptlib/OpenSSL/crypto/include -isystem /usr/src/azl/BUILD/shim-15.8/include/system -isystem /usr/lib/gcc/x86_64-pc-linux-gnu/13.2.0/include -DL_ENDIAN -D_CRT_SECURE_NO_DEPRECATE -D_CRT_NONSTDC_NO_DEPRECATE -DOPENSSL_SMALL_FOOTPRINT -DPEDANTIC -DMDE_CPU_X64   -c -o crypto/x509/x509name.o /usr/src/azl/BUILD/shim-15.8/Cryptlib/OpenSSL/crypto/x509/x509name.c
#7 114.1 gcc -std=gnu11 -ggdb -ffreestanding -fmacro-prefix-map=/usr/src/azl/BUILD/shim-15.8/= -fno-stack-protector -fno-strict-aliasing -fpic -fshort-wchar -nostdinc -m64 -mno-mmx -mno-sse -mno-red-zone -maccumulate-outgoing-args -Os -Wall -Wextra -Wno-missing-field-initializers -Wno-empty-body -Wno-implicit-fallthrough -Wno-old-style-declaration -Wno-unused-but-set-variable -Wno-unused-parameter -Werror -I/usr/src/azl/BUILD/shim-15.8/Cryptlib/OpenSSL -I/usr/src/azl/BUILD/shim-15.8/Cryptlib -I/usr/src/azl/BUILD/shim-15.8/Cryptlib/OpenSSL/Include/ -I/usr/src/azl/BUILD/shim-15.8/Cryptlib/OpenSSL/crypto -I/usr/src/azl/BUILD/shim-15.8/Cryptlib/Include -I/usr/src/azl/BUILD/shim-15.8/gnu-efi/inc -I/usr/src/azl/BUILD/shim-15.8/gnu-efi/inc/x86_64 -I/usr/src/azl/BUILD/shim-15.8/gnu-efi/inc/protocol -I/usr/src/azl/BUILD/shim-15.8/Cryptlib/OpenSSL/crypto/asn1 -I/usr/src/azl/BUILD/shim-15.8/Cryptlib/OpenSSL/crypto/evp -I/usr/src/azl/BUILD/shim-15.8/Cryptlib/OpenSSL/crypto/modes -I/usr/src/azl/BUILD/shim-15.8/Cryptlib/OpenSSL/crypto/include -isystem /usr/src/azl/BUILD/shim-15.8/include/system -isystem /usr/lib/gcc/x86_64-pc-linux-gnu/13.2.0/include -DL_ENDIAN -D_CRT_SECURE_NO_DEPRECATE -D_CRT_NONSTDC_NO_DEPRECATE -DOPENSSL_SMALL_FOOTPRINT -DPEDANTIC -DMDE_CPU_X64   -c -o crypto/x509/x509_v3.o /usr/src/azl/BUILD/shim-15.8/Cryptlib/OpenSSL/crypto/x509/x509_v3.c
#7 114.2 gcc -std=gnu11 -ggdb -ffreestanding -fmacro-prefix-map=/usr/src/azl/BUILD/shim-15.8/= -fno-stack-protector -fno-strict-aliasing -fpic -fshort-wchar -nostdinc -m64 -mno-mmx -mno-sse -mno-red-zone -maccumulate-outgoing-args -Os -Wall -Wextra -Wno-missing-field-initializers -Wno-empty-body -Wno-implicit-fallthrough -Wno-old-style-declaration -Wno-unused-but-set-variable -Wno-unused-parameter -Werror -I/usr/src/azl/BUILD/shim-15.8/Cryptlib/OpenSSL -I/usr/src/azl/BUILD/shim-15.8/Cryptlib -I/usr/src/azl/BUILD/shim-15.8/Cryptlib/OpenSSL/Include/ -I/usr/src/azl/BUILD/shim-15.8/Cryptlib/OpenSSL/crypto -I/usr/src/azl/BUILD/shim-15.8/Cryptlib/Include -I/usr/src/azl/BUILD/shim-15.8/gnu-efi/inc -I/usr/src/azl/BUILD/shim-15.8/gnu-efi/inc/x86_64 -I/usr/src/azl/BUILD/shim-15.8/gnu-efi/inc/protocol -I/usr/src/azl/BUILD/shim-15.8/Cryptlib/OpenSSL/crypto/asn1 -I/usr/src/azl/BUILD/shim-15.8/Cryptlib/OpenSSL/crypto/evp -I/usr/src/azl/BUILD/shim-15.8/Cryptlib/OpenSSL/crypto/modes -I/usr/src/azl/BUILD/shim-15.8/Cryptlib/OpenSSL/crypto/include -isystem /usr/src/azl/BUILD/shim-15.8/include/system -isystem /usr/lib/gcc/x86_64-pc-linux-gnu/13.2.0/include -DL_ENDIAN -D_CRT_SECURE_NO_DEPRECATE -D_CRT_NONSTDC_NO_DEPRECATE -DOPENSSL_SMALL_FOOTPRINT -DPEDANTIC -DMDE_CPU_X64   -c -o crypto/x509/x509_ext.o /usr/src/azl/BUILD/shim-15.8/Cryptlib/OpenSSL/crypto/x509/x509_ext.c
#7 114.3 gcc -std=gnu11 -ggdb -ffreestanding -fmacro-prefix-map=/usr/src/azl/BUILD/shim-15.8/= -fno-stack-protector -fno-strict-aliasing -fpic -fshort-wchar -nostdinc -m64 -mno-mmx -mno-sse -mno-red-zone -maccumulate-outgoing-args -Os -Wall -Wextra -Wno-missing-field-initializers -Wno-empty-body -Wno-implicit-fallthrough -Wno-old-style-declaration -Wno-unused-but-set-variable -Wno-unused-parameter -Werror -I/usr/src/azl/BUILD/shim-15.8/Cryptlib/OpenSSL -I/usr/src/azl/BUILD/shim-15.8/Cryptlib -I/usr/src/azl/BUILD/shim-15.8/Cryptlib/OpenSSL/Include/ -I/usr/src/azl/BUILD/shim-15.8/Cryptlib/OpenSSL/crypto -I/usr/src/azl/BUILD/shim-15.8/Cryptlib/Include -I/usr/src/azl/BUILD/shim-15.8/gnu-efi/inc -I/usr/src/azl/BUILD/shim-15.8/gnu-efi/inc/x86_64 -I/usr/src/azl/BUILD/shim-15.8/gnu-efi/inc/protocol -I/usr/src/azl/BUILD/shim-15.8/Cryptlib/OpenSSL/crypto/asn1 -I/usr/src/azl/BUILD/shim-15.8/Cryptlib/OpenSSL/crypto/evp -I/usr/src/azl/BUILD/shim-15.8/Cryptlib/OpenSSL/crypto/modes -I/usr/src/azl/BUILD/shim-15.8/Cryptlib/OpenSSL/crypto/include -isystem /usr/src/azl/BUILD/shim-15.8/include/system -isystem /usr/lib/gcc/x86_64-pc-linux-gnu/13.2.0/include -DL_ENDIAN -D_CRT_SECURE_NO_DEPRECATE -D_CRT_NONSTDC_NO_DEPRECATE -DOPENSSL_SMALL_FOOTPRINT -DPEDANTIC -DMDE_CPU_X64   -c -o crypto/x509/x509_att.o /usr/src/azl/BUILD/shim-15.8/Cryptlib/OpenSSL/crypto/x509/x509_att.c
#7 114.4 gcc -std=gnu11 -ggdb -ffreestanding -fmacro-prefix-map=/usr/src/azl/BUILD/shim-15.8/= -fno-stack-protector -fno-strict-aliasing -fpic -fshort-wchar -nostdinc -m64 -mno-mmx -mno-sse -mno-red-zone -maccumulate-outgoing-args -Os -Wall -Wextra -Wno-missing-field-initializers -Wno-empty-body -Wno-implicit-fallthrough -Wno-old-style-declaration -Wno-unused-but-set-variable -Wno-unused-parameter -Werror -I/usr/src/azl/BUILD/shim-15.8/Cryptlib/OpenSSL -I/usr/src/azl/BUILD/shim-15.8/Cryptlib -I/usr/src/azl/BUILD/shim-15.8/Cryptlib/OpenSSL/Include/ -I/usr/src/azl/BUILD/shim-15.8/Cryptlib/OpenSSL/crypto -I/usr/src/azl/BUILD/shim-15.8/Cryptlib/Include -I/usr/src/azl/BUILD/shim-15.8/gnu-efi/inc -I/usr/src/azl/BUILD/shim-15.8/gnu-efi/inc/x86_64 -I/usr/src/azl/BUILD/shim-15.8/gnu-efi/inc/protocol -I/usr/src/azl/BUILD/shim-15.8/Cryptlib/OpenSSL/crypto/asn1 -I/usr/src/azl/BUILD/shim-15.8/Cryptlib/OpenSSL/crypto/evp -I/usr/src/azl/BUILD/shim-15.8/Cryptlib/OpenSSL/crypto/modes -I/usr/src/azl/BUILD/shim-15.8/Cryptlib/OpenSSL/crypto/include -isystem /usr/src/azl/BUILD/shim-15.8/include/system -isystem /usr/lib/gcc/x86_64-pc-linux-gnu/13.2.0/include -DL_ENDIAN -D_CRT_SECURE_NO_DEPRECATE -D_CRT_NONSTDC_NO_DEPRECATE -DOPENSSL_SMALL_FOOTPRINT -DPEDANTIC -DMDE_CPU_X64   -c -o crypto/x509/x509type.o /usr/src/azl/BUILD/shim-15.8/Cryptlib/OpenSSL/crypto/x509/x509type.c
#7 114.5 gcc -std=gnu11 -ggdb -ffreestanding -fmacro-prefix-map=/usr/src/azl/BUILD/shim-15.8/= -fno-stack-protector -fno-strict-aliasing -fpic -fshort-wchar -nostdinc -m64 -mno-mmx -mno-sse -mno-red-zone -maccumulate-outgoing-args -Os -Wall -Wextra -Wno-missing-field-initializers -Wno-empty-body -Wno-implicit-fallthrough -Wno-old-style-declaration -Wno-unused-but-set-variable -Wno-unused-parameter -Werror -I/usr/src/azl/BUILD/shim-15.8/Cryptlib/OpenSSL -I/usr/src/azl/BUILD/shim-15.8/Cryptlib -I/usr/src/azl/BUILD/shim-15.8/Cryptlib/OpenSSL/Include/ -I/usr/src/azl/BUILD/shim-15.8/Cryptlib/OpenSSL/crypto -I/usr/src/azl/BUILD/shim-15.8/Cryptlib/Include -I/usr/src/azl/BUILD/shim-15.8/gnu-efi/inc -I/usr/src/azl/BUILD/shim-15.8/gnu-efi/inc/x86_64 -I/usr/src/azl/BUILD/shim-15.8/gnu-efi/inc/protocol -I/usr/src/azl/BUILD/shim-15.8/Cryptlib/OpenSSL/crypto/asn1 -I/usr/src/azl/BUILD/shim-15.8/Cryptlib/OpenSSL/crypto/evp -I/usr/src/azl/BUILD/shim-15.8/Cryptlib/OpenSSL/crypto/modes -I/usr/src/azl/BUILD/shim-15.8/Cryptlib/OpenSSL/crypto/include -isystem /usr/src/azl/BUILD/shim-15.8/include/system -isystem /usr/lib/gcc/x86_64-pc-linux-gnu/13.2.0/include -DL_ENDIAN -D_CRT_SECURE_NO_DEPRECATE -D_CRT_NONSTDC_NO_DEPRECATE -DOPENSSL_SMALL_FOOTPRINT -DPEDANTIC -DMDE_CPU_X64   -c -o crypto/x509/x509_lu.o /usr/src/azl/BUILD/shim-15.8/Cryptlib/OpenSSL/crypto/x509/x509_lu.c
#7 114.5 gcc -std=gnu11 -ggdb -ffreestanding -fmacro-prefix-map=/usr/src/azl/BUILD/shim-15.8/= -fno-stack-protector -fno-strict-aliasing -fpic -fshort-wchar -nostdinc -m64 -mno-mmx -mno-sse -mno-red-zone -maccumulate-outgoing-args -Os -Wall -Wextra -Wno-missing-field-initializers -Wno-empty-body -Wno-implicit-fallthrough -Wno-old-style-declaration -Wno-unused-but-set-variable -Wno-unused-parameter -Werror -I/usr/src/azl/BUILD/shim-15.8/Cryptlib/OpenSSL -I/usr/src/azl/BUILD/shim-15.8/Cryptlib -I/usr/src/azl/BUILD/shim-15.8/Cryptlib/OpenSSL/Include/ -I/usr/src/azl/BUILD/shim-15.8/Cryptlib/OpenSSL/crypto -I/usr/src/azl/BUILD/shim-15.8/Cryptlib/Include -I/usr/src/azl/BUILD/shim-15.8/gnu-efi/inc -I/usr/src/azl/BUILD/shim-15.8/gnu-efi/inc/x86_64 -I/usr/src/azl/BUILD/shim-15.8/gnu-efi/inc/protocol -I/usr/src/azl/BUILD/shim-15.8/Cryptlib/OpenSSL/crypto/asn1 -I/usr/src/azl/BUILD/shim-15.8/Cryptlib/OpenSSL/crypto/evp -I/usr/src/azl/BUILD/shim-15.8/Cryptlib/OpenSSL/crypto/modes -I/usr/src/azl/BUILD/shim-15.8/Cryptlib/OpenSSL/crypto/include -isystem /usr/src/azl/BUILD/shim-15.8/include/system -isystem /usr/lib/gcc/x86_64-pc-linux-gnu/13.2.0/include -DL_ENDIAN -D_CRT_SECURE_NO_DEPRECATE -D_CRT_NONSTDC_NO_DEPRECATE -DOPENSSL_SMALL_FOOTPRINT -DPEDANTIC -DMDE_CPU_X64   -c -o crypto/x509/x_all.o /usr/src/azl/BUILD/shim-15.8/Cryptlib/OpenSSL/crypto/x509/x_all.c
#7 114.7 gcc -std=gnu11 -ggdb -ffreestanding -fmacro-prefix-map=/usr/src/azl/BUILD/shim-15.8/= -fno-stack-protector -fno-strict-aliasing -fpic -fshort-wchar -nostdinc -m64 -mno-mmx -mno-sse -mno-red-zone -maccumulate-outgoing-args -Os -Wall -Wextra -Wno-missing-field-initializers -Wno-empty-body -Wno-implicit-fallthrough -Wno-old-style-declaration -Wno-unused-but-set-variable -Wno-unused-parameter -Werror -I/usr/src/azl/BUILD/shim-15.8/Cryptlib/OpenSSL -I/usr/src/azl/BUILD/shim-15.8/Cryptlib -I/usr/src/azl/BUILD/shim-15.8/Cryptlib/OpenSSL/Include/ -I/usr/src/azl/BUILD/shim-15.8/Cryptlib/OpenSSL/crypto -I/usr/src/azl/BUILD/shim-15.8/Cryptlib/Include -I/usr/src/azl/BUILD/shim-15.8/gnu-efi/inc -I/usr/src/azl/BUILD/shim-15.8/gnu-efi/inc/x86_64 -I/usr/src/azl/BUILD/shim-15.8/gnu-efi/inc/protocol -I/usr/src/azl/BUILD/shim-15.8/Cryptlib/OpenSSL/crypto/asn1 -I/usr/src/azl/BUILD/shim-15.8/Cryptlib/OpenSSL/crypto/evp -I/usr/src/azl/BUILD/shim-15.8/Cryptlib/OpenSSL/crypto/modes -I/usr/src/azl/BUILD/shim-15.8/Cryptlib/OpenSSL/crypto/include -isystem /usr/src/azl/BUILD/shim-15.8/include/system -isystem /usr/lib/gcc/x86_64-pc-linux-gnu/13.2.0/include -DL_ENDIAN -D_CRT_SECURE_NO_DEPRECATE -D_CRT_NONSTDC_NO_DEPRECATE -DOPENSSL_SMALL_FOOTPRINT -DPEDANTIC -DMDE_CPU_X64   -c -o crypto/x509/x509_txt.o /usr/src/azl/BUILD/shim-15.8/Cryptlib/OpenSSL/crypto/x509/x509_txt.c
#7 114.8 gcc -std=gnu11 -ggdb -ffreestanding -fmacro-prefix-map=/usr/src/azl/BUILD/shim-15.8/= -fno-stack-protector -fno-strict-aliasing -fpic -fshort-wchar -nostdinc -m64 -mno-mmx -mno-sse -mno-red-zone -maccumulate-outgoing-args -Os -Wall -Wextra -Wno-missing-field-initializers -Wno-empty-body -Wno-implicit-fallthrough -Wno-old-style-declaration -Wno-unused-but-set-variable -Wno-unused-parameter -Werror -I/usr/src/azl/BUILD/shim-15.8/Cryptlib/OpenSSL -I/usr/src/azl/BUILD/shim-15.8/Cryptlib -I/usr/src/azl/BUILD/shim-15.8/Cryptlib/OpenSSL/Include/ -I/usr/src/azl/BUILD/shim-15.8/Cryptlib/OpenSSL/crypto -I/usr/src/azl/BUILD/shim-15.8/Cryptlib/Include -I/usr/src/azl/BUILD/shim-15.8/gnu-efi/inc -I/usr/src/azl/BUILD/shim-15.8/gnu-efi/inc/x86_64 -I/usr/src/azl/BUILD/shim-15.8/gnu-efi/inc/protocol -I/usr/src/azl/BUILD/shim-15.8/Cryptlib/OpenSSL/crypto/asn1 -I/usr/src/azl/BUILD/shim-15.8/Cryptlib/OpenSSL/crypto/evp -I/usr/src/azl/BUILD/shim-15.8/Cryptlib/OpenSSL/crypto/modes -I/usr/src/azl/BUILD/shim-15.8/Cryptlib/OpenSSL/crypto/include -isystem /usr/src/azl/BUILD/shim-15.8/include/system -isystem /usr/lib/gcc/x86_64-pc-linux-gnu/13.2.0/include -DL_ENDIAN -D_CRT_SECURE_NO_DEPRECATE -D_CRT_NONSTDC_NO_DEPRECATE -DOPENSSL_SMALL_FOOTPRINT -DPEDANTIC -DMDE_CPU_X64   -c -o crypto/x509/x509_trs.o /usr/src/azl/BUILD/shim-15.8/Cryptlib/OpenSSL/crypto/x509/x509_trs.c
#7 114.8 gcc -std=gnu11 -ggdb -ffreestanding -fmacro-prefix-map=/usr/src/azl/BUILD/shim-15.8/= -fno-stack-protector -fno-strict-aliasing -fpic -fshort-wchar -nostdinc -m64 -mno-mmx -mno-sse -mno-red-zone -maccumulate-outgoing-args -Os -Wall -Wextra -Wno-missing-field-initializers -Wno-empty-body -Wno-implicit-fallthrough -Wno-old-style-declaration -Wno-unused-but-set-variable -Wno-unused-parameter -Werror -I/usr/src/azl/BUILD/shim-15.8/Cryptlib/OpenSSL -I/usr/src/azl/BUILD/shim-15.8/Cryptlib -I/usr/src/azl/BUILD/shim-15.8/Cryptlib/OpenSSL/Include/ -I/usr/src/azl/BUILD/shim-15.8/Cryptlib/OpenSSL/crypto -I/usr/src/azl/BUILD/shim-15.8/Cryptlib/Include -I/usr/src/azl/BUILD/shim-15.8/gnu-efi/inc -I/usr/src/azl/BUILD/shim-15.8/gnu-efi/inc/x86_64 -I/usr/src/azl/BUILD/shim-15.8/gnu-efi/inc/protocol -I/usr/src/azl/BUILD/shim-15.8/Cryptlib/OpenSSL/crypto/asn1 -I/usr/src/azl/BUILD/shim-15.8/Cryptlib/OpenSSL/crypto/evp -I/usr/src/azl/BUILD/shim-15.8/Cryptlib/OpenSSL/crypto/modes -I/usr/src/azl/BUILD/shim-15.8/Cryptlib/OpenSSL/crypto/include -isystem /usr/src/azl/BUILD/shim-15.8/include/system -isystem /usr/lib/gcc/x86_64-pc-linux-gnu/13.2.0/include -DL_ENDIAN -D_CRT_SECURE_NO_DEPRECATE -D_CRT_NONSTDC_NO_DEPRECATE -DOPENSSL_SMALL_FOOTPRINT -DPEDANTIC -DMDE_CPU_X64   -c -o crypto/x509/x509_vpm.o /usr/src/azl/BUILD/shim-15.8/Cryptlib/OpenSSL/crypto/x509/x509_vpm.c
#7 115.0 gcc -std=gnu11 -ggdb -ffreestanding -fmacro-prefix-map=/usr/src/azl/BUILD/shim-15.8/= -fno-stack-protector -fno-strict-aliasing -fpic -fshort-wchar -nostdinc -m64 -mno-mmx -mno-sse -mno-red-zone -maccumulate-outgoing-args -Os -Wall -Wextra -Wno-missing-field-initializers -Wno-empty-body -Wno-implicit-fallthrough -Wno-old-style-declaration -Wno-unused-but-set-variable -Wno-unused-parameter -Werror -I/usr/src/azl/BUILD/shim-15.8/Cryptlib/OpenSSL -I/usr/src/azl/BUILD/shim-15.8/Cryptlib -I/usr/src/azl/BUILD/shim-15.8/Cryptlib/OpenSSL/Include/ -I/usr/src/azl/BUILD/shim-15.8/Cryptlib/OpenSSL/crypto -I/usr/src/azl/BUILD/shim-15.8/Cryptlib/Include -I/usr/src/azl/BUILD/shim-15.8/gnu-efi/inc -I/usr/src/azl/BUILD/shim-15.8/gnu-efi/inc/x86_64 -I/usr/src/azl/BUILD/shim-15.8/gnu-efi/inc/protocol -I/usr/src/azl/BUILD/shim-15.8/Cryptlib/OpenSSL/crypto/asn1 -I/usr/src/azl/BUILD/shim-15.8/Cryptlib/OpenSSL/crypto/evp -I/usr/src/azl/BUILD/shim-15.8/Cryptlib/OpenSSL/crypto/modes -I/usr/src/azl/BUILD/shim-15.8/Cryptlib/OpenSSL/crypto/include -isystem /usr/src/azl/BUILD/shim-15.8/include/system -isystem /usr/lib/gcc/x86_64-pc-linux-gnu/13.2.0/include -DL_ENDIAN -D_CRT_SECURE_NO_DEPRECATE -D_CRT_NONSTDC_NO_DEPRECATE -DOPENSSL_SMALL_FOOTPRINT -DPEDANTIC -DMDE_CPU_X64   -c -o crypto/x509v3/v3_bcons.o /usr/src/azl/BUILD/shim-15.8/Cryptlib/OpenSSL/crypto/x509v3/v3_bcons.c
#7 115.1 gcc -std=gnu11 -ggdb -ffreestanding -fmacro-prefix-map=/usr/src/azl/BUILD/shim-15.8/= -fno-stack-protector -fno-strict-aliasing -fpic -fshort-wchar -nostdinc -m64 -mno-mmx -mno-sse -mno-red-zone -maccumulate-outgoing-args -Os -Wall -Wextra -Wno-missing-field-initializers -Wno-empty-body -Wno-implicit-fallthrough -Wno-old-style-declaration -Wno-unused-but-set-variable -Wno-unused-parameter -Werror -I/usr/src/azl/BUILD/shim-15.8/Cryptlib/OpenSSL -I/usr/src/azl/BUILD/shim-15.8/Cryptlib -I/usr/src/azl/BUILD/shim-15.8/Cryptlib/OpenSSL/Include/ -I/usr/src/azl/BUILD/shim-15.8/Cryptlib/OpenSSL/crypto -I/usr/src/azl/BUILD/shim-15.8/Cryptlib/Include -I/usr/src/azl/BUILD/shim-15.8/gnu-efi/inc -I/usr/src/azl/BUILD/shim-15.8/gnu-efi/inc/x86_64 -I/usr/src/azl/BUILD/shim-15.8/gnu-efi/inc/protocol -I/usr/src/azl/BUILD/shim-15.8/Cryptlib/OpenSSL/crypto/asn1 -I/usr/src/azl/BUILD/shim-15.8/Cryptlib/OpenSSL/crypto/evp -I/usr/src/azl/BUILD/shim-15.8/Cryptlib/OpenSSL/crypto/modes -I/usr/src/azl/BUILD/shim-15.8/Cryptlib/OpenSSL/crypto/include -isystem /usr/src/azl/BUILD/shim-15.8/include/system -isystem /usr/lib/gcc/x86_64-pc-linux-gnu/13.2.0/include -DL_ENDIAN -D_CRT_SECURE_NO_DEPRECATE -D_CRT_NONSTDC_NO_DEPRECATE -DOPENSSL_SMALL_FOOTPRINT -DPEDANTIC -DMDE_CPU_X64   -c -o crypto/x509v3/v3_bitst.o /usr/src/azl/BUILD/shim-15.8/Cryptlib/OpenSSL/crypto/x509v3/v3_bitst.c
#7 115.1 gcc -std=gnu11 -ggdb -ffreestanding -fmacro-prefix-map=/usr/src/azl/BUILD/shim-15.8/= -fno-stack-protector -fno-strict-aliasing -fpic -fshort-wchar -nostdinc -m64 -mno-mmx -mno-sse -mno-red-zone -maccumulate-outgoing-args -Os -Wall -Wextra -Wno-missing-field-initializers -Wno-empty-body -Wno-implicit-fallthrough -Wno-old-style-declaration -Wno-unused-but-set-variable -Wno-unused-parameter -Werror -I/usr/src/azl/BUILD/shim-15.8/Cryptlib/OpenSSL -I/usr/src/azl/BUILD/shim-15.8/Cryptlib -I/usr/src/azl/BUILD/shim-15.8/Cryptlib/OpenSSL/Include/ -I/usr/src/azl/BUILD/shim-15.8/Cryptlib/OpenSSL/crypto -I/usr/src/azl/BUILD/shim-15.8/Cryptlib/Include -I/usr/src/azl/BUILD/shim-15.8/gnu-efi/inc -I/usr/src/azl/BUILD/shim-15.8/gnu-efi/inc/x86_64 -I/usr/src/azl/BUILD/shim-15.8/gnu-efi/inc/protocol -I/usr/src/azl/BUILD/shim-15.8/Cryptlib/OpenSSL/crypto/asn1 -I/usr/src/azl/BUILD/shim-15.8/Cryptlib/OpenSSL/crypto/evp -I/usr/src/azl/BUILD/shim-15.8/Cryptlib/OpenSSL/crypto/modes -I/usr/src/azl/BUILD/shim-15.8/Cryptlib/OpenSSL/crypto/include -isystem /usr/src/azl/BUILD/shim-15.8/include/system -isystem /usr/lib/gcc/x86_64-pc-linux-gnu/13.2.0/include -DL_ENDIAN -D_CRT_SECURE_NO_DEPRECATE -D_CRT_NONSTDC_NO_DEPRECATE -DOPENSSL_SMALL_FOOTPRINT -DPEDANTIC -DMDE_CPU_X64   -c -o crypto/x509v3/v3_conf.o /usr/src/azl/BUILD/shim-15.8/Cryptlib/OpenSSL/crypto/x509v3/v3_conf.c
#7 115.2 gcc -std=gnu11 -ggdb -ffreestanding -fmacro-prefix-map=/usr/src/azl/BUILD/shim-15.8/= -fno-stack-protector -fno-strict-aliasing -fpic -fshort-wchar -nostdinc -m64 -mno-mmx -mno-sse -mno-red-zone -maccumulate-outgoing-args -Os -Wall -Wextra -Wno-missing-field-initializers -Wno-empty-body -Wno-implicit-fallthrough -Wno-old-style-declaration -Wno-unused-but-set-variable -Wno-unused-parameter -Werror -I/usr/src/azl/BUILD/shim-15.8/Cryptlib/OpenSSL -I/usr/src/azl/BUILD/shim-15.8/Cryptlib -I/usr/src/azl/BUILD/shim-15.8/Cryptlib/OpenSSL/Include/ -I/usr/src/azl/BUILD/shim-15.8/Cryptlib/OpenSSL/crypto -I/usr/src/azl/BUILD/shim-15.8/Cryptlib/Include -I/usr/src/azl/BUILD/shim-15.8/gnu-efi/inc -I/usr/src/azl/BUILD/shim-15.8/gnu-efi/inc/x86_64 -I/usr/src/azl/BUILD/shim-15.8/gnu-efi/inc/protocol -I/usr/src/azl/BUILD/shim-15.8/Cryptlib/OpenSSL/crypto/asn1 -I/usr/src/azl/BUILD/shim-15.8/Cryptlib/OpenSSL/crypto/evp -I/usr/src/azl/BUILD/shim-15.8/Cryptlib/OpenSSL/crypto/modes -I/usr/src/azl/BUILD/shim-15.8/Cryptlib/OpenSSL/crypto/include -isystem /usr/src/azl/BUILD/shim-15.8/include/system -isystem /usr/lib/gcc/x86_64-pc-linux-gnu/13.2.0/include -DL_ENDIAN -D_CRT_SECURE_NO_DEPRECATE -D_CRT_NONSTDC_NO_DEPRECATE -DOPENSSL_SMALL_FOOTPRINT -DPEDANTIC -DMDE_CPU_X64   -c -o crypto/x509v3/v3_extku.o /usr/src/azl/BUILD/shim-15.8/Cryptlib/OpenSSL/crypto/x509v3/v3_extku.c
#7 115.3 gcc -std=gnu11 -ggdb -ffreestanding -fmacro-prefix-map=/usr/src/azl/BUILD/shim-15.8/= -fno-stack-protector -fno-strict-aliasing -fpic -fshort-wchar -nostdinc -m64 -mno-mmx -mno-sse -mno-red-zone -maccumulate-outgoing-args -Os -Wall -Wextra -Wno-missing-field-initializers -Wno-empty-body -Wno-implicit-fallthrough -Wno-old-style-declaration -Wno-unused-but-set-variable -Wno-unused-parameter -Werror -I/usr/src/azl/BUILD/shim-15.8/Cryptlib/OpenSSL -I/usr/src/azl/BUILD/shim-15.8/Cryptlib -I/usr/src/azl/BUILD/shim-15.8/Cryptlib/OpenSSL/Include/ -I/usr/src/azl/BUILD/shim-15.8/Cryptlib/OpenSSL/crypto -I/usr/src/azl/BUILD/shim-15.8/Cryptlib/Include -I/usr/src/azl/BUILD/shim-15.8/gnu-efi/inc -I/usr/src/azl/BUILD/shim-15.8/gnu-efi/inc/x86_64 -I/usr/src/azl/BUILD/shim-15.8/gnu-efi/inc/protocol -I/usr/src/azl/BUILD/shim-15.8/Cryptlib/OpenSSL/crypto/asn1 -I/usr/src/azl/BUILD/shim-15.8/Cryptlib/OpenSSL/crypto/evp -I/usr/src/azl/BUILD/shim-15.8/Cryptlib/OpenSSL/crypto/modes -I/usr/src/azl/BUILD/shim-15.8/Cryptlib/OpenSSL/crypto/include -isystem /usr/src/azl/BUILD/shim-15.8/include/system -isystem /usr/lib/gcc/x86_64-pc-linux-gnu/13.2.0/include -DL_ENDIAN -D_CRT_SECURE_NO_DEPRECATE -D_CRT_NONSTDC_NO_DEPRECATE -DOPENSSL_SMALL_FOOTPRINT -DPEDANTIC -DMDE_CPU_X64   -c -o crypto/x509v3/v3_ia5.o /usr/src/azl/BUILD/shim-15.8/Cryptlib/OpenSSL/crypto/x509v3/v3_ia5.c
#7 115.4 gcc -std=gnu11 -ggdb -ffreestanding -fmacro-prefix-map=/usr/src/azl/BUILD/shim-15.8/= -fno-stack-protector -fno-strict-aliasing -fpic -fshort-wchar -nostdinc -m64 -mno-mmx -mno-sse -mno-red-zone -maccumulate-outgoing-args -Os -Wall -Wextra -Wno-missing-field-initializers -Wno-empty-body -Wno-implicit-fallthrough -Wno-old-style-declaration -Wno-unused-but-set-variable -Wno-unused-parameter -Werror -I/usr/src/azl/BUILD/shim-15.8/Cryptlib/OpenSSL -I/usr/src/azl/BUILD/shim-15.8/Cryptlib -I/usr/src/azl/BUILD/shim-15.8/Cryptlib/OpenSSL/Include/ -I/usr/src/azl/BUILD/shim-15.8/Cryptlib/OpenSSL/crypto -I/usr/src/azl/BUILD/shim-15.8/Cryptlib/Include -I/usr/src/azl/BUILD/shim-15.8/gnu-efi/inc -I/usr/src/azl/BUILD/shim-15.8/gnu-efi/inc/x86_64 -I/usr/src/azl/BUILD/shim-15.8/gnu-efi/inc/protocol -I/usr/src/azl/BUILD/shim-15.8/Cryptlib/OpenSSL/crypto/asn1 -I/usr/src/azl/BUILD/shim-15.8/Cryptlib/OpenSSL/crypto/evp -I/usr/src/azl/BUILD/shim-15.8/Cryptlib/OpenSSL/crypto/modes -I/usr/src/azl/BUILD/shim-15.8/Cryptlib/OpenSSL/crypto/include -isystem /usr/src/azl/BUILD/shim-15.8/include/system -isystem /usr/lib/gcc/x86_64-pc-linux-gnu/13.2.0/include -DL_ENDIAN -D_CRT_SECURE_NO_DEPRECATE -D_CRT_NONSTDC_NO_DEPRECATE -DOPENSSL_SMALL_FOOTPRINT -DPEDANTIC -DMDE_CPU_X64   -c -o crypto/x509v3/v3_lib.o /usr/src/azl/BUILD/shim-15.8/Cryptlib/OpenSSL/crypto/x509v3/v3_lib.c
#7 115.5 gcc -std=gnu11 -ggdb -ffreestanding -fmacro-prefix-map=/usr/src/azl/BUILD/shim-15.8/= -fno-stack-protector -fno-strict-aliasing -fpic -fshort-wchar -nostdinc -m64 -mno-mmx -mno-sse -mno-red-zone -maccumulate-outgoing-args -Os -Wall -Wextra -Wno-missing-field-initializers -Wno-empty-body -Wno-implicit-fallthrough -Wno-old-style-declaration -Wno-unused-but-set-variable -Wno-unused-parameter -Werror -I/usr/src/azl/BUILD/shim-15.8/Cryptlib/OpenSSL -I/usr/src/azl/BUILD/shim-15.8/Cryptlib -I/usr/src/azl/BUILD/shim-15.8/Cryptlib/OpenSSL/Include/ -I/usr/src/azl/BUILD/shim-15.8/Cryptlib/OpenSSL/crypto -I/usr/src/azl/BUILD/shim-15.8/Cryptlib/Include -I/usr/src/azl/BUILD/shim-15.8/gnu-efi/inc -I/usr/src/azl/BUILD/shim-15.8/gnu-efi/inc/x86_64 -I/usr/src/azl/BUILD/shim-15.8/gnu-efi/inc/protocol -I/usr/src/azl/BUILD/shim-15.8/Cryptlib/OpenSSL/crypto/asn1 -I/usr/src/azl/BUILD/shim-15.8/Cryptlib/OpenSSL/crypto/evp -I/usr/src/azl/BUILD/shim-15.8/Cryptlib/OpenSSL/crypto/modes -I/usr/src/azl/BUILD/shim-15.8/Cryptlib/OpenSSL/crypto/include -isystem /usr/src/azl/BUILD/shim-15.8/include/system -isystem /usr/lib/gcc/x86_64-pc-linux-gnu/13.2.0/include -DL_ENDIAN -D_CRT_SECURE_NO_DEPRECATE -D_CRT_NONSTDC_NO_DEPRECATE -DOPENSSL_SMALL_FOOTPRINT -DPEDANTIC -DMDE_CPU_X64   -c -o crypto/x509v3/v3_prn.o /usr/src/azl/BUILD/shim-15.8/Cryptlib/OpenSSL/crypto/x509v3/v3_prn.c
#7 115.5 gcc -std=gnu11 -ggdb -ffreestanding -fmacro-prefix-map=/usr/src/azl/BUILD/shim-15.8/= -fno-stack-protector -fno-strict-aliasing -fpic -fshort-wchar -nostdinc -m64 -mno-mmx -mno-sse -mno-red-zone -maccumulate-outgoing-args -Os -Wall -Wextra -Wno-missing-field-initializers -Wno-empty-body -Wno-implicit-fallthrough -Wno-old-style-declaration -Wno-unused-but-set-variable -Wno-unused-parameter -Werror -I/usr/src/azl/BUILD/shim-15.8/Cryptlib/OpenSSL -I/usr/src/azl/BUILD/shim-15.8/Cryptlib -I/usr/src/azl/BUILD/shim-15.8/Cryptlib/OpenSSL/Include/ -I/usr/src/azl/BUILD/shim-15.8/Cryptlib/OpenSSL/crypto -I/usr/src/azl/BUILD/shim-15.8/Cryptlib/Include -I/usr/src/azl/BUILD/shim-15.8/gnu-efi/inc -I/usr/src/azl/BUILD/shim-15.8/gnu-efi/inc/x86_64 -I/usr/src/azl/BUILD/shim-15.8/gnu-efi/inc/protocol -I/usr/src/azl/BUILD/shim-15.8/Cryptlib/OpenSSL/crypto/asn1 -I/usr/src/azl/BUILD/shim-15.8/Cryptlib/OpenSSL/crypto/evp -I/usr/src/azl/BUILD/shim-15.8/Cryptlib/OpenSSL/crypto/modes -I/usr/src/azl/BUILD/shim-15.8/Cryptlib/OpenSSL/crypto/include -isystem /usr/src/azl/BUILD/shim-15.8/include/system -isystem /usr/lib/gcc/x86_64-pc-linux-gnu/13.2.0/include -DL_ENDIAN -D_CRT_SECURE_NO_DEPRECATE -D_CRT_NONSTDC_NO_DEPRECATE -DOPENSSL_SMALL_FOOTPRINT -DPEDANTIC -DMDE_CPU_X64   -c -o crypto/x509v3/v3_utl.o /usr/src/azl/BUILD/shim-15.8/Cryptlib/OpenSSL/crypto/x509v3/v3_utl.c
#7 115.6 gcc -std=gnu11 -ggdb -ffreestanding -fmacro-prefix-map=/usr/src/azl/BUILD/shim-15.8/= -fno-stack-protector -fno-strict-aliasing -fpic -fshort-wchar -nostdinc -m64 -mno-mmx -mno-sse -mno-red-zone -maccumulate-outgoing-args -Os -Wall -Wextra -Wno-missing-field-initializers -Wno-empty-body -Wno-implicit-fallthrough -Wno-old-style-declaration -Wno-unused-but-set-variable -Wno-unused-parameter -Werror -I/usr/src/azl/BUILD/shim-15.8/Cryptlib/OpenSSL -I/usr/src/azl/BUILD/shim-15.8/Cryptlib -I/usr/src/azl/BUILD/shim-15.8/Cryptlib/OpenSSL/Include/ -I/usr/src/azl/BUILD/shim-15.8/Cryptlib/OpenSSL/crypto -I/usr/src/azl/BUILD/shim-15.8/Cryptlib/Include -I/usr/src/azl/BUILD/shim-15.8/gnu-efi/inc -I/usr/src/azl/BUILD/shim-15.8/gnu-efi/inc/x86_64 -I/usr/src/azl/BUILD/shim-15.8/gnu-efi/inc/protocol -I/usr/src/azl/BUILD/shim-15.8/Cryptlib/OpenSSL/crypto/asn1 -I/usr/src/azl/BUILD/shim-15.8/Cryptlib/OpenSSL/crypto/evp -I/usr/src/azl/BUILD/shim-15.8/Cryptlib/OpenSSL/crypto/modes -I/usr/src/azl/BUILD/shim-15.8/Cryptlib/OpenSSL/crypto/include -isystem /usr/src/azl/BUILD/shim-15.8/include/system -isystem /usr/lib/gcc/x86_64-pc-linux-gnu/13.2.0/include -DL_ENDIAN -D_CRT_SECURE_NO_DEPRECATE -D_CRT_NONSTDC_NO_DEPRECATE -DOPENSSL_SMALL_FOOTPRINT -DPEDANTIC -DMDE_CPU_X64   -c -o crypto/x509v3/v3err.o /usr/src/azl/BUILD/shim-15.8/Cryptlib/OpenSSL/crypto/x509v3/v3err.c
#7 115.7 gcc -std=gnu11 -ggdb -ffreestanding -fmacro-prefix-map=/usr/src/azl/BUILD/shim-15.8/= -fno-stack-protector -fno-strict-aliasing -fpic -fshort-wchar -nostdinc -m64 -mno-mmx -mno-sse -mno-red-zone -maccumulate-outgoing-args -Os -Wall -Wextra -Wno-missing-field-initializers -Wno-empty-body -Wno-implicit-fallthrough -Wno-old-style-declaration -Wno-unused-but-set-variable -Wno-unused-parameter -Werror -I/usr/src/azl/BUILD/shim-15.8/Cryptlib/OpenSSL -I/usr/src/azl/BUILD/shim-15.8/Cryptlib -I/usr/src/azl/BUILD/shim-15.8/Cryptlib/OpenSSL/Include/ -I/usr/src/azl/BUILD/shim-15.8/Cryptlib/OpenSSL/crypto -I/usr/src/azl/BUILD/shim-15.8/Cryptlib/Include -I/usr/src/azl/BUILD/shim-15.8/gnu-efi/inc -I/usr/src/azl/BUILD/shim-15.8/gnu-efi/inc/x86_64 -I/usr/src/azl/BUILD/shim-15.8/gnu-efi/inc/protocol -I/usr/src/azl/BUILD/shim-15.8/Cryptlib/OpenSSL/crypto/asn1 -I/usr/src/azl/BUILD/shim-15.8/Cryptlib/OpenSSL/crypto/evp -I/usr/src/azl/BUILD/shim-15.8/Cryptlib/OpenSSL/crypto/modes -I/usr/src/azl/BUILD/shim-15.8/Cryptlib/OpenSSL/crypto/include -isystem /usr/src/azl/BUILD/shim-15.8/include/system -isystem /usr/lib/gcc/x86_64-pc-linux-gnu/13.2.0/include -DL_ENDIAN -D_CRT_SECURE_NO_DEPRECATE -D_CRT_NONSTDC_NO_DEPRECATE -DOPENSSL_SMALL_FOOTPRINT -DPEDANTIC -DMDE_CPU_X64   -c -o crypto/x509v3/v3_genn.o /usr/src/azl/BUILD/shim-15.8/Cryptlib/OpenSSL/crypto/x509v3/v3_genn.c
#7 115.9 gcc -std=gnu11 -ggdb -ffreestanding -fmacro-prefix-map=/usr/src/azl/BUILD/shim-15.8/= -fno-stack-protector -fno-strict-aliasing -fpic -fshort-wchar -nostdinc -m64 -mno-mmx -mno-sse -mno-red-zone -maccumulate-outgoing-args -Os -Wall -Wextra -Wno-missing-field-initializers -Wno-empty-body -Wno-implicit-fallthrough -Wno-old-style-declaration -Wno-unused-but-set-variable -Wno-unused-parameter -Werror -I/usr/src/azl/BUILD/shim-15.8/Cryptlib/OpenSSL -I/usr/src/azl/BUILD/shim-15.8/Cryptlib -I/usr/src/azl/BUILD/shim-15.8/Cryptlib/OpenSSL/Include/ -I/usr/src/azl/BUILD/shim-15.8/Cryptlib/OpenSSL/crypto -I/usr/src/azl/BUILD/shim-15.8/Cryptlib/Include -I/usr/src/azl/BUILD/shim-15.8/gnu-efi/inc -I/usr/src/azl/BUILD/shim-15.8/gnu-efi/inc/x86_64 -I/usr/src/azl/BUILD/shim-15.8/gnu-efi/inc/protocol -I/usr/src/azl/BUILD/shim-15.8/Cryptlib/OpenSSL/crypto/asn1 -I/usr/src/azl/BUILD/shim-15.8/Cryptlib/OpenSSL/crypto/evp -I/usr/src/azl/BUILD/shim-15.8/Cryptlib/OpenSSL/crypto/modes -I/usr/src/azl/BUILD/shim-15.8/Cryptlib/OpenSSL/crypto/include -isystem /usr/src/azl/BUILD/shim-15.8/include/system -isystem /usr/lib/gcc/x86_64-pc-linux-gnu/13.2.0/include -DL_ENDIAN -D_CRT_SECURE_NO_DEPRECATE -D_CRT_NONSTDC_NO_DEPRECATE -DOPENSSL_SMALL_FOOTPRINT -DPEDANTIC -DMDE_CPU_X64   -c -o crypto/x509v3/v3_alt.o /usr/src/azl/BUILD/shim-15.8/Cryptlib/OpenSSL/crypto/x509v3/v3_alt.c
#7 116.1 gcc -std=gnu11 -ggdb -ffreestanding -fmacro-prefix-map=/usr/src/azl/BUILD/shim-15.8/= -fno-stack-protector -fno-strict-aliasing -fpic -fshort-wchar -nostdinc -m64 -mno-mmx -mno-sse -mno-red-zone -maccumulate-outgoing-args -Os -Wall -Wextra -Wno-missing-field-initializers -Wno-empty-body -Wno-implicit-fallthrough -Wno-old-style-declaration -Wno-unused-but-set-variable -Wno-unused-parameter -Werror -I/usr/src/azl/BUILD/shim-15.8/Cryptlib/OpenSSL -I/usr/src/azl/BUILD/shim-15.8/Cryptlib -I/usr/src/azl/BUILD/shim-15.8/Cryptlib/OpenSSL/Include/ -I/usr/src/azl/BUILD/shim-15.8/Cryptlib/OpenSSL/crypto -I/usr/src/azl/BUILD/shim-15.8/Cryptlib/Include -I/usr/src/azl/BUILD/shim-15.8/gnu-efi/inc -I/usr/src/azl/BUILD/shim-15.8/gnu-efi/inc/x86_64 -I/usr/src/azl/BUILD/shim-15.8/gnu-efi/inc/protocol -I/usr/src/azl/BUILD/shim-15.8/Cryptlib/OpenSSL/crypto/asn1 -I/usr/src/azl/BUILD/shim-15.8/Cryptlib/OpenSSL/crypto/evp -I/usr/src/azl/BUILD/shim-15.8/Cryptlib/OpenSSL/crypto/modes -I/usr/src/azl/BUILD/shim-15.8/Cryptlib/OpenSSL/crypto/include -isystem /usr/src/azl/BUILD/shim-15.8/include/system -isystem /usr/lib/gcc/x86_64-pc-linux-gnu/13.2.0/include -DL_ENDIAN -D_CRT_SECURE_NO_DEPRECATE -D_CRT_NONSTDC_NO_DEPRECATE -DOPENSSL_SMALL_FOOTPRINT -DPEDANTIC -DMDE_CPU_X64   -c -o crypto/x509v3/v3_skey.o /usr/src/azl/BUILD/shim-15.8/Cryptlib/OpenSSL/crypto/x509v3/v3_skey.c
#7 116.1 gcc -std=gnu11 -ggdb -ffreestanding -fmacro-prefix-map=/usr/src/azl/BUILD/shim-15.8/= -fno-stack-protector -fno-strict-aliasing -fpic -fshort-wchar -nostdinc -m64 -mno-mmx -mno-sse -mno-red-zone -maccumulate-outgoing-args -Os -Wall -Wextra -Wno-missing-field-initializers -Wno-empty-body -Wno-implicit-fallthrough -Wno-old-style-declaration -Wno-unused-but-set-variable -Wno-unused-parameter -Werror -I/usr/src/azl/BUILD/shim-15.8/Cryptlib/OpenSSL -I/usr/src/azl/BUILD/shim-15.8/Cryptlib -I/usr/src/azl/BUILD/shim-15.8/Cryptlib/OpenSSL/Include/ -I/usr/src/azl/BUILD/shim-15.8/Cryptlib/OpenSSL/crypto -I/usr/src/azl/BUILD/shim-15.8/Cryptlib/Include -I/usr/src/azl/BUILD/shim-15.8/gnu-efi/inc -I/usr/src/azl/BUILD/shim-15.8/gnu-efi/inc/x86_64 -I/usr/src/azl/BUILD/shim-15.8/gnu-efi/inc/protocol -I/usr/src/azl/BUILD/shim-15.8/Cryptlib/OpenSSL/crypto/asn1 -I/usr/src/azl/BUILD/shim-15.8/Cryptlib/OpenSSL/crypto/evp -I/usr/src/azl/BUILD/shim-15.8/Cryptlib/OpenSSL/crypto/modes -I/usr/src/azl/BUILD/shim-15.8/Cryptlib/OpenSSL/crypto/include -isystem /usr/src/azl/BUILD/shim-15.8/include/system -isystem /usr/lib/gcc/x86_64-pc-linux-gnu/13.2.0/include -DL_ENDIAN -D_CRT_SECURE_NO_DEPRECATE -D_CRT_NONSTDC_NO_DEPRECATE -DOPENSSL_SMALL_FOOTPRINT -DPEDANTIC -DMDE_CPU_X64   -c -o crypto/x509v3/v3_akey.o /usr/src/azl/BUILD/shim-15.8/Cryptlib/OpenSSL/crypto/x509v3/v3_akey.c
#7 116.2 gcc -std=gnu11 -ggdb -ffreestanding -fmacro-prefix-map=/usr/src/azl/BUILD/shim-15.8/= -fno-stack-protector -fno-strict-aliasing -fpic -fshort-wchar -nostdinc -m64 -mno-mmx -mno-sse -mno-red-zone -maccumulate-outgoing-args -Os -Wall -Wextra -Wno-missing-field-initializers -Wno-empty-body -Wno-implicit-fallthrough -Wno-old-style-declaration -Wno-unused-but-set-variable -Wno-unused-parameter -Werror -I/usr/src/azl/BUILD/shim-15.8/Cryptlib/OpenSSL -I/usr/src/azl/BUILD/shim-15.8/Cryptlib -I/usr/src/azl/BUILD/shim-15.8/Cryptlib/OpenSSL/Include/ -I/usr/src/azl/BUILD/shim-15.8/Cryptlib/OpenSSL/crypto -I/usr/src/azl/BUILD/shim-15.8/Cryptlib/Include -I/usr/src/azl/BUILD/shim-15.8/gnu-efi/inc -I/usr/src/azl/BUILD/shim-15.8/gnu-efi/inc/x86_64 -I/usr/src/azl/BUILD/shim-15.8/gnu-efi/inc/protocol -I/usr/src/azl/BUILD/shim-15.8/Cryptlib/OpenSSL/crypto/asn1 -I/usr/src/azl/BUILD/shim-15.8/Cryptlib/OpenSSL/crypto/evp -I/usr/src/azl/BUILD/shim-15.8/Cryptlib/OpenSSL/crypto/modes -I/usr/src/azl/BUILD/shim-15.8/Cryptlib/OpenSSL/crypto/include -isystem /usr/src/azl/BUILD/shim-15.8/include/system -isystem /usr/lib/gcc/x86_64-pc-linux-gnu/13.2.0/include -DL_ENDIAN -D_CRT_SECURE_NO_DEPRECATE -D_CRT_NONSTDC_NO_DEPRECATE -DOPENSSL_SMALL_FOOTPRINT -DPEDANTIC -DMDE_CPU_X64   -c -o crypto/x509v3/v3_pku.o /usr/src/azl/BUILD/shim-15.8/Cryptlib/OpenSSL/crypto/x509v3/v3_pku.c
#7 116.3 gcc -std=gnu11 -ggdb -ffreestanding -fmacro-prefix-map=/usr/src/azl/BUILD/shim-15.8/= -fno-stack-protector -fno-strict-aliasing -fpic -fshort-wchar -nostdinc -m64 -mno-mmx -mno-sse -mno-red-zone -maccumulate-outgoing-args -Os -Wall -Wextra -Wno-missing-field-initializers -Wno-empty-body -Wno-implicit-fallthrough -Wno-old-style-declaration -Wno-unused-but-set-variable -Wno-unused-parameter -Werror -I/usr/src/azl/BUILD/shim-15.8/Cryptlib/OpenSSL -I/usr/src/azl/BUILD/shim-15.8/Cryptlib -I/usr/src/azl/BUILD/shim-15.8/Cryptlib/OpenSSL/Include/ -I/usr/src/azl/BUILD/shim-15.8/Cryptlib/OpenSSL/crypto -I/usr/src/azl/BUILD/shim-15.8/Cryptlib/Include -I/usr/src/azl/BUILD/shim-15.8/gnu-efi/inc -I/usr/src/azl/BUILD/shim-15.8/gnu-efi/inc/x86_64 -I/usr/src/azl/BUILD/shim-15.8/gnu-efi/inc/protocol -I/usr/src/azl/BUILD/shim-15.8/Cryptlib/OpenSSL/crypto/asn1 -I/usr/src/azl/BUILD/shim-15.8/Cryptlib/OpenSSL/crypto/evp -I/usr/src/azl/BUILD/shim-15.8/Cryptlib/OpenSSL/crypto/modes -I/usr/src/azl/BUILD/shim-15.8/Cryptlib/OpenSSL/crypto/include -isystem /usr/src/azl/BUILD/shim-15.8/include/system -isystem /usr/lib/gcc/x86_64-pc-linux-gnu/13.2.0/include -DL_ENDIAN -D_CRT_SECURE_NO_DEPRECATE -D_CRT_NONSTDC_NO_DEPRECATE -DOPENSSL_SMALL_FOOTPRINT -DPEDANTIC -DMDE_CPU_X64   -c -o crypto/x509v3/v3_int.o /usr/src/azl/BUILD/shim-15.8/Cryptlib/OpenSSL/crypto/x509v3/v3_int.c
#7 116.3 gcc -std=gnu11 -ggdb -ffreestanding -fmacro-prefix-map=/usr/src/azl/BUILD/shim-15.8/= -fno-stack-protector -fno-strict-aliasing -fpic -fshort-wchar -nostdinc -m64 -mno-mmx -mno-sse -mno-red-zone -maccumulate-outgoing-args -Os -Wall -Wextra -Wno-missing-field-initializers -Wno-empty-body -Wno-implicit-fallthrough -Wno-old-style-declaration -Wno-unused-but-set-variable -Wno-unused-parameter -Werror -I/usr/src/azl/BUILD/shim-15.8/Cryptlib/OpenSSL -I/usr/src/azl/BUILD/shim-15.8/Cryptlib -I/usr/src/azl/BUILD/shim-15.8/Cryptlib/OpenSSL/Include/ -I/usr/src/azl/BUILD/shim-15.8/Cryptlib/OpenSSL/crypto -I/usr/src/azl/BUILD/shim-15.8/Cryptlib/Include -I/usr/src/azl/BUILD/shim-15.8/gnu-efi/inc -I/usr/src/azl/BUILD/shim-15.8/gnu-efi/inc/x86_64 -I/usr/src/azl/BUILD/shim-15.8/gnu-efi/inc/protocol -I/usr/src/azl/BUILD/shim-15.8/Cryptlib/OpenSSL/crypto/asn1 -I/usr/src/azl/BUILD/shim-15.8/Cryptlib/OpenSSL/crypto/evp -I/usr/src/azl/BUILD/shim-15.8/Cryptlib/OpenSSL/crypto/modes -I/usr/src/azl/BUILD/shim-15.8/Cryptlib/OpenSSL/crypto/include -isystem /usr/src/azl/BUILD/shim-15.8/include/system -isystem /usr/lib/gcc/x86_64-pc-linux-gnu/13.2.0/include -DL_ENDIAN -D_CRT_SECURE_NO_DEPRECATE -D_CRT_NONSTDC_NO_DEPRECATE -DOPENSSL_SMALL_FOOTPRINT -DPEDANTIC -DMDE_CPU_X64   -c -o crypto/x509v3/v3_enum.o /usr/src/azl/BUILD/shim-15.8/Cryptlib/OpenSSL/crypto/x509v3/v3_enum.c
#7 116.4 gcc -std=gnu11 -ggdb -ffreestanding -fmacro-prefix-map=/usr/src/azl/BUILD/shim-15.8/= -fno-stack-protector -fno-strict-aliasing -fpic -fshort-wchar -nostdinc -m64 -mno-mmx -mno-sse -mno-red-zone -maccumulate-outgoing-args -Os -Wall -Wextra -Wno-missing-field-initializers -Wno-empty-body -Wno-implicit-fallthrough -Wno-old-style-declaration -Wno-unused-but-set-variable -Wno-unused-parameter -Werror -I/usr/src/azl/BUILD/shim-15.8/Cryptlib/OpenSSL -I/usr/src/azl/BUILD/shim-15.8/Cryptlib -I/usr/src/azl/BUILD/shim-15.8/Cryptlib/OpenSSL/Include/ -I/usr/src/azl/BUILD/shim-15.8/Cryptlib/OpenSSL/crypto -I/usr/src/azl/BUILD/shim-15.8/Cryptlib/Include -I/usr/src/azl/BUILD/shim-15.8/gnu-efi/inc -I/usr/src/azl/BUILD/shim-15.8/gnu-efi/inc/x86_64 -I/usr/src/azl/BUILD/shim-15.8/gnu-efi/inc/protocol -I/usr/src/azl/BUILD/shim-15.8/Cryptlib/OpenSSL/crypto/asn1 -I/usr/src/azl/BUILD/shim-15.8/Cryptlib/OpenSSL/crypto/evp -I/usr/src/azl/BUILD/shim-15.8/Cryptlib/OpenSSL/crypto/modes -I/usr/src/azl/BUILD/shim-15.8/Cryptlib/OpenSSL/crypto/include -isystem /usr/src/azl/BUILD/shim-15.8/include/system -isystem /usr/lib/gcc/x86_64-pc-linux-gnu/13.2.0/include -DL_ENDIAN -D_CRT_SECURE_NO_DEPRECATE -D_CRT_NONSTDC_NO_DEPRECATE -DOPENSSL_SMALL_FOOTPRINT -DPEDANTIC -DMDE_CPU_X64   -c -o crypto/x509v3/v3_sxnet.o /usr/src/azl/BUILD/shim-15.8/Cryptlib/OpenSSL/crypto/x509v3/v3_sxnet.c
#7 116.4 gcc -std=gnu11 -ggdb -ffreestanding -fmacro-prefix-map=/usr/src/azl/BUILD/shim-15.8/= -fno-stack-protector -fno-strict-aliasing -fpic -fshort-wchar -nostdinc -m64 -mno-mmx -mno-sse -mno-red-zone -maccumulate-outgoing-args -Os -Wall -Wextra -Wno-missing-field-initializers -Wno-empty-body -Wno-implicit-fallthrough -Wno-old-style-declaration -Wno-unused-but-set-variable -Wno-unused-parameter -Werror -I/usr/src/azl/BUILD/shim-15.8/Cryptlib/OpenSSL -I/usr/src/azl/BUILD/shim-15.8/Cryptlib -I/usr/src/azl/BUILD/shim-15.8/Cryptlib/OpenSSL/Include/ -I/usr/src/azl/BUILD/shim-15.8/Cryptlib/OpenSSL/crypto -I/usr/src/azl/BUILD/shim-15.8/Cryptlib/Include -I/usr/src/azl/BUILD/shim-15.8/gnu-efi/inc -I/usr/src/azl/BUILD/shim-15.8/gnu-efi/inc/x86_64 -I/usr/src/azl/BUILD/shim-15.8/gnu-efi/inc/protocol -I/usr/src/azl/BUILD/shim-15.8/Cryptlib/OpenSSL/crypto/asn1 -I/usr/src/azl/BUILD/shim-15.8/Cryptlib/OpenSSL/crypto/evp -I/usr/src/azl/BUILD/shim-15.8/Cryptlib/OpenSSL/crypto/modes -I/usr/src/azl/BUILD/shim-15.8/Cryptlib/OpenSSL/crypto/include -isystem /usr/src/azl/BUILD/shim-15.8/include/system -isystem /usr/lib/gcc/x86_64-pc-linux-gnu/13.2.0/include -DL_ENDIAN -D_CRT_SECURE_NO_DEPRECATE -D_CRT_NONSTDC_NO_DEPRECATE -DOPENSSL_SMALL_FOOTPRINT -DPEDANTIC -DMDE_CPU_X64   -c -o crypto/x509v3/v3_cpols.o /usr/src/azl/BUILD/shim-15.8/Cryptlib/OpenSSL/crypto/x509v3/v3_cpols.c
#7 116.6 gcc -std=gnu11 -ggdb -ffreestanding -fmacro-prefix-map=/usr/src/azl/BUILD/shim-15.8/= -fno-stack-protector -fno-strict-aliasing -fpic -fshort-wchar -nostdinc -m64 -mno-mmx -mno-sse -mno-red-zone -maccumulate-outgoing-args -Os -Wall -Wextra -Wno-missing-field-initializers -Wno-empty-body -Wno-implicit-fallthrough -Wno-old-style-declaration -Wno-unused-but-set-variable -Wno-unused-parameter -Werror -I/usr/src/azl/BUILD/shim-15.8/Cryptlib/OpenSSL -I/usr/src/azl/BUILD/shim-15.8/Cryptlib -I/usr/src/azl/BUILD/shim-15.8/Cryptlib/OpenSSL/Include/ -I/usr/src/azl/BUILD/shim-15.8/Cryptlib/OpenSSL/crypto -I/usr/src/azl/BUILD/shim-15.8/Cryptlib/Include -I/usr/src/azl/BUILD/shim-15.8/gnu-efi/inc -I/usr/src/azl/BUILD/shim-15.8/gnu-efi/inc/x86_64 -I/usr/src/azl/BUILD/shim-15.8/gnu-efi/inc/protocol -I/usr/src/azl/BUILD/shim-15.8/Cryptlib/OpenSSL/crypto/asn1 -I/usr/src/azl/BUILD/shim-15.8/Cryptlib/OpenSSL/crypto/evp -I/usr/src/azl/BUILD/shim-15.8/Cryptlib/OpenSSL/crypto/modes -I/usr/src/azl/BUILD/shim-15.8/Cryptlib/OpenSSL/crypto/include -isystem /usr/src/azl/BUILD/shim-15.8/include/system -isystem /usr/lib/gcc/x86_64-pc-linux-gnu/13.2.0/include -DL_ENDIAN -D_CRT_SECURE_NO_DEPRECATE -D_CRT_NONSTDC_NO_DEPRECATE -DOPENSSL_SMALL_FOOTPRINT -DPEDANTIC -DMDE_CPU_X64   -c -o crypto/x509v3/v3_crld.o /usr/src/azl/BUILD/shim-15.8/Cryptlib/OpenSSL/crypto/x509v3/v3_crld.c
#7 116.7 gcc -std=gnu11 -ggdb -ffreestanding -fmacro-prefix-map=/usr/src/azl/BUILD/shim-15.8/= -fno-stack-protector -fno-strict-aliasing -fpic -fshort-wchar -nostdinc -m64 -mno-mmx -mno-sse -mno-red-zone -maccumulate-outgoing-args -Os -Wall -Wextra -Wno-missing-field-initializers -Wno-empty-body -Wno-implicit-fallthrough -Wno-old-style-declaration -Wno-unused-but-set-variable -Wno-unused-parameter -Werror -I/usr/src/azl/BUILD/shim-15.8/Cryptlib/OpenSSL -I/usr/src/azl/BUILD/shim-15.8/Cryptlib -I/usr/src/azl/BUILD/shim-15.8/Cryptlib/OpenSSL/Include/ -I/usr/src/azl/BUILD/shim-15.8/Cryptlib/OpenSSL/crypto -I/usr/src/azl/BUILD/shim-15.8/Cryptlib/Include -I/usr/src/azl/BUILD/shim-15.8/gnu-efi/inc -I/usr/src/azl/BUILD/shim-15.8/gnu-efi/inc/x86_64 -I/usr/src/azl/BUILD/shim-15.8/gnu-efi/inc/protocol -I/usr/src/azl/BUILD/shim-15.8/Cryptlib/OpenSSL/crypto/asn1 -I/usr/src/azl/BUILD/shim-15.8/Cryptlib/OpenSSL/crypto/evp -I/usr/src/azl/BUILD/shim-15.8/Cryptlib/OpenSSL/crypto/modes -I/usr/src/azl/BUILD/shim-15.8/Cryptlib/OpenSSL/crypto/include -isystem /usr/src/azl/BUILD/shim-15.8/include/system -isystem /usr/lib/gcc/x86_64-pc-linux-gnu/13.2.0/include -DL_ENDIAN -D_CRT_SECURE_NO_DEPRECATE -D_CRT_NONSTDC_NO_DEPRECATE -DOPENSSL_SMALL_FOOTPRINT -DPEDANTIC -DMDE_CPU_X64   -c -o crypto/x509v3/v3_purp.o /usr/src/azl/BUILD/shim-15.8/Cryptlib/OpenSSL/crypto/x509v3/v3_purp.c
#7 116.8 gcc -std=gnu11 -ggdb -ffreestanding -fmacro-prefix-map=/usr/src/azl/BUILD/shim-15.8/= -fno-stack-protector -fno-strict-aliasing -fpic -fshort-wchar -nostdinc -m64 -mno-mmx -mno-sse -mno-red-zone -maccumulate-outgoing-args -Os -Wall -Wextra -Wno-missing-field-initializers -Wno-empty-body -Wno-implicit-fallthrough -Wno-old-style-declaration -Wno-unused-but-set-variable -Wno-unused-parameter -Werror -I/usr/src/azl/BUILD/shim-15.8/Cryptlib/OpenSSL -I/usr/src/azl/BUILD/shim-15.8/Cryptlib -I/usr/src/azl/BUILD/shim-15.8/Cryptlib/OpenSSL/Include/ -I/usr/src/azl/BUILD/shim-15.8/Cryptlib/OpenSSL/crypto -I/usr/src/azl/BUILD/shim-15.8/Cryptlib/Include -I/usr/src/azl/BUILD/shim-15.8/gnu-efi/inc -I/usr/src/azl/BUILD/shim-15.8/gnu-efi/inc/x86_64 -I/usr/src/azl/BUILD/shim-15.8/gnu-efi/inc/protocol -I/usr/src/azl/BUILD/shim-15.8/Cryptlib/OpenSSL/crypto/asn1 -I/usr/src/azl/BUILD/shim-15.8/Cryptlib/OpenSSL/crypto/evp -I/usr/src/azl/BUILD/shim-15.8/Cryptlib/OpenSSL/crypto/modes -I/usr/src/azl/BUILD/shim-15.8/Cryptlib/OpenSSL/crypto/include -isystem /usr/src/azl/BUILD/shim-15.8/include/system -isystem /usr/lib/gcc/x86_64-pc-linux-gnu/13.2.0/include -DL_ENDIAN -D_CRT_SECURE_NO_DEPRECATE -D_CRT_NONSTDC_NO_DEPRECATE -DOPENSSL_SMALL_FOOTPRINT -DPEDANTIC -DMDE_CPU_X64   -c -o crypto/x509v3/v3_info.o /usr/src/azl/BUILD/shim-15.8/Cryptlib/OpenSSL/crypto/x509v3/v3_info.c
#7 117.0 gcc -std=gnu11 -ggdb -ffreestanding -fmacro-prefix-map=/usr/src/azl/BUILD/shim-15.8/= -fno-stack-protector -fno-strict-aliasing -fpic -fshort-wchar -nostdinc -m64 -mno-mmx -mno-sse -mno-red-zone -maccumulate-outgoing-args -Os -Wall -Wextra -Wno-missing-field-initializers -Wno-empty-body -Wno-implicit-fallthrough -Wno-old-style-declaration -Wno-unused-but-set-variable -Wno-unused-parameter -Werror -I/usr/src/azl/BUILD/shim-15.8/Cryptlib/OpenSSL -I/usr/src/azl/BUILD/shim-15.8/Cryptlib -I/usr/src/azl/BUILD/shim-15.8/Cryptlib/OpenSSL/Include/ -I/usr/src/azl/BUILD/shim-15.8/Cryptlib/OpenSSL/crypto -I/usr/src/azl/BUILD/shim-15.8/Cryptlib/Include -I/usr/src/azl/BUILD/shim-15.8/gnu-efi/inc -I/usr/src/azl/BUILD/shim-15.8/gnu-efi/inc/x86_64 -I/usr/src/azl/BUILD/shim-15.8/gnu-efi/inc/protocol -I/usr/src/azl/BUILD/shim-15.8/Cryptlib/OpenSSL/crypto/asn1 -I/usr/src/azl/BUILD/shim-15.8/Cryptlib/OpenSSL/crypto/evp -I/usr/src/azl/BUILD/shim-15.8/Cryptlib/OpenSSL/crypto/modes -I/usr/src/azl/BUILD/shim-15.8/Cryptlib/OpenSSL/crypto/include -isystem /usr/src/azl/BUILD/shim-15.8/include/system -isystem /usr/lib/gcc/x86_64-pc-linux-gnu/13.2.0/include -DL_ENDIAN -D_CRT_SECURE_NO_DEPRECATE -D_CRT_NONSTDC_NO_DEPRECATE -DOPENSSL_SMALL_FOOTPRINT -DPEDANTIC -DMDE_CPU_X64   -c -o crypto/x509v3/v3_ocsp.o /usr/src/azl/BUILD/shim-15.8/Cryptlib/OpenSSL/crypto/x509v3/v3_ocsp.c
#7 117.1 gcc -std=gnu11 -ggdb -ffreestanding -fmacro-prefix-map=/usr/src/azl/BUILD/shim-15.8/= -fno-stack-protector -fno-strict-aliasing -fpic -fshort-wchar -nostdinc -m64 -mno-mmx -mno-sse -mno-red-zone -maccumulate-outgoing-args -Os -Wall -Wextra -Wno-missing-field-initializers -Wno-empty-body -Wno-implicit-fallthrough -Wno-old-style-declaration -Wno-unused-but-set-variable -Wno-unused-parameter -Werror -I/usr/src/azl/BUILD/shim-15.8/Cryptlib/OpenSSL -I/usr/src/azl/BUILD/shim-15.8/Cryptlib -I/usr/src/azl/BUILD/shim-15.8/Cryptlib/OpenSSL/Include/ -I/usr/src/azl/BUILD/shim-15.8/Cryptlib/OpenSSL/crypto -I/usr/src/azl/BUILD/shim-15.8/Cryptlib/Include -I/usr/src/azl/BUILD/shim-15.8/gnu-efi/inc -I/usr/src/azl/BUILD/shim-15.8/gnu-efi/inc/x86_64 -I/usr/src/azl/BUILD/shim-15.8/gnu-efi/inc/protocol -I/usr/src/azl/BUILD/shim-15.8/Cryptlib/OpenSSL/crypto/asn1 -I/usr/src/azl/BUILD/shim-15.8/Cryptlib/OpenSSL/crypto/evp -I/usr/src/azl/BUILD/shim-15.8/Cryptlib/OpenSSL/crypto/modes -I/usr/src/azl/BUILD/shim-15.8/Cryptlib/OpenSSL/crypto/include -isystem /usr/src/azl/BUILD/shim-15.8/include/system -isystem /usr/lib/gcc/x86_64-pc-linux-gnu/13.2.0/include -DL_ENDIAN -D_CRT_SECURE_NO_DEPRECATE -D_CRT_NONSTDC_NO_DEPRECATE -DOPENSSL_SMALL_FOOTPRINT -DPEDANTIC -DMDE_CPU_X64   -c -o crypto/x509v3/v3_akeya.o /usr/src/azl/BUILD/shim-15.8/Cryptlib/OpenSSL/crypto/x509v3/v3_akeya.c
#7 117.2 gcc -std=gnu11 -ggdb -ffreestanding -fmacro-prefix-map=/usr/src/azl/BUILD/shim-15.8/= -fno-stack-protector -fno-strict-aliasing -fpic -fshort-wchar -nostdinc -m64 -mno-mmx -mno-sse -mno-red-zone -maccumulate-outgoing-args -Os -Wall -Wextra -Wno-missing-field-initializers -Wno-empty-body -Wno-implicit-fallthrough -Wno-old-style-declaration -Wno-unused-but-set-variable -Wno-unused-parameter -Werror -I/usr/src/azl/BUILD/shim-15.8/Cryptlib/OpenSSL -I/usr/src/azl/BUILD/shim-15.8/Cryptlib -I/usr/src/azl/BUILD/shim-15.8/Cryptlib/OpenSSL/Include/ -I/usr/src/azl/BUILD/shim-15.8/Cryptlib/OpenSSL/crypto -I/usr/src/azl/BUILD/shim-15.8/Cryptlib/Include -I/usr/src/azl/BUILD/shim-15.8/gnu-efi/inc -I/usr/src/azl/BUILD/shim-15.8/gnu-efi/inc/x86_64 -I/usr/src/azl/BUILD/shim-15.8/gnu-efi/inc/protocol -I/usr/src/azl/BUILD/shim-15.8/Cryptlib/OpenSSL/crypto/asn1 -I/usr/src/azl/BUILD/shim-15.8/Cryptlib/OpenSSL/crypto/evp -I/usr/src/azl/BUILD/shim-15.8/Cryptlib/OpenSSL/crypto/modes -I/usr/src/azl/BUILD/shim-15.8/Cryptlib/OpenSSL/crypto/include -isystem /usr/src/azl/BUILD/shim-15.8/include/system -isystem /usr/lib/gcc/x86_64-pc-linux-gnu/13.2.0/include -DL_ENDIAN -D_CRT_SECURE_NO_DEPRECATE -D_CRT_NONSTDC_NO_DEPRECATE -DOPENSSL_SMALL_FOOTPRINT -DPEDANTIC -DMDE_CPU_X64   -c -o crypto/x509v3/v3_pmaps.o /usr/src/azl/BUILD/shim-15.8/Cryptlib/OpenSSL/crypto/x509v3/v3_pmaps.c
#7 117.2 gcc -std=gnu11 -ggdb -ffreestanding -fmacro-prefix-map=/usr/src/azl/BUILD/shim-15.8/= -fno-stack-protector -fno-strict-aliasing -fpic -fshort-wchar -nostdinc -m64 -mno-mmx -mno-sse -mno-red-zone -maccumulate-outgoing-args -Os -Wall -Wextra -Wno-missing-field-initializers -Wno-empty-body -Wno-implicit-fallthrough -Wno-old-style-declaration -Wno-unused-but-set-variable -Wno-unused-parameter -Werror -I/usr/src/azl/BUILD/shim-15.8/Cryptlib/OpenSSL -I/usr/src/azl/BUILD/shim-15.8/Cryptlib -I/usr/src/azl/BUILD/shim-15.8/Cryptlib/OpenSSL/Include/ -I/usr/src/azl/BUILD/shim-15.8/Cryptlib/OpenSSL/crypto -I/usr/src/azl/BUILD/shim-15.8/Cryptlib/Include -I/usr/src/azl/BUILD/shim-15.8/gnu-efi/inc -I/usr/src/azl/BUILD/shim-15.8/gnu-efi/inc/x86_64 -I/usr/src/azl/BUILD/shim-15.8/gnu-efi/inc/protocol -I/usr/src/azl/BUILD/shim-15.8/Cryptlib/OpenSSL/crypto/asn1 -I/usr/src/azl/BUILD/shim-15.8/Cryptlib/OpenSSL/crypto/evp -I/usr/src/azl/BUILD/shim-15.8/Cryptlib/OpenSSL/crypto/modes -I/usr/src/azl/BUILD/shim-15.8/Cryptlib/OpenSSL/crypto/include -isystem /usr/src/azl/BUILD/shim-15.8/include/system -isystem /usr/lib/gcc/x86_64-pc-linux-gnu/13.2.0/include -DL_ENDIAN -D_CRT_SECURE_NO_DEPRECATE -D_CRT_NONSTDC_NO_DEPRECATE -DOPENSSL_SMALL_FOOTPRINT -DPEDANTIC -DMDE_CPU_X64   -c -o crypto/x509v3/v3_pcons.o /usr/src/azl/BUILD/shim-15.8/Cryptlib/OpenSSL/crypto/x509v3/v3_pcons.c
#7 117.3 gcc -std=gnu11 -ggdb -ffreestanding -fmacro-prefix-map=/usr/src/azl/BUILD/shim-15.8/= -fno-stack-protector -fno-strict-aliasing -fpic -fshort-wchar -nostdinc -m64 -mno-mmx -mno-sse -mno-red-zone -maccumulate-outgoing-args -Os -Wall -Wextra -Wno-missing-field-initializers -Wno-empty-body -Wno-implicit-fallthrough -Wno-old-style-declaration -Wno-unused-but-set-variable -Wno-unused-parameter -Werror -I/usr/src/azl/BUILD/shim-15.8/Cryptlib/OpenSSL -I/usr/src/azl/BUILD/shim-15.8/Cryptlib -I/usr/src/azl/BUILD/shim-15.8/Cryptlib/OpenSSL/Include/ -I/usr/src/azl/BUILD/shim-15.8/Cryptlib/OpenSSL/crypto -I/usr/src/azl/BUILD/shim-15.8/Cryptlib/Include -I/usr/src/azl/BUILD/shim-15.8/gnu-efi/inc -I/usr/src/azl/BUILD/shim-15.8/gnu-efi/inc/x86_64 -I/usr/src/azl/BUILD/shim-15.8/gnu-efi/inc/protocol -I/usr/src/azl/BUILD/shim-15.8/Cryptlib/OpenSSL/crypto/asn1 -I/usr/src/azl/BUILD/shim-15.8/Cryptlib/OpenSSL/crypto/evp -I/usr/src/azl/BUILD/shim-15.8/Cryptlib/OpenSSL/crypto/modes -I/usr/src/azl/BUILD/shim-15.8/Cryptlib/OpenSSL/crypto/include -isystem /usr/src/azl/BUILD/shim-15.8/include/system -isystem /usr/lib/gcc/x86_64-pc-linux-gnu/13.2.0/include -DL_ENDIAN -D_CRT_SECURE_NO_DEPRECATE -D_CRT_NONSTDC_NO_DEPRECATE -DOPENSSL_SMALL_FOOTPRINT -DPEDANTIC -DMDE_CPU_X64   -c -o crypto/x509v3/v3_ncons.o /usr/src/azl/BUILD/shim-15.8/Cryptlib/OpenSSL/crypto/x509v3/v3_ncons.c
#7 117.3 gcc -std=gnu11 -ggdb -ffreestanding -fmacro-prefix-map=/usr/src/azl/BUILD/shim-15.8/= -fno-stack-protector -fno-strict-aliasing -fpic -fshort-wchar -nostdinc -m64 -mno-mmx -mno-sse -mno-red-zone -maccumulate-outgoing-args -Os -Wall -Wextra -Wno-missing-field-initializers -Wno-empty-body -Wno-implicit-fallthrough -Wno-old-style-declaration -Wno-unused-but-set-variable -Wno-unused-parameter -Werror -I/usr/src/azl/BUILD/shim-15.8/Cryptlib/OpenSSL -I/usr/src/azl/BUILD/shim-15.8/Cryptlib -I/usr/src/azl/BUILD/shim-15.8/Cryptlib/OpenSSL/Include/ -I/usr/src/azl/BUILD/shim-15.8/Cryptlib/OpenSSL/crypto -I/usr/src/azl/BUILD/shim-15.8/Cryptlib/Include -I/usr/src/azl/BUILD/shim-15.8/gnu-efi/inc -I/usr/src/azl/BUILD/shim-15.8/gnu-efi/inc/x86_64 -I/usr/src/azl/BUILD/shim-15.8/gnu-efi/inc/protocol -I/usr/src/azl/BUILD/shim-15.8/Cryptlib/OpenSSL/crypto/asn1 -I/usr/src/azl/BUILD/shim-15.8/Cryptlib/OpenSSL/crypto/evp -I/usr/src/azl/BUILD/shim-15.8/Cryptlib/OpenSSL/crypto/modes -I/usr/src/azl/BUILD/shim-15.8/Cryptlib/OpenSSL/crypto/include -isystem /usr/src/azl/BUILD/shim-15.8/include/system -isystem /usr/lib/gcc/x86_64-pc-linux-gnu/13.2.0/include -DL_ENDIAN -D_CRT_SECURE_NO_DEPRECATE -D_CRT_NONSTDC_NO_DEPRECATE -DOPENSSL_SMALL_FOOTPRINT -DPEDANTIC -DMDE_CPU_X64   -c -o crypto/x509v3/v3_pcia.o /usr/src/azl/BUILD/shim-15.8/Cryptlib/OpenSSL/crypto/x509v3/v3_pcia.c
#7 117.4 gcc -std=gnu11 -ggdb -ffreestanding -fmacro-prefix-map=/usr/src/azl/BUILD/shim-15.8/= -fno-stack-protector -fno-strict-aliasing -fpic -fshort-wchar -nostdinc -m64 -mno-mmx -mno-sse -mno-red-zone -maccumulate-outgoing-args -Os -Wall -Wextra -Wno-missing-field-initializers -Wno-empty-body -Wno-implicit-fallthrough -Wno-old-style-declaration -Wno-unused-but-set-variable -Wno-unused-parameter -Werror -I/usr/src/azl/BUILD/shim-15.8/Cryptlib/OpenSSL -I/usr/src/azl/BUILD/shim-15.8/Cryptlib -I/usr/src/azl/BUILD/shim-15.8/Cryptlib/OpenSSL/Include/ -I/usr/src/azl/BUILD/shim-15.8/Cryptlib/OpenSSL/crypto -I/usr/src/azl/BUILD/shim-15.8/Cryptlib/Include -I/usr/src/azl/BUILD/shim-15.8/gnu-efi/inc -I/usr/src/azl/BUILD/shim-15.8/gnu-efi/inc/x86_64 -I/usr/src/azl/BUILD/shim-15.8/gnu-efi/inc/protocol -I/usr/src/azl/BUILD/shim-15.8/Cryptlib/OpenSSL/crypto/asn1 -I/usr/src/azl/BUILD/shim-15.8/Cryptlib/OpenSSL/crypto/evp -I/usr/src/azl/BUILD/shim-15.8/Cryptlib/OpenSSL/crypto/modes -I/usr/src/azl/BUILD/shim-15.8/Cryptlib/OpenSSL/crypto/include -isystem /usr/src/azl/BUILD/shim-15.8/include/system -isystem /usr/lib/gcc/x86_64-pc-linux-gnu/13.2.0/include -DL_ENDIAN -D_CRT_SECURE_NO_DEPRECATE -D_CRT_NONSTDC_NO_DEPRECATE -DOPENSSL_SMALL_FOOTPRINT -DPEDANTIC -DMDE_CPU_X64   -c -o crypto/x509v3/v3_pci.o /usr/src/azl/BUILD/shim-15.8/Cryptlib/OpenSSL/crypto/x509v3/v3_pci.c
#7 117.5 gcc -std=gnu11 -ggdb -ffreestanding -fmacro-prefix-map=/usr/src/azl/BUILD/shim-15.8/= -fno-stack-protector -fno-strict-aliasing -fpic -fshort-wchar -nostdinc -m64 -mno-mmx -mno-sse -mno-red-zone -maccumulate-outgoing-args -Os -Wall -Wextra -Wno-missing-field-initializers -Wno-empty-body -Wno-implicit-fallthrough -Wno-old-style-declaration -Wno-unused-but-set-variable -Wno-unused-parameter -Werror -I/usr/src/azl/BUILD/shim-15.8/Cryptlib/OpenSSL -I/usr/src/azl/BUILD/shim-15.8/Cryptlib -I/usr/src/azl/BUILD/shim-15.8/Cryptlib/OpenSSL/Include/ -I/usr/src/azl/BUILD/shim-15.8/Cryptlib/OpenSSL/crypto -I/usr/src/azl/BUILD/shim-15.8/Cryptlib/Include -I/usr/src/azl/BUILD/shim-15.8/gnu-efi/inc -I/usr/src/azl/BUILD/shim-15.8/gnu-efi/inc/x86_64 -I/usr/src/azl/BUILD/shim-15.8/gnu-efi/inc/protocol -I/usr/src/azl/BUILD/shim-15.8/Cryptlib/OpenSSL/crypto/asn1 -I/usr/src/azl/BUILD/shim-15.8/Cryptlib/OpenSSL/crypto/evp -I/usr/src/azl/BUILD/shim-15.8/Cryptlib/OpenSSL/crypto/modes -I/usr/src/azl/BUILD/shim-15.8/Cryptlib/OpenSSL/crypto/include -isystem /usr/src/azl/BUILD/shim-15.8/include/system -isystem /usr/lib/gcc/x86_64-pc-linux-gnu/13.2.0/include -DL_ENDIAN -D_CRT_SECURE_NO_DEPRECATE -D_CRT_NONSTDC_NO_DEPRECATE -DOPENSSL_SMALL_FOOTPRINT -DPEDANTIC -DMDE_CPU_X64   -c -o crypto/x509v3/pcy_cache.o /usr/src/azl/BUILD/shim-15.8/Cryptlib/OpenSSL/crypto/x509v3/pcy_cache.c
#7 117.6 gcc -std=gnu11 -ggdb -ffreestanding -fmacro-prefix-map=/usr/src/azl/BUILD/shim-15.8/= -fno-stack-protector -fno-strict-aliasing -fpic -fshort-wchar -nostdinc -m64 -mno-mmx -mno-sse -mno-red-zone -maccumulate-outgoing-args -Os -Wall -Wextra -Wno-missing-field-initializers -Wno-empty-body -Wno-implicit-fallthrough -Wno-old-style-declaration -Wno-unused-but-set-variable -Wno-unused-parameter -Werror -I/usr/src/azl/BUILD/shim-15.8/Cryptlib/OpenSSL -I/usr/src/azl/BUILD/shim-15.8/Cryptlib -I/usr/src/azl/BUILD/shim-15.8/Cryptlib/OpenSSL/Include/ -I/usr/src/azl/BUILD/shim-15.8/Cryptlib/OpenSSL/crypto -I/usr/src/azl/BUILD/shim-15.8/Cryptlib/Include -I/usr/src/azl/BUILD/shim-15.8/gnu-efi/inc -I/usr/src/azl/BUILD/shim-15.8/gnu-efi/inc/x86_64 -I/usr/src/azl/BUILD/shim-15.8/gnu-efi/inc/protocol -I/usr/src/azl/BUILD/shim-15.8/Cryptlib/OpenSSL/crypto/asn1 -I/usr/src/azl/BUILD/shim-15.8/Cryptlib/OpenSSL/crypto/evp -I/usr/src/azl/BUILD/shim-15.8/Cryptlib/OpenSSL/crypto/modes -I/usr/src/azl/BUILD/shim-15.8/Cryptlib/OpenSSL/crypto/include -isystem /usr/src/azl/BUILD/shim-15.8/include/system -isystem /usr/lib/gcc/x86_64-pc-linux-gnu/13.2.0/include -DL_ENDIAN -D_CRT_SECURE_NO_DEPRECATE -D_CRT_NONSTDC_NO_DEPRECATE -DOPENSSL_SMALL_FOOTPRINT -DPEDANTIC -DMDE_CPU_X64   -c -o crypto/x509v3/pcy_node.o /usr/src/azl/BUILD/shim-15.8/Cryptlib/OpenSSL/crypto/x509v3/pcy_node.c
#7 117.6 gcc -std=gnu11 -ggdb -ffreestanding -fmacro-prefix-map=/usr/src/azl/BUILD/shim-15.8/= -fno-stack-protector -fno-strict-aliasing -fpic -fshort-wchar -nostdinc -m64 -mno-mmx -mno-sse -mno-red-zone -maccumulate-outgoing-args -Os -Wall -Wextra -Wno-missing-field-initializers -Wno-empty-body -Wno-implicit-fallthrough -Wno-old-style-declaration -Wno-unused-but-set-variable -Wno-unused-parameter -Werror -I/usr/src/azl/BUILD/shim-15.8/Cryptlib/OpenSSL -I/usr/src/azl/BUILD/shim-15.8/Cryptlib -I/usr/src/azl/BUILD/shim-15.8/Cryptlib/OpenSSL/Include/ -I/usr/src/azl/BUILD/shim-15.8/Cryptlib/OpenSSL/crypto -I/usr/src/azl/BUILD/shim-15.8/Cryptlib/Include -I/usr/src/azl/BUILD/shim-15.8/gnu-efi/inc -I/usr/src/azl/BUILD/shim-15.8/gnu-efi/inc/x86_64 -I/usr/src/azl/BUILD/shim-15.8/gnu-efi/inc/protocol -I/usr/src/azl/BUILD/shim-15.8/Cryptlib/OpenSSL/crypto/asn1 -I/usr/src/azl/BUILD/shim-15.8/Cryptlib/OpenSSL/crypto/evp -I/usr/src/azl/BUILD/shim-15.8/Cryptlib/OpenSSL/crypto/modes -I/usr/src/azl/BUILD/shim-15.8/Cryptlib/OpenSSL/crypto/include -isystem /usr/src/azl/BUILD/shim-15.8/include/system -isystem /usr/lib/gcc/x86_64-pc-linux-gnu/13.2.0/include -DL_ENDIAN -D_CRT_SECURE_NO_DEPRECATE -D_CRT_NONSTDC_NO_DEPRECATE -DOPENSSL_SMALL_FOOTPRINT -DPEDANTIC -DMDE_CPU_X64   -c -o crypto/x509v3/pcy_data.o /usr/src/azl/BUILD/shim-15.8/Cryptlib/OpenSSL/crypto/x509v3/pcy_data.c
#7 117.7 gcc -std=gnu11 -ggdb -ffreestanding -fmacro-prefix-map=/usr/src/azl/BUILD/shim-15.8/= -fno-stack-protector -fno-strict-aliasing -fpic -fshort-wchar -nostdinc -m64 -mno-mmx -mno-sse -mno-red-zone -maccumulate-outgoing-args -Os -Wall -Wextra -Wno-missing-field-initializers -Wno-empty-body -Wno-implicit-fallthrough -Wno-old-style-declaration -Wno-unused-but-set-variable -Wno-unused-parameter -Werror -I/usr/src/azl/BUILD/shim-15.8/Cryptlib/OpenSSL -I/usr/src/azl/BUILD/shim-15.8/Cryptlib -I/usr/src/azl/BUILD/shim-15.8/Cryptlib/OpenSSL/Include/ -I/usr/src/azl/BUILD/shim-15.8/Cryptlib/OpenSSL/crypto -I/usr/src/azl/BUILD/shim-15.8/Cryptlib/Include -I/usr/src/azl/BUILD/shim-15.8/gnu-efi/inc -I/usr/src/azl/BUILD/shim-15.8/gnu-efi/inc/x86_64 -I/usr/src/azl/BUILD/shim-15.8/gnu-efi/inc/protocol -I/usr/src/azl/BUILD/shim-15.8/Cryptlib/OpenSSL/crypto/asn1 -I/usr/src/azl/BUILD/shim-15.8/Cryptlib/OpenSSL/crypto/evp -I/usr/src/azl/BUILD/shim-15.8/Cryptlib/OpenSSL/crypto/modes -I/usr/src/azl/BUILD/shim-15.8/Cryptlib/OpenSSL/crypto/include -isystem /usr/src/azl/BUILD/shim-15.8/include/system -isystem /usr/lib/gcc/x86_64-pc-linux-gnu/13.2.0/include -DL_ENDIAN -D_CRT_SECURE_NO_DEPRECATE -D_CRT_NONSTDC_NO_DEPRECATE -DOPENSSL_SMALL_FOOTPRINT -DPEDANTIC -DMDE_CPU_X64   -c -o crypto/x509v3/pcy_map.o /usr/src/azl/BUILD/shim-15.8/Cryptlib/OpenSSL/crypto/x509v3/pcy_map.c
#7 117.7 gcc -std=gnu11 -ggdb -ffreestanding -fmacro-prefix-map=/usr/src/azl/BUILD/shim-15.8/= -fno-stack-protector -fno-strict-aliasing -fpic -fshort-wchar -nostdinc -m64 -mno-mmx -mno-sse -mno-red-zone -maccumulate-outgoing-args -Os -Wall -Wextra -Wno-missing-field-initializers -Wno-empty-body -Wno-implicit-fallthrough -Wno-old-style-declaration -Wno-unused-but-set-variable -Wno-unused-parameter -Werror -I/usr/src/azl/BUILD/shim-15.8/Cryptlib/OpenSSL -I/usr/src/azl/BUILD/shim-15.8/Cryptlib -I/usr/src/azl/BUILD/shim-15.8/Cryptlib/OpenSSL/Include/ -I/usr/src/azl/BUILD/shim-15.8/Cryptlib/OpenSSL/crypto -I/usr/src/azl/BUILD/shim-15.8/Cryptlib/Include -I/usr/src/azl/BUILD/shim-15.8/gnu-efi/inc -I/usr/src/azl/BUILD/shim-15.8/gnu-efi/inc/x86_64 -I/usr/src/azl/BUILD/shim-15.8/gnu-efi/inc/protocol -I/usr/src/azl/BUILD/shim-15.8/Cryptlib/OpenSSL/crypto/asn1 -I/usr/src/azl/BUILD/shim-15.8/Cryptlib/OpenSSL/crypto/evp -I/usr/src/azl/BUILD/shim-15.8/Cryptlib/OpenSSL/crypto/modes -I/usr/src/azl/BUILD/shim-15.8/Cryptlib/OpenSSL/crypto/include -isystem /usr/src/azl/BUILD/shim-15.8/include/system -isystem /usr/lib/gcc/x86_64-pc-linux-gnu/13.2.0/include -DL_ENDIAN -D_CRT_SECURE_NO_DEPRECATE -D_CRT_NONSTDC_NO_DEPRECATE -DOPENSSL_SMALL_FOOTPRINT -DPEDANTIC -DMDE_CPU_X64   -c -o crypto/x509v3/pcy_tree.o /usr/src/azl/BUILD/shim-15.8/Cryptlib/OpenSSL/crypto/x509v3/pcy_tree.c
#7 117.8 gcc -std=gnu11 -ggdb -ffreestanding -fmacro-prefix-map=/usr/src/azl/BUILD/shim-15.8/= -fno-stack-protector -fno-strict-aliasing -fpic -fshort-wchar -nostdinc -m64 -mno-mmx -mno-sse -mno-red-zone -maccumulate-outgoing-args -Os -Wall -Wextra -Wno-missing-field-initializers -Wno-empty-body -Wno-implicit-fallthrough -Wno-old-style-declaration -Wno-unused-but-set-variable -Wno-unused-parameter -Werror -I/usr/src/azl/BUILD/shim-15.8/Cryptlib/OpenSSL -I/usr/src/azl/BUILD/shim-15.8/Cryptlib -I/usr/src/azl/BUILD/shim-15.8/Cryptlib/OpenSSL/Include/ -I/usr/src/azl/BUILD/shim-15.8/Cryptlib/OpenSSL/crypto -I/usr/src/azl/BUILD/shim-15.8/Cryptlib/Include -I/usr/src/azl/BUILD/shim-15.8/gnu-efi/inc -I/usr/src/azl/BUILD/shim-15.8/gnu-efi/inc/x86_64 -I/usr/src/azl/BUILD/shim-15.8/gnu-efi/inc/protocol -I/usr/src/azl/BUILD/shim-15.8/Cryptlib/OpenSSL/crypto/asn1 -I/usr/src/azl/BUILD/shim-15.8/Cryptlib/OpenSSL/crypto/evp -I/usr/src/azl/BUILD/shim-15.8/Cryptlib/OpenSSL/crypto/modes -I/usr/src/azl/BUILD/shim-15.8/Cryptlib/OpenSSL/crypto/include -isystem /usr/src/azl/BUILD/shim-15.8/include/system -isystem /usr/lib/gcc/x86_64-pc-linux-gnu/13.2.0/include -DL_ENDIAN -D_CRT_SECURE_NO_DEPRECATE -D_CRT_NONSTDC_NO_DEPRECATE -DOPENSSL_SMALL_FOOTPRINT -DPEDANTIC -DMDE_CPU_X64   -c -o crypto/x509v3/pcy_lib.o /usr/src/azl/BUILD/shim-15.8/Cryptlib/OpenSSL/crypto/x509v3/pcy_lib.c
#7 117.9 gcc -std=gnu11 -ggdb -ffreestanding -fmacro-prefix-map=/usr/src/azl/BUILD/shim-15.8/= -fno-stack-protector -fno-strict-aliasing -fpic -fshort-wchar -nostdinc -m64 -mno-mmx -mno-sse -mno-red-zone -maccumulate-outgoing-args -Os -Wall -Wextra -Wno-missing-field-initializers -Wno-empty-body -Wno-implicit-fallthrough -Wno-old-style-declaration -Wno-unused-but-set-variable -Wno-unused-parameter -Werror -I/usr/src/azl/BUILD/shim-15.8/Cryptlib/OpenSSL -I/usr/src/azl/BUILD/shim-15.8/Cryptlib -I/usr/src/azl/BUILD/shim-15.8/Cryptlib/OpenSSL/Include/ -I/usr/src/azl/BUILD/shim-15.8/Cryptlib/OpenSSL/crypto -I/usr/src/azl/BUILD/shim-15.8/Cryptlib/Include -I/usr/src/azl/BUILD/shim-15.8/gnu-efi/inc -I/usr/src/azl/BUILD/shim-15.8/gnu-efi/inc/x86_64 -I/usr/src/azl/BUILD/shim-15.8/gnu-efi/inc/protocol -I/usr/src/azl/BUILD/shim-15.8/Cryptlib/OpenSSL/crypto/asn1 -I/usr/src/azl/BUILD/shim-15.8/Cryptlib/OpenSSL/crypto/evp -I/usr/src/azl/BUILD/shim-15.8/Cryptlib/OpenSSL/crypto/modes -I/usr/src/azl/BUILD/shim-15.8/Cryptlib/OpenSSL/crypto/include -isystem /usr/src/azl/BUILD/shim-15.8/include/system -isystem /usr/lib/gcc/x86_64-pc-linux-gnu/13.2.0/include -DL_ENDIAN -D_CRT_SECURE_NO_DEPRECATE -D_CRT_NONSTDC_NO_DEPRECATE -DOPENSSL_SMALL_FOOTPRINT -DPEDANTIC -DMDE_CPU_X64   -c -o crypto/x509v3/v3_asid.o /usr/src/azl/BUILD/shim-15.8/Cryptlib/OpenSSL/crypto/x509v3/v3_asid.c
#7 118.0 gcc -std=gnu11 -ggdb -ffreestanding -fmacro-prefix-map=/usr/src/azl/BUILD/shim-15.8/= -fno-stack-protector -fno-strict-aliasing -fpic -fshort-wchar -nostdinc -m64 -mno-mmx -mno-sse -mno-red-zone -maccumulate-outgoing-args -Os -Wall -Wextra -Wno-missing-field-initializers -Wno-empty-body -Wno-implicit-fallthrough -Wno-old-style-declaration -Wno-unused-but-set-variable -Wno-unused-parameter -Werror -I/usr/src/azl/BUILD/shim-15.8/Cryptlib/OpenSSL -I/usr/src/azl/BUILD/shim-15.8/Cryptlib -I/usr/src/azl/BUILD/shim-15.8/Cryptlib/OpenSSL/Include/ -I/usr/src/azl/BUILD/shim-15.8/Cryptlib/OpenSSL/crypto -I/usr/src/azl/BUILD/shim-15.8/Cryptlib/Include -I/usr/src/azl/BUILD/shim-15.8/gnu-efi/inc -I/usr/src/azl/BUILD/shim-15.8/gnu-efi/inc/x86_64 -I/usr/src/azl/BUILD/shim-15.8/gnu-efi/inc/protocol -I/usr/src/azl/BUILD/shim-15.8/Cryptlib/OpenSSL/crypto/asn1 -I/usr/src/azl/BUILD/shim-15.8/Cryptlib/OpenSSL/crypto/evp -I/usr/src/azl/BUILD/shim-15.8/Cryptlib/OpenSSL/crypto/modes -I/usr/src/azl/BUILD/shim-15.8/Cryptlib/OpenSSL/crypto/include -isystem /usr/src/azl/BUILD/shim-15.8/include/system -isystem /usr/lib/gcc/x86_64-pc-linux-gnu/13.2.0/include -DL_ENDIAN -D_CRT_SECURE_NO_DEPRECATE -D_CRT_NONSTDC_NO_DEPRECATE -DOPENSSL_SMALL_FOOTPRINT -DPEDANTIC -DMDE_CPU_X64   -c -o crypto/x509v3/v3_addr.o /usr/src/azl/BUILD/shim-15.8/Cryptlib/OpenSSL/crypto/x509v3/v3_addr.c
#7 118.0 gcc -std=gnu11 -ggdb -ffreestanding -fmacro-prefix-map=/usr/src/azl/BUILD/shim-15.8/= -fno-stack-protector -fno-strict-aliasing -fpic -fshort-wchar -nostdinc -m64 -mno-mmx -mno-sse -mno-red-zone -maccumulate-outgoing-args -Os -Wall -Wextra -Wno-missing-field-initializers -Wno-empty-body -Wno-implicit-fallthrough -Wno-old-style-declaration -Wno-unused-but-set-variable -Wno-unused-parameter -Werror -I/usr/src/azl/BUILD/shim-15.8/Cryptlib/OpenSSL -I/usr/src/azl/BUILD/shim-15.8/Cryptlib -I/usr/src/azl/BUILD/shim-15.8/Cryptlib/OpenSSL/Include/ -I/usr/src/azl/BUILD/shim-15.8/Cryptlib/OpenSSL/crypto -I/usr/src/azl/BUILD/shim-15.8/Cryptlib/Include -I/usr/src/azl/BUILD/shim-15.8/gnu-efi/inc -I/usr/src/azl/BUILD/shim-15.8/gnu-efi/inc/x86_64 -I/usr/src/azl/BUILD/shim-15.8/gnu-efi/inc/protocol -I/usr/src/azl/BUILD/shim-15.8/Cryptlib/OpenSSL/crypto/asn1 -I/usr/src/azl/BUILD/shim-15.8/Cryptlib/OpenSSL/crypto/evp -I/usr/src/azl/BUILD/shim-15.8/Cryptlib/OpenSSL/crypto/modes -I/usr/src/azl/BUILD/shim-15.8/Cryptlib/OpenSSL/crypto/include -isystem /usr/src/azl/BUILD/shim-15.8/include/system -isystem /usr/lib/gcc/x86_64-pc-linux-gnu/13.2.0/include -DL_ENDIAN -D_CRT_SECURE_NO_DEPRECATE -D_CRT_NONSTDC_NO_DEPRECATE -DOPENSSL_SMALL_FOOTPRINT -DPEDANTIC -DMDE_CPU_X64   -c -o crypto/conf/conf_err.o /usr/src/azl/BUILD/shim-15.8/Cryptlib/OpenSSL/crypto/conf/conf_err.c
#7 118.1 gcc -std=gnu11 -ggdb -ffreestanding -fmacro-prefix-map=/usr/src/azl/BUILD/shim-15.8/= -fno-stack-protector -fno-strict-aliasing -fpic -fshort-wchar -nostdinc -m64 -mno-mmx -mno-sse -mno-red-zone -maccumulate-outgoing-args -Os -Wall -Wextra -Wno-missing-field-initializers -Wno-empty-body -Wno-implicit-fallthrough -Wno-old-style-declaration -Wno-unused-but-set-variable -Wno-unused-parameter -Werror -I/usr/src/azl/BUILD/shim-15.8/Cryptlib/OpenSSL -I/usr/src/azl/BUILD/shim-15.8/Cryptlib -I/usr/src/azl/BUILD/shim-15.8/Cryptlib/OpenSSL/Include/ -I/usr/src/azl/BUILD/shim-15.8/Cryptlib/OpenSSL/crypto -I/usr/src/azl/BUILD/shim-15.8/Cryptlib/Include -I/usr/src/azl/BUILD/shim-15.8/gnu-efi/inc -I/usr/src/azl/BUILD/shim-15.8/gnu-efi/inc/x86_64 -I/usr/src/azl/BUILD/shim-15.8/gnu-efi/inc/protocol -I/usr/src/azl/BUILD/shim-15.8/Cryptlib/OpenSSL/crypto/asn1 -I/usr/src/azl/BUILD/shim-15.8/Cryptlib/OpenSSL/crypto/evp -I/usr/src/azl/BUILD/shim-15.8/Cryptlib/OpenSSL/crypto/modes -I/usr/src/azl/BUILD/shim-15.8/Cryptlib/OpenSSL/crypto/include -isystem /usr/src/azl/BUILD/shim-15.8/include/system -isystem /usr/lib/gcc/x86_64-pc-linux-gnu/13.2.0/include -DL_ENDIAN -D_CRT_SECURE_NO_DEPRECATE -D_CRT_NONSTDC_NO_DEPRECATE -DOPENSSL_SMALL_FOOTPRINT -DPEDANTIC -DMDE_CPU_X64   -c -o crypto/conf/conf_lib.o /usr/src/azl/BUILD/shim-15.8/Cryptlib/OpenSSL/crypto/conf/conf_lib.c
#7 118.1 gcc -std=gnu11 -ggdb -ffreestanding -fmacro-prefix-map=/usr/src/azl/BUILD/shim-15.8/= -fno-stack-protector -fno-strict-aliasing -fpic -fshort-wchar -nostdinc -m64 -mno-mmx -mno-sse -mno-red-zone -maccumulate-outgoing-args -Os -Wall -Wextra -Wno-missing-field-initializers -Wno-empty-body -Wno-implicit-fallthrough -Wno-old-style-declaration -Wno-unused-but-set-variable -Wno-unused-parameter -Werror -I/usr/src/azl/BUILD/shim-15.8/Cryptlib/OpenSSL -I/usr/src/azl/BUILD/shim-15.8/Cryptlib -I/usr/src/azl/BUILD/shim-15.8/Cryptlib/OpenSSL/Include/ -I/usr/src/azl/BUILD/shim-15.8/Cryptlib/OpenSSL/crypto -I/usr/src/azl/BUILD/shim-15.8/Cryptlib/Include -I/usr/src/azl/BUILD/shim-15.8/gnu-efi/inc -I/usr/src/azl/BUILD/shim-15.8/gnu-efi/inc/x86_64 -I/usr/src/azl/BUILD/shim-15.8/gnu-efi/inc/protocol -I/usr/src/azl/BUILD/shim-15.8/Cryptlib/OpenSSL/crypto/asn1 -I/usr/src/azl/BUILD/shim-15.8/Cryptlib/OpenSSL/crypto/evp -I/usr/src/azl/BUILD/shim-15.8/Cryptlib/OpenSSL/crypto/modes -I/usr/src/azl/BUILD/shim-15.8/Cryptlib/OpenSSL/crypto/include -isystem /usr/src/azl/BUILD/shim-15.8/include/system -isystem /usr/lib/gcc/x86_64-pc-linux-gnu/13.2.0/include -DL_ENDIAN -D_CRT_SECURE_NO_DEPRECATE -D_CRT_NONSTDC_NO_DEPRECATE -DOPENSSL_SMALL_FOOTPRINT -DPEDANTIC -DMDE_CPU_X64   -c -o crypto/conf/conf_api.o /usr/src/azl/BUILD/shim-15.8/Cryptlib/OpenSSL/crypto/conf/conf_api.c
#7 118.2 gcc -std=gnu11 -ggdb -ffreestanding -fmacro-prefix-map=/usr/src/azl/BUILD/shim-15.8/= -fno-stack-protector -fno-strict-aliasing -fpic -fshort-wchar -nostdinc -m64 -mno-mmx -mno-sse -mno-red-zone -maccumulate-outgoing-args -Os -Wall -Wextra -Wno-missing-field-initializers -Wno-empty-body -Wno-implicit-fallthrough -Wno-old-style-declaration -Wno-unused-but-set-variable -Wno-unused-parameter -Werror -I/usr/src/azl/BUILD/shim-15.8/Cryptlib/OpenSSL -I/usr/src/azl/BUILD/shim-15.8/Cryptlib -I/usr/src/azl/BUILD/shim-15.8/Cryptlib/OpenSSL/Include/ -I/usr/src/azl/BUILD/shim-15.8/Cryptlib/OpenSSL/crypto -I/usr/src/azl/BUILD/shim-15.8/Cryptlib/Include -I/usr/src/azl/BUILD/shim-15.8/gnu-efi/inc -I/usr/src/azl/BUILD/shim-15.8/gnu-efi/inc/x86_64 -I/usr/src/azl/BUILD/shim-15.8/gnu-efi/inc/protocol -I/usr/src/azl/BUILD/shim-15.8/Cryptlib/OpenSSL/crypto/asn1 -I/usr/src/azl/BUILD/shim-15.8/Cryptlib/OpenSSL/crypto/evp -I/usr/src/azl/BUILD/shim-15.8/Cryptlib/OpenSSL/crypto/modes -I/usr/src/azl/BUILD/shim-15.8/Cryptlib/OpenSSL/crypto/include -isystem /usr/src/azl/BUILD/shim-15.8/include/system -isystem /usr/lib/gcc/x86_64-pc-linux-gnu/13.2.0/include -DL_ENDIAN -D_CRT_SECURE_NO_DEPRECATE -D_CRT_NONSTDC_NO_DEPRECATE -DOPENSSL_SMALL_FOOTPRINT -DPEDANTIC -DMDE_CPU_X64   -c -o crypto/conf/conf_def.o /usr/src/azl/BUILD/shim-15.8/Cryptlib/OpenSSL/crypto/conf/conf_def.c
#7 118.2 gcc -std=gnu11 -ggdb -ffreestanding -fmacro-prefix-map=/usr/src/azl/BUILD/shim-15.8/= -fno-stack-protector -fno-strict-aliasing -fpic -fshort-wchar -nostdinc -m64 -mno-mmx -mno-sse -mno-red-zone -maccumulate-outgoing-args -Os -Wall -Wextra -Wno-missing-field-initializers -Wno-empty-body -Wno-implicit-fallthrough -Wno-old-style-declaration -Wno-unused-but-set-variable -Wno-unused-parameter -Werror -I/usr/src/azl/BUILD/shim-15.8/Cryptlib/OpenSSL -I/usr/src/azl/BUILD/shim-15.8/Cryptlib -I/usr/src/azl/BUILD/shim-15.8/Cryptlib/OpenSSL/Include/ -I/usr/src/azl/BUILD/shim-15.8/Cryptlib/OpenSSL/crypto -I/usr/src/azl/BUILD/shim-15.8/Cryptlib/Include -I/usr/src/azl/BUILD/shim-15.8/gnu-efi/inc -I/usr/src/azl/BUILD/shim-15.8/gnu-efi/inc/x86_64 -I/usr/src/azl/BUILD/shim-15.8/gnu-efi/inc/protocol -I/usr/src/azl/BUILD/shim-15.8/Cryptlib/OpenSSL/crypto/asn1 -I/usr/src/azl/BUILD/shim-15.8/Cryptlib/OpenSSL/crypto/evp -I/usr/src/azl/BUILD/shim-15.8/Cryptlib/OpenSSL/crypto/modes -I/usr/src/azl/BUILD/shim-15.8/Cryptlib/OpenSSL/crypto/include -isystem /usr/src/azl/BUILD/shim-15.8/include/system -isystem /usr/lib/gcc/x86_64-pc-linux-gnu/13.2.0/include -DL_ENDIAN -D_CRT_SECURE_NO_DEPRECATE -D_CRT_NONSTDC_NO_DEPRECATE -DOPENSSL_SMALL_FOOTPRINT -DPEDANTIC -DMDE_CPU_X64   -c -o crypto/conf/conf_mod.o /usr/src/azl/BUILD/shim-15.8/Cryptlib/OpenSSL/crypto/conf/conf_mod.c
#7 118.4 gcc -std=gnu11 -ggdb -ffreestanding -fmacro-prefix-map=/usr/src/azl/BUILD/shim-15.8/= -fno-stack-protector -fno-strict-aliasing -fpic -fshort-wchar -nostdinc -m64 -mno-mmx -mno-sse -mno-red-zone -maccumulate-outgoing-args -Os -Wall -Wextra -Wno-missing-field-initializers -Wno-empty-body -Wno-implicit-fallthrough -Wno-old-style-declaration -Wno-unused-but-set-variable -Wno-unused-parameter -Werror -I/usr/src/azl/BUILD/shim-15.8/Cryptlib/OpenSSL -I/usr/src/azl/BUILD/shim-15.8/Cryptlib -I/usr/src/azl/BUILD/shim-15.8/Cryptlib/OpenSSL/Include/ -I/usr/src/azl/BUILD/shim-15.8/Cryptlib/OpenSSL/crypto -I/usr/src/azl/BUILD/shim-15.8/Cryptlib/Include -I/usr/src/azl/BUILD/shim-15.8/gnu-efi/inc -I/usr/src/azl/BUILD/shim-15.8/gnu-efi/inc/x86_64 -I/usr/src/azl/BUILD/shim-15.8/gnu-efi/inc/protocol -I/usr/src/azl/BUILD/shim-15.8/Cryptlib/OpenSSL/crypto/asn1 -I/usr/src/azl/BUILD/shim-15.8/Cryptlib/OpenSSL/crypto/evp -I/usr/src/azl/BUILD/shim-15.8/Cryptlib/OpenSSL/crypto/modes -I/usr/src/azl/BUILD/shim-15.8/Cryptlib/OpenSSL/crypto/include -isystem /usr/src/azl/BUILD/shim-15.8/include/system -isystem /usr/lib/gcc/x86_64-pc-linux-gnu/13.2.0/include -DL_ENDIAN -D_CRT_SECURE_NO_DEPRECATE -D_CRT_NONSTDC_NO_DEPRECATE -DOPENSSL_SMALL_FOOTPRINT -DPEDANTIC -DMDE_CPU_X64   -c -o crypto/conf/conf_mall.o /usr/src/azl/BUILD/shim-15.8/Cryptlib/OpenSSL/crypto/conf/conf_mall.c
#7 118.5 gcc -std=gnu11 -ggdb -ffreestanding -fmacro-prefix-map=/usr/src/azl/BUILD/shim-15.8/= -fno-stack-protector -fno-strict-aliasing -fpic -fshort-wchar -nostdinc -m64 -mno-mmx -mno-sse -mno-red-zone -maccumulate-outgoing-args -Os -Wall -Wextra -Wno-missing-field-initializers -Wno-empty-body -Wno-implicit-fallthrough -Wno-old-style-declaration -Wno-unused-but-set-variable -Wno-unused-parameter -Werror -I/usr/src/azl/BUILD/shim-15.8/Cryptlib/OpenSSL -I/usr/src/azl/BUILD/shim-15.8/Cryptlib -I/usr/src/azl/BUILD/shim-15.8/Cryptlib/OpenSSL/Include/ -I/usr/src/azl/BUILD/shim-15.8/Cryptlib/OpenSSL/crypto -I/usr/src/azl/BUILD/shim-15.8/Cryptlib/Include -I/usr/src/azl/BUILD/shim-15.8/gnu-efi/inc -I/usr/src/azl/BUILD/shim-15.8/gnu-efi/inc/x86_64 -I/usr/src/azl/BUILD/shim-15.8/gnu-efi/inc/protocol -I/usr/src/azl/BUILD/shim-15.8/Cryptlib/OpenSSL/crypto/asn1 -I/usr/src/azl/BUILD/shim-15.8/Cryptlib/OpenSSL/crypto/evp -I/usr/src/azl/BUILD/shim-15.8/Cryptlib/OpenSSL/crypto/modes -I/usr/src/azl/BUILD/shim-15.8/Cryptlib/OpenSSL/crypto/include -isystem /usr/src/azl/BUILD/shim-15.8/include/system -isystem /usr/lib/gcc/x86_64-pc-linux-gnu/13.2.0/include -DL_ENDIAN -D_CRT_SECURE_NO_DEPRECATE -D_CRT_NONSTDC_NO_DEPRECATE -DOPENSSL_SMALL_FOOTPRINT -DPEDANTIC -DMDE_CPU_X64   -c -o crypto/conf/conf_sap.o /usr/src/azl/BUILD/shim-15.8/Cryptlib/OpenSSL/crypto/conf/conf_sap.c
#7 118.5 gcc -std=gnu11 -ggdb -ffreestanding -fmacro-prefix-map=/usr/src/azl/BUILD/shim-15.8/= -fno-stack-protector -fno-strict-aliasing -fpic -fshort-wchar -nostdinc -m64 -mno-mmx -mno-sse -mno-red-zone -maccumulate-outgoing-args -Os -Wall -Wextra -Wno-missing-field-initializers -Wno-empty-body -Wno-implicit-fallthrough -Wno-old-style-declaration -Wno-unused-but-set-variable -Wno-unused-parameter -Werror -I/usr/src/azl/BUILD/shim-15.8/Cryptlib/OpenSSL -I/usr/src/azl/BUILD/shim-15.8/Cryptlib -I/usr/src/azl/BUILD/shim-15.8/Cryptlib/OpenSSL/Include/ -I/usr/src/azl/BUILD/shim-15.8/Cryptlib/OpenSSL/crypto -I/usr/src/azl/BUILD/shim-15.8/Cryptlib/Include -I/usr/src/azl/BUILD/shim-15.8/gnu-efi/inc -I/usr/src/azl/BUILD/shim-15.8/gnu-efi/inc/x86_64 -I/usr/src/azl/BUILD/shim-15.8/gnu-efi/inc/protocol -I/usr/src/azl/BUILD/shim-15.8/Cryptlib/OpenSSL/crypto/asn1 -I/usr/src/azl/BUILD/shim-15.8/Cryptlib/OpenSSL/crypto/evp -I/usr/src/azl/BUILD/shim-15.8/Cryptlib/OpenSSL/crypto/modes -I/usr/src/azl/BUILD/shim-15.8/Cryptlib/OpenSSL/crypto/include -isystem /usr/src/azl/BUILD/shim-15.8/include/system -isystem /usr/lib/gcc/x86_64-pc-linux-gnu/13.2.0/include -DL_ENDIAN -D_CRT_SECURE_NO_DEPRECATE -D_CRT_NONSTDC_NO_DEPRECATE -DOPENSSL_SMALL_FOOTPRINT -DPEDANTIC -DMDE_CPU_X64   -c -o crypto/txt_db/txt_db.o /usr/src/azl/BUILD/shim-15.8/Cryptlib/OpenSSL/crypto/txt_db/txt_db.c
#7 118.6 gcc -std=gnu11 -ggdb -ffreestanding -fmacro-prefix-map=/usr/src/azl/BUILD/shim-15.8/= -fno-stack-protector -fno-strict-aliasing -fpic -fshort-wchar -nostdinc -m64 -mno-mmx -mno-sse -mno-red-zone -maccumulate-outgoing-args -Os -Wall -Wextra -Wno-missing-field-initializers -Wno-empty-body -Wno-implicit-fallthrough -Wno-old-style-declaration -Wno-unused-but-set-variable -Wno-unused-parameter -Werror -I/usr/src/azl/BUILD/shim-15.8/Cryptlib/OpenSSL -I/usr/src/azl/BUILD/shim-15.8/Cryptlib -I/usr/src/azl/BUILD/shim-15.8/Cryptlib/OpenSSL/Include/ -I/usr/src/azl/BUILD/shim-15.8/Cryptlib/OpenSSL/crypto -I/usr/src/azl/BUILD/shim-15.8/Cryptlib/Include -I/usr/src/azl/BUILD/shim-15.8/gnu-efi/inc -I/usr/src/azl/BUILD/shim-15.8/gnu-efi/inc/x86_64 -I/usr/src/azl/BUILD/shim-15.8/gnu-efi/inc/protocol -I/usr/src/azl/BUILD/shim-15.8/Cryptlib/OpenSSL/crypto/asn1 -I/usr/src/azl/BUILD/shim-15.8/Cryptlib/OpenSSL/crypto/evp -I/usr/src/azl/BUILD/shim-15.8/Cryptlib/OpenSSL/crypto/modes -I/usr/src/azl/BUILD/shim-15.8/Cryptlib/OpenSSL/crypto/include -isystem /usr/src/azl/BUILD/shim-15.8/include/system -isystem /usr/lib/gcc/x86_64-pc-linux-gnu/13.2.0/include -DL_ENDIAN -D_CRT_SECURE_NO_DEPRECATE -D_CRT_NONSTDC_NO_DEPRECATE -DOPENSSL_SMALL_FOOTPRINT -DPEDANTIC -DMDE_CPU_X64   -c -o crypto/pkcs7/pk7_asn1.o /usr/src/azl/BUILD/shim-15.8/Cryptlib/OpenSSL/crypto/pkcs7/pk7_asn1.c
#7 118.7 gcc -std=gnu11 -ggdb -ffreestanding -fmacro-prefix-map=/usr/src/azl/BUILD/shim-15.8/= -fno-stack-protector -fno-strict-aliasing -fpic -fshort-wchar -nostdinc -m64 -mno-mmx -mno-sse -mno-red-zone -maccumulate-outgoing-args -Os -Wall -Wextra -Wno-missing-field-initializers -Wno-empty-body -Wno-implicit-fallthrough -Wno-old-style-declaration -Wno-unused-but-set-variable -Wno-unused-parameter -Werror -I/usr/src/azl/BUILD/shim-15.8/Cryptlib/OpenSSL -I/usr/src/azl/BUILD/shim-15.8/Cryptlib -I/usr/src/azl/BUILD/shim-15.8/Cryptlib/OpenSSL/Include/ -I/usr/src/azl/BUILD/shim-15.8/Cryptlib/OpenSSL/crypto -I/usr/src/azl/BUILD/shim-15.8/Cryptlib/Include -I/usr/src/azl/BUILD/shim-15.8/gnu-efi/inc -I/usr/src/azl/BUILD/shim-15.8/gnu-efi/inc/x86_64 -I/usr/src/azl/BUILD/shim-15.8/gnu-efi/inc/protocol -I/usr/src/azl/BUILD/shim-15.8/Cryptlib/OpenSSL/crypto/asn1 -I/usr/src/azl/BUILD/shim-15.8/Cryptlib/OpenSSL/crypto/evp -I/usr/src/azl/BUILD/shim-15.8/Cryptlib/OpenSSL/crypto/modes -I/usr/src/azl/BUILD/shim-15.8/Cryptlib/OpenSSL/crypto/include -isystem /usr/src/azl/BUILD/shim-15.8/include/system -isystem /usr/lib/gcc/x86_64-pc-linux-gnu/13.2.0/include -DL_ENDIAN -D_CRT_SECURE_NO_DEPRECATE -D_CRT_NONSTDC_NO_DEPRECATE -DOPENSSL_SMALL_FOOTPRINT -DPEDANTIC -DMDE_CPU_X64   -c -o crypto/pkcs7/pk7_lib.o /usr/src/azl/BUILD/shim-15.8/Cryptlib/OpenSSL/crypto/pkcs7/pk7_lib.c
#7 118.8 gcc -std=gnu11 -ggdb -ffreestanding -fmacro-prefix-map=/usr/src/azl/BUILD/shim-15.8/= -fno-stack-protector -fno-strict-aliasing -fpic -fshort-wchar -nostdinc -m64 -mno-mmx -mno-sse -mno-red-zone -maccumulate-outgoing-args -Os -Wall -Wextra -Wno-missing-field-initializers -Wno-empty-body -Wno-implicit-fallthrough -Wno-old-style-declaration -Wno-unused-but-set-variable -Wno-unused-parameter -Werror -I/usr/src/azl/BUILD/shim-15.8/Cryptlib/OpenSSL -I/usr/src/azl/BUILD/shim-15.8/Cryptlib -I/usr/src/azl/BUILD/shim-15.8/Cryptlib/OpenSSL/Include/ -I/usr/src/azl/BUILD/shim-15.8/Cryptlib/OpenSSL/crypto -I/usr/src/azl/BUILD/shim-15.8/Cryptlib/Include -I/usr/src/azl/BUILD/shim-15.8/gnu-efi/inc -I/usr/src/azl/BUILD/shim-15.8/gnu-efi/inc/x86_64 -I/usr/src/azl/BUILD/shim-15.8/gnu-efi/inc/protocol -I/usr/src/azl/BUILD/shim-15.8/Cryptlib/OpenSSL/crypto/asn1 -I/usr/src/azl/BUILD/shim-15.8/Cryptlib/OpenSSL/crypto/evp -I/usr/src/azl/BUILD/shim-15.8/Cryptlib/OpenSSL/crypto/modes -I/usr/src/azl/BUILD/shim-15.8/Cryptlib/OpenSSL/crypto/include -isystem /usr/src/azl/BUILD/shim-15.8/include/system -isystem /usr/lib/gcc/x86_64-pc-linux-gnu/13.2.0/include -DL_ENDIAN -D_CRT_SECURE_NO_DEPRECATE -D_CRT_NONSTDC_NO_DEPRECATE -DOPENSSL_SMALL_FOOTPRINT -DPEDANTIC -DMDE_CPU_X64   -c -o crypto/pkcs7/pkcs7err.o /usr/src/azl/BUILD/shim-15.8/Cryptlib/OpenSSL/crypto/pkcs7/pkcs7err.c
#7 118.8 gcc -std=gnu11 -ggdb -ffreestanding -fmacro-prefix-map=/usr/src/azl/BUILD/shim-15.8/= -fno-stack-protector -fno-strict-aliasing -fpic -fshort-wchar -nostdinc -m64 -mno-mmx -mno-sse -mno-red-zone -maccumulate-outgoing-args -Os -Wall -Wextra -Wno-missing-field-initializers -Wno-empty-body -Wno-implicit-fallthrough -Wno-old-style-declaration -Wno-unused-but-set-variable -Wno-unused-parameter -Werror -I/usr/src/azl/BUILD/shim-15.8/Cryptlib/OpenSSL -I/usr/src/azl/BUILD/shim-15.8/Cryptlib -I/usr/src/azl/BUILD/shim-15.8/Cryptlib/OpenSSL/Include/ -I/usr/src/azl/BUILD/shim-15.8/Cryptlib/OpenSSL/crypto -I/usr/src/azl/BUILD/shim-15.8/Cryptlib/Include -I/usr/src/azl/BUILD/shim-15.8/gnu-efi/inc -I/usr/src/azl/BUILD/shim-15.8/gnu-efi/inc/x86_64 -I/usr/src/azl/BUILD/shim-15.8/gnu-efi/inc/protocol -I/usr/src/azl/BUILD/shim-15.8/Cryptlib/OpenSSL/crypto/asn1 -I/usr/src/azl/BUILD/shim-15.8/Cryptlib/OpenSSL/crypto/evp -I/usr/src/azl/BUILD/shim-15.8/Cryptlib/OpenSSL/crypto/modes -I/usr/src/azl/BUILD/shim-15.8/Cryptlib/OpenSSL/crypto/include -isystem /usr/src/azl/BUILD/shim-15.8/include/system -isystem /usr/lib/gcc/x86_64-pc-linux-gnu/13.2.0/include -DL_ENDIAN -D_CRT_SECURE_NO_DEPRECATE -D_CRT_NONSTDC_NO_DEPRECATE -DOPENSSL_SMALL_FOOTPRINT -DPEDANTIC -DMDE_CPU_X64   -c -o crypto/pkcs7/pk7_doit.o /usr/src/azl/BUILD/shim-15.8/Cryptlib/OpenSSL/crypto/pkcs7/pk7_doit.c
#7 119.0 gcc -std=gnu11 -ggdb -ffreestanding -fmacro-prefix-map=/usr/src/azl/BUILD/shim-15.8/= -fno-stack-protector -fno-strict-aliasing -fpic -fshort-wchar -nostdinc -m64 -mno-mmx -mno-sse -mno-red-zone -maccumulate-outgoing-args -Os -Wall -Wextra -Wno-missing-field-initializers -Wno-empty-body -Wno-implicit-fallthrough -Wno-old-style-declaration -Wno-unused-but-set-variable -Wno-unused-parameter -Werror -I/usr/src/azl/BUILD/shim-15.8/Cryptlib/OpenSSL -I/usr/src/azl/BUILD/shim-15.8/Cryptlib -I/usr/src/azl/BUILD/shim-15.8/Cryptlib/OpenSSL/Include/ -I/usr/src/azl/BUILD/shim-15.8/Cryptlib/OpenSSL/crypto -I/usr/src/azl/BUILD/shim-15.8/Cryptlib/Include -I/usr/src/azl/BUILD/shim-15.8/gnu-efi/inc -I/usr/src/azl/BUILD/shim-15.8/gnu-efi/inc/x86_64 -I/usr/src/azl/BUILD/shim-15.8/gnu-efi/inc/protocol -I/usr/src/azl/BUILD/shim-15.8/Cryptlib/OpenSSL/crypto/asn1 -I/usr/src/azl/BUILD/shim-15.8/Cryptlib/OpenSSL/crypto/evp -I/usr/src/azl/BUILD/shim-15.8/Cryptlib/OpenSSL/crypto/modes -I/usr/src/azl/BUILD/shim-15.8/Cryptlib/OpenSSL/crypto/include -isystem /usr/src/azl/BUILD/shim-15.8/include/system -isystem /usr/lib/gcc/x86_64-pc-linux-gnu/13.2.0/include -DL_ENDIAN -D_CRT_SECURE_NO_DEPRECATE -D_CRT_NONSTDC_NO_DEPRECATE -DOPENSSL_SMALL_FOOTPRINT -DPEDANTIC -DMDE_CPU_X64   -c -o crypto/pkcs7/pk7_smime.o /usr/src/azl/BUILD/shim-15.8/Cryptlib/OpenSSL/crypto/pkcs7/pk7_smime.c
#7 119.4 gcc -std=gnu11 -ggdb -ffreestanding -fmacro-prefix-map=/usr/src/azl/BUILD/shim-15.8/= -fno-stack-protector -fno-strict-aliasing -fpic -fshort-wchar -nostdinc -m64 -mno-mmx -mno-sse -mno-red-zone -maccumulate-outgoing-args -Os -Wall -Wextra -Wno-missing-field-initializers -Wno-empty-body -Wno-implicit-fallthrough -Wno-old-style-declaration -Wno-unused-but-set-variable -Wno-unused-parameter -Werror -I/usr/src/azl/BUILD/shim-15.8/Cryptlib/OpenSSL -I/usr/src/azl/BUILD/shim-15.8/Cryptlib -I/usr/src/azl/BUILD/shim-15.8/Cryptlib/OpenSSL/Include/ -I/usr/src/azl/BUILD/shim-15.8/Cryptlib/OpenSSL/crypto -I/usr/src/azl/BUILD/shim-15.8/Cryptlib/Include -I/usr/src/azl/BUILD/shim-15.8/gnu-efi/inc -I/usr/src/azl/BUILD/shim-15.8/gnu-efi/inc/x86_64 -I/usr/src/azl/BUILD/shim-15.8/gnu-efi/inc/protocol -I/usr/src/azl/BUILD/shim-15.8/Cryptlib/OpenSSL/crypto/asn1 -I/usr/src/azl/BUILD/shim-15.8/Cryptlib/OpenSSL/crypto/evp -I/usr/src/azl/BUILD/shim-15.8/Cryptlib/OpenSSL/crypto/modes -I/usr/src/azl/BUILD/shim-15.8/Cryptlib/OpenSSL/crypto/include -isystem /usr/src/azl/BUILD/shim-15.8/include/system -isystem /usr/lib/gcc/x86_64-pc-linux-gnu/13.2.0/include -DL_ENDIAN -D_CRT_SECURE_NO_DEPRECATE -D_CRT_NONSTDC_NO_DEPRECATE -DOPENSSL_SMALL_FOOTPRINT -DPEDANTIC -DMDE_CPU_X64   -c -o crypto/pkcs7/pk7_attr.o /usr/src/azl/BUILD/shim-15.8/Cryptlib/OpenSSL/crypto/pkcs7/pk7_attr.c
#7 119.4 gcc -std=gnu11 -ggdb -ffreestanding -fmacro-prefix-map=/usr/src/azl/BUILD/shim-15.8/= -fno-stack-protector -fno-strict-aliasing -fpic -fshort-wchar -nostdinc -m64 -mno-mmx -mno-sse -mno-red-zone -maccumulate-outgoing-args -Os -Wall -Wextra -Wno-missing-field-initializers -Wno-empty-body -Wno-implicit-fallthrough -Wno-old-style-declaration -Wno-unused-but-set-variable -Wno-unused-parameter -Werror -I/usr/src/azl/BUILD/shim-15.8/Cryptlib/OpenSSL -I/usr/src/azl/BUILD/shim-15.8/Cryptlib -I/usr/src/azl/BUILD/shim-15.8/Cryptlib/OpenSSL/Include/ -I/usr/src/azl/BUILD/shim-15.8/Cryptlib/OpenSSL/crypto -I/usr/src/azl/BUILD/shim-15.8/Cryptlib/Include -I/usr/src/azl/BUILD/shim-15.8/gnu-efi/inc -I/usr/src/azl/BUILD/shim-15.8/gnu-efi/inc/x86_64 -I/usr/src/azl/BUILD/shim-15.8/gnu-efi/inc/protocol -I/usr/src/azl/BUILD/shim-15.8/Cryptlib/OpenSSL/crypto/asn1 -I/usr/src/azl/BUILD/shim-15.8/Cryptlib/OpenSSL/crypto/evp -I/usr/src/azl/BUILD/shim-15.8/Cryptlib/OpenSSL/crypto/modes -I/usr/src/azl/BUILD/shim-15.8/Cryptlib/OpenSSL/crypto/include -isystem /usr/src/azl/BUILD/shim-15.8/include/system -isystem /usr/lib/gcc/x86_64-pc-linux-gnu/13.2.0/include -DL_ENDIAN -D_CRT_SECURE_NO_DEPRECATE -D_CRT_NONSTDC_NO_DEPRECATE -DOPENSSL_SMALL_FOOTPRINT -DPEDANTIC -DMDE_CPU_X64   -c -o crypto/pkcs7/pk7_mime.o /usr/src/azl/BUILD/shim-15.8/Cryptlib/OpenSSL/crypto/pkcs7/pk7_mime.c
#7 119.5 gcc -std=gnu11 -ggdb -ffreestanding -fmacro-prefix-map=/usr/src/azl/BUILD/shim-15.8/= -fno-stack-protector -fno-strict-aliasing -fpic -fshort-wchar -nostdinc -m64 -mno-mmx -mno-sse -mno-red-zone -maccumulate-outgoing-args -Os -Wall -Wextra -Wno-missing-field-initializers -Wno-empty-body -Wno-implicit-fallthrough -Wno-old-style-declaration -Wno-unused-but-set-variable -Wno-unused-parameter -Werror -I/usr/src/azl/BUILD/shim-15.8/Cryptlib/OpenSSL -I/usr/src/azl/BUILD/shim-15.8/Cryptlib -I/usr/src/azl/BUILD/shim-15.8/Cryptlib/OpenSSL/Include/ -I/usr/src/azl/BUILD/shim-15.8/Cryptlib/OpenSSL/crypto -I/usr/src/azl/BUILD/shim-15.8/Cryptlib/Include -I/usr/src/azl/BUILD/shim-15.8/gnu-efi/inc -I/usr/src/azl/BUILD/shim-15.8/gnu-efi/inc/x86_64 -I/usr/src/azl/BUILD/shim-15.8/gnu-efi/inc/protocol -I/usr/src/azl/BUILD/shim-15.8/Cryptlib/OpenSSL/crypto/asn1 -I/usr/src/azl/BUILD/shim-15.8/Cryptlib/OpenSSL/crypto/evp -I/usr/src/azl/BUILD/shim-15.8/Cryptlib/OpenSSL/crypto/modes -I/usr/src/azl/BUILD/shim-15.8/Cryptlib/OpenSSL/crypto/include -isystem /usr/src/azl/BUILD/shim-15.8/include/system -isystem /usr/lib/gcc/x86_64-pc-linux-gnu/13.2.0/include -DL_ENDIAN -D_CRT_SECURE_NO_DEPRECATE -D_CRT_NONSTDC_NO_DEPRECATE -DOPENSSL_SMALL_FOOTPRINT -DPEDANTIC -DMDE_CPU_X64   -c -o crypto/pkcs7/bio_pk7.o /usr/src/azl/BUILD/shim-15.8/Cryptlib/OpenSSL/crypto/pkcs7/bio_pk7.c
#7 119.5 gcc -std=gnu11 -ggdb -ffreestanding -fmacro-prefix-map=/usr/src/azl/BUILD/shim-15.8/= -fno-stack-protector -fno-strict-aliasing -fpic -fshort-wchar -nostdinc -m64 -mno-mmx -mno-sse -mno-red-zone -maccumulate-outgoing-args -Os -Wall -Wextra -Wno-missing-field-initializers -Wno-empty-body -Wno-implicit-fallthrough -Wno-old-style-declaration -Wno-unused-but-set-variable -Wno-unused-parameter -Werror -I/usr/src/azl/BUILD/shim-15.8/Cryptlib/OpenSSL -I/usr/src/azl/BUILD/shim-15.8/Cryptlib -I/usr/src/azl/BUILD/shim-15.8/Cryptlib/OpenSSL/Include/ -I/usr/src/azl/BUILD/shim-15.8/Cryptlib/OpenSSL/crypto -I/usr/src/azl/BUILD/shim-15.8/Cryptlib/Include -I/usr/src/azl/BUILD/shim-15.8/gnu-efi/inc -I/usr/src/azl/BUILD/shim-15.8/gnu-efi/inc/x86_64 -I/usr/src/azl/BUILD/shim-15.8/gnu-efi/inc/protocol -I/usr/src/azl/BUILD/shim-15.8/Cryptlib/OpenSSL/crypto/asn1 -I/usr/src/azl/BUILD/shim-15.8/Cryptlib/OpenSSL/crypto/evp -I/usr/src/azl/BUILD/shim-15.8/Cryptlib/OpenSSL/crypto/modes -I/usr/src/azl/BUILD/shim-15.8/Cryptlib/OpenSSL/crypto/include -isystem /usr/src/azl/BUILD/shim-15.8/include/system -isystem /usr/lib/gcc/x86_64-pc-linux-gnu/13.2.0/include -DL_ENDIAN -D_CRT_SECURE_NO_DEPRECATE -D_CRT_NONSTDC_NO_DEPRECATE -DOPENSSL_SMALL_FOOTPRINT -DPEDANTIC -DMDE_CPU_X64   -c -o crypto/pkcs12/p12_add.o /usr/src/azl/BUILD/shim-15.8/Cryptlib/OpenSSL/crypto/pkcs12/p12_add.c
#7 119.5 gcc -std=gnu11 -ggdb -ffreestanding -fmacro-prefix-map=/usr/src/azl/BUILD/shim-15.8/= -fno-stack-protector -fno-strict-aliasing -fpic -fshort-wchar -nostdinc -m64 -mno-mmx -mno-sse -mno-red-zone -maccumulate-outgoing-args -Os -Wall -Wextra -Wno-missing-field-initializers -Wno-empty-body -Wno-implicit-fallthrough -Wno-old-style-declaration -Wno-unused-but-set-variable -Wno-unused-parameter -Werror -I/usr/src/azl/BUILD/shim-15.8/Cryptlib/OpenSSL -I/usr/src/azl/BUILD/shim-15.8/Cryptlib -I/usr/src/azl/BUILD/shim-15.8/Cryptlib/OpenSSL/Include/ -I/usr/src/azl/BUILD/shim-15.8/Cryptlib/OpenSSL/crypto -I/usr/src/azl/BUILD/shim-15.8/Cryptlib/Include -I/usr/src/azl/BUILD/shim-15.8/gnu-efi/inc -I/usr/src/azl/BUILD/shim-15.8/gnu-efi/inc/x86_64 -I/usr/src/azl/BUILD/shim-15.8/gnu-efi/inc/protocol -I/usr/src/azl/BUILD/shim-15.8/Cryptlib/OpenSSL/crypto/asn1 -I/usr/src/azl/BUILD/shim-15.8/Cryptlib/OpenSSL/crypto/evp -I/usr/src/azl/BUILD/shim-15.8/Cryptlib/OpenSSL/crypto/modes -I/usr/src/azl/BUILD/shim-15.8/Cryptlib/OpenSSL/crypto/include -isystem /usr/src/azl/BUILD/shim-15.8/include/system -isystem /usr/lib/gcc/x86_64-pc-linux-gnu/13.2.0/include -DL_ENDIAN -D_CRT_SECURE_NO_DEPRECATE -D_CRT_NONSTDC_NO_DEPRECATE -DOPENSSL_SMALL_FOOTPRINT -DPEDANTIC -DMDE_CPU_X64   -c -o crypto/pkcs12/p12_asn.o /usr/src/azl/BUILD/shim-15.8/Cryptlib/OpenSSL/crypto/pkcs12/p12_asn.c
#7 119.6 gcc -std=gnu11 -ggdb -ffreestanding -fmacro-prefix-map=/usr/src/azl/BUILD/shim-15.8/= -fno-stack-protector -fno-strict-aliasing -fpic -fshort-wchar -nostdinc -m64 -mno-mmx -mno-sse -mno-red-zone -maccumulate-outgoing-args -Os -Wall -Wextra -Wno-missing-field-initializers -Wno-empty-body -Wno-implicit-fallthrough -Wno-old-style-declaration -Wno-unused-but-set-variable -Wno-unused-parameter -Werror -I/usr/src/azl/BUILD/shim-15.8/Cryptlib/OpenSSL -I/usr/src/azl/BUILD/shim-15.8/Cryptlib -I/usr/src/azl/BUILD/shim-15.8/Cryptlib/OpenSSL/Include/ -I/usr/src/azl/BUILD/shim-15.8/Cryptlib/OpenSSL/crypto -I/usr/src/azl/BUILD/shim-15.8/Cryptlib/Include -I/usr/src/azl/BUILD/shim-15.8/gnu-efi/inc -I/usr/src/azl/BUILD/shim-15.8/gnu-efi/inc/x86_64 -I/usr/src/azl/BUILD/shim-15.8/gnu-efi/inc/protocol -I/usr/src/azl/BUILD/shim-15.8/Cryptlib/OpenSSL/crypto/asn1 -I/usr/src/azl/BUILD/shim-15.8/Cryptlib/OpenSSL/crypto/evp -I/usr/src/azl/BUILD/shim-15.8/Cryptlib/OpenSSL/crypto/modes -I/usr/src/azl/BUILD/shim-15.8/Cryptlib/OpenSSL/crypto/include -isystem /usr/src/azl/BUILD/shim-15.8/include/system -isystem /usr/lib/gcc/x86_64-pc-linux-gnu/13.2.0/include -DL_ENDIAN -D_CRT_SECURE_NO_DEPRECATE -D_CRT_NONSTDC_NO_DEPRECATE -DOPENSSL_SMALL_FOOTPRINT -DPEDANTIC -DMDE_CPU_X64   -c -o crypto/pkcs12/p12_attr.o /usr/src/azl/BUILD/shim-15.8/Cryptlib/OpenSSL/crypto/pkcs12/p12_attr.c
#7 119.7 gcc -std=gnu11 -ggdb -ffreestanding -fmacro-prefix-map=/usr/src/azl/BUILD/shim-15.8/= -fno-stack-protector -fno-strict-aliasing -fpic -fshort-wchar -nostdinc -m64 -mno-mmx -mno-sse -mno-red-zone -maccumulate-outgoing-args -Os -Wall -Wextra -Wno-missing-field-initializers -Wno-empty-body -Wno-implicit-fallthrough -Wno-old-style-declaration -Wno-unused-but-set-variable -Wno-unused-parameter -Werror -I/usr/src/azl/BUILD/shim-15.8/Cryptlib/OpenSSL -I/usr/src/azl/BUILD/shim-15.8/Cryptlib -I/usr/src/azl/BUILD/shim-15.8/Cryptlib/OpenSSL/Include/ -I/usr/src/azl/BUILD/shim-15.8/Cryptlib/OpenSSL/crypto -I/usr/src/azl/BUILD/shim-15.8/Cryptlib/Include -I/usr/src/azl/BUILD/shim-15.8/gnu-efi/inc -I/usr/src/azl/BUILD/shim-15.8/gnu-efi/inc/x86_64 -I/usr/src/azl/BUILD/shim-15.8/gnu-efi/inc/protocol -I/usr/src/azl/BUILD/shim-15.8/Cryptlib/OpenSSL/crypto/asn1 -I/usr/src/azl/BUILD/shim-15.8/Cryptlib/OpenSSL/crypto/evp -I/usr/src/azl/BUILD/shim-15.8/Cryptlib/OpenSSL/crypto/modes -I/usr/src/azl/BUILD/shim-15.8/Cryptlib/OpenSSL/crypto/include -isystem /usr/src/azl/BUILD/shim-15.8/include/system -isystem /usr/lib/gcc/x86_64-pc-linux-gnu/13.2.0/include -DL_ENDIAN -D_CRT_SECURE_NO_DEPRECATE -D_CRT_NONSTDC_NO_DEPRECATE -DOPENSSL_SMALL_FOOTPRINT -DPEDANTIC -DMDE_CPU_X64   -c -o crypto/pkcs12/p12_crpt.o /usr/src/azl/BUILD/shim-15.8/Cryptlib/OpenSSL/crypto/pkcs12/p12_crpt.c
#7 119.7 gcc -std=gnu11 -ggdb -ffreestanding -fmacro-prefix-map=/usr/src/azl/BUILD/shim-15.8/= -fno-stack-protector -fno-strict-aliasing -fpic -fshort-wchar -nostdinc -m64 -mno-mmx -mno-sse -mno-red-zone -maccumulate-outgoing-args -Os -Wall -Wextra -Wno-missing-field-initializers -Wno-empty-body -Wno-implicit-fallthrough -Wno-old-style-declaration -Wno-unused-but-set-variable -Wno-unused-parameter -Werror -I/usr/src/azl/BUILD/shim-15.8/Cryptlib/OpenSSL -I/usr/src/azl/BUILD/shim-15.8/Cryptlib -I/usr/src/azl/BUILD/shim-15.8/Cryptlib/OpenSSL/Include/ -I/usr/src/azl/BUILD/shim-15.8/Cryptlib/OpenSSL/crypto -I/usr/src/azl/BUILD/shim-15.8/Cryptlib/Include -I/usr/src/azl/BUILD/shim-15.8/gnu-efi/inc -I/usr/src/azl/BUILD/shim-15.8/gnu-efi/inc/x86_64 -I/usr/src/azl/BUILD/shim-15.8/gnu-efi/inc/protocol -I/usr/src/azl/BUILD/shim-15.8/Cryptlib/OpenSSL/crypto/asn1 -I/usr/src/azl/BUILD/shim-15.8/Cryptlib/OpenSSL/crypto/evp -I/usr/src/azl/BUILD/shim-15.8/Cryptlib/OpenSSL/crypto/modes -I/usr/src/azl/BUILD/shim-15.8/Cryptlib/OpenSSL/crypto/include -isystem /usr/src/azl/BUILD/shim-15.8/include/system -isystem /usr/lib/gcc/x86_64-pc-linux-gnu/13.2.0/include -DL_ENDIAN -D_CRT_SECURE_NO_DEPRECATE -D_CRT_NONSTDC_NO_DEPRECATE -DOPENSSL_SMALL_FOOTPRINT -DPEDANTIC -DMDE_CPU_X64   -c -o crypto/pkcs12/p12_crt.o /usr/src/azl/BUILD/shim-15.8/Cryptlib/OpenSSL/crypto/pkcs12/p12_crt.c
#7 119.8 gcc -std=gnu11 -ggdb -ffreestanding -fmacro-prefix-map=/usr/src/azl/BUILD/shim-15.8/= -fno-stack-protector -fno-strict-aliasing -fpic -fshort-wchar -nostdinc -m64 -mno-mmx -mno-sse -mno-red-zone -maccumulate-outgoing-args -Os -Wall -Wextra -Wno-missing-field-initializers -Wno-empty-body -Wno-implicit-fallthrough -Wno-old-style-declaration -Wno-unused-but-set-variable -Wno-unused-parameter -Werror -I/usr/src/azl/BUILD/shim-15.8/Cryptlib/OpenSSL -I/usr/src/azl/BUILD/shim-15.8/Cryptlib -I/usr/src/azl/BUILD/shim-15.8/Cryptlib/OpenSSL/Include/ -I/usr/src/azl/BUILD/shim-15.8/Cryptlib/OpenSSL/crypto -I/usr/src/azl/BUILD/shim-15.8/Cryptlib/Include -I/usr/src/azl/BUILD/shim-15.8/gnu-efi/inc -I/usr/src/azl/BUILD/shim-15.8/gnu-efi/inc/x86_64 -I/usr/src/azl/BUILD/shim-15.8/gnu-efi/inc/protocol -I/usr/src/azl/BUILD/shim-15.8/Cryptlib/OpenSSL/crypto/asn1 -I/usr/src/azl/BUILD/shim-15.8/Cryptlib/OpenSSL/crypto/evp -I/usr/src/azl/BUILD/shim-15.8/Cryptlib/OpenSSL/crypto/modes -I/usr/src/azl/BUILD/shim-15.8/Cryptlib/OpenSSL/crypto/include -isystem /usr/src/azl/BUILD/shim-15.8/include/system -isystem /usr/lib/gcc/x86_64-pc-linux-gnu/13.2.0/include -DL_ENDIAN -D_CRT_SECURE_NO_DEPRECATE -D_CRT_NONSTDC_NO_DEPRECATE -DOPENSSL_SMALL_FOOTPRINT -DPEDANTIC -DMDE_CPU_X64   -c -o crypto/pkcs12/p12_decr.o /usr/src/azl/BUILD/shim-15.8/Cryptlib/OpenSSL/crypto/pkcs12/p12_decr.c
#7 119.9 gcc -std=gnu11 -ggdb -ffreestanding -fmacro-prefix-map=/usr/src/azl/BUILD/shim-15.8/= -fno-stack-protector -fno-strict-aliasing -fpic -fshort-wchar -nostdinc -m64 -mno-mmx -mno-sse -mno-red-zone -maccumulate-outgoing-args -Os -Wall -Wextra -Wno-missing-field-initializers -Wno-empty-body -Wno-implicit-fallthrough -Wno-old-style-declaration -Wno-unused-but-set-variable -Wno-unused-parameter -Werror -I/usr/src/azl/BUILD/shim-15.8/Cryptlib/OpenSSL -I/usr/src/azl/BUILD/shim-15.8/Cryptlib -I/usr/src/azl/BUILD/shim-15.8/Cryptlib/OpenSSL/Include/ -I/usr/src/azl/BUILD/shim-15.8/Cryptlib/OpenSSL/crypto -I/usr/src/azl/BUILD/shim-15.8/Cryptlib/Include -I/usr/src/azl/BUILD/shim-15.8/gnu-efi/inc -I/usr/src/azl/BUILD/shim-15.8/gnu-efi/inc/x86_64 -I/usr/src/azl/BUILD/shim-15.8/gnu-efi/inc/protocol -I/usr/src/azl/BUILD/shim-15.8/Cryptlib/OpenSSL/crypto/asn1 -I/usr/src/azl/BUILD/shim-15.8/Cryptlib/OpenSSL/crypto/evp -I/usr/src/azl/BUILD/shim-15.8/Cryptlib/OpenSSL/crypto/modes -I/usr/src/azl/BUILD/shim-15.8/Cryptlib/OpenSSL/crypto/include -isystem /usr/src/azl/BUILD/shim-15.8/include/system -isystem /usr/lib/gcc/x86_64-pc-linux-gnu/13.2.0/include -DL_ENDIAN -D_CRT_SECURE_NO_DEPRECATE -D_CRT_NONSTDC_NO_DEPRECATE -DOPENSSL_SMALL_FOOTPRINT -DPEDANTIC -DMDE_CPU_X64   -c -o crypto/pkcs12/p12_init.o /usr/src/azl/BUILD/shim-15.8/Cryptlib/OpenSSL/crypto/pkcs12/p12_init.c
#7 119.9 gcc -std=gnu11 -ggdb -ffreestanding -fmacro-prefix-map=/usr/src/azl/BUILD/shim-15.8/= -fno-stack-protector -fno-strict-aliasing -fpic -fshort-wchar -nostdinc -m64 -mno-mmx -mno-sse -mno-red-zone -maccumulate-outgoing-args -Os -Wall -Wextra -Wno-missing-field-initializers -Wno-empty-body -Wno-implicit-fallthrough -Wno-old-style-declaration -Wno-unused-but-set-variable -Wno-unused-parameter -Werror -I/usr/src/azl/BUILD/shim-15.8/Cryptlib/OpenSSL -I/usr/src/azl/BUILD/shim-15.8/Cryptlib -I/usr/src/azl/BUILD/shim-15.8/Cryptlib/OpenSSL/Include/ -I/usr/src/azl/BUILD/shim-15.8/Cryptlib/OpenSSL/crypto -I/usr/src/azl/BUILD/shim-15.8/Cryptlib/Include -I/usr/src/azl/BUILD/shim-15.8/gnu-efi/inc -I/usr/src/azl/BUILD/shim-15.8/gnu-efi/inc/x86_64 -I/usr/src/azl/BUILD/shim-15.8/gnu-efi/inc/protocol -I/usr/src/azl/BUILD/shim-15.8/Cryptlib/OpenSSL/crypto/asn1 -I/usr/src/azl/BUILD/shim-15.8/Cryptlib/OpenSSL/crypto/evp -I/usr/src/azl/BUILD/shim-15.8/Cryptlib/OpenSSL/crypto/modes -I/usr/src/azl/BUILD/shim-15.8/Cryptlib/OpenSSL/crypto/include -isystem /usr/src/azl/BUILD/shim-15.8/include/system -isystem /usr/lib/gcc/x86_64-pc-linux-gnu/13.2.0/include -DL_ENDIAN -D_CRT_SECURE_NO_DEPRECATE -D_CRT_NONSTDC_NO_DEPRECATE -DOPENSSL_SMALL_FOOTPRINT -DPEDANTIC -DMDE_CPU_X64   -c -o crypto/pkcs12/p12_key.o /usr/src/azl/BUILD/shim-15.8/Cryptlib/OpenSSL/crypto/pkcs12/p12_key.c
#7 120.0 gcc -std=gnu11 -ggdb -ffreestanding -fmacro-prefix-map=/usr/src/azl/BUILD/shim-15.8/= -fno-stack-protector -fno-strict-aliasing -fpic -fshort-wchar -nostdinc -m64 -mno-mmx -mno-sse -mno-red-zone -maccumulate-outgoing-args -Os -Wall -Wextra -Wno-missing-field-initializers -Wno-empty-body -Wno-implicit-fallthrough -Wno-old-style-declaration -Wno-unused-but-set-variable -Wno-unused-parameter -Werror -I/usr/src/azl/BUILD/shim-15.8/Cryptlib/OpenSSL -I/usr/src/azl/BUILD/shim-15.8/Cryptlib -I/usr/src/azl/BUILD/shim-15.8/Cryptlib/OpenSSL/Include/ -I/usr/src/azl/BUILD/shim-15.8/Cryptlib/OpenSSL/crypto -I/usr/src/azl/BUILD/shim-15.8/Cryptlib/Include -I/usr/src/azl/BUILD/shim-15.8/gnu-efi/inc -I/usr/src/azl/BUILD/shim-15.8/gnu-efi/inc/x86_64 -I/usr/src/azl/BUILD/shim-15.8/gnu-efi/inc/protocol -I/usr/src/azl/BUILD/shim-15.8/Cryptlib/OpenSSL/crypto/asn1 -I/usr/src/azl/BUILD/shim-15.8/Cryptlib/OpenSSL/crypto/evp -I/usr/src/azl/BUILD/shim-15.8/Cryptlib/OpenSSL/crypto/modes -I/usr/src/azl/BUILD/shim-15.8/Cryptlib/OpenSSL/crypto/include -isystem /usr/src/azl/BUILD/shim-15.8/include/system -isystem /usr/lib/gcc/x86_64-pc-linux-gnu/13.2.0/include -DL_ENDIAN -D_CRT_SECURE_NO_DEPRECATE -D_CRT_NONSTDC_NO_DEPRECATE -DOPENSSL_SMALL_FOOTPRINT -DPEDANTIC -DMDE_CPU_X64   -c -o crypto/pkcs12/p12_kiss.o /usr/src/azl/BUILD/shim-15.8/Cryptlib/OpenSSL/crypto/pkcs12/p12_kiss.c
#7 120.1 gcc -std=gnu11 -ggdb -ffreestanding -fmacro-prefix-map=/usr/src/azl/BUILD/shim-15.8/= -fno-stack-protector -fno-strict-aliasing -fpic -fshort-wchar -nostdinc -m64 -mno-mmx -mno-sse -mno-red-zone -maccumulate-outgoing-args -Os -Wall -Wextra -Wno-missing-field-initializers -Wno-empty-body -Wno-implicit-fallthrough -Wno-old-style-declaration -Wno-unused-but-set-variable -Wno-unused-parameter -Werror -I/usr/src/azl/BUILD/shim-15.8/Cryptlib/OpenSSL -I/usr/src/azl/BUILD/shim-15.8/Cryptlib -I/usr/src/azl/BUILD/shim-15.8/Cryptlib/OpenSSL/Include/ -I/usr/src/azl/BUILD/shim-15.8/Cryptlib/OpenSSL/crypto -I/usr/src/azl/BUILD/shim-15.8/Cryptlib/Include -I/usr/src/azl/BUILD/shim-15.8/gnu-efi/inc -I/usr/src/azl/BUILD/shim-15.8/gnu-efi/inc/x86_64 -I/usr/src/azl/BUILD/shim-15.8/gnu-efi/inc/protocol -I/usr/src/azl/BUILD/shim-15.8/Cryptlib/OpenSSL/crypto/asn1 -I/usr/src/azl/BUILD/shim-15.8/Cryptlib/OpenSSL/crypto/evp -I/usr/src/azl/BUILD/shim-15.8/Cryptlib/OpenSSL/crypto/modes -I/usr/src/azl/BUILD/shim-15.8/Cryptlib/OpenSSL/crypto/include -isystem /usr/src/azl/BUILD/shim-15.8/include/system -isystem /usr/lib/gcc/x86_64-pc-linux-gnu/13.2.0/include -DL_ENDIAN -D_CRT_SECURE_NO_DEPRECATE -D_CRT_NONSTDC_NO_DEPRECATE -DOPENSSL_SMALL_FOOTPRINT -DPEDANTIC -DMDE_CPU_X64   -c -o crypto/pkcs12/p12_mutl.o /usr/src/azl/BUILD/shim-15.8/Cryptlib/OpenSSL/crypto/pkcs12/p12_mutl.c
#7 120.2 gcc -std=gnu11 -ggdb -ffreestanding -fmacro-prefix-map=/usr/src/azl/BUILD/shim-15.8/= -fno-stack-protector -fno-strict-aliasing -fpic -fshort-wchar -nostdinc -m64 -mno-mmx -mno-sse -mno-red-zone -maccumulate-outgoing-args -Os -Wall -Wextra -Wno-missing-field-initializers -Wno-empty-body -Wno-implicit-fallthrough -Wno-old-style-declaration -Wno-unused-but-set-variable -Wno-unused-parameter -Werror -I/usr/src/azl/BUILD/shim-15.8/Cryptlib/OpenSSL -I/usr/src/azl/BUILD/shim-15.8/Cryptlib -I/usr/src/azl/BUILD/shim-15.8/Cryptlib/OpenSSL/Include/ -I/usr/src/azl/BUILD/shim-15.8/Cryptlib/OpenSSL/crypto -I/usr/src/azl/BUILD/shim-15.8/Cryptlib/Include -I/usr/src/azl/BUILD/shim-15.8/gnu-efi/inc -I/usr/src/azl/BUILD/shim-15.8/gnu-efi/inc/x86_64 -I/usr/src/azl/BUILD/shim-15.8/gnu-efi/inc/protocol -I/usr/src/azl/BUILD/shim-15.8/Cryptlib/OpenSSL/crypto/asn1 -I/usr/src/azl/BUILD/shim-15.8/Cryptlib/OpenSSL/crypto/evp -I/usr/src/azl/BUILD/shim-15.8/Cryptlib/OpenSSL/crypto/modes -I/usr/src/azl/BUILD/shim-15.8/Cryptlib/OpenSSL/crypto/include -isystem /usr/src/azl/BUILD/shim-15.8/include/system -isystem /usr/lib/gcc/x86_64-pc-linux-gnu/13.2.0/include -DL_ENDIAN -D_CRT_SECURE_NO_DEPRECATE -D_CRT_NONSTDC_NO_DEPRECATE -DOPENSSL_SMALL_FOOTPRINT -DPEDANTIC -DMDE_CPU_X64   -c -o crypto/pkcs12/p12_utl.o /usr/src/azl/BUILD/shim-15.8/Cryptlib/OpenSSL/crypto/pkcs12/p12_utl.c
#7 120.2 gcc -std=gnu11 -ggdb -ffreestanding -fmacro-prefix-map=/usr/src/azl/BUILD/shim-15.8/= -fno-stack-protector -fno-strict-aliasing -fpic -fshort-wchar -nostdinc -m64 -mno-mmx -mno-sse -mno-red-zone -maccumulate-outgoing-args -Os -Wall -Wextra -Wno-missing-field-initializers -Wno-empty-body -Wno-implicit-fallthrough -Wno-old-style-declaration -Wno-unused-but-set-variable -Wno-unused-parameter -Werror -I/usr/src/azl/BUILD/shim-15.8/Cryptlib/OpenSSL -I/usr/src/azl/BUILD/shim-15.8/Cryptlib -I/usr/src/azl/BUILD/shim-15.8/Cryptlib/OpenSSL/Include/ -I/usr/src/azl/BUILD/shim-15.8/Cryptlib/OpenSSL/crypto -I/usr/src/azl/BUILD/shim-15.8/Cryptlib/Include -I/usr/src/azl/BUILD/shim-15.8/gnu-efi/inc -I/usr/src/azl/BUILD/shim-15.8/gnu-efi/inc/x86_64 -I/usr/src/azl/BUILD/shim-15.8/gnu-efi/inc/protocol -I/usr/src/azl/BUILD/shim-15.8/Cryptlib/OpenSSL/crypto/asn1 -I/usr/src/azl/BUILD/shim-15.8/Cryptlib/OpenSSL/crypto/evp -I/usr/src/azl/BUILD/shim-15.8/Cryptlib/OpenSSL/crypto/modes -I/usr/src/azl/BUILD/shim-15.8/Cryptlib/OpenSSL/crypto/include -isystem /usr/src/azl/BUILD/shim-15.8/include/system -isystem /usr/lib/gcc/x86_64-pc-linux-gnu/13.2.0/include -DL_ENDIAN -D_CRT_SECURE_NO_DEPRECATE -D_CRT_NONSTDC_NO_DEPRECATE -DOPENSSL_SMALL_FOOTPRINT -DPEDANTIC -DMDE_CPU_X64   -c -o crypto/pkcs12/p12_npas.o /usr/src/azl/BUILD/shim-15.8/Cryptlib/OpenSSL/crypto/pkcs12/p12_npas.c
#7 120.3 gcc -std=gnu11 -ggdb -ffreestanding -fmacro-prefix-map=/usr/src/azl/BUILD/shim-15.8/= -fno-stack-protector -fno-strict-aliasing -fpic -fshort-wchar -nostdinc -m64 -mno-mmx -mno-sse -mno-red-zone -maccumulate-outgoing-args -Os -Wall -Wextra -Wno-missing-field-initializers -Wno-empty-body -Wno-implicit-fallthrough -Wno-old-style-declaration -Wno-unused-but-set-variable -Wno-unused-parameter -Werror -I/usr/src/azl/BUILD/shim-15.8/Cryptlib/OpenSSL -I/usr/src/azl/BUILD/shim-15.8/Cryptlib -I/usr/src/azl/BUILD/shim-15.8/Cryptlib/OpenSSL/Include/ -I/usr/src/azl/BUILD/shim-15.8/Cryptlib/OpenSSL/crypto -I/usr/src/azl/BUILD/shim-15.8/Cryptlib/Include -I/usr/src/azl/BUILD/shim-15.8/gnu-efi/inc -I/usr/src/azl/BUILD/shim-15.8/gnu-efi/inc/x86_64 -I/usr/src/azl/BUILD/shim-15.8/gnu-efi/inc/protocol -I/usr/src/azl/BUILD/shim-15.8/Cryptlib/OpenSSL/crypto/asn1 -I/usr/src/azl/BUILD/shim-15.8/Cryptlib/OpenSSL/crypto/evp -I/usr/src/azl/BUILD/shim-15.8/Cryptlib/OpenSSL/crypto/modes -I/usr/src/azl/BUILD/shim-15.8/Cryptlib/OpenSSL/crypto/include -isystem /usr/src/azl/BUILD/shim-15.8/include/system -isystem /usr/lib/gcc/x86_64-pc-linux-gnu/13.2.0/include -DL_ENDIAN -D_CRT_SECURE_NO_DEPRECATE -D_CRT_NONSTDC_NO_DEPRECATE -DOPENSSL_SMALL_FOOTPRINT -DPEDANTIC -DMDE_CPU_X64   -c -o crypto/pkcs12/pk12err.o /usr/src/azl/BUILD/shim-15.8/Cryptlib/OpenSSL/crypto/pkcs12/pk12err.c
#7 120.4 gcc -std=gnu11 -ggdb -ffreestanding -fmacro-prefix-map=/usr/src/azl/BUILD/shim-15.8/= -fno-stack-protector -fno-strict-aliasing -fpic -fshort-wchar -nostdinc -m64 -mno-mmx -mno-sse -mno-red-zone -maccumulate-outgoing-args -Os -Wall -Wextra -Wno-missing-field-initializers -Wno-empty-body -Wno-implicit-fallthrough -Wno-old-style-declaration -Wno-unused-but-set-variable -Wno-unused-parameter -Werror -I/usr/src/azl/BUILD/shim-15.8/Cryptlib/OpenSSL -I/usr/src/azl/BUILD/shim-15.8/Cryptlib -I/usr/src/azl/BUILD/shim-15.8/Cryptlib/OpenSSL/Include/ -I/usr/src/azl/BUILD/shim-15.8/Cryptlib/OpenSSL/crypto -I/usr/src/azl/BUILD/shim-15.8/Cryptlib/Include -I/usr/src/azl/BUILD/shim-15.8/gnu-efi/inc -I/usr/src/azl/BUILD/shim-15.8/gnu-efi/inc/x86_64 -I/usr/src/azl/BUILD/shim-15.8/gnu-efi/inc/protocol -I/usr/src/azl/BUILD/shim-15.8/Cryptlib/OpenSSL/crypto/asn1 -I/usr/src/azl/BUILD/shim-15.8/Cryptlib/OpenSSL/crypto/evp -I/usr/src/azl/BUILD/shim-15.8/Cryptlib/OpenSSL/crypto/modes -I/usr/src/azl/BUILD/shim-15.8/Cryptlib/OpenSSL/crypto/include -isystem /usr/src/azl/BUILD/shim-15.8/include/system -isystem /usr/lib/gcc/x86_64-pc-linux-gnu/13.2.0/include -DL_ENDIAN -D_CRT_SECURE_NO_DEPRECATE -D_CRT_NONSTDC_NO_DEPRECATE -DOPENSSL_SMALL_FOOTPRINT -DPEDANTIC -DMDE_CPU_X64   -c -o crypto/pkcs12/p12_p8d.o /usr/src/azl/BUILD/shim-15.8/Cryptlib/OpenSSL/crypto/pkcs12/p12_p8d.c
#7 120.4 gcc -std=gnu11 -ggdb -ffreestanding -fmacro-prefix-map=/usr/src/azl/BUILD/shim-15.8/= -fno-stack-protector -fno-strict-aliasing -fpic -fshort-wchar -nostdinc -m64 -mno-mmx -mno-sse -mno-red-zone -maccumulate-outgoing-args -Os -Wall -Wextra -Wno-missing-field-initializers -Wno-empty-body -Wno-implicit-fallthrough -Wno-old-style-declaration -Wno-unused-but-set-variable -Wno-unused-parameter -Werror -I/usr/src/azl/BUILD/shim-15.8/Cryptlib/OpenSSL -I/usr/src/azl/BUILD/shim-15.8/Cryptlib -I/usr/src/azl/BUILD/shim-15.8/Cryptlib/OpenSSL/Include/ -I/usr/src/azl/BUILD/shim-15.8/Cryptlib/OpenSSL/crypto -I/usr/src/azl/BUILD/shim-15.8/Cryptlib/Include -I/usr/src/azl/BUILD/shim-15.8/gnu-efi/inc -I/usr/src/azl/BUILD/shim-15.8/gnu-efi/inc/x86_64 -I/usr/src/azl/BUILD/shim-15.8/gnu-efi/inc/protocol -I/usr/src/azl/BUILD/shim-15.8/Cryptlib/OpenSSL/crypto/asn1 -I/usr/src/azl/BUILD/shim-15.8/Cryptlib/OpenSSL/crypto/evp -I/usr/src/azl/BUILD/shim-15.8/Cryptlib/OpenSSL/crypto/modes -I/usr/src/azl/BUILD/shim-15.8/Cryptlib/OpenSSL/crypto/include -isystem /usr/src/azl/BUILD/shim-15.8/include/system -isystem /usr/lib/gcc/x86_64-pc-linux-gnu/13.2.0/include -DL_ENDIAN -D_CRT_SECURE_NO_DEPRECATE -D_CRT_NONSTDC_NO_DEPRECATE -DOPENSSL_SMALL_FOOTPRINT -DPEDANTIC -DMDE_CPU_X64   -c -o crypto/pkcs12/p12_p8e.o /usr/src/azl/BUILD/shim-15.8/Cryptlib/OpenSSL/crypto/pkcs12/p12_p8e.c
#7 120.4 gcc -std=gnu11 -ggdb -ffreestanding -fmacro-prefix-map=/usr/src/azl/BUILD/shim-15.8/= -fno-stack-protector -fno-strict-aliasing -fpic -fshort-wchar -nostdinc -m64 -mno-mmx -mno-sse -mno-red-zone -maccumulate-outgoing-args -Os -Wall -Wextra -Wno-missing-field-initializers -Wno-empty-body -Wno-implicit-fallthrough -Wno-old-style-declaration -Wno-unused-but-set-variable -Wno-unused-parameter -Werror -I/usr/src/azl/BUILD/shim-15.8/Cryptlib/OpenSSL -I/usr/src/azl/BUILD/shim-15.8/Cryptlib -I/usr/src/azl/BUILD/shim-15.8/Cryptlib/OpenSSL/Include/ -I/usr/src/azl/BUILD/shim-15.8/Cryptlib/OpenSSL/crypto -I/usr/src/azl/BUILD/shim-15.8/Cryptlib/Include -I/usr/src/azl/BUILD/shim-15.8/gnu-efi/inc -I/usr/src/azl/BUILD/shim-15.8/gnu-efi/inc/x86_64 -I/usr/src/azl/BUILD/shim-15.8/gnu-efi/inc/protocol -I/usr/src/azl/BUILD/shim-15.8/Cryptlib/OpenSSL/crypto/asn1 -I/usr/src/azl/BUILD/shim-15.8/Cryptlib/OpenSSL/crypto/evp -I/usr/src/azl/BUILD/shim-15.8/Cryptlib/OpenSSL/crypto/modes -I/usr/src/azl/BUILD/shim-15.8/Cryptlib/OpenSSL/crypto/include -isystem /usr/src/azl/BUILD/shim-15.8/include/system -isystem /usr/lib/gcc/x86_64-pc-linux-gnu/13.2.0/include -DL_ENDIAN -D_CRT_SECURE_NO_DEPRECATE -D_CRT_NONSTDC_NO_DEPRECATE -DOPENSSL_SMALL_FOOTPRINT -DPEDANTIC -DMDE_CPU_X64   -c -o crypto/comp/comp_lib.o /usr/src/azl/BUILD/shim-15.8/Cryptlib/OpenSSL/crypto/comp/comp_lib.c
#7 120.5 gcc -std=gnu11 -ggdb -ffreestanding -fmacro-prefix-map=/usr/src/azl/BUILD/shim-15.8/= -fno-stack-protector -fno-strict-aliasing -fpic -fshort-wchar -nostdinc -m64 -mno-mmx -mno-sse -mno-red-zone -maccumulate-outgoing-args -Os -Wall -Wextra -Wno-missing-field-initializers -Wno-empty-body -Wno-implicit-fallthrough -Wno-old-style-declaration -Wno-unused-but-set-variable -Wno-unused-parameter -Werror -I/usr/src/azl/BUILD/shim-15.8/Cryptlib/OpenSSL -I/usr/src/azl/BUILD/shim-15.8/Cryptlib -I/usr/src/azl/BUILD/shim-15.8/Cryptlib/OpenSSL/Include/ -I/usr/src/azl/BUILD/shim-15.8/Cryptlib/OpenSSL/crypto -I/usr/src/azl/BUILD/shim-15.8/Cryptlib/Include -I/usr/src/azl/BUILD/shim-15.8/gnu-efi/inc -I/usr/src/azl/BUILD/shim-15.8/gnu-efi/inc/x86_64 -I/usr/src/azl/BUILD/shim-15.8/gnu-efi/inc/protocol -I/usr/src/azl/BUILD/shim-15.8/Cryptlib/OpenSSL/crypto/asn1 -I/usr/src/azl/BUILD/shim-15.8/Cryptlib/OpenSSL/crypto/evp -I/usr/src/azl/BUILD/shim-15.8/Cryptlib/OpenSSL/crypto/modes -I/usr/src/azl/BUILD/shim-15.8/Cryptlib/OpenSSL/crypto/include -isystem /usr/src/azl/BUILD/shim-15.8/include/system -isystem /usr/lib/gcc/x86_64-pc-linux-gnu/13.2.0/include -DL_ENDIAN -D_CRT_SECURE_NO_DEPRECATE -D_CRT_NONSTDC_NO_DEPRECATE -DOPENSSL_SMALL_FOOTPRINT -DPEDANTIC -DMDE_CPU_X64   -c -o crypto/comp/comp_err.o /usr/src/azl/BUILD/shim-15.8/Cryptlib/OpenSSL/crypto/comp/comp_err.c
#7 120.5 gcc -std=gnu11 -ggdb -ffreestanding -fmacro-prefix-map=/usr/src/azl/BUILD/shim-15.8/= -fno-stack-protector -fno-strict-aliasing -fpic -fshort-wchar -nostdinc -m64 -mno-mmx -mno-sse -mno-red-zone -maccumulate-outgoing-args -Os -Wall -Wextra -Wno-missing-field-initializers -Wno-empty-body -Wno-implicit-fallthrough -Wno-old-style-declaration -Wno-unused-but-set-variable -Wno-unused-parameter -Werror -I/usr/src/azl/BUILD/shim-15.8/Cryptlib/OpenSSL -I/usr/src/azl/BUILD/shim-15.8/Cryptlib -I/usr/src/azl/BUILD/shim-15.8/Cryptlib/OpenSSL/Include/ -I/usr/src/azl/BUILD/shim-15.8/Cryptlib/OpenSSL/crypto -I/usr/src/azl/BUILD/shim-15.8/Cryptlib/Include -I/usr/src/azl/BUILD/shim-15.8/gnu-efi/inc -I/usr/src/azl/BUILD/shim-15.8/gnu-efi/inc/x86_64 -I/usr/src/azl/BUILD/shim-15.8/gnu-efi/inc/protocol -I/usr/src/azl/BUILD/shim-15.8/Cryptlib/OpenSSL/crypto/asn1 -I/usr/src/azl/BUILD/shim-15.8/Cryptlib/OpenSSL/crypto/evp -I/usr/src/azl/BUILD/shim-15.8/Cryptlib/OpenSSL/crypto/modes -I/usr/src/azl/BUILD/shim-15.8/Cryptlib/OpenSSL/crypto/include -isystem /usr/src/azl/BUILD/shim-15.8/include/system -isystem /usr/lib/gcc/x86_64-pc-linux-gnu/13.2.0/include -DL_ENDIAN -D_CRT_SECURE_NO_DEPRECATE -D_CRT_NONSTDC_NO_DEPRECATE -DOPENSSL_SMALL_FOOTPRINT -DPEDANTIC -DMDE_CPU_X64   -c -o crypto/comp/c_rle.o /usr/src/azl/BUILD/shim-15.8/Cryptlib/OpenSSL/crypto/comp/c_rle.c
#7 120.5 gcc -std=gnu11 -ggdb -ffreestanding -fmacro-prefix-map=/usr/src/azl/BUILD/shim-15.8/= -fno-stack-protector -fno-strict-aliasing -fpic -fshort-wchar -nostdinc -m64 -mno-mmx -mno-sse -mno-red-zone -maccumulate-outgoing-args -Os -Wall -Wextra -Wno-missing-field-initializers -Wno-empty-body -Wno-implicit-fallthrough -Wno-old-style-declaration -Wno-unused-but-set-variable -Wno-unused-parameter -Werror -I/usr/src/azl/BUILD/shim-15.8/Cryptlib/OpenSSL -I/usr/src/azl/BUILD/shim-15.8/Cryptlib -I/usr/src/azl/BUILD/shim-15.8/Cryptlib/OpenSSL/Include/ -I/usr/src/azl/BUILD/shim-15.8/Cryptlib/OpenSSL/crypto -I/usr/src/azl/BUILD/shim-15.8/Cryptlib/Include -I/usr/src/azl/BUILD/shim-15.8/gnu-efi/inc -I/usr/src/azl/BUILD/shim-15.8/gnu-efi/inc/x86_64 -I/usr/src/azl/BUILD/shim-15.8/gnu-efi/inc/protocol -I/usr/src/azl/BUILD/shim-15.8/Cryptlib/OpenSSL/crypto/asn1 -I/usr/src/azl/BUILD/shim-15.8/Cryptlib/OpenSSL/crypto/evp -I/usr/src/azl/BUILD/shim-15.8/Cryptlib/OpenSSL/crypto/modes -I/usr/src/azl/BUILD/shim-15.8/Cryptlib/OpenSSL/crypto/include -isystem /usr/src/azl/BUILD/shim-15.8/include/system -isystem /usr/lib/gcc/x86_64-pc-linux-gnu/13.2.0/include -DL_ENDIAN -D_CRT_SECURE_NO_DEPRECATE -D_CRT_NONSTDC_NO_DEPRECATE -DOPENSSL_SMALL_FOOTPRINT -DPEDANTIC -DMDE_CPU_X64   -c -o crypto/comp/c_zlib.o /usr/src/azl/BUILD/shim-15.8/Cryptlib/OpenSSL/crypto/comp/c_zlib.c
#7 120.6 gcc -std=gnu11 -ggdb -ffreestanding -fmacro-prefix-map=/usr/src/azl/BUILD/shim-15.8/= -fno-stack-protector -fno-strict-aliasing -fpic -fshort-wchar -nostdinc -m64 -mno-mmx -mno-sse -mno-red-zone -maccumulate-outgoing-args -Os -Wall -Wextra -Wno-missing-field-initializers -Wno-empty-body -Wno-implicit-fallthrough -Wno-old-style-declaration -Wno-unused-but-set-variable -Wno-unused-parameter -Werror -I/usr/src/azl/BUILD/shim-15.8/Cryptlib/OpenSSL -I/usr/src/azl/BUILD/shim-15.8/Cryptlib -I/usr/src/azl/BUILD/shim-15.8/Cryptlib/OpenSSL/Include/ -I/usr/src/azl/BUILD/shim-15.8/Cryptlib/OpenSSL/crypto -I/usr/src/azl/BUILD/shim-15.8/Cryptlib/Include -I/usr/src/azl/BUILD/shim-15.8/gnu-efi/inc -I/usr/src/azl/BUILD/shim-15.8/gnu-efi/inc/x86_64 -I/usr/src/azl/BUILD/shim-15.8/gnu-efi/inc/protocol -I/usr/src/azl/BUILD/shim-15.8/Cryptlib/OpenSSL/crypto/asn1 -I/usr/src/azl/BUILD/shim-15.8/Cryptlib/OpenSSL/crypto/evp -I/usr/src/azl/BUILD/shim-15.8/Cryptlib/OpenSSL/crypto/modes -I/usr/src/azl/BUILD/shim-15.8/Cryptlib/OpenSSL/crypto/include -isystem /usr/src/azl/BUILD/shim-15.8/include/system -isystem /usr/lib/gcc/x86_64-pc-linux-gnu/13.2.0/include -DL_ENDIAN -D_CRT_SECURE_NO_DEPRECATE -D_CRT_NONSTDC_NO_DEPRECATE -DOPENSSL_SMALL_FOOTPRINT -DPEDANTIC -DMDE_CPU_X64   -c -o crypto/ocsp/ocsp_asn.o /usr/src/azl/BUILD/shim-15.8/Cryptlib/OpenSSL/crypto/ocsp/ocsp_asn.c
#7 120.6 gcc -std=gnu11 -ggdb -ffreestanding -fmacro-prefix-map=/usr/src/azl/BUILD/shim-15.8/= -fno-stack-protector -fno-strict-aliasing -fpic -fshort-wchar -nostdinc -m64 -mno-mmx -mno-sse -mno-red-zone -maccumulate-outgoing-args -Os -Wall -Wextra -Wno-missing-field-initializers -Wno-empty-body -Wno-implicit-fallthrough -Wno-old-style-declaration -Wno-unused-but-set-variable -Wno-unused-parameter -Werror -I/usr/src/azl/BUILD/shim-15.8/Cryptlib/OpenSSL -I/usr/src/azl/BUILD/shim-15.8/Cryptlib -I/usr/src/azl/BUILD/shim-15.8/Cryptlib/OpenSSL/Include/ -I/usr/src/azl/BUILD/shim-15.8/Cryptlib/OpenSSL/crypto -I/usr/src/azl/BUILD/shim-15.8/Cryptlib/Include -I/usr/src/azl/BUILD/shim-15.8/gnu-efi/inc -I/usr/src/azl/BUILD/shim-15.8/gnu-efi/inc/x86_64 -I/usr/src/azl/BUILD/shim-15.8/gnu-efi/inc/protocol -I/usr/src/azl/BUILD/shim-15.8/Cryptlib/OpenSSL/crypto/asn1 -I/usr/src/azl/BUILD/shim-15.8/Cryptlib/OpenSSL/crypto/evp -I/usr/src/azl/BUILD/shim-15.8/Cryptlib/OpenSSL/crypto/modes -I/usr/src/azl/BUILD/shim-15.8/Cryptlib/OpenSSL/crypto/include -isystem /usr/src/azl/BUILD/shim-15.8/include/system -isystem /usr/lib/gcc/x86_64-pc-linux-gnu/13.2.0/include -DL_ENDIAN -D_CRT_SECURE_NO_DEPRECATE -D_CRT_NONSTDC_NO_DEPRECATE -DOPENSSL_SMALL_FOOTPRINT -DPEDANTIC -DMDE_CPU_X64   -c -o crypto/ocsp/ocsp_ext.o /usr/src/azl/BUILD/shim-15.8/Cryptlib/OpenSSL/crypto/ocsp/ocsp_ext.c
#7 120.8 gcc -std=gnu11 -ggdb -ffreestanding -fmacro-prefix-map=/usr/src/azl/BUILD/shim-15.8/= -fno-stack-protector -fno-strict-aliasing -fpic -fshort-wchar -nostdinc -m64 -mno-mmx -mno-sse -mno-red-zone -maccumulate-outgoing-args -Os -Wall -Wextra -Wno-missing-field-initializers -Wno-empty-body -Wno-implicit-fallthrough -Wno-old-style-declaration -Wno-unused-but-set-variable -Wno-unused-parameter -Werror -I/usr/src/azl/BUILD/shim-15.8/Cryptlib/OpenSSL -I/usr/src/azl/BUILD/shim-15.8/Cryptlib -I/usr/src/azl/BUILD/shim-15.8/Cryptlib/OpenSSL/Include/ -I/usr/src/azl/BUILD/shim-15.8/Cryptlib/OpenSSL/crypto -I/usr/src/azl/BUILD/shim-15.8/Cryptlib/Include -I/usr/src/azl/BUILD/shim-15.8/gnu-efi/inc -I/usr/src/azl/BUILD/shim-15.8/gnu-efi/inc/x86_64 -I/usr/src/azl/BUILD/shim-15.8/gnu-efi/inc/protocol -I/usr/src/azl/BUILD/shim-15.8/Cryptlib/OpenSSL/crypto/asn1 -I/usr/src/azl/BUILD/shim-15.8/Cryptlib/OpenSSL/crypto/evp -I/usr/src/azl/BUILD/shim-15.8/Cryptlib/OpenSSL/crypto/modes -I/usr/src/azl/BUILD/shim-15.8/Cryptlib/OpenSSL/crypto/include -isystem /usr/src/azl/BUILD/shim-15.8/include/system -isystem /usr/lib/gcc/x86_64-pc-linux-gnu/13.2.0/include -DL_ENDIAN -D_CRT_SECURE_NO_DEPRECATE -D_CRT_NONSTDC_NO_DEPRECATE -DOPENSSL_SMALL_FOOTPRINT -DPEDANTIC -DMDE_CPU_X64   -c -o crypto/ocsp/ocsp_ht.o /usr/src/azl/BUILD/shim-15.8/Cryptlib/OpenSSL/crypto/ocsp/ocsp_ht.c
#7 120.9 gcc -std=gnu11 -ggdb -ffreestanding -fmacro-prefix-map=/usr/src/azl/BUILD/shim-15.8/= -fno-stack-protector -fno-strict-aliasing -fpic -fshort-wchar -nostdinc -m64 -mno-mmx -mno-sse -mno-red-zone -maccumulate-outgoing-args -Os -Wall -Wextra -Wno-missing-field-initializers -Wno-empty-body -Wno-implicit-fallthrough -Wno-old-style-declaration -Wno-unused-but-set-variable -Wno-unused-parameter -Werror -I/usr/src/azl/BUILD/shim-15.8/Cryptlib/OpenSSL -I/usr/src/azl/BUILD/shim-15.8/Cryptlib -I/usr/src/azl/BUILD/shim-15.8/Cryptlib/OpenSSL/Include/ -I/usr/src/azl/BUILD/shim-15.8/Cryptlib/OpenSSL/crypto -I/usr/src/azl/BUILD/shim-15.8/Cryptlib/Include -I/usr/src/azl/BUILD/shim-15.8/gnu-efi/inc -I/usr/src/azl/BUILD/shim-15.8/gnu-efi/inc/x86_64 -I/usr/src/azl/BUILD/shim-15.8/gnu-efi/inc/protocol -I/usr/src/azl/BUILD/shim-15.8/Cryptlib/OpenSSL/crypto/asn1 -I/usr/src/azl/BUILD/shim-15.8/Cryptlib/OpenSSL/crypto/evp -I/usr/src/azl/BUILD/shim-15.8/Cryptlib/OpenSSL/crypto/modes -I/usr/src/azl/BUILD/shim-15.8/Cryptlib/OpenSSL/crypto/include -isystem /usr/src/azl/BUILD/shim-15.8/include/system -isystem /usr/lib/gcc/x86_64-pc-linux-gnu/13.2.0/include -DL_ENDIAN -D_CRT_SECURE_NO_DEPRECATE -D_CRT_NONSTDC_NO_DEPRECATE -DOPENSSL_SMALL_FOOTPRINT -DPEDANTIC -DMDE_CPU_X64   -c -o crypto/ocsp/ocsp_lib.o /usr/src/azl/BUILD/shim-15.8/Cryptlib/OpenSSL/crypto/ocsp/ocsp_lib.c
#7 121.0 gcc -std=gnu11 -ggdb -ffreestanding -fmacro-prefix-map=/usr/src/azl/BUILD/shim-15.8/= -fno-stack-protector -fno-strict-aliasing -fpic -fshort-wchar -nostdinc -m64 -mno-mmx -mno-sse -mno-red-zone -maccumulate-outgoing-args -Os -Wall -Wextra -Wno-missing-field-initializers -Wno-empty-body -Wno-implicit-fallthrough -Wno-old-style-declaration -Wno-unused-but-set-variable -Wno-unused-parameter -Werror -I/usr/src/azl/BUILD/shim-15.8/Cryptlib/OpenSSL -I/usr/src/azl/BUILD/shim-15.8/Cryptlib -I/usr/src/azl/BUILD/shim-15.8/Cryptlib/OpenSSL/Include/ -I/usr/src/azl/BUILD/shim-15.8/Cryptlib/OpenSSL/crypto -I/usr/src/azl/BUILD/shim-15.8/Cryptlib/Include -I/usr/src/azl/BUILD/shim-15.8/gnu-efi/inc -I/usr/src/azl/BUILD/shim-15.8/gnu-efi/inc/x86_64 -I/usr/src/azl/BUILD/shim-15.8/gnu-efi/inc/protocol -I/usr/src/azl/BUILD/shim-15.8/Cryptlib/OpenSSL/crypto/asn1 -I/usr/src/azl/BUILD/shim-15.8/Cryptlib/OpenSSL/crypto/evp -I/usr/src/azl/BUILD/shim-15.8/Cryptlib/OpenSSL/crypto/modes -I/usr/src/azl/BUILD/shim-15.8/Cryptlib/OpenSSL/crypto/include -isystem /usr/src/azl/BUILD/shim-15.8/include/system -isystem /usr/lib/gcc/x86_64-pc-linux-gnu/13.2.0/include -DL_ENDIAN -D_CRT_SECURE_NO_DEPRECATE -D_CRT_NONSTDC_NO_DEPRECATE -DOPENSSL_SMALL_FOOTPRINT -DPEDANTIC -DMDE_CPU_X64   -c -o crypto/ocsp/ocsp_cl.o /usr/src/azl/BUILD/shim-15.8/Cryptlib/OpenSSL/crypto/ocsp/ocsp_cl.c
#7 121.0 gcc -std=gnu11 -ggdb -ffreestanding -fmacro-prefix-map=/usr/src/azl/BUILD/shim-15.8/= -fno-stack-protector -fno-strict-aliasing -fpic -fshort-wchar -nostdinc -m64 -mno-mmx -mno-sse -mno-red-zone -maccumulate-outgoing-args -Os -Wall -Wextra -Wno-missing-field-initializers -Wno-empty-body -Wno-implicit-fallthrough -Wno-old-style-declaration -Wno-unused-but-set-variable -Wno-unused-parameter -Werror -I/usr/src/azl/BUILD/shim-15.8/Cryptlib/OpenSSL -I/usr/src/azl/BUILD/shim-15.8/Cryptlib -I/usr/src/azl/BUILD/shim-15.8/Cryptlib/OpenSSL/Include/ -I/usr/src/azl/BUILD/shim-15.8/Cryptlib/OpenSSL/crypto -I/usr/src/azl/BUILD/shim-15.8/Cryptlib/Include -I/usr/src/azl/BUILD/shim-15.8/gnu-efi/inc -I/usr/src/azl/BUILD/shim-15.8/gnu-efi/inc/x86_64 -I/usr/src/azl/BUILD/shim-15.8/gnu-efi/inc/protocol -I/usr/src/azl/BUILD/shim-15.8/Cryptlib/OpenSSL/crypto/asn1 -I/usr/src/azl/BUILD/shim-15.8/Cryptlib/OpenSSL/crypto/evp -I/usr/src/azl/BUILD/shim-15.8/Cryptlib/OpenSSL/crypto/modes -I/usr/src/azl/BUILD/shim-15.8/Cryptlib/OpenSSL/crypto/include -isystem /usr/src/azl/BUILD/shim-15.8/include/system -isystem /usr/lib/gcc/x86_64-pc-linux-gnu/13.2.0/include -DL_ENDIAN -D_CRT_SECURE_NO_DEPRECATE -D_CRT_NONSTDC_NO_DEPRECATE -DOPENSSL_SMALL_FOOTPRINT -DPEDANTIC -DMDE_CPU_X64   -c -o crypto/ocsp/ocsp_srv.o /usr/src/azl/BUILD/shim-15.8/Cryptlib/OpenSSL/crypto/ocsp/ocsp_srv.c
#7 121.2 gcc -std=gnu11 -ggdb -ffreestanding -fmacro-prefix-map=/usr/src/azl/BUILD/shim-15.8/= -fno-stack-protector -fno-strict-aliasing -fpic -fshort-wchar -nostdinc -m64 -mno-mmx -mno-sse -mno-red-zone -maccumulate-outgoing-args -Os -Wall -Wextra -Wno-missing-field-initializers -Wno-empty-body -Wno-implicit-fallthrough -Wno-old-style-declaration -Wno-unused-but-set-variable -Wno-unused-parameter -Werror -I/usr/src/azl/BUILD/shim-15.8/Cryptlib/OpenSSL -I/usr/src/azl/BUILD/shim-15.8/Cryptlib -I/usr/src/azl/BUILD/shim-15.8/Cryptlib/OpenSSL/Include/ -I/usr/src/azl/BUILD/shim-15.8/Cryptlib/OpenSSL/crypto -I/usr/src/azl/BUILD/shim-15.8/Cryptlib/Include -I/usr/src/azl/BUILD/shim-15.8/gnu-efi/inc -I/usr/src/azl/BUILD/shim-15.8/gnu-efi/inc/x86_64 -I/usr/src/azl/BUILD/shim-15.8/gnu-efi/inc/protocol -I/usr/src/azl/BUILD/shim-15.8/Cryptlib/OpenSSL/crypto/asn1 -I/usr/src/azl/BUILD/shim-15.8/Cryptlib/OpenSSL/crypto/evp -I/usr/src/azl/BUILD/shim-15.8/Cryptlib/OpenSSL/crypto/modes -I/usr/src/azl/BUILD/shim-15.8/Cryptlib/OpenSSL/crypto/include -isystem /usr/src/azl/BUILD/shim-15.8/include/system -isystem /usr/lib/gcc/x86_64-pc-linux-gnu/13.2.0/include -DL_ENDIAN -D_CRT_SECURE_NO_DEPRECATE -D_CRT_NONSTDC_NO_DEPRECATE -DOPENSSL_SMALL_FOOTPRINT -DPEDANTIC -DMDE_CPU_X64   -c -o crypto/ocsp/ocsp_prn.o /usr/src/azl/BUILD/shim-15.8/Cryptlib/OpenSSL/crypto/ocsp/ocsp_prn.c
#7 121.2 gcc -std=gnu11 -ggdb -ffreestanding -fmacro-prefix-map=/usr/src/azl/BUILD/shim-15.8/= -fno-stack-protector -fno-strict-aliasing -fpic -fshort-wchar -nostdinc -m64 -mno-mmx -mno-sse -mno-red-zone -maccumulate-outgoing-args -Os -Wall -Wextra -Wno-missing-field-initializers -Wno-empty-body -Wno-implicit-fallthrough -Wno-old-style-declaration -Wno-unused-but-set-variable -Wno-unused-parameter -Werror -I/usr/src/azl/BUILD/shim-15.8/Cryptlib/OpenSSL -I/usr/src/azl/BUILD/shim-15.8/Cryptlib -I/usr/src/azl/BUILD/shim-15.8/Cryptlib/OpenSSL/Include/ -I/usr/src/azl/BUILD/shim-15.8/Cryptlib/OpenSSL/crypto -I/usr/src/azl/BUILD/shim-15.8/Cryptlib/Include -I/usr/src/azl/BUILD/shim-15.8/gnu-efi/inc -I/usr/src/azl/BUILD/shim-15.8/gnu-efi/inc/x86_64 -I/usr/src/azl/BUILD/shim-15.8/gnu-efi/inc/protocol -I/usr/src/azl/BUILD/shim-15.8/Cryptlib/OpenSSL/crypto/asn1 -I/usr/src/azl/BUILD/shim-15.8/Cryptlib/OpenSSL/crypto/evp -I/usr/src/azl/BUILD/shim-15.8/Cryptlib/OpenSSL/crypto/modes -I/usr/src/azl/BUILD/shim-15.8/Cryptlib/OpenSSL/crypto/include -isystem /usr/src/azl/BUILD/shim-15.8/include/system -isystem /usr/lib/gcc/x86_64-pc-linux-gnu/13.2.0/include -DL_ENDIAN -D_CRT_SECURE_NO_DEPRECATE -D_CRT_NONSTDC_NO_DEPRECATE -DOPENSSL_SMALL_FOOTPRINT -DPEDANTIC -DMDE_CPU_X64   -c -o crypto/ocsp/ocsp_vfy.o /usr/src/azl/BUILD/shim-15.8/Cryptlib/OpenSSL/crypto/ocsp/ocsp_vfy.c
#7 121.4 gcc -std=gnu11 -ggdb -ffreestanding -fmacro-prefix-map=/usr/src/azl/BUILD/shim-15.8/= -fno-stack-protector -fno-strict-aliasing -fpic -fshort-wchar -nostdinc -m64 -mno-mmx -mno-sse -mno-red-zone -maccumulate-outgoing-args -Os -Wall -Wextra -Wno-missing-field-initializers -Wno-empty-body -Wno-implicit-fallthrough -Wno-old-style-declaration -Wno-unused-but-set-variable -Wno-unused-parameter -Werror -I/usr/src/azl/BUILD/shim-15.8/Cryptlib/OpenSSL -I/usr/src/azl/BUILD/shim-15.8/Cryptlib -I/usr/src/azl/BUILD/shim-15.8/Cryptlib/OpenSSL/Include/ -I/usr/src/azl/BUILD/shim-15.8/Cryptlib/OpenSSL/crypto -I/usr/src/azl/BUILD/shim-15.8/Cryptlib/Include -I/usr/src/azl/BUILD/shim-15.8/gnu-efi/inc -I/usr/src/azl/BUILD/shim-15.8/gnu-efi/inc/x86_64 -I/usr/src/azl/BUILD/shim-15.8/gnu-efi/inc/protocol -I/usr/src/azl/BUILD/shim-15.8/Cryptlib/OpenSSL/crypto/asn1 -I/usr/src/azl/BUILD/shim-15.8/Cryptlib/OpenSSL/crypto/evp -I/usr/src/azl/BUILD/shim-15.8/Cryptlib/OpenSSL/crypto/modes -I/usr/src/azl/BUILD/shim-15.8/Cryptlib/OpenSSL/crypto/include -isystem /usr/src/azl/BUILD/shim-15.8/include/system -isystem /usr/lib/gcc/x86_64-pc-linux-gnu/13.2.0/include -DL_ENDIAN -D_CRT_SECURE_NO_DEPRECATE -D_CRT_NONSTDC_NO_DEPRECATE -DOPENSSL_SMALL_FOOTPRINT -DPEDANTIC -DMDE_CPU_X64   -c -o crypto/ocsp/ocsp_err.o /usr/src/azl/BUILD/shim-15.8/Cryptlib/OpenSSL/crypto/ocsp/ocsp_err.c
#7 121.4 gcc -std=gnu11 -ggdb -ffreestanding -fmacro-prefix-map=/usr/src/azl/BUILD/shim-15.8/= -fno-stack-protector -fno-strict-aliasing -fpic -fshort-wchar -nostdinc -m64 -mno-mmx -mno-sse -mno-red-zone -maccumulate-outgoing-args -Os -Wall -Wextra -Wno-missing-field-initializers -Wno-empty-body -Wno-implicit-fallthrough -Wno-old-style-declaration -Wno-unused-but-set-variable -Wno-unused-parameter -Werror -I/usr/src/azl/BUILD/shim-15.8/Cryptlib/OpenSSL -I/usr/src/azl/BUILD/shim-15.8/Cryptlib -I/usr/src/azl/BUILD/shim-15.8/Cryptlib/OpenSSL/Include/ -I/usr/src/azl/BUILD/shim-15.8/Cryptlib/OpenSSL/crypto -I/usr/src/azl/BUILD/shim-15.8/Cryptlib/Include -I/usr/src/azl/BUILD/shim-15.8/gnu-efi/inc -I/usr/src/azl/BUILD/shim-15.8/gnu-efi/inc/x86_64 -I/usr/src/azl/BUILD/shim-15.8/gnu-efi/inc/protocol -I/usr/src/azl/BUILD/shim-15.8/Cryptlib/OpenSSL/crypto/asn1 -I/usr/src/azl/BUILD/shim-15.8/Cryptlib/OpenSSL/crypto/evp -I/usr/src/azl/BUILD/shim-15.8/Cryptlib/OpenSSL/crypto/modes -I/usr/src/azl/BUILD/shim-15.8/Cryptlib/OpenSSL/crypto/include -isystem /usr/src/azl/BUILD/shim-15.8/include/system -isystem /usr/lib/gcc/x86_64-pc-linux-gnu/13.2.0/include -DL_ENDIAN -D_CRT_SECURE_NO_DEPRECATE -D_CRT_NONSTDC_NO_DEPRECATE -DOPENSSL_SMALL_FOOTPRINT -DPEDANTIC -DMDE_CPU_X64   -c -o crypto/cmac/cmac.o /usr/src/azl/BUILD/shim-15.8/Cryptlib/OpenSSL/crypto/cmac/cmac.c
#7 121.5 gcc -std=gnu11 -ggdb -ffreestanding -fmacro-prefix-map=/usr/src/azl/BUILD/shim-15.8/= -fno-stack-protector -fno-strict-aliasing -fpic -fshort-wchar -nostdinc -m64 -mno-mmx -mno-sse -mno-red-zone -maccumulate-outgoing-args -Os -Wall -Wextra -Wno-missing-field-initializers -Wno-empty-body -Wno-implicit-fallthrough -Wno-old-style-declaration -Wno-unused-but-set-variable -Wno-unused-parameter -Werror -I/usr/src/azl/BUILD/shim-15.8/Cryptlib/OpenSSL -I/usr/src/azl/BUILD/shim-15.8/Cryptlib -I/usr/src/azl/BUILD/shim-15.8/Cryptlib/OpenSSL/Include/ -I/usr/src/azl/BUILD/shim-15.8/Cryptlib/OpenSSL/crypto -I/usr/src/azl/BUILD/shim-15.8/Cryptlib/Include -I/usr/src/azl/BUILD/shim-15.8/gnu-efi/inc -I/usr/src/azl/BUILD/shim-15.8/gnu-efi/inc/x86_64 -I/usr/src/azl/BUILD/shim-15.8/gnu-efi/inc/protocol -I/usr/src/azl/BUILD/shim-15.8/Cryptlib/OpenSSL/crypto/asn1 -I/usr/src/azl/BUILD/shim-15.8/Cryptlib/OpenSSL/crypto/evp -I/usr/src/azl/BUILD/shim-15.8/Cryptlib/OpenSSL/crypto/modes -I/usr/src/azl/BUILD/shim-15.8/Cryptlib/OpenSSL/crypto/include -isystem /usr/src/azl/BUILD/shim-15.8/include/system -isystem /usr/lib/gcc/x86_64-pc-linux-gnu/13.2.0/include -DL_ENDIAN -D_CRT_SECURE_NO_DEPRECATE -D_CRT_NONSTDC_NO_DEPRECATE -DOPENSSL_SMALL_FOOTPRINT -DPEDANTIC -DMDE_CPU_X64   -c -o crypto/cmac/cm_ameth.o /usr/src/azl/BUILD/shim-15.8/Cryptlib/OpenSSL/crypto/cmac/cm_ameth.c
#7 121.6 gcc -std=gnu11 -ggdb -ffreestanding -fmacro-prefix-map=/usr/src/azl/BUILD/shim-15.8/= -fno-stack-protector -fno-strict-aliasing -fpic -fshort-wchar -nostdinc -m64 -mno-mmx -mno-sse -mno-red-zone -maccumulate-outgoing-args -Os -Wall -Wextra -Wno-missing-field-initializers -Wno-empty-body -Wno-implicit-fallthrough -Wno-old-style-declaration -Wno-unused-but-set-variable -Wno-unused-parameter -Werror -I/usr/src/azl/BUILD/shim-15.8/Cryptlib/OpenSSL -I/usr/src/azl/BUILD/shim-15.8/Cryptlib -I/usr/src/azl/BUILD/shim-15.8/Cryptlib/OpenSSL/Include/ -I/usr/src/azl/BUILD/shim-15.8/Cryptlib/OpenSSL/crypto -I/usr/src/azl/BUILD/shim-15.8/Cryptlib/Include -I/usr/src/azl/BUILD/shim-15.8/gnu-efi/inc -I/usr/src/azl/BUILD/shim-15.8/gnu-efi/inc/x86_64 -I/usr/src/azl/BUILD/shim-15.8/gnu-efi/inc/protocol -I/usr/src/azl/BUILD/shim-15.8/Cryptlib/OpenSSL/crypto/asn1 -I/usr/src/azl/BUILD/shim-15.8/Cryptlib/OpenSSL/crypto/evp -I/usr/src/azl/BUILD/shim-15.8/Cryptlib/OpenSSL/crypto/modes -I/usr/src/azl/BUILD/shim-15.8/Cryptlib/OpenSSL/crypto/include -isystem /usr/src/azl/BUILD/shim-15.8/include/system -isystem /usr/lib/gcc/x86_64-pc-linux-gnu/13.2.0/include -DL_ENDIAN -D_CRT_SECURE_NO_DEPRECATE -D_CRT_NONSTDC_NO_DEPRECATE -DOPENSSL_SMALL_FOOTPRINT -DPEDANTIC -DMDE_CPU_X64   -c -o crypto/cmac/cm_pmeth.o /usr/src/azl/BUILD/shim-15.8/Cryptlib/OpenSSL/crypto/cmac/cm_pmeth.c
#7 121.7 ar rcs libopenssl.a crypto/cryptlib.o crypto/mem.o crypto/mem_clr.o crypto/mem_dbg.o crypto/cversion.o crypto/ex_data.o crypto/cpt_err.o crypto/ebcdic.o crypto/uid.o crypto/o_time.o crypto/o_str.o crypto/o_dir.o crypto/o_fips.o crypto/o_init.o crypto/fips_ers.o crypto/md5/md5_dgst.o crypto/md5/md5_one.o crypto/sha/sha_dgst.o crypto/sha/sha1dgst.o crypto/sha/sha_one.o crypto/sha/sha1_one.o crypto/sha/sha256.o crypto/sha/sha512.o crypto/hmac/hmac.o crypto/hmac/hm_ameth.o crypto/hmac/hm_pmeth.o crypto/rc4/rc4_enc.o crypto/rc4/rc4_skey.o crypto/rc4/rc4_utl.o crypto/aes/aes_misc.o crypto/aes/aes_ecb.o crypto/aes/aes_cfb.o crypto/aes/aes_ofb.o crypto/aes/aes_ctr.o crypto/aes/aes_ige.o crypto/aes/aes_wrap.o crypto/aes/aes_core.o crypto/aes/aes_cbc.o crypto/modes/cbc128.o crypto/modes/ctr128.o crypto/modes/cts128.o crypto/modes/cfb128.o crypto/modes/ofb128.o crypto/modes/gcm128.o crypto/modes/ccm128.o crypto/modes/xts128.o crypto/modes/wrap128.o crypto/bn/bn_add.o crypto/bn/bn_div.o crypto/bn/bn_exp.o crypto/bn/bn_lib.o crypto/bn/bn_ctx.o crypto/bn/bn_mul.o crypto/bn/bn_mod.o crypto/bn/bn_print.o crypto/bn/bn_rand.o crypto/bn/bn_shift.o crypto/bn/bn_word.o crypto/bn/bn_blind.o crypto/bn/bn_kron.o crypto/bn/bn_sqrt.o crypto/bn/bn_gcd.o crypto/bn/bn_prime.o crypto/bn/bn_err.o crypto/bn/bn_sqr.o crypto/bn/bn_asm.o crypto/bn/bn_recp.o crypto/bn/bn_mont.o crypto/bn/bn_mpi.o crypto/bn/bn_exp2.o crypto/bn/bn_gf2m.o crypto/bn/bn_nist.o crypto/bn/bn_depr.o crypto/bn/bn_x931p.o crypto/bn/bn_const.o crypto/rsa/rsa_eay.o crypto/rsa/rsa_gen.o crypto/rsa/rsa_lib.o crypto/rsa/rsa_sign.o crypto/rsa/rsa_saos.o crypto/rsa/rsa_err.o crypto/rsa/rsa_pk1.o crypto/rsa/rsa_ssl.o crypto/rsa/rsa_none.o crypto/rsa/rsa_oaep.o crypto/rsa/rsa_chk.o crypto/rsa/rsa_null.o crypto/rsa/rsa_pss.o crypto/rsa/rsa_x931.o crypto/rsa/rsa_asn1.o crypto/rsa/rsa_depr.o crypto/rsa/rsa_ameth.o crypto/rsa/rsa_prn.o crypto/rsa/rsa_pmeth.o crypto/rsa/rsa_crpt.o crypto/dso/dso_dl.o crypto/dso/dso_dlfcn.o crypto/dso/dso_err.o crypto/dso/dso_lib.o crypto/dso/dso_null.o crypto/dso/dso_openssl.o crypto/dso/dso_win32.o crypto/dso/dso_vms.o crypto/dso/dso_beos.o crypto/dh/dh_asn1.o crypto/dh/dh_gen.o crypto/dh/dh_key.o crypto/dh/dh_lib.o crypto/dh/dh_check.o crypto/dh/dh_err.o crypto/dh/dh_depr.o crypto/dh/dh_ameth.o crypto/dh/dh_pmeth.o crypto/dh/dh_prn.o crypto/dh/dh_rfc5114.o crypto/buffer/buffer.o crypto/buffer/buf_str.o crypto/buffer/buf_err.o crypto/bio/bio_lib.o crypto/bio/bio_cb.o crypto/bio/bio_err.o crypto/bio/bss_mem.o crypto/bio/bss_null.o crypto/bio/bss_fd.o crypto/bio/bss_file.o crypto/bio/bss_sock.o crypto/bio/bss_conn.o crypto/bio/bf_null.o crypto/bio/bf_buff.o crypto/bio/b_dump.o crypto/bio/b_print.o crypto/bio/b_sock.o crypto/bio/bss_acpt.o crypto/bio/bf_nbio.o crypto/bio/bss_log.o crypto/bio/bss_bio.o crypto/bio/bss_dgram.o crypto/stack/stack.o crypto/lhash/lhash.o crypto/lhash/lh_stats.o crypto/rand/md_rand.o crypto/rand/randfile.o crypto/rand/rand_lib.o crypto/rand/rand_err.o crypto/rand/rand_unix.o crypto/err/err.o crypto/err/err_all.o crypto/err/err_prn.o crypto/objects/o_names.o crypto/objects/obj_dat.o crypto/objects/obj_lib.o crypto/objects/obj_err.o crypto/objects/obj_xref.o crypto/evp/encode.o crypto/evp/digest.o crypto/evp/evp_enc.o crypto/evp/evp_key.o crypto/evp/evp_acnf.o crypto/evp/evp_cnf.o crypto/evp/e_des.o crypto/evp/e_bf.o crypto/evp/e_idea.o crypto/evp/e_des3.o crypto/evp/e_camellia.o crypto/evp/e_rc4.o crypto/evp/e_aes.o crypto/evp/names.o crypto/evp/e_seed.o crypto/evp/e_xcbc_d.o crypto/evp/e_rc2.o crypto/evp/e_cast.o crypto/evp/e_rc5.o crypto/evp/m_null.o crypto/evp/m_md2.o crypto/evp/m_md4.o crypto/evp/m_md5.o crypto/evp/m_sha.o crypto/evp/m_sha1.o crypto/evp/m_wp.o crypto/evp/m_dss.o crypto/evp/m_dss1.o crypto/evp/m_mdc2.o crypto/evp/m_ripemd.o crypto/evp/m_ecdsa.o crypto/evp/p_open.o crypto/evp/p_seal.o crypto/evp/p_sign.o crypto/evp/p_verify.o crypto/evp/p_lib.o crypto/evp/p_enc.o crypto/evp/p_dec.o crypto/evp/bio_md.o crypto/evp/bio_b64.o crypto/evp/bio_enc.o crypto/evp/evp_err.o crypto/evp/e_null.o crypto/evp/c_all.o crypto/evp/c_allc.o crypto/evp/c_alld.o crypto/evp/evp_lib.o crypto/evp/bio_ok.o crypto/evp/evp_pkey.o crypto/evp/evp_pbe.o crypto/evp/p5_crpt.o crypto/evp/p5_crpt2.o crypto/evp/e_old.o crypto/evp/pmeth_lib.o crypto/evp/pmeth_fn.o crypto/evp/pmeth_gn.o crypto/evp/m_sigver.o crypto/evp/e_aes_cbc_hmac_sha1.o crypto/evp/e_aes_cbc_hmac_sha256.o crypto/evp/e_rc4_hmac_md5.o crypto/asn1/a_object.o crypto/asn1/a_bitstr.o crypto/asn1/a_utctm.o crypto/asn1/a_gentm.o crypto/asn1/a_time.o crypto/asn1/a_int.o crypto/asn1/a_octet.o crypto/asn1/a_print.o crypto/asn1/a_type.o crypto/asn1/a_set.o crypto/asn1/a_dup.o crypto/asn1/a_d2i_fp.o crypto/asn1/a_i2d_fp.o crypto/asn1/a_enum.o crypto/asn1/a_utf8.o crypto/asn1/a_sign.o crypto/asn1/a_digest.o crypto/asn1/a_verify.o crypto/asn1/a_mbstr.o crypto/asn1/a_strex.o crypto/asn1/x_algor.o crypto/asn1/x_val.o crypto/asn1/x_pubkey.o crypto/asn1/x_sig.o crypto/asn1/x_req.o crypto/asn1/x_attrib.o crypto/asn1/x_bignum.o crypto/asn1/x_long.o crypto/asn1/x_name.o crypto/asn1/x_x509.o crypto/asn1/x_x509a.o crypto/asn1/x_crl.o crypto/asn1/x_info.o crypto/asn1/x_spki.o crypto/asn1/nsseq.o crypto/asn1/x_nx509.o crypto/asn1/d2i_pu.o crypto/asn1/d2i_pr.o crypto/asn1/i2d_pu.o crypto/asn1/i2d_pr.o crypto/asn1/t_req.o crypto/asn1/t_x509.o crypto/asn1/t_x509a.o crypto/asn1/t_crl.o crypto/asn1/t_pkey.o crypto/asn1/t_spki.o crypto/asn1/t_bitst.o crypto/asn1/tasn_new.o crypto/asn1/tasn_fre.o crypto/asn1/tasn_enc.o crypto/asn1/tasn_dec.o crypto/asn1/tasn_utl.o crypto/asn1/tasn_typ.o crypto/asn1/tasn_prn.o crypto/asn1/ameth_lib.o crypto/asn1/f_int.o crypto/asn1/f_string.o crypto/asn1/n_pkey.o crypto/asn1/f_enum.o crypto/asn1/x_pkey.o crypto/asn1/a_bool.o crypto/asn1/x_exten.o crypto/asn1/bio_asn1.o crypto/asn1/bio_ndef.o crypto/asn1/asn_mime.o crypto/asn1/asn1_gen.o crypto/asn1/asn1_par.o crypto/asn1/asn1_lib.o crypto/asn1/asn1_err.o crypto/asn1/a_bytes.o crypto/asn1/a_strnid.o crypto/asn1/evp_asn1.o crypto/asn1/asn_pack.o crypto/asn1/p5_pbe.o crypto/asn1/p5_pbev2.o crypto/asn1/p8_pkey.o crypto/asn1/asn_moid.o crypto/pem/pem_sign.o crypto/pem/pem_seal.o crypto/pem/pem_info.o crypto/pem/pem_lib.o crypto/pem/pem_all.o crypto/pem/pem_err.o crypto/pem/pem_x509.o crypto/pem/pem_xaux.o crypto/pem/pem_oth.o crypto/pem/pem_pk8.o crypto/pem/pem_pkey.o crypto/pem/pvkfmt.o crypto/x509/x509_def.o crypto/x509/x509_d2.o crypto/x509/x509_r2x.o crypto/x509/x509_cmp.o crypto/x509/x509_obj.o crypto/x509/x509_req.o crypto/x509/x509spki.o crypto/x509/x509_vfy.o crypto/x509/x509_set.o crypto/x509/x509cset.o crypto/x509/x509rset.o crypto/x509/x509_err.o crypto/x509/x509name.o crypto/x509/x509_v3.o crypto/x509/x509_ext.o crypto/x509/x509_att.o crypto/x509/x509type.o crypto/x509/x509_lu.o crypto/x509/x_all.o crypto/x509/x509_txt.o crypto/x509/x509_trs.o crypto/x509/x509_vpm.o crypto/x509v3/v3_bcons.o crypto/x509v3/v3_bitst.o crypto/x509v3/v3_conf.o crypto/x509v3/v3_extku.o crypto/x509v3/v3_ia5.o crypto/x509v3/v3_lib.o crypto/x509v3/v3_prn.o crypto/x509v3/v3_utl.o crypto/x509v3/v3err.o crypto/x509v3/v3_genn.o crypto/x509v3/v3_alt.o crypto/x509v3/v3_skey.o crypto/x509v3/v3_akey.o crypto/x509v3/v3_pku.o crypto/x509v3/v3_int.o crypto/x509v3/v3_enum.o crypto/x509v3/v3_sxnet.o crypto/x509v3/v3_cpols.o crypto/x509v3/v3_crld.o crypto/x509v3/v3_purp.o crypto/x509v3/v3_info.o crypto/x509v3/v3_ocsp.o crypto/x509v3/v3_akeya.o crypto/x509v3/v3_pmaps.o crypto/x509v3/v3_pcons.o crypto/x509v3/v3_ncons.o crypto/x509v3/v3_pcia.o crypto/x509v3/v3_pci.o crypto/x509v3/pcy_cache.o crypto/x509v3/pcy_node.o crypto/x509v3/pcy_data.o crypto/x509v3/pcy_map.o crypto/x509v3/pcy_tree.o crypto/x509v3/pcy_lib.o crypto/x509v3/v3_asid.o crypto/x509v3/v3_addr.o crypto/conf/conf_err.o crypto/conf/conf_lib.o crypto/conf/conf_api.o crypto/conf/conf_def.o crypto/conf/conf_mod.o crypto/conf/conf_mall.o crypto/conf/conf_sap.o crypto/txt_db/txt_db.o crypto/pkcs7/pk7_asn1.o crypto/pkcs7/pk7_lib.o crypto/pkcs7/pkcs7err.o crypto/pkcs7/pk7_doit.o crypto/pkcs7/pk7_smime.o crypto/pkcs7/pk7_attr.o crypto/pkcs7/pk7_mime.o crypto/pkcs7/bio_pk7.o crypto/pkcs12/p12_add.o crypto/pkcs12/p12_asn.o crypto/pkcs12/p12_attr.o crypto/pkcs12/p12_crpt.o crypto/pkcs12/p12_crt.o crypto/pkcs12/p12_decr.o crypto/pkcs12/p12_init.o crypto/pkcs12/p12_key.o crypto/pkcs12/p12_kiss.o crypto/pkcs12/p12_mutl.o crypto/pkcs12/p12_utl.o crypto/pkcs12/p12_npas.o crypto/pkcs12/pk12err.o crypto/pkcs12/p12_p8d.o crypto/pkcs12/p12_p8e.o crypto/comp/comp_lib.o crypto/comp/comp_err.o crypto/comp/c_rle.o crypto/comp/c_zlib.o crypto/ocsp/ocsp_asn.o crypto/ocsp/ocsp_ext.o crypto/ocsp/ocsp_ht.o crypto/ocsp/ocsp_lib.o crypto/ocsp/ocsp_cl.o crypto/ocsp/ocsp_srv.o crypto/ocsp/ocsp_prn.o crypto/ocsp/ocsp_vfy.o crypto/ocsp/ocsp_err.o crypto/cmac/cmac.o crypto/cmac/cm_ameth.o crypto/cmac/cm_pmeth.o 
#7 121.8 make[1]: Leaving directory '/usr/src/azl/BUILD/shim-15.8/build-x64/Cryptlib/OpenSSL'
#7 121.8 ld -o shimx64.so --hash-style=sysv -nostdlib -znocombreloc -T /usr/src/azl/BUILD/shim-15.8/elf_x86_64_efi.lds -shared -Bsymbolic -Lgnu-efi/x86_64/gnuefi -Lgnu-efi/x86_64/lib -LCryptlib -LCryptlib/OpenSSL gnu-efi/x86_64/gnuefi/crt0-efi-x86_64.o --build-id=sha1  --no-undefined shim.o globals.o mok.o netboot.o cert.o replacements.o tpm.o version.o errlog.o sbat.o sbat_data.o sbat_var.o pe.o pe-relocate.o httpboot.o csv.o load-options.o Cryptlib/libcryptlib.a Cryptlib/OpenSSL/libopenssl.a lib/lib.a gnu-efi/x86_64/lib/libefi.a gnu-efi/x86_64/gnuefi/libgnuefi.a -lefi -lgnuefi --start-group Cryptlib/libcryptlib.a Cryptlib/OpenSSL/libopenssl.a --end-group /usr/lib/gcc/x86_64-pc-linux-gnu/13.2.0/libgcc.a lib/lib.a
#7 121.8 ld -o mmx64.so --hash-style=sysv -nostdlib -znocombreloc -T /usr/src/azl/BUILD/shim-15.8/elf_x86_64_efi.lds -shared -Bsymbolic -Lgnu-efi/x86_64/gnuefi -Lgnu-efi/x86_64/lib -LCryptlib -LCryptlib/OpenSSL gnu-efi/x86_64/gnuefi/crt0-efi-x86_64.o --build-id=sha1  --no-undefined MokManager.o PasswordCrypt.o crypt_blowfish.o errlog.o sbat_data.o globals.o Cryptlib/libcryptlib.a Cryptlib/OpenSSL/libopenssl.a lib/lib.a gnu-efi/x86_64/lib/libefi.a gnu-efi/x86_64/gnuefi/libgnuefi.a -lefi -lgnuefi --start-group Cryptlib/libcryptlib.a Cryptlib/OpenSSL/libopenssl.a --end-group /usr/lib/gcc/x86_64-pc-linux-gnu/13.2.0/libgcc.a lib/lib.a
#7 122.0 ld -o fbx64.so --hash-style=sysv -nostdlib -znocombreloc -T /usr/src/azl/BUILD/shim-15.8/elf_x86_64_efi.lds -shared -Bsymbolic -Lgnu-efi/x86_64/gnuefi -Lgnu-efi/x86_64/lib -LCryptlib -LCryptlib/OpenSSL gnu-efi/x86_64/gnuefi/crt0-efi-x86_64.o --build-id=sha1  --no-undefined fallback.o tpm.o errlog.o sbat_data.o globals.o Cryptlib/libcryptlib.a Cryptlib/OpenSSL/libopenssl.a lib/lib.a gnu-efi/x86_64/lib/libefi.a gnu-efi/x86_64/gnuefi/libgnuefi.a -lefi -lgnuefi --start-group Cryptlib/libcryptlib.a Cryptlib/OpenSSL/libopenssl.a --end-group /usr/lib/gcc/x86_64-pc-linux-gnu/13.2.0/libgcc.a lib/lib.a
#7 122.0 objcopy -D -j .text -j .sdata -j .data -j .data.ident \
#7 122.0 	-j .dynamic -j .rodata -j .rel* \
#7 122.0 	-j .rela* -j .dyn -j .reloc -j .eh_frame \
#7 122.0 	-j .vendor_cert -j .sbat -j .sbatlevel \
#7 122.0 	--target efi-app-x86_64 mmx64.so mmx64.efi
#7 122.0 objcopy -D -j .text -j .sdata -j .data -j .data.ident \
#7 122.0 	-j .dynamic -j .rodata -j .rel* \
#7 122.0 	-j .rela* -j .dyn -j .reloc -j .eh_frame \
#7 122.0 	-j .vendor_cert -j .sbat -j .sbatlevel \
#7 122.0 	--target efi-app-x86_64 shimx64.so shimx64.efi
#7 122.0 ./post-process-pe -vv  mmx64.efi
#7 122.0 ./post-process-pe -vv  shimx64.efi
#7 122.0 objcopy -D -j .text -j .sdata -j .data \
#7 122.0 	-j .dynamic -j .rodata -j .rel* \
#7 122.0 	-j .rela* -j .dyn -j .reloc -j .eh_frame -j .sbat \
#7 122.0 	-j .sbatlevel \
#7 122.0 	-j .debug_info -j .debug_abbrev -j .debug_aranges \
#7 122.0 	-j .debug_line -j .debug_str -j .debug_ranges \
#7 122.0 	-j .note.gnu.build-id \
#7 122.0 	shimx64.so shimx64.efi.debug
#7 122.0 objcopy -D -j .text -j .sdata -j .data \
#7 122.0 	-j .dynamic -j .rodata -j .rel* \
#7 122.0 	-j .rela* -j .dyn -j .reloc -j .eh_frame -j .sbat \
#7 122.0 	-j .sbatlevel \
#7 122.0 	-j .debug_info -j .debug_abbrev -j .debug_aranges \
#7 122.0 	-j .debug_line -j .debug_str -j .debug_ranges \
#7 122.0 	-j .note.gnu.build-id \
#7 122.0 	mmx64.so mmx64.efi.debug
#7 122.0 objcopy -D -j .text -j .sdata -j .data \
#7 122.0 	-j .dynamic -j .rodata -j .rel* \
#7 122.0 	-j .rela* -j .dyn -j .reloc -j .eh_frame -j .sbat \
#7 122.0 	-j .sbatlevel \
#7 122.0 	-j .debug_info -j .debug_abbrev -j .debug_aranges \
#7 122.0 	-j .debug_line -j .debug_str -j .debug_ranges \
#7 122.0 	-j .note.gnu.build-id \
#7 122.0 	fbx64.so fbx64.efi.debug
#7 122.0 pesign -i shimx64.efi -P -h > shimx64.hash
#7 122.1 objcopy -D -j .text -j .sdata -j .data -j .data.ident \
#7 122.1 	-j .dynamic -j .rodata -j .rel* \
#7 122.1 	-j .rela* -j .dyn -j .reloc -j .eh_frame \
#7 122.1 	-j .vendor_cert -j .sbat -j .sbatlevel \
#7 122.1 	--target efi-app-x86_64 fbx64.so fbx64.efi
#7 122.1 ./post-process-pe -vv  fbx64.efi
#7 122.1 + cd ..
#7 122.1 + RPM_EC=0
#7 122.1 ++ jobs -p
#7 122.1 + exit 0
#7 122.1 Executing(%install): /bin/sh -e /var/tmp/rpm-tmp.RjqZ8l
#7 122.1 + umask 022
#7 122.1 + cd /usr/src/azl/BUILD
#7 122.1 + /bin/rm -rf /usr/src/azl/BUILDROOT/shim-unsigned-x64-15.8-3.azl3.x86_64
#7 122.1 + /bin/mkdir -p /usr/src/azl/BUILDROOT
#7 122.1 + /bin/mkdir /usr/src/azl/BUILDROOT/shim-unsigned-x64-15.8-3.azl3.x86_64
#7 122.1 + cd shim-15.8
#7 122.1 ++ cat commit
#7 122.1 + COMMITID=5914984a1ffeab841f482c791426d7ca9935a5e6
#7 122.1 + MAKEFLAGS='TOPDIR=.. -f ../Makefile COMMITID=5914984a1ffeab841f482c791426d7ca9935a5e6 '
#7 122.1 + MAKEFLAGS+='EFIDIR=azurelinux PKGNAME=shim '
#7 122.1 + MAKEFLAGS+='ENABLE_SHIM_HASH=true '
#7 122.1 + '[' -f /usr/src/azl/SOURCES/azurelinux-ca-20230216.der ']'
#7 122.1 + MAKEFLAGS='TOPDIR=.. -f ../Makefile COMMITID=5914984a1ffeab841f482c791426d7ca9935a5e6 EFIDIR=azurelinux PKGNAME=shim ENABLE_SHIM_HASH=true  VENDOR_CERT_FILE=/usr/src/azl/SOURCES/azurelinux-ca-20230216.der'
#7 122.1 + cd build-x64
#7 122.1 + make TOPDIR=.. -f ../Makefile COMMITID=5914984a1ffeab841f482c791426d7ca9935a5e6 EFIDIR=azurelinux PKGNAME=shim ENABLE_SHIM_HASH=true VENDOR_CERT_FILE=/usr/src/azl/SOURCES/azurelinux-ca-20230216.der 'DEFAULT_LOADER=\\\\grubx64.efi' DESTDIR=/usr/src/azl/BUILDROOT/shim-unsigned-x64-15.8-3.azl3.x86_64 install-as-data install-debuginfo install-debugsource
#7 122.2 gcc -I/usr/include -Og -g3 -Wall -Werror -Wextra -o buildid /usr/src/azl/BUILD/shim-15.8/buildid.c -lelf
#7 122.3 Making BOOTX64.CSV
#7 122.3 install -d -m 0755 /usr/src/azl/BUILDROOT/shim-unsigned-x64-15.8-3.azl3.x86_64//usr/share//shim/15.8/x64/
#7 122.3 install -m 0644 shimx64.efi /usr/src/azl/BUILDROOT/shim-unsigned-x64-15.8-3.azl3.x86_64//usr/share//shim/15.8/x64//
#7 122.3 install -m 0644 BOOTX64.CSV /usr/src/azl/BUILDROOT/shim-unsigned-x64-15.8-3.azl3.x86_64//usr/share//shim/15.8/x64//
#7 122.3 install -m 0644 shimx64.hash /usr/src/azl/BUILDROOT/shim-unsigned-x64-15.8-3.azl3.x86_64//usr/share//shim/15.8/x64//
#7 122.3 install -m 0644 mmx64.efi /usr/src/azl/BUILDROOT/shim-unsigned-x64-15.8-3.azl3.x86_64//usr/share//shim/15.8/x64//mmx64.efi
#7 122.3 install -m 0644 fbx64.efi /usr/src/azl/BUILDROOT/shim-unsigned-x64-15.8-3.azl3.x86_64//usr/share//shim/15.8/x64//fbx64.efi
#7 122.3 install -d -m 0755 /usr/src/azl/BUILDROOT/shim-unsigned-x64-15.8-3.azl3.x86_64/
#7 122.3 install -d -m 0755 /usr/src/azl/BUILDROOT/shim-unsigned-x64-15.8-3.azl3.x86_64//usr/lib/debug/boot/efi/EFI/azurelinux//
#7 122.4 install -d -m 0755 /usr/src/azl/BUILDROOT/shim-unsigned-x64-15.8-3.azl3.x86_64//usr/src/debug//shim-15.8
#7 122.4 find /usr/src/azl/BUILD/shim-15.8 -type f -a '(' -iname '*.c' -o -iname '*.h' -o -iname '*.S' ')' | while read file ; do \
#7 122.4 	outfile=$(echo ${file} | sed -e "s,^/usr/src/azl/BUILD/shim-15.8,,") ; \
#7 122.4 	install -d -m 0755 /usr/src/azl/BUILDROOT/shim-unsigned-x64-15.8-3.azl3.x86_64//usr/src/debug//shim-15.8/$(dirname ${outfile}) ; \
#7 122.4 	install -m 0644 ${file} /usr/src/azl/BUILDROOT/shim-unsigned-x64-15.8-3.azl3.x86_64//usr/src/debug//shim-15.8/${outfile} ; \
#7 122.4 done
#7 127.8 + install -m 0644 BOOTX64.CSV /usr/src/azl/BUILDROOT/shim-unsigned-x64-15.8-3.azl3.x86_64//usr/share/shim//15.8/x64/
#7 127.8 + cd ..
#7 127.8 + /usr/src/azl/SOURCES/shim-find-debuginfo.sh x64
#7 127.9 + /usr/lib/rpm/brp-compress /usr
#7 127.9 + /usr/lib/rpm/brp-strip-comment-note /bin/strip /bin/objdump
#7 127.9 + /usr/lib/rpm/brp-strip-static-archive /bin/strip
#7 128.8 + /usr/lib/rpm/azl/brp-python-bytecompile /usr/bin/python3 1 0
#7 128.8 + find /usr/src/azl/BUILDROOT/shim-unsigned-x64-15.8-3.azl3.x86_64 -name '*.pc'
#7 128.8 + xargs '-I{}' sed -i -e 's@-Wl,-dT,/usr/src/azl/BUILD/module_info.ld@ @' '{}'
#7 128.8 + /usr/lib/rpm/brp-strip /bin/strip
#7 129.7 Executing(%check): /bin/sh -e /var/tmp/rpm-tmp.GySSQu
#7 129.7 + umask 022
#7 129.7 + cd /usr/src/azl/BUILD
#7 129.7 + cd shim-15.8
#7 129.7 ++ cut -d ' ' -f 1
#7 129.7 ++ cat /usr/src/azl/BUILDROOT/shim-unsigned-x64-15.8-3.azl3.x86_64/usr/share/shim//15.8/x64/shimx64.hash
#7 129.7 + HASH=8e7bd3cba6d7c1258dc038b7767c2ce853f45851522f3b94dfa943f2e5d0af14
#7 129.7 ++ pesign -h -i /usr/src/azl/BUILDROOT/shim-unsigned-x64-15.8-3.azl3.x86_64/usr/share/shim//15.8/x64/shimx64.efi
#7 129.7 ++ cut -d ' ' -f 1
#7 129.8 + [[ 8e7bd3cba6d7c1258dc038b7767c2ce853f45851522f3b94dfa943f2e5d0af14 = 8e7bd3cba6d7c1258dc038b7767c2ce853f45851522f3b94dfa943f2e5d0af14 ]]
#7 129.8 + RPM_EC=0
#7 129.8 ++ jobs -p
#7 129.8 + exit 0
#7 129.8 Processing files: shim-unsigned-x64-15.8-3.azl3.x86_64
#7 129.8 Executing(%license): /bin/sh -e /var/tmp/rpm-tmp.nLrC2a
#7 129.8 + umask 022
#7 129.8 + cd /usr/src/azl/BUILD
#7 129.8 + cd shim-15.8
#7 129.8 + LICENSEDIR=/usr/src/azl/BUILDROOT/shim-unsigned-x64-15.8-3.azl3.x86_64/usr/share/licenses/shim-unsigned-x64
#7 129.8 + export LC_ALL=C
#7 129.8 + LC_ALL=C
#7 129.8 + export LICENSEDIR
#7 129.8 + /bin/mkdir -p /usr/src/azl/BUILDROOT/shim-unsigned-x64-15.8-3.azl3.x86_64/usr/share/licenses/shim-unsigned-x64
#7 129.8 + cp -pr COPYRIGHT /usr/src/azl/BUILDROOT/shim-unsigned-x64-15.8-3.azl3.x86_64/usr/share/licenses/shim-unsigned-x64
#7 129.8 + RPM_EC=0
#7 129.8 ++ jobs -p
#7 129.8 + exit 0
#7 129.8 Provides: bundled(openssl) = 1.0.2j shim-unsigned-x64 = 15.8-3.azl3 shim-unsigned-x64(x86-64) = 15.8-3.azl3
#7 129.8 Requires(rpmlib): rpmlib(CompressedFileNames) <= 3.0.4-1 rpmlib(FileDigests) <= 4.6.0-1 rpmlib(PayloadFilesHavePrefix) <= 4.0-1
#7 129.8 Processing files: shim-unsigned-x64-debuginfo-15.8-3.azl3.noarch
#7 129.9 Provides: shim-unsigned-x64-debuginfo = 15.8-3.azl3
#7 129.9 Requires(rpmlib): rpmlib(CompressedFileNames) <= 3.0.4-1 rpmlib(FileDigests) <= 4.6.0-1 rpmlib(PayloadFilesHavePrefix) <= 4.0-1
#7 129.9 Recommends: shim-unsigned-x64-debugsource(x86-64) = 15.8-3.azl3
#7 129.9 Processing files: shim-unsigned-x64-debugsource-15.8-3.azl3.noarch
#7 130.0 Provides: shim-unsigned-x64-debugsource = 15.8-3.azl3
#7 130.0 Requires(rpmlib): rpmlib(CompressedFileNames) <= 3.0.4-1 rpmlib(FileDigests) <= 4.6.0-1 rpmlib(PayloadFilesHavePrefix) <= 4.0-1
#7 130.0 Checking for unpackaged file(s): /usr/lib/rpm/check-files /usr/src/azl/BUILDROOT/shim-unsigned-x64-15.8-3.azl3.x86_64
#7 130.2 Wrote: /usr/src/azl/RPMS/noarch/shim-unsigned-x64-debugsource-15.8-3.azl3.noarch.rpm
#7 130.3 Wrote: /usr/src/azl/RPMS/noarch/shim-unsigned-x64-debuginfo-15.8-3.azl3.noarch.rpm
#7 130.3 Wrote: /usr/src/azl/RPMS/x86_64/shim-unsigned-x64-15.8-3.azl3.x86_64.rpm
#7 130.3 Executing(%clean): /bin/sh -e /var/tmp/rpm-tmp.DAAGzP
#7 130.3 + umask 022
#7 130.3 + cd /usr/src/azl/BUILD
#7 130.3 + cd shim-15.8
#7 130.3 + /bin/rm -rf /usr/src/azl/BUILDROOT/shim-unsigned-x64-15.8-3.azl3.x86_64
#7 130.3 + RPM_EC=0
#7 130.3 ++ jobs -p
#7 130.3 + exit 0
#7 130.3 Executing(rmbuild): /bin/sh -e /var/tmp/rpm-tmp.KK0k6D
#7 130.4 + umask 022
#7 130.4 + cd /usr/src/azl/BUILD
#7 130.4 + rm -rf shim-15.8 shim-15.8.gemspec
#7 130.5 + RPM_EC=0
#7 130.5 ++ jobs -p
#7 130.5 + exit 0
#7 130.5 + rpm -iv /usr/src/azl/RPMS/x86_64/shim-unsigned-x64-15.8-3.azl3.x86_64.rpm
#7 130.5 Verifying packages...
#7 130.5 Preparing packages...
#7 130.5 shim-unsigned-x64-15.8-3.azl3.x86_64
#7 130.6 + sha256sum /usr/share/shim/15.8/x64/shimx64.efi /shimx64.efi
#7 130.6 + cmp /usr/share/shim/15.8/x64/shimx64.efi /shimx64.efi
#7 130.6 + objcopy -O binary -j .sbat /usr/share/shim/15.8/x64/shimx64.efi /shim-sbat
#7 DONE 130.7s

#8 [4/5] RUN cat /shim.sha256
#8 0.387 b6a99795d9f3e882afa318d11bdb648dff7e547470d14bfeba03af385eb452fc  /usr/share/shim/15.8/x64/shimx64.efi
#8 0.387 b6a99795d9f3e882afa318d11bdb648dff7e547470d14bfeba03af385eb452fc  /shimx64.efi
#8 DONE 0.4s

#9 [5/5] RUN cat /shim-sbat
#9 0.333 sbat,1,SBAT Version,sbat,1,https://github.com/rhboot/shim/blob/main/SBAT.md
#9 0.333 shim,4,UEFI shim,shim,1,https://github.com/rhboot/shim
#9 0.333 shim.azurelinux,1,Microsoft,shim,15.8,https://github.com/microsoft/azurelinux
#9 DONE 0.4s

#10 exporting to image
#10 exporting layers
#10 exporting layers 6.9s done
#10 writing image sha256:95e1769336c35d936ca2e3223a876b74c44b5629874a0f19cdb2c4fecb77766e done
#10 DONE 6.9s
